{"activity":[{"type":1,"beginCount":[10,0],"endTime":[20,30],"desc":"(攻城时间：每周三，周六 20:00-20:30)","nLevel":80,"timeDes":"20:00-20:30","name":"攻城战","weeks":[3,6],"notOpenDay":[],"showWin":"@@showWin,140","icon":4074,"startTime":[20,0]},{"type":15,"awards":[{"id":924,"type":0,"count":1},{"id":2405,"type":0,"count":1},{"id":2406,"type":0,"count":1}],"beginCount":[0,0],"endTimeBegin":[18,20],"sortId":2,"startTime":[12,30],"nLevel":90,"endTime":[18,30],"name":"航海贸易","weeks":[2],"notOpenDay":[1],"showWin":"@@showWin,135","icon":4075,"nId":1},{"type":15,"awards":[{"id":924,"type":0,"count":1},{"id":2405,"type":0,"count":1},{"id":2406,"type":0,"count":1}],"beginCount":[0,0],"endTimeBegin":[18,20],"sortId":2,"startTime":[12,30],"nLevel":90,"endTime":[18,30],"name":"航海贸易","weeks":[4],"notOpenDay":[1],"showWin":"@@showWin,135","icon":4075,"nId":1},{"type":0,"awards":[],"beginCount":[18,30],"levelIndex":50,"startTime":[19,0],"endTime":[20,0],"nLevel":100,"timeDes":"19:00-20:00","name":"巅峰积分赛","weeks":[1,2,3,4,5,6],"notOpenDay":[1,2,3,4,5,6,7,8,9,10,11,12,13,14],"showWin":"@@showWin,173,1","icon":4076,"endTimeBegin":[20,0]},{"type":0,"awards":[],"beginCount":[18,30],"levelIndex":50,"startTime":[19,0],"endTime":[20,0],"nLevel":100,"timeDes":"19:00-20:00","name":"巅峰淘汰赛","weeks":[7],"notOpenDay":[1,2,3,4,5,6,7,8,9,10,11,12,13,14],"showWin":"@@showWin,173,2","icon":4077,"endTimeBegin":[20,0]},{"nLevel":90,"name":"跨服BOSS","showWin":"@@showWin,22,2","icon":4078,"desc":"每天开启"},{"nLevel":90,"name":"野外BOSS","showWin":"@@showWin,22,1","icon":4079,"desc":"每天开启"}]}