{"ActivityConfig":[{"openWin":"@@showWin,252","region":1,"id":1,"sort":2,"redId":"PVE","isShow":1,"isdown":2,"icon":"topBtn1","levelIndex":1},{"openWin":"@@showWin,18","region":1,"id":2,"sort":2,"redId":"FUBEN","isShow":1,"isdown":1,"icon":"topBtn2","levelIndex":2},{"openWin":"@@showWin,20","region":1,"id":3,"sort":1,"redId":"OTHER","isShow":1,"isdown":2,"icon":"topBtn3","levelIndex":-1},{"openWin":"@@showWin,19","region":1,"id":5,"sort":1,"redId":"ARENA","isShow":1,"isdown":1,"icon":"topBtn5","levelIndex":5},{"openWin":"@@showWin,125","denyHide":1,"id":7,"redId":"FIRST_RECHARGE_RED","line":1,"sort":1,"isShowEff":2,"region":1,"firstShow":1,"icon":"topBtn7","levelIndex":7},{"openWin":"@@showWin,115","denyHide":1,"id":8,"line":1,"sort":2,"redId":"GIFTS_RED","region":1,"firstShow":1,"icon":"topBtn9","levelIndex":9},{"openWin":"@@showWin,126","denyHide":0,"id":9,"line":1,"sort":6,"region":1,"redId":"OPEN_SERVER","icon":"topBtn8","levelIndex":8},{"openWin":"@@showWin,118","denyHide":0,"id":10,"line":1,"sort":3,"redId":"INVIDE_RED","region":1,"firstShow":1,"icon":"topBtn10","levelIndex":25},{"openWin":"@@showWin,121","denyHide":1,"id":11,"line":1,"sort":15,"isShowEff":2,"region":1,"redId":"","icon":"topBtn25","levelIndex":34},{"openWin":"@@showWin,144","denyHide":0,"id":12,"srv_Act_Id":3,"sort":10,"region":1,"redId":"","line":1,"icon":"topBtn26","levelIndex":32},{"openWin":"@@showWin,145","denyHide":0,"id":13,"srv_Act_Id":2,"sort":10,"region":1,"redId":"","line":1,"icon":"topBtn27","levelIndex":33},{"openWin":"@@showWin,151","denyHide":0,"id":14,"srv_Act_Id":4,"sort":13,"region":1,"redId":"PET_GIFT_RED","line":1,"icon":"topBtn28","levelIndex":48},{"openWin":"@@showWin,186","denyHide":0,"id":16,"line":1,"sort":7,"redId":"SCHOOL_GIFT_RED","region":1,"firstShow":1,"icon":"topBtn39","levelIndex":51},{"openWin":"@@showWin,196","denyHide":0,"id":17,"srv_Act_Id":6,"sort":10,"region":1,"redId":"CELEBRATION_RED","line":1,"icon":"topBtn41","levelIndex":52},{"openWin":"@@showWin,199","denyHide":0,"id":18,"line":1,"sort":6,"region":1,"redId":"COMBINE_ACT","icon":"topBtn42","levelIndex":54},{"openWin":"@@showWin,236","denyHide":0,"id":19,"line":1,"sort":11,"region":1,"redId":"MW_CELE_RED","icon":"topBtn46","levelIndex":60},{"openWin":"@@showWin,234","denyHide":0,"id":20,"srv_Act_Id":102,"sort":13,"region":1,"redId":"CELE_ALL_RED","line":1,"icon":"topBtn49","levelIndex":62},{"openWin":"@@showWin,235","denyHide":0,"id":21,"srv_Act_Id":103,"sort":13,"region":1,"redId":"CELE_SOUL_RED","line":1,"icon":"topBtn50","levelIndex":63},{"openWin":"@@showWin,307","denyHide":0,"id":22,"line":1,"sort":5,"region":1,"redId":"XS_WIN_RED","icon":"topBtn56","levelIndex":71},{"openWin":"@@showWin,315","denyHide":0,"id":23,"srv_Act_Id":17,"sort":14,"region":1,"redId":"","line":1,"icon":"topBtn57","levelIndex":-1},{"openWin":"@@showWin,154","denyHide":0,"id":24,"line":1,"sort":4,"region":1,"redId":"TRAIN_RANK_GIFT_RED","icon":"topBtn58","levelIndex":58},{"openWin":"@@showWin,337","denyHide":0,"id":25,"srv_Act_Id":104,"sort":12,"region":1,"redId":"HUAN_YI_ACT_RED","line":1,"icon":"topBtn67","levelIndex":48},{"openWin":"@@showWin,339","denyHide":0,"id":26,"line":1,"sort":9,"region":1,"redId":"PET_ACT_RED","icon":"topBtn75","levelIndex":76},{"openWin":"@@showWin,341","denyHide":0,"id":27,"line":1,"sort":8,"region":1,"redId":"AUCTION_RED","icon":"topBtn71","levelIndex":77}]}