{"ActorBaseConfig":{"GGaward":[{"limit":600,"award":[{"id":10003,"count":15},{"id":10600,"count":1}]},{"limit":1200,"award":[{"id":10003,"count":15},{"id":10600,"count":1},{"id":10030,"count":2}]},{"limit":1800,"award":[{"id":10003,"count":15},{"id":10600,"count":1},{"id":10030,"count":5}]},{"limit":2400,"award":[{"id":10003,"count":15},{"id":10600,"count":2},{"id":10875,"count":1}]},{"limit":3000,"award":[{"id":10003,"count":15},{"id":10600,"count":2},{"id":10875,"count":2}]}],"iconCfg":[{"id":0,"consume":[]},{"id":1,"consume":[]},{"id":2,"consume":[]},{"id":3,"consume":[]},{"id":4,"consume":[]},{"id":5,"consume":[]},{"id":6,"consume":[{"id":10003,"count":100}],"efferId":1},{"id":7,"consume":[{"id":10003,"count":480}],"efferId":2}],"fuck":[],"DayAdTime":300,"DayMaxLimit":5,"mbaward":[{"id":10003,"count":5}]}}