{"AttrConfig":[{"type":0,"name":"未定属性","desc":""},{"type":1,"name":"速    度","desc":""},{"type":2,"name":"生    命","desc":""},{"type":3,"name":"攻    击","desc":""},{"type":4,"name":"防    御","desc":""},{"type":5,"name":"吸    血","desc":"伤害按百分比吸血"},{"type":6,"name":"反    击","desc":"被攻击时反击概率"},{"type":7,"name":"连    击","desc":"再次发动攻击概率"},{"type":8,"name":"闪    避","desc":"闪避对方攻击概率"},{"type":9,"name":"暴    击","desc":"造成双倍伤害概率"},{"type":10,"name":"击    晕","desc":"使对方晕眩的概率"},{"type":11,"name":"忽略吸血","desc":"忽略对方吸血概率"},{"type":12,"name":"忽略反击","desc":"忽略对方反击概率"},{"type":13,"name":"忽略连击","desc":"忽略对方连击概率"},{"type":14,"name":"忽略闪避","desc":"忽略对方闪避概率"},{"type":15,"name":"忽略暴击","desc":"忽略对方暴击概率"},{"type":16,"name":"忽略击晕","desc":"忽略对方击晕概率"},{"type":17,"name":"暴    怒|造成的暴击伤害提升 $val$|造成暴击伤害提升$val$","desc":"提高自己暴击伤害"},{"type":18,"name":"仁    爱","desc":"减少对方暴击伤害"},{"type":19,"name":"迟    缓","desc":"减少对方攻击速度"},{"type":20,"name":"禁    疗","desc":"减少对方治疗效果"},{"type":21,"name":"回    复","desc":"第五回合回复生命"},{"type":22,"name":"欺    凌","desc":"对方低于半血增伤"},{"type":23,"name":"贪    婪|竞技胜利获得元宝提升","desc":"增加竞技胜利元宝"},{"type":24,"name":"斗    神","desc":"增加竞技券的上限"},{"targetTypes":[1],"type":25,"name":"速度强化","desc":"当前部位存在速度时，速度额外提高"},{"targetTypes":[2,3,4],"type":26,"name":"属性强化","desc":"当前部位生命，攻击，防御额外提高"},{"targetTypes":[5],"type":27,"name":"吸血强化","desc":"当前部位存在吸血时，吸血额外提高"},{"targetTypes":[6],"type":28,"name":"反击强化","desc":"当前部位存在反击时，反击额外提高"},{"targetTypes":[7],"type":29,"name":"连击强化","desc":"当前部位存在连击时，连击额外提高"},{"targetTypes":[8],"type":30,"name":"闪避强化","desc":"当前部位存在闪避时，闪避额外提高"},{"targetTypes":[9],"type":31,"name":"暴击强化","desc":"当前部位存在暴击时，暴击额外提高"},{"targetTypes":[10],"type":32,"name":"击晕强化","desc":"当前部位存在击晕时，击晕额外提高"},{"type":33,"name":"武器的全部属性提升 $val$","desc":""},{"type":34,"name":"当生命值低于对手时，吸血效果提升 $val$","desc":""},{"type":35,"name":"狂    暴|暴击提升$val$，暴击后消失","desc":""},{"type":36,"name":"命中你的敌人降低$val$攻击，持续到战斗结束","desc":""},{"type":37,"name":"盾牌的基础属性提升 $val$","desc":""},{"type":38,"name":"你的反击20%转化为连击，且连击概率提升 $val$","desc":""},{"type":39,"name":"角色生命上限提升 $val$","desc":""},{"type":40,"name":"眩晕时也会触发反击，且反击伤害提升 $val$","desc":""},{"type":41,"name":"每次被命中后，$val$概率增加5%忽略击晕","desc":""},{"type":42,"name":"生命值满时伤害提升 $val$","desc":""},{"type":43,"name":"使对手先手速度下降 $val$","desc":""},{"type":44,"name":"每回合开始时回复$val$生命","desc":""},{"type":45,"name":"造成连击后攻击提升$val$，直到不再触发连击","desc":""},{"type":46,"name":"攻击命中目标后，目标的治疗效果降低 $val$","desc":""},{"type":47,"name":"击晕时造成伤害提升 $val$|击晕造成伤害提升$val$","desc":""},{"type":48,"name":"重生后，基础属性提升 $val$","desc":""},{"type":49,"name":"最高第一属性提升 $val$","desc":""},{"type":50,"name":"宠物的全部属性提升 $val$","desc":""},{"type":51,"name":"速度提高$val$，但防御减少20%","desc":""},{"type":52,"name":"受到伤害不超过生命上限的 $val$","desc":""},{"type":53,"name":"全忽略属性提升$val$，并平分所有忽略属性","desc":""},{"type":54,"name":"渔夫","desc":""},{"type":55,"name":"寻宝人(唯一)|水中生物属性提升","desc":""},{"type":56,"name":"大鱼概率","desc":""},{"type":57,"name":"垂钓速度|钓鱼速度提升","desc":""},{"type":58,"name":"小型鱼猎手","desc":""},{"type":59,"name":"中型鱼猎手","desc":""},{"type":60,"name":"大型鱼猎手","desc":""},{"type":61,"name":"小型鱼克星","desc":""},{"type":62,"name":"中型鱼克星","desc":""},{"type":63,"name":"大型鱼克星","desc":""},{"type":64,"name":"幸运","desc":""},{"type":65,"name":"慧眼","desc":""},{"type":66,"name":"专注","desc":""},{"type":67,"name":"精通","desc":""},{"type":68,"name":"高效","desc":""},{"type":69,"name":"拾荒","desc":""},{"type":70,"name":"强度","desc":""},{"type":71,"name":"生命加成","desc":""},{"type":72,"name":"攻击加成","desc":""},{"type":73,"name":"防御加成","desc":""},{"type":74,"name":"生物学家","desc":""},{"type":75,"name":"清道夫(唯一)","desc":""},{"type":76,"name":"饲养员(唯一)","desc":""},{"type":77,"name":"精力旺盛(唯一)","desc":""},{"type":78,"name":"赏金钓客(唯一)|渔获订单完成奖励提升","desc":""},{"type":79,"name":"姜太公(唯一)|小型鱼属性提升","desc":""},{"type":80,"name":"无双鱼佬(唯一)|中型鱼属性提升","desc":""},{"type":81,"name":"放长线(唯一)|大型鱼属性提升","desc":""},{"type":82,"name":"装备出售加成","desc":""},{"type":83,"name":"麻痹特戒: 攻击有$val$概率麻痹敌人 (穿戴生效)","desc":""},{"type":84,"name":"复活特戒: 死亡时重生，回复$val$生命 (穿戴生效)","desc":""},{"type":85,"name":"伤害加成|神力特戒: 造成的伤害增加$val$ (穿戴生效)","desc":""},{"type":86,"name":"伤害减免|护体特戒: 受到的伤害减少$val$ (穿戴生效)","desc":""},{"type":87,"name":"幸运特戒: 攻击随机第一属性增加$val$ (穿戴生效)","desc":""},{"type":88,"name":"攻击最低造成$val$伤害","desc":""},{"type":89,"name":"速度加成|疾风特戒: 速度属性增加$val$ (穿戴生效)","desc":""},{"type":90,"name":"嗜    血|嗜    血:吸血值小于0%时,吸血值+$val$","desc":""},{"type":91,"name":"无    双|无    双:未反击则反击+$val$,触发后消失","desc":"未触发反击时,获得反击加成(可叠加),直到触发反击则加成消失"},{"type":92,"name":"神    隐|神    隐:未闪避则闪避+$val$,触发后消失","desc":"未触发闪避时,获得闪避加成(可叠加),直到触发闪避则加成消失"},{"type":93,"name":"神    锋|神    锋:未连击则连击+$val$,触发后消失","desc":"未触发连击时,获得连击加成(可叠加),直到触发连击则加成消失"},{"type":94,"name":"震    旦|震    旦:未击晕则击晕+$val$,触发后消失","desc":"未触发击晕时,获得击晕加成(可叠加),直到触发击晕则加成消失"},{"type":95,"name":"敏    锐|敏    锐:对手触发闪避时,忽略闪避+$val$","desc":"敌闪避时,获得忽略闪避加成(可叠加),直到目标未触发闪避则加成消失"},{"type":96,"name":"敏    捷|敏    捷:对手触发连击时,忽略连击+$val$","desc":"被连击时,获得忽视连击加成(可叠加),直到目标未触发连击则加成消失"},{"type":97,"name":"坚    韧|坚    韧:对手触发击晕时,忽略击晕+$val$","desc":"被击晕时,获得忽视击晕加成(可叠加),直到目标未触发击晕则加成消失"},{"type":98,"name":"铁    壁|铁    壁:对手触发暴击时,忽略暴击+$val$","desc":"被暴击时,获得忽视暴击加成(可叠加),直到目标未触发暴击则加成消失"},{"type":99,"name":"抵    御|抵    御:对手触发反击时,忽略反击+$val$","desc":"被反击时,获得忽视反击加成(可叠加),直到目标未触发反击则加成消失"},{"type":100,"name":"圣    血|圣    血:对手吸血值大于50%时,忽略吸血+$val$","desc":""},{"type":101,"name":"破    甲","desc":"忽略目标防御"},{"type":102,"name":"当前装备速度提升","desc":"当前部位速度额外提高"},{"type":103,"name":"当前装备生命提升","desc":"当前部位生命额外提高"},{"type":104,"name":"当前装备防御提升","desc":"当前部位防御额外提高"},{"type":105,"name":"当前装备攻击提升","desc":"当前部位攻击额外提高"},{"type":111,"name":"火伤增幅","desc":""},{"type":112,"name":"冰伤增幅","desc":""},{"type":113,"name":"召伤增幅","desc":""},{"type":114,"name":"电伤增幅","desc":""},{"type":115,"name":"道伤增幅","desc":""},{"type":116,"name":"等级上限","desc":""},{"type":117,"name":"物理系技能伤害提升","desc":""},{"type":118,"name":"火焰系技能伤害提升","desc":""},{"type":119,"name":"冰霜系技能伤害提升","desc":""},{"type":120,"name":"召唤系技能伤害提升","desc":""},{"type":121,"name":"闪电系技能伤害提升","desc":""},{"type":122,"name":"道术系技能伤害提升","desc":""},{"type":123,"name":"血脉内丹属性提升","desc":""},{"type":124,"name":"铭文加成","desc":"铭文基础属性额外加成"},{"type":125,"name":"连击造成伤害提升","desc":""},{"type":126,"name":"反击造成伤害提升","desc":""},{"type":127,"name":"血量低50%吸血提升","desc":""},{"type":128,"name":"闪避后下次伤害加","desc":""},{"type":154,"name":"矿洞内基础属性提升","desc":""},{"type":155,"name":"矿洞精魄属性提升","desc":""},{"type":156,"name":"矿洞中攻击提升","desc":""},{"type":157,"name":"矿洞中防御提升","desc":""},{"type":158,"name":"矿洞中生命提升","desc":""},{"type":159,"name":"挑战闯关时攻击提升","desc":""},{"type":160,"name":"挑战闯关时防御提升","desc":""},{"type":161,"name":"挑战闯关时生命提升","desc":""},{"type":162,"name":"试炼之塔时攻击提升","desc":""},{"type":163,"name":"试炼之塔时防御提升","desc":""},{"type":164,"name":"试炼之塔时生命提升","desc":""},{"type":165,"name":"宝石吸血提升","desc":""},{"type":166,"name":"宝石反击提升","desc":""},{"type":167,"name":"宝石连击提升","desc":""},{"type":168,"name":"宝石闪避提升","desc":""},{"type":169,"name":"宝石暴击提升","desc":""},{"type":170,"name":"宝石击晕提升","desc":""},{"type":171,"name":"宠物基础属性提升","desc":""},{"type":172,"name":"试炼赛季中基础属性提升","desc":""},{"type":173,"name":"试炼赛季中主动属性提升","desc":""},{"type":174,"name":"试炼赛季中忽略属性提升","desc":""},{"type":175,"name":"火焰技能伤害减免","desc":""},{"type":176,"name":"冰霜技能伤害减免","desc":""},{"type":177,"name":"召唤技能伤害减免","desc":""},{"type":178,"name":"闪电技能伤害减免","desc":""},{"type":179,"name":"道术技能伤害减免","desc":""},{"type":180,"name":"试炼之塔加成增幅","desc":""},{"type":181,"name":"沙巴克战斗基础属性提升","desc":""},{"type":182,"name":"矿洞体力回复速度提升","desc":""},{"type":183,"name":"装备分解材料获得提升","desc":""},{"type":184,"name":"领地资源掠夺速度提升","desc":""},{"type":185,"name":"打造升级时间缩短$val$","desc":""},{"type":186,"name":"火焰伤害","desc":""},{"type":187,"name":"冰霜伤害","desc":""},{"type":188,"name":"召唤伤害","desc":""},{"type":189,"name":"闪电伤害","desc":""},{"type":190,"name":"道术伤害","desc":""},{"type":191,"name":"最高元素伤害","desc":""},{"type":192,"name":"被击晕时，受到伤害降低","desc":""},{"type":193,"name":"被连击时，受到伤害降低","desc":""},{"type":194,"name":"被反击时，受到伤害降低","desc":""},{"type":195,"name":"最高元素伤害的增伤","desc":""},{"type":196,"name":"全元素伤害","desc":""},{"type":197,"name":"强化治疗","desc":""},{"type":198,"name":"强化宠物","desc":""},{"type":199,"name":"弱化宠物","desc":""},{"type":200,"name":"宠物编号","desc":""},{"type":201,"name":"宠物等级","desc":""},{"name":"前两回合免疫反击","type":204,"sort":991,"desc":""},{"name":"前两回合免疫吸血","type":205,"sort":992,"desc":""},{"name":"前两回合免疫连击","type":206,"sort":993,"desc":""},{"name":"前两回合免疫闪避","type":207,"sort":994,"desc":""},{"name":"前两回合免疫暴击","type":208,"sort":995,"desc":""},{"name":"前两回合免疫击晕","type":209,"sort":996,"desc":""},{"name":"弱化东皇钟效果","type":210,"sort":900,"desc":""}]}