{"AuctionCfg":{"share_cd":300,"list":[{"id":50001,"once":50,"type":1,"price":10},{"id":50002,"once":100,"type":1,"price":20},{"id":50003,"once":200,"type":1,"price":40},{"id":50004,"once":250,"type":1,"price":50},{"id":50005,"once":350,"type":1,"price":70},{"id":50006,"once":500,"type":1,"price":100},{"id":50007,"once":625,"type":1,"price":125},{"id":50008,"once":750,"type":1,"price":150},{"id":50009,"once":1000,"type":1,"price":200},{"id":50010,"once":1250,"type":1,"price":250},{"id":50011,"once":1500,"type":1,"price":300},{"id":50012,"once":1750,"type":1,"price":350},{"id":50013,"once":2000,"type":1,"price":400},{"id":50014,"once":2250,"type":1,"price":450},{"id":50015,"once":2500,"type":1,"price":500},{"id":50016,"once":2750,"type":1,"price":550},{"id":50017,"once":3000,"type":1,"price":600},{"id":50018,"once":3250,"type":1,"price":650},{"id":50019,"once":3600,"type":1,"price":720},{"id":50020,"once":4000,"type":1,"price":800},{"id":50021,"once":4350,"type":1,"price":870},{"id":50022,"once":4750,"type":1,"price":950},{"id":50023,"once":5150,"type":1,"price":1030},{"id":50024,"once":5600,"type":1,"price":1120},{"id":50025,"once":6050,"type":1,"price":1210},{"id":50026,"once":6500,"type":1,"price":1300},{"id":50027,"once":7000,"type":1,"price":1400},{"id":50028,"once":7500,"type":1,"price":1500},{"id":50029,"once":8000,"type":1,"price":1600},{"id":50030,"once":8500,"type":1,"price":1700},{"id":50031,"once":9100,"type":1,"price":1820},{"id":50032,"once":10000,"type":1,"price":2000},{"id":50033,"once":10250,"type":1,"price":2050},{"id":50034,"once":10850,"type":1,"price":2170},{"id":50035,"once":11500,"type":1,"price":2300},{"id":50036,"once":12150,"type":1,"price":2430},{"id":50037,"once":12800,"type":1,"price":2560},{"id":50038,"once":13450,"type":1,"price":2690},{"id":50039,"once":14250,"type":1,"price":2850},{"id":50040,"once":14850,"type":1,"price":2970},{"id":50041,"once":50,"type":2,"price":10},{"id":50042,"once":100,"type":2,"price":20},{"id":50043,"once":200,"type":2,"price":40},{"id":50044,"once":250,"type":2,"price":50},{"id":50045,"once":350,"type":2,"price":70},{"id":50046,"once":500,"type":2,"price":100},{"id":50047,"once":625,"type":2,"price":125},{"id":50048,"once":750,"type":2,"price":150},{"id":50049,"once":1000,"type":2,"price":200},{"id":50050,"once":1250,"type":2,"price":250},{"id":50051,"once":1500,"type":2,"price":300},{"id":50052,"once":1750,"type":2,"price":350},{"id":50053,"once":2000,"type":2,"price":400},{"id":50054,"once":2250,"type":2,"price":450},{"id":50055,"once":2500,"type":2,"price":500},{"id":50056,"once":2750,"type":2,"price":550},{"id":50057,"once":3000,"type":2,"price":600},{"id":50058,"once":3250,"type":2,"price":650},{"id":50059,"once":3600,"type":2,"price":720},{"id":50060,"once":4000,"type":2,"price":800},{"id":50061,"once":4350,"type":2,"price":870},{"id":50062,"once":4750,"type":2,"price":950},{"id":50063,"once":5150,"type":2,"price":1030},{"id":50064,"once":5600,"type":2,"price":1120},{"id":50065,"once":6050,"type":2,"price":1210},{"id":50066,"once":6500,"type":2,"price":1300},{"id":50067,"once":7000,"type":2,"price":1400},{"id":50068,"once":7500,"type":2,"price":1500},{"id":50069,"once":8000,"type":2,"price":1600},{"id":50070,"once":8500,"type":2,"price":1700},{"id":50071,"once":9100,"type":2,"price":1820},{"id":50072,"once":10000,"type":2,"price":2000},{"id":50073,"once":10250,"type":2,"price":2050},{"id":50074,"once":10850,"type":2,"price":2170},{"id":50075,"once":11500,"type":2,"price":2300},{"id":50076,"once":12150,"type":2,"price":2430},{"id":50077,"once":12800,"type":2,"price":2560},{"id":50078,"once":13450,"type":2,"price":2690},{"id":50079,"once":14250,"type":2,"price":2850},{"id":50080,"once":14850,"type":2,"price":2970},{"id":50081,"once":50,"type":3,"price":10},{"id":50082,"once":100,"type":3,"price":20},{"id":50083,"once":200,"type":3,"price":40},{"id":50084,"once":250,"type":3,"price":50},{"id":50085,"once":350,"type":3,"price":70},{"id":50086,"once":500,"type":3,"price":100},{"id":50087,"once":625,"type":3,"price":125},{"id":50088,"once":750,"type":3,"price":150},{"id":50089,"once":1000,"type":3,"price":200},{"id":50090,"once":1250,"type":3,"price":250},{"id":50091,"once":1500,"type":3,"price":300},{"id":50092,"once":1750,"type":3,"price":350},{"id":50093,"once":2000,"type":3,"price":400},{"id":50094,"once":2250,"type":3,"price":450},{"id":50095,"once":2500,"type":3,"price":500},{"id":50096,"once":2750,"type":3,"price":550},{"id":50097,"once":3000,"type":3,"price":600},{"id":50098,"once":3250,"type":3,"price":650},{"id":50099,"once":3600,"type":3,"price":720},{"id":50100,"once":4000,"type":3,"price":800},{"id":50101,"once":4350,"type":3,"price":870},{"id":50102,"once":4750,"type":3,"price":950},{"id":50103,"once":5150,"type":3,"price":1030},{"id":50104,"once":5600,"type":3,"price":1120},{"id":50105,"once":6050,"type":3,"price":1210},{"id":50106,"once":6500,"type":3,"price":1300},{"id":50107,"once":7000,"type":3,"price":1400},{"id":50108,"once":7500,"type":3,"price":1500},{"id":50109,"once":8000,"type":3,"price":1600},{"id":50110,"once":8500,"type":3,"price":1700},{"id":50111,"once":9100,"type":3,"price":1820},{"id":50112,"once":10000,"type":3,"price":2000},{"id":50113,"once":10250,"type":3,"price":2050},{"id":50114,"once":10850,"type":3,"price":2170},{"id":50115,"once":11500,"type":3,"price":2300},{"id":50116,"once":12150,"type":3,"price":2430},{"id":50117,"once":12800,"type":3,"price":2560},{"id":50118,"once":13450,"type":3,"price":2690},{"id":50119,"once":14250,"type":3,"price":2850},{"id":50120,"once":14850,"type":3,"price":2970},{"id":50121,"once":50,"type":4,"price":10},{"id":50122,"once":100,"type":4,"price":20},{"id":50123,"once":200,"type":4,"price":40},{"id":50124,"once":250,"type":4,"price":50},{"id":50125,"once":350,"type":4,"price":70},{"id":50126,"once":500,"type":4,"price":100},{"id":50127,"once":625,"type":4,"price":125},{"id":50128,"once":750,"type":4,"price":150},{"id":50129,"once":1000,"type":4,"price":200},{"id":50130,"once":1250,"type":4,"price":250},{"id":50131,"once":1500,"type":4,"price":300},{"id":50132,"once":1750,"type":4,"price":350},{"id":50133,"once":2000,"type":4,"price":400},{"id":50134,"once":2250,"type":4,"price":450},{"id":50135,"once":2500,"type":4,"price":500},{"id":50136,"once":2750,"type":4,"price":550},{"id":50137,"once":3000,"type":4,"price":600},{"id":50138,"once":3250,"type":4,"price":650},{"id":50139,"once":3600,"type":4,"price":720},{"id":50140,"once":4000,"type":4,"price":800},{"id":50141,"once":4350,"type":4,"price":870},{"id":50142,"once":4750,"type":4,"price":950},{"id":50143,"once":5150,"type":4,"price":1030},{"id":50144,"once":5600,"type":4,"price":1120},{"id":50145,"once":6050,"type":4,"price":1210},{"id":50146,"once":6500,"type":4,"price":1300},{"id":50147,"once":7000,"type":4,"price":1400},{"id":50148,"once":7500,"type":4,"price":1500},{"id":50149,"once":8000,"type":4,"price":1600},{"id":50150,"once":8500,"type":4,"price":1700},{"id":50151,"once":9100,"type":4,"price":1820},{"id":50152,"once":10000,"type":4,"price":2000},{"id":50153,"once":10250,"type":4,"price":2050},{"id":50154,"once":10850,"type":4,"price":2170},{"id":50155,"once":11500,"type":4,"price":2300},{"id":50156,"once":12150,"type":4,"price":2430},{"id":50157,"once":12800,"type":4,"price":2560},{"id":50158,"once":13450,"type":4,"price":2690},{"id":50159,"once":14250,"type":4,"price":2850},{"id":50160,"once":14850,"type":4,"price":2970},{"id":50161,"once":50,"type":5,"price":10},{"id":50162,"once":100,"type":5,"price":20},{"id":50163,"once":200,"type":5,"price":40},{"id":50164,"once":250,"type":5,"price":50},{"id":50165,"once":350,"type":5,"price":70},{"id":50166,"once":500,"type":5,"price":100},{"id":50167,"once":625,"type":5,"price":125},{"id":50168,"once":750,"type":5,"price":150},{"id":50169,"once":1000,"type":5,"price":200},{"id":50170,"once":1250,"type":5,"price":250},{"id":50171,"once":1500,"type":5,"price":300},{"id":50172,"once":1750,"type":5,"price":350},{"id":50173,"once":2000,"type":5,"price":400},{"id":50174,"once":2250,"type":5,"price":450},{"id":50175,"once":2500,"type":5,"price":500},{"id":50176,"once":2750,"type":5,"price":550},{"id":50177,"once":3000,"type":5,"price":600},{"id":50178,"once":3250,"type":5,"price":650},{"id":50179,"once":3600,"type":5,"price":720},{"id":50180,"once":4000,"type":5,"price":800},{"id":50181,"once":4350,"type":5,"price":870},{"id":50182,"once":4750,"type":5,"price":950},{"id":50183,"once":5150,"type":5,"price":1030},{"id":50184,"once":5600,"type":5,"price":1120},{"id":50185,"once":6050,"type":5,"price":1210},{"id":50186,"once":6500,"type":5,"price":1300},{"id":50187,"once":7000,"type":5,"price":1400},{"id":50188,"once":7500,"type":5,"price":1500},{"id":50189,"once":8000,"type":5,"price":1600},{"id":50190,"once":8500,"type":5,"price":1700},{"id":50191,"once":9100,"type":5,"price":1820},{"id":50192,"once":10000,"type":5,"price":2000},{"id":50193,"once":10250,"type":5,"price":2050},{"id":50194,"once":10850,"type":5,"price":2170},{"id":50195,"once":11500,"type":5,"price":2300},{"id":50196,"once":12150,"type":5,"price":2430},{"id":50197,"once":12800,"type":5,"price":2560},{"id":50198,"once":13450,"type":5,"price":2690},{"id":50199,"once":14250,"type":5,"price":2850},{"id":50200,"once":14850,"type":5,"price":2970},{"id":50201,"once":50,"type":6,"price":10},{"id":50202,"once":100,"type":6,"price":20},{"id":50203,"once":200,"type":6,"price":40},{"id":50204,"once":250,"type":6,"price":50},{"id":50205,"once":350,"type":6,"price":70},{"id":50206,"once":500,"type":6,"price":100},{"id":50207,"once":625,"type":6,"price":125},{"id":50208,"once":750,"type":6,"price":150},{"id":50209,"once":1000,"type":6,"price":200},{"id":50210,"once":1250,"type":6,"price":250},{"id":50211,"once":1500,"type":6,"price":300},{"id":50212,"once":1750,"type":6,"price":350},{"id":50213,"once":2000,"type":6,"price":400},{"id":50214,"once":2250,"type":6,"price":450},{"id":50215,"once":2500,"type":6,"price":500},{"id":50216,"once":2750,"type":6,"price":550},{"id":50217,"once":3000,"type":6,"price":600},{"id":50218,"once":3250,"type":6,"price":650},{"id":50219,"once":3600,"type":6,"price":720},{"id":50220,"once":4000,"type":6,"price":800},{"id":50221,"once":4350,"type":6,"price":870},{"id":50222,"once":4750,"type":6,"price":950},{"id":50223,"once":5150,"type":6,"price":1030},{"id":50224,"once":5600,"type":6,"price":1120},{"id":50225,"once":6050,"type":6,"price":1210},{"id":50226,"once":6500,"type":6,"price":1300},{"id":50227,"once":7000,"type":6,"price":1400},{"id":50228,"once":7500,"type":6,"price":1500},{"id":50229,"once":8000,"type":6,"price":1600},{"id":50230,"once":8500,"type":6,"price":1700},{"id":50231,"once":9100,"type":6,"price":1820},{"id":50232,"once":10000,"type":6,"price":2000},{"id":50233,"once":10250,"type":6,"price":2050},{"id":50234,"once":10850,"type":6,"price":2170},{"id":50235,"once":11500,"type":6,"price":2300},{"id":50236,"once":12150,"type":6,"price":2430},{"id":50237,"once":12800,"type":6,"price":2560},{"id":50238,"once":13450,"type":6,"price":2690},{"id":50239,"once":14250,"type":6,"price":2850},{"id":50240,"once":14850,"type":6,"price":2970},{"id":50241,"once":50,"type":7,"price":10},{"id":50242,"once":100,"type":7,"price":20},{"id":50243,"once":200,"type":7,"price":40},{"id":50244,"once":250,"type":7,"price":50},{"id":50245,"once":350,"type":7,"price":70},{"id":50246,"once":500,"type":7,"price":100},{"id":50247,"once":625,"type":7,"price":125},{"id":50248,"once":750,"type":7,"price":150},{"id":50249,"once":1000,"type":7,"price":200},{"id":50250,"once":1250,"type":7,"price":250},{"id":50251,"once":1500,"type":7,"price":300},{"id":50252,"once":1750,"type":7,"price":350},{"id":50253,"once":2000,"type":7,"price":400},{"id":50254,"once":2250,"type":7,"price":450},{"id":50255,"once":2500,"type":7,"price":500},{"id":50256,"once":2750,"type":7,"price":550},{"id":50257,"once":3000,"type":7,"price":600},{"id":50258,"once":3250,"type":7,"price":650},{"id":50259,"once":3600,"type":7,"price":720},{"id":50260,"once":4000,"type":7,"price":800},{"id":50261,"once":4350,"type":7,"price":870},{"id":50262,"once":4750,"type":7,"price":950},{"id":50263,"once":5150,"type":7,"price":1030},{"id":50264,"once":5600,"type":7,"price":1120},{"id":50265,"once":6050,"type":7,"price":1210},{"id":50266,"once":6500,"type":7,"price":1300},{"id":50267,"once":7000,"type":7,"price":1400},{"id":50268,"once":7500,"type":7,"price":1500},{"id":50269,"once":8000,"type":7,"price":1600},{"id":50270,"once":8500,"type":7,"price":1700},{"id":50271,"once":9100,"type":7,"price":1820},{"id":50272,"once":10000,"type":7,"price":2000},{"id":50273,"once":10250,"type":7,"price":2050},{"id":50274,"once":10850,"type":7,"price":2170},{"id":50275,"once":11500,"type":7,"price":2300},{"id":50276,"once":12150,"type":7,"price":2430},{"id":50277,"once":12800,"type":7,"price":2560},{"id":50278,"once":13450,"type":7,"price":2690},{"id":50279,"once":14250,"type":7,"price":2850},{"id":50280,"once":14850,"type":7,"price":2970},{"id":50281,"once":50,"type":8,"price":10},{"id":50282,"once":100,"type":8,"price":20},{"id":50283,"once":200,"type":8,"price":40},{"id":50284,"once":250,"type":8,"price":50},{"id":50285,"once":350,"type":8,"price":70},{"id":50286,"once":500,"type":8,"price":100},{"id":50287,"once":625,"type":8,"price":125},{"id":50288,"once":750,"type":8,"price":150},{"id":50289,"once":1000,"type":8,"price":200},{"id":50290,"once":1250,"type":8,"price":250},{"id":50291,"once":1500,"type":8,"price":300},{"id":50292,"once":1750,"type":8,"price":350},{"id":50293,"once":2000,"type":8,"price":400},{"id":50294,"once":2250,"type":8,"price":450},{"id":50295,"once":2500,"type":8,"price":500},{"id":50296,"once":2750,"type":8,"price":550},{"id":50297,"once":3000,"type":8,"price":600},{"id":50298,"once":3250,"type":8,"price":650},{"id":50299,"once":3600,"type":8,"price":720},{"id":50300,"once":4000,"type":8,"price":800},{"id":50301,"once":4350,"type":8,"price":870},{"id":50302,"once":4750,"type":8,"price":950},{"id":50303,"once":5150,"type":8,"price":1030},{"id":50304,"once":5600,"type":8,"price":1120},{"id":50305,"once":6050,"type":8,"price":1210},{"id":50306,"once":6500,"type":8,"price":1300},{"id":50307,"once":7000,"type":8,"price":1400},{"id":50308,"once":7500,"type":8,"price":1500},{"id":50309,"once":8000,"type":8,"price":1600},{"id":50310,"once":8500,"type":8,"price":1700},{"id":50311,"once":9100,"type":8,"price":1820},{"id":50312,"once":10000,"type":8,"price":2000},{"id":50313,"once":10250,"type":8,"price":2050},{"id":50314,"once":10850,"type":8,"price":2170},{"id":50315,"once":11500,"type":8,"price":2300},{"id":50316,"once":12150,"type":8,"price":2430},{"id":50317,"once":12800,"type":8,"price":2560},{"id":50318,"once":13450,"type":8,"price":2690},{"id":50319,"once":14250,"type":8,"price":2850},{"id":50320,"once":14850,"type":8,"price":2970},{"id":50321,"once":50,"type":9,"price":10},{"id":50322,"once":100,"type":9,"price":20},{"id":50323,"once":200,"type":9,"price":40},{"id":50324,"once":250,"type":9,"price":50},{"id":50325,"once":350,"type":9,"price":70},{"id":50326,"once":500,"type":9,"price":100},{"id":50327,"once":625,"type":9,"price":125},{"id":50328,"once":750,"type":9,"price":150},{"id":50329,"once":1000,"type":9,"price":200},{"id":50330,"once":1250,"type":9,"price":250},{"id":50331,"once":1500,"type":9,"price":300},{"id":50332,"once":1750,"type":9,"price":350},{"id":50333,"once":2000,"type":9,"price":400},{"id":50334,"once":2250,"type":9,"price":450},{"id":50335,"once":2500,"type":9,"price":500},{"id":50336,"once":2750,"type":9,"price":550},{"id":50337,"once":3000,"type":9,"price":600},{"id":50338,"once":3250,"type":9,"price":650},{"id":50339,"once":3600,"type":9,"price":720},{"id":50340,"once":4000,"type":9,"price":800},{"id":50341,"once":4350,"type":9,"price":870},{"id":50342,"once":4750,"type":9,"price":950},{"id":50343,"once":5150,"type":9,"price":1030},{"id":50344,"once":5600,"type":9,"price":1120},{"id":50345,"once":6050,"type":9,"price":1210},{"id":50346,"once":6500,"type":9,"price":1300},{"id":50347,"once":7000,"type":9,"price":1400},{"id":50348,"once":7500,"type":9,"price":1500},{"id":50349,"once":8000,"type":9,"price":1600},{"id":50350,"once":8500,"type":9,"price":1700},{"id":50351,"once":9100,"type":9,"price":1820},{"id":50352,"once":10000,"type":9,"price":2000},{"id":50353,"once":10250,"type":9,"price":2050},{"id":50354,"once":10850,"type":9,"price":2170},{"id":50355,"once":11500,"type":9,"price":2300},{"id":50356,"once":12150,"type":9,"price":2430},{"id":50357,"once":12800,"type":9,"price":2560},{"id":50358,"once":13450,"type":9,"price":2690},{"id":50359,"once":14250,"type":9,"price":2850},{"id":50360,"once":14850,"type":9,"price":2970},{"id":50361,"once":50,"type":10,"price":10},{"id":50362,"once":100,"type":10,"price":20},{"id":50363,"once":200,"type":10,"price":40},{"id":50364,"once":250,"type":10,"price":50},{"id":50365,"once":350,"type":10,"price":70},{"id":50366,"once":500,"type":10,"price":100},{"id":50367,"once":625,"type":10,"price":125},{"id":50368,"once":750,"type":10,"price":150},{"id":50369,"once":1000,"type":10,"price":200},{"id":50370,"once":1250,"type":10,"price":250},{"id":50371,"once":1500,"type":10,"price":300},{"id":50372,"once":1750,"type":10,"price":350},{"id":50373,"once":2000,"type":10,"price":400},{"id":50374,"once":2250,"type":10,"price":450},{"id":50375,"once":2500,"type":10,"price":500},{"id":50376,"once":2750,"type":10,"price":550},{"id":50377,"once":3000,"type":10,"price":600},{"id":50378,"once":3250,"type":10,"price":650},{"id":50379,"once":3600,"type":10,"price":720},{"id":50380,"once":4000,"type":10,"price":800},{"id":50381,"once":4350,"type":10,"price":870},{"id":50382,"once":4750,"type":10,"price":950},{"id":50383,"once":5150,"type":10,"price":1030},{"id":50384,"once":5600,"type":10,"price":1120},{"id":50385,"once":6050,"type":10,"price":1210},{"id":50386,"once":6500,"type":10,"price":1300},{"id":50387,"once":7000,"type":10,"price":1400},{"id":50388,"once":7500,"type":10,"price":1500},{"id":50389,"once":8000,"type":10,"price":1600},{"id":50390,"once":8500,"type":10,"price":1700},{"id":50391,"once":9100,"type":10,"price":1820},{"id":50392,"once":10000,"type":10,"price":2000},{"id":50393,"once":10250,"type":10,"price":2050},{"id":50394,"once":10850,"type":10,"price":2170},{"id":50395,"once":11500,"type":10,"price":2300},{"id":50396,"once":12150,"type":10,"price":2430},{"id":50397,"once":12800,"type":10,"price":2560},{"id":50398,"once":13450,"type":10,"price":2690},{"id":50399,"once":14250,"type":10,"price":2850},{"id":50400,"once":14850,"type":10,"price":2970},{"id":50401,"once":50,"type":11,"price":10},{"id":50402,"once":100,"type":11,"price":20},{"id":50403,"once":200,"type":11,"price":40},{"id":50404,"once":250,"type":11,"price":50},{"id":50405,"once":350,"type":11,"price":70},{"id":50406,"once":500,"type":11,"price":100},{"id":50407,"once":625,"type":11,"price":125},{"id":50408,"once":750,"type":11,"price":150},{"id":50409,"once":1000,"type":11,"price":200},{"id":50410,"once":1250,"type":11,"price":250},{"id":50411,"once":1500,"type":11,"price":300},{"id":50412,"once":1750,"type":11,"price":350},{"id":50413,"once":2000,"type":11,"price":400},{"id":50414,"once":2250,"type":11,"price":450},{"id":50415,"once":2500,"type":11,"price":500},{"id":50416,"once":2750,"type":11,"price":550},{"id":50417,"once":3000,"type":11,"price":600},{"id":50418,"once":3250,"type":11,"price":650},{"id":50419,"once":3600,"type":11,"price":720},{"id":50420,"once":4000,"type":11,"price":800},{"id":50421,"once":4350,"type":11,"price":870},{"id":50422,"once":4750,"type":11,"price":950},{"id":50423,"once":5150,"type":11,"price":1030},{"id":50424,"once":5600,"type":11,"price":1120},{"id":50425,"once":6050,"type":11,"price":1210},{"id":50426,"once":6500,"type":11,"price":1300},{"id":50427,"once":7000,"type":11,"price":1400},{"id":50428,"once":7500,"type":11,"price":1500},{"id":50429,"once":8000,"type":11,"price":1600},{"id":50430,"once":8500,"type":11,"price":1700},{"id":50431,"once":9100,"type":11,"price":1820},{"id":50432,"once":10000,"type":11,"price":2000},{"id":50433,"once":10250,"type":11,"price":2050},{"id":50434,"once":10850,"type":11,"price":2170},{"id":50435,"once":11500,"type":11,"price":2300},{"id":50436,"once":12150,"type":11,"price":2430},{"id":50437,"once":12800,"type":11,"price":2560},{"id":50438,"once":13450,"type":11,"price":2690},{"id":50439,"once":14250,"type":11,"price":2850},{"id":50440,"once":14850,"type":11,"price":2970},{"id":50441,"once":50,"type":12,"price":10},{"id":50442,"once":100,"type":12,"price":20},{"id":50443,"once":200,"type":12,"price":40},{"id":50444,"once":250,"type":12,"price":50},{"id":50445,"once":350,"type":12,"price":70},{"id":50446,"once":500,"type":12,"price":100},{"id":50447,"once":625,"type":12,"price":125},{"id":50448,"once":750,"type":12,"price":150},{"id":50449,"once":1000,"type":12,"price":200},{"id":50450,"once":1250,"type":12,"price":250},{"id":50451,"once":1500,"type":12,"price":300},{"id":50452,"once":1750,"type":12,"price":350},{"id":50453,"once":2000,"type":12,"price":400},{"id":50454,"once":2250,"type":12,"price":450},{"id":50455,"once":2500,"type":12,"price":500},{"id":50456,"once":2750,"type":12,"price":550},{"id":50457,"once":3000,"type":12,"price":600},{"id":50458,"once":3250,"type":12,"price":650},{"id":50459,"once":3600,"type":12,"price":720},{"id":50460,"once":4000,"type":12,"price":800},{"id":50461,"once":4350,"type":12,"price":870},{"id":50462,"once":4750,"type":12,"price":950},{"id":50463,"once":5150,"type":12,"price":1030},{"id":50464,"once":5600,"type":12,"price":1120},{"id":50465,"once":6050,"type":12,"price":1210},{"id":50466,"once":6500,"type":12,"price":1300},{"id":50467,"once":7000,"type":12,"price":1400},{"id":50468,"once":7500,"type":12,"price":1500},{"id":50469,"once":8000,"type":12,"price":1600},{"id":50470,"once":8500,"type":12,"price":1700},{"id":50471,"once":9100,"type":12,"price":1820},{"id":50472,"once":10000,"type":12,"price":2000},{"id":50473,"once":10250,"type":12,"price":2050},{"id":50474,"once":10850,"type":12,"price":2170},{"id":50475,"once":11500,"type":12,"price":2300},{"id":50476,"once":12150,"type":12,"price":2430},{"id":50477,"once":12800,"type":12,"price":2560},{"id":50478,"once":13450,"type":12,"price":2690},{"id":50479,"once":14250,"type":12,"price":2850},{"id":50480,"once":14850,"type":12,"price":2970},{"id":11121,"once":50,"type":13,"price":10}],"live":14400,"max":10,"add":500}}