{"ChantomCfg":{"qualityName":"精良,稀有,史诗,传说,完美","default":[{"id":11021,"count":1}],"list":[{"attrs":[{"p2":500,"type":2,"p1":1000},{"p2":100,"type":3,"p1":200},{"p2":10,"type":1,"p1":20}],"id":11021,"consune_id":11021,"name":"幻影·猛犸巨象","maxLv":50,"imgPoint":[{"y":20,"x":10,"scale":1},{"y":0,"x":5,"scale":0.80},{"y":40,"x":20,"scale":1},{"y":-70,"x":10,"scale":1}],"skills":[{"attrs":[{"p2":0,"type":108,"p1":201},{"p2":0,"type":186,"sub_type":1,"p1":250}],"lv_base":1,"name":"龙炎焚天","desc2":"第<font color='#2aff00'>3</font>回合攻击附带<font color='#2aff00'>540%</font>火焰伤害，后续攻击附带<font color='#2aff00'>110%</font>火焰伤害，持续<font color='#2aff00'>3</font>回合；冷却<font color='#2aff00'>5</font>回合","desc":"增加主角<font color='#2aff00'>$value1$</font>火焰伤害","maxLv":9,"skillId":201},{"attrs":[{"p2":80,"type":9,"p1":80}],"lv_base":2,"name":"巨角冲击","desc":"增加主角<font color='#2aff00'>$value1$</font>的暴击","maxLv":9,"skillId":0},{"attrs":[{"p2":80,"type":15,"p1":80}],"lv_base":4,"name":"皮糙肉厚","desc":"增加主角<font color='#2aff00'>$value1$</font>的忽略暴击","maxLv":8,"skillId":0},{"attrs":[{"p2":1000,"type":186,"p1":1000}],"lv_base":5,"name":"残焰","desc":"增加主角<font color='#2aff00'>$value1$</font>火焰伤害","maxLv":8,"skillId":0}],"icon":1,"quality":1},{"attrs":[{"p2":500,"type":2,"p1":1000},{"p2":100,"type":3,"p1":200},{"p2":10,"type":1,"p1":20}],"id":11022,"consune_id":11022,"name":"幻影·永恒狼王","maxLv":50,"imgPoint":[{"y":10,"x":0,"scale":1},{"y":0,"x":-5,"scale":0.80},{"y":30,"x":10,"scale":1},{"y":-70,"x":0,"scale":1}],"skills":[{"attrs":[{"p2":0,"type":108,"p1":202},{"p2":0,"type":187,"sub_type":1,"p1":250}],"lv_base":1,"name":"极冰之力","desc2":"第<font color='#2aff00'>3</font>回合攻击附带<font color='#2aff00'>540%</font>冰霜伤害，后续攻击附带<font color='#2aff00'>110%</font>冰霜伤害，持续<font color='#2aff00'>3</font>回合；冷却<font color='#2aff00'>5</font>回合","desc":"增加主角<font color='#2aff00'>$value1$</font>冰霜伤害","maxLv":9,"skillId":202},{"attrs":[{"p2":80,"type":10,"p1":80}],"lv_base":2,"name":"狼牙","desc":"增加主角<font color='#2aff00'>$value1$</font>的击晕","maxLv":9,"skillId":0},{"attrs":[{"p2":80,"type":16,"p1":80}],"lv_base":4,"name":"迅捷","desc":"增加主角<font color='#2aff00'>$value1$</font>的忽略击晕","maxLv":8,"skillId":0},{"attrs":[{"p2":1000,"type":187,"p1":1000}],"lv_base":5,"name":"狼怒","desc":"增加主角<font color='#2aff00'>$value1$</font>冰霜伤害","maxLv":8,"skillId":0}],"icon":2,"quality":1},{"attrs":[{"p2":500,"type":2,"p1":1000},{"p2":100,"type":3,"p1":200},{"p2":10,"type":1,"p1":20}],"id":11023,"consune_id":11023,"name":"幻影·新月虎王","maxLv":50,"imgPoint":[{"y":10,"x":0,"scale":1},{"y":0,"x":-5,"scale":0.80},{"y":20,"x":10,"scale":1},{"y":-70,"x":0,"scale":1}],"skills":[{"attrs":[{"p2":0,"type":108,"p1":203},{"p2":0,"type":188,"sub_type":1,"p1":250}],"lv_base":1,"name":"白虎一击","desc2":"第<font color='#2aff00'>3</font>回合攻击附带<font color='#2aff00'>540%</font>召唤伤害，后续攻击附带<font color='#2aff00'>110%</font>召唤伤害，持续<font color='#2aff00'>3</font>回合；冷却<font color='#2aff00'>5</font>回合","desc":"增加主角<font color='#2aff00'>$value1$</font>召唤伤害","maxLv":9,"skillId":203},{"attrs":[{"p2":80,"type":8,"p1":80}],"lv_base":2,"name":"虎影","desc":"增加主角<font color='#2aff00'>$value1$</font>的闪避","maxLv":9,"skillId":0},{"attrs":[{"p2":80,"type":14,"p1":80}],"lv_base":4,"name":"搏噬","desc":"增加主角<font color='#2aff00'>$value1$</font>的忽略闪避","maxLv":8,"skillId":0},{"attrs":[{"p2":1000,"type":188,"p1":1000}],"lv_base":5,"name":"月牙","desc":"增加主角<font color='#2aff00'>$value1$</font>召唤伤害","maxLv":8,"skillId":0}],"icon":3,"quality":1},{"attrs":[{"p2":500,"type":2,"p1":1000},{"p2":100,"type":3,"p1":200},{"p2":10,"type":1,"p1":20}],"id":11024,"consune_id":11024,"name":"幻影·撼地神牛","maxLv":50,"imgPoint":[{"y":20,"x":10,"scale":1},{"y":10,"x":0,"scale":0.80},{"y":20,"x":10,"scale":1},{"y":-70,"x":0,"scale":1}],"skills":[{"attrs":[{"p2":0,"type":108,"p1":204},{"p2":0,"type":189,"sub_type":1,"p1":250}],"lv_base":1,"name":"惊雷一击","desc2":"第<font color='#2aff00'>3</font>回合攻击附带<font color='#2aff00'>540%</font>闪电伤害，后续攻击附带<font color='#2aff00'>110%</font>闪电伤害，持续<font color='#2aff00'>3</font>回合；冷却<font color='#2aff00'>5</font>回合","desc":"增加主角<font color='#2aff00'>$value1$</font>闪电伤害","maxLv":9,"skillId":204},{"attrs":[{"p2":80,"type":6,"p1":80}],"lv_base":2,"name":"践踏","desc":"增加主角<font color='#2aff00'>$value1$</font>的反击","maxLv":9,"skillId":0},{"attrs":[{"p2":80,"type":12,"p1":80}],"lv_base":4,"name":"鉴定意志","desc":"增加主角<font color='#2aff00'>$value1$</font>的忽略反击","maxLv":8,"skillId":0},{"attrs":[{"p2":1000,"type":189,"p1":1000}],"lv_base":5,"name":"强化图腾","desc":"增加主角<font color='#2aff00'>$value1$</font>闪电伤害","maxLv":8,"skillId":0}],"icon":4,"quality":1},{"attrs":[{"p2":500,"type":2,"p1":1000},{"p2":100,"type":3,"p1":200},{"p2":10,"type":1,"p1":20}],"id":11025,"consune_id":11025,"name":"幻影·稻草人","maxLv":50,"imgPoint":[{"y":20,"x":20,"scale":1},{"y":10,"x":5,"scale":0.80},{"y":20,"x":20,"scale":1},{"y":-70,"x":0,"scale":1}],"skills":[{"attrs":[{"p2":0,"type":108,"p1":205},{"p2":0,"type":190,"sub_type":1,"p1":250}],"lv_base":1,"name":"道法自然","desc2":"第<font color='#2aff00'>3</font>回合攻击附带<font color='#2aff00'>540%</font>道术伤害，后续攻击附带<font color='#2aff00'>110%</font>道术伤害，持续<font color='#2aff00'>3</font>回合；冷却<font color='#2aff00'>5</font>回合","desc":"增加主角<font color='#2aff00'>$value1$</font>道术伤害","maxLv":9,"skillId":205},{"attrs":[{"p2":80,"type":7,"p1":80}],"lv_base":2,"name":"荆棘","desc":"增加主角<font color='#2aff00'>$value1$</font>的连击","maxLv":9,"skillId":0},{"attrs":[{"p2":80,"type":13,"p1":80}],"lv_base":4,"name":"匿行","desc":"增加主角<font color='#2aff00'>$value1$</font>的忽略连击","maxLv":8,"skillId":0},{"attrs":[{"p2":1000,"type":190,"p1":1000}],"lv_base":5,"name":"不动如山","desc":"增加主角<font color='#2aff00'>$value1$</font>道术伤害","maxLv":8,"skillId":0}],"icon":5,"quality":1},{"attrs":[{"p2":1000,"type":2,"p1":2000},{"p2":200,"type":3,"p1":400},{"p2":100,"type":4,"p1":200}],"id":11031,"consune_id":11031,"name":"幻影·沃玛教主","maxLv":50,"imgPoint":[{"y":20,"x":10,"scale":0.95},{"y":5,"x":0,"scale":0.75},{"y":30,"x":20,"scale":0.90},{"y":-50,"x":0,"scale":1}],"skills":[{"attrs":[{"p2":0,"type":108,"p1":206},{"p2":0,"type":186,"sub_type":1,"p1":400}],"lv_base":1,"name":"爆炎新星","desc2":"第<font color='#2aff00'>3</font>回合攻击附带<font color='#2aff00'>900%</font>火焰伤害，后续攻击附带<font color='#2aff00'>210%</font>火焰伤害，增加<font color='#2aff00'>15%</font>忽略暴击，持续<font color='#2aff00'>3</font>回合；冷却<font color='#2aff00'>5</font>回合","desc":"增加主角<font color='#2aff00'>$value1$</font>火焰伤害","maxLv":9,"skillId":206},{"attrs":[{"p2":100,"type":9,"p1":100}],"lv_base":2,"name":"嗜火","desc":"增加主角<font color='#2aff00'>$value1$</font>的暴击","maxLv":9,"skillId":0},{"attrs":[{"p2":100,"type":15,"p1":100}],"lv_base":4,"name":"烙印","desc":"增加主角<font color='#2aff00'>$value1$</font>的忽略暴击","maxLv":8,"skillId":0},{"attrs":[{"p2":2000,"type":186,"p1":2000}],"lv_base":5,"name":"燃尽一切","desc":"增加主角<font color='#2aff00'>$value1$</font>火焰伤害","maxLv":8,"skillId":0}],"icon":6,"quality":2},{"attrs":[{"p2":1000,"type":2,"p1":2000},{"p2":200,"type":3,"p1":400},{"p2":100,"type":4,"p1":200}],"id":11032,"consune_id":11032,"name":"幻影·野猪王","maxLv":50,"imgPoint":[{"y":20,"x":10,"scale":1},{"y":5,"x":0,"scale":0.80},{"y":30,"x":20,"scale":1},{"y":-50,"x":0,"scale":1}],"skills":[{"attrs":[{"p2":0,"type":108,"p1":207},{"p2":0,"type":187,"sub_type":1,"p1":400}],"lv_base":1,"name":"冰牙刃击","desc2":"第<font color='#2aff00'>3</font>回合攻击附带<font color='#2aff00'>900%</font>冰霜伤害，后续攻击附带<font color='#2aff00'>210%</font>冰霜伤害，增加<font color='#2aff00'>15%</font>忽略击晕，持续<font color='#2aff00'>3</font>回合；冷却<font color='#2aff00'>5</font>回合","desc":"增加主角<font color='#2aff00'>$value1$</font>冰霜伤害","maxLv":9,"skillId":207},{"attrs":[{"p2":100,"type":10,"p1":100}],"lv_base":2,"name":"麻痹之锤","desc":"增加主角<font color='#2aff00'>$value1$</font>的击晕","maxLv":9,"skillId":0},{"attrs":[{"p2":100,"type":16,"p1":100}],"lv_base":4,"name":"猪突猛进","desc":"增加主角<font color='#2aff00'>$value1$</font>的忽略击晕","maxLv":8,"skillId":0},{"attrs":[{"p2":2000,"type":187,"p1":2000}],"lv_base":5,"name":"寒意","desc":"增加主角<font color='#2aff00'>$value1$</font>冰霜伤害","maxLv":8,"skillId":0}],"icon":7,"quality":2},{"attrs":[{"p2":1000,"type":2,"p1":2000},{"p2":200,"type":3,"p1":400},{"p2":100,"type":4,"p1":200}],"id":11033,"consune_id":11033,"name":"幻影·虹魔教主","maxLv":50,"imgPoint":[{"y":20,"x":10,"scale":1},{"y":10,"x":0,"scale":0.80},{"y":30,"x":20,"scale":1},{"y":-50,"x":0,"scale":1}],"skills":[{"attrs":[{"p2":0,"type":108,"p1":208},{"p2":0,"type":188,"sub_type":1,"p1":400}],"lv_base":1,"name":"地狱使者","desc2":"第<font color='#2aff00'>3</font>回合攻击附带<font color='#2aff00'>900%</font>召唤伤害，后续攻击附带<font color='#2aff00'>210%</font>召唤伤害，增加<font color='#2aff00'>15%</font>忽略闪避，持续<font color='#2aff00'>3</font>回合；冷却<font color='#2aff00'>5</font>回合","desc":"增加主角<font color='#2aff00'>$value1$</font>召唤伤害","maxLv":9,"skillId":208},{"attrs":[{"p2":100,"type":8,"p1":100}],"lv_base":2,"name":"瞬击","desc":"增加主角<font color='#2aff00'>$value1$</font>的闪避","maxLv":9,"skillId":0},{"attrs":[{"p2":100,"type":14,"p1":100}],"lv_base":4,"name":"诅咒护体","desc":"增加主角<font color='#2aff00'>$value1$</font>的忽略闪避","maxLv":8,"skillId":0},{"attrs":[{"p2":2000,"type":188,"p1":2000}],"lv_base":5,"name":"恐惧","desc":"增加主角<font color='#2aff00'>$value1$</font>召唤伤害","maxLv":8,"skillId":0}],"icon":8,"quality":2},{"attrs":[{"p2":1000,"type":2,"p1":2000},{"p2":200,"type":3,"p1":400},{"p2":100,"type":4,"p1":200}],"id":11034,"consune_id":11034,"name":"幻影·祖玛教主","maxLv":50,"imgPoint":[{"y":20,"x":10,"scale":1},{"y":10,"x":5,"scale":0.80},{"y":30,"x":20,"scale":1},{"y":-60,"x":0,"scale":1}],"skills":[{"attrs":[{"p2":0,"type":108,"p1":209},{"p2":0,"type":189,"sub_type":1,"p1":400}],"lv_base":1,"name":"电光一闪","desc2":"第<font color='#2aff00'>3</font>回合攻击附带<font color='#2aff00'>900%</font>闪电伤害，后续攻击附带<font color='#2aff00'>210%</font>闪电伤害，增加<font color='#2aff00'>15%</font>忽略反击，持续<font color='#2aff00'>3</font>回合；冷却<font color='#2aff00'>5</font>回合","desc":"增加主角<font color='#2aff00'>$value1$</font>闪电伤害","maxLv":9,"skillId":209},{"attrs":[{"p2":100,"type":6,"p1":100}],"lv_base":2,"name":"咆哮","desc":"增加主角<font color='#2aff00'>$value1$</font>的反击","maxLv":9,"skillId":0},{"attrs":[{"p2":100,"type":12,"p1":100}],"lv_base":4,"name":"祖玛盔甲","desc":"增加主角<font color='#2aff00'>$value1$</font>的忽略反击","maxLv":8,"skillId":0},{"attrs":[{"p2":2000,"type":189,"p1":2000}],"lv_base":5,"name":"狂暴状态","desc":"增加主角<font color='#2aff00'>$value1$</font>闪电伤害","maxLv":8,"skillId":0}],"icon":9,"quality":2},{"attrs":[{"p2":1000,"type":2,"p1":2000},{"p2":200,"type":3,"p1":400},{"p2":100,"type":4,"p1":200}],"id":11035,"consune_id":11035,"name":"幻影·黄泉教主","maxLv":50,"imgPoint":[{"y":40,"x":30,"scale":1},{"y":20,"x":5,"scale":0.80},{"y":50,"x":20,"scale":1},{"y":-50,"x":-10,"scale":1}],"skills":[{"attrs":[{"p2":0,"type":108,"p1":210},{"p2":0,"type":190,"sub_type":1,"p1":400}],"lv_base":1,"name":"毒绽莲花","desc2":"第<font color='#2aff00'>3</font>回合攻击附带<font color='#2aff00'>900%</font>道术伤害，后续攻击附带<font color='#2aff00'>210%</font>道术伤害，增加<font color='#2aff00'>15%</font>忽略连击，持续<font color='#2aff00'>3</font>回合；冷却<font color='#2aff00'>5</font>回合","desc":"增加主角<font color='#2aff00'>$value1$</font>道术伤害","maxLv":9,"skillId":210},{"attrs":[{"p2":100,"type":7,"p1":100}],"lv_base":2,"name":"黄泉之息","desc":"增加主角<font color='#2aff00'>$value1$</font>的连击","maxLv":9,"skillId":0},{"attrs":[{"p2":100,"type":13,"p1":100}],"lv_base":4,"name":"厄运体","desc":"增加主角<font color='#2aff00'>$value1$</font>的忽略连击","maxLv":8,"skillId":0},{"attrs":[{"p2":2000,"type":190,"p1":2000}],"lv_base":5,"name":"引魂","desc":"增加主角<font color='#2aff00'>$value1$</font>道术伤害","maxLv":8,"skillId":0}],"icon":10,"quality":2},{"attrs":[{"p2":1000,"type":2,"p1":2000},{"p2":200,"type":3,"p1":400},{"p2":100,"type":4,"p1":200}],"id":11036,"consune_id":11036,"name":"幻影·牛魔王","maxLv":50,"imgPoint":[{"y":20,"x":10,"scale":1},{"y":5,"x":0,"scale":0.80},{"y":30,"x":20,"scale":1},{"y":-50,"x":0,"scale":1}],"skills":[{"attrs":[{"p2":0,"type":108,"p1":211},{"p2":0,"type":186,"sub_type":1,"p1":300},{"p2":0,"type":187,"sub_type":1,"p1":300},{"p2":0,"type":188,"sub_type":1,"p1":300},{"p2":0,"type":189,"sub_type":1,"p1":300},{"p2":0,"type":190,"sub_type":1,"p1":300}],"lv_base":1,"name":"昊天一握","desc2":"第<font color='#2aff00'>3</font>回合攻击附带<font color='#2aff00'>900%</font>最高元素伤害，后续攻击附带<font color='#2aff00'>210%</font>最高伤害，增加<font color='#2aff00'>9%</font>所有忽略，持续<font color='#2aff00'>3</font>回合；冷却<font color='#2aff00'>5</font>回合","desc":"增加主角<font color='#2aff00'>$value1$</font>全元素伤害","maxLv":9,"skillId":211},{"attrs":[{"p2":120,"type":5,"p1":120}],"lv_base":2,"name":"汲血斧","desc":"增加主角<font color='#2aff00'>$value1$</font>的吸血","maxLv":9,"skillId":0},{"attrs":[{"p2":120,"type":11,"p1":120}],"lv_base":4,"name":"横冲直撞","desc":"增加主角<font color='#2aff00'>$value1$</font>的忽略吸血","maxLv":8,"skillId":0},{"attrs":[{"p2":800,"type":186,"p1":800},{"p2":800,"type":187,"p1":800},{"p2":800,"type":188,"p1":800},{"p2":800,"type":189,"p1":800},{"p2":800,"type":190,"p1":800}],"lv_base":5,"name":"蛮牛","desc":"增加主角<font color='#2aff00'>$value1$</font>全元素伤害","maxLv":8,"skillId":0}],"icon":11,"quality":2},{"attrs":[{"p2":100,"type":71,"p1":150},{"p2":500,"type":3,"p1":1000},{"p2":250,"type":4,"p1":500}],"id":11041,"consune_id":11041,"name":"幻影·雷炎蛛王","maxLv":50,"imgPoint":[{"y":0,"x":10,"scale":1},{"y":0,"x":0,"scale":0.80},{"y":20,"x":20,"scale":1},{"y":-60,"x":0,"scale":1}],"skills":[{"attrs":[{"p2":0,"type":108,"p1":212},{"p2":0,"type":186,"sub_type":1,"p1":750}],"lv_base":1,"name":"焚心地火","desc2":"第<font color='#2aff00'>2</font>回合攻击附带<font color='#2aff00'>1440%</font>火焰伤害，后续攻击附带<font color='#2aff00'>320%</font>火焰伤害，增加<font color='#2aff00'>20%</font>暴怒，持续<font color='#2aff00'>3</font>回合；冷却<font color='#2aff00'>5</font>回合","desc":"增加主角<font color='#2aff00'>$value1$</font>火焰伤害","maxLv":9,"skillId":212},{"attrs":[{"p2":120,"type":9,"p1":120}],"lv_base":2,"name":"茧刑","desc":"增加主角<font color='#2aff00'>$value1$</font>的暴击","maxLv":9,"skillId":0},{"attrs":[{"p2":120,"type":15,"p1":120}],"lv_base":4,"name":"雷炎体","desc":"增加主角<font color='#2aff00'>$value1$</font>的忽略暴击","maxLv":8,"skillId":0},{"attrs":[{"p2":3000,"type":186,"p1":3000}],"lv_base":5,"name":"蛛王之威","desc":"增加主角<font color='#2aff00'>$value1$</font>火焰伤害","maxLv":8,"skillId":0}],"icon":12,"quality":3},{"attrs":[{"p2":100,"type":71,"p1":150},{"p2":500,"type":3,"p1":1000},{"p2":250,"type":4,"p1":500}],"id":11042,"consune_id":11042,"name":"幻影·冰霜领主","maxLv":50,"imgPoint":[{"y":20,"x":20,"scale":1.10},{"y":5,"x":0,"scale":0.80},{"y":30,"x":20,"scale":1},{"y":-50,"x":0,"scale":1}],"skills":[{"attrs":[{"p2":0,"type":108,"p1":213},{"p2":0,"type":187,"sub_type":1,"p1":750}],"lv_base":1,"name":"冰川微风","desc2":"第<font color='#2aff00'>2</font>回合攻击附带<font color='#2aff00'>1440%</font>冰霜伤害，后续攻击附带<font color='#2aff00'>320%</font>冰霜伤害，被击晕时减伤<font color='#2aff00'>20%</font>，持续<font color='#2aff00'>3</font>回合；冷却<font color='#2aff00'>5</font>回合","desc":"增加主角<font color='#2aff00'>$value1$</font>冰霜伤害","maxLv":9,"skillId":213},{"attrs":[{"p2":120,"type":10,"p1":120}],"lv_base":2,"name":"破冰","desc":"增加主角<font color='#2aff00'>$value1$</font>的击晕","maxLv":9,"skillId":0},{"attrs":[{"p2":120,"type":16,"p1":120}],"lv_base":4,"name":"极寒领域","desc":"增加主角<font color='#2aff00'>$value1$</font>的忽略击晕","maxLv":8,"skillId":0},{"attrs":[{"p2":3000,"type":187,"p1":3000}],"lv_base":5,"name":"冰语","desc":"增加主角<font color='#2aff00'>$value1$</font>冰霜伤害","maxLv":8,"skillId":0}],"icon":13,"quality":3},{"attrs":[{"p2":100,"type":71,"p1":150},{"p2":500,"type":3,"p1":1000},{"p2":250,"type":4,"p1":500}],"id":11043,"consune_id":11043,"name":"幻影·魔龙教主","maxLv":50,"imgPoint":[{"y":20,"x":10,"scale":0.90},{"y":10,"x":0,"scale":0.80},{"y":40,"x":20,"scale":0.90},{"y":-50,"x":0,"scale":1}],"skills":[{"attrs":[{"p2":0,"type":108,"p1":214},{"p2":0,"type":188,"sub_type":1,"p1":750}],"lv_base":1,"name":"唤灵挽歌","desc2":"第<font color='#2aff00'>2</font>回合攻击附带<font color='#2aff00'>1440%</font>召唤伤害，后续攻击附带<font color='#2aff00'>320%</font>召唤伤害，增加<font color='#2aff00'>20%</font>仁爱，持续<font color='#2aff00'>3</font>回合；冷却<font color='#2aff00'>5</font>回合","desc":"增加主角<font color='#2aff00'>$value1$</font>召唤伤害","maxLv":9,"skillId":214},{"attrs":[{"p2":120,"type":8,"p1":120}],"lv_base":2,"name":"幻步","desc":"增加主角<font color='#2aff00'>$value1$</font>的闪避","maxLv":9,"skillId":0},{"attrs":[{"p2":120,"type":14,"p1":120}],"lv_base":4,"name":"御风","desc":"增加主角<font color='#2aff00'>$value1$</font>的忽略闪避","maxLv":8,"skillId":0},{"attrs":[{"p2":3000,"type":188,"p1":3000}],"lv_base":5,"name":"禁魔","desc":"增加主角<font color='#2aff00'>$value1$</font>召唤伤害","maxLv":8,"skillId":0}],"icon":14,"quality":3},{"attrs":[{"p2":100,"type":71,"p1":150},{"p2":500,"type":3,"p1":1000},{"p2":250,"type":4,"p1":500}],"id":11044,"consune_id":11044,"name":"幻影·蛮人王","maxLv":50,"imgPoint":[{"y":10,"x":10,"scale":1.10},{"y":0,"x":0,"scale":0.90},{"y":30,"x":20,"scale":1},{"y":-50,"x":0,"scale":1}],"skills":[{"attrs":[{"p2":0,"type":108,"p1":215},{"p2":0,"type":189,"sub_type":1,"p1":750}],"lv_base":1,"name":"雷动八方","desc2":"第<font color='#2aff00'>2</font>回合攻击附带<font color='#2aff00'>1440%</font>闪电伤害，后续攻击附带<font color='#2aff00'>320%</font>闪电伤害，被反击时减伤<font color='#2aff00'>26%</font>，持续<font color='#2aff00'>3</font>回合；冷却<font color='#2aff00'>5</font>回合","desc":"增加主角<font color='#2aff00'>$value1$</font>闪电伤害","maxLv":9,"skillId":215},{"attrs":[{"p2":120,"type":6,"p1":120}],"lv_base":2,"name":"巨兽狂袭","desc":"增加主角<font color='#2aff00'>$value1$</font>的反击","maxLv":9,"skillId":0},{"attrs":[{"p2":120,"type":12,"p1":120}],"lv_base":4,"name":"钢筋铁骨","desc":"增加主角<font color='#2aff00'>$value1$</font>的忽略反击","maxLv":8,"skillId":0},{"attrs":[{"p2":3000,"type":189,"p1":3000}],"lv_base":5,"name":"战斗姿态","desc":"增加主角<font color='#2aff00'>$value1$</font>闪电伤害","maxLv":8,"skillId":0}],"icon":15,"quality":3},{"attrs":[{"p2":100,"type":71,"p1":150},{"p2":500,"type":3,"p1":1000},{"p2":250,"type":4,"p1":500}],"id":11045,"consune_id":11045,"name":"幻影·九头蛇","maxLv":50,"imgPoint":[{"y":30,"x":40,"scale":0.90},{"y":15,"x":30,"scale":0.70},{"y":40,"x":40,"scale":0.90},{"y":-50,"x":0,"scale":1}],"skills":[{"attrs":[{"p2":0,"type":108,"p1":216},{"p2":0,"type":190,"sub_type":1,"p1":750}],"lv_base":1,"name":"怨灵生息","desc2":"第<font color='#2aff00'>2</font>回合攻击附带<font color='#2aff00'>1440%</font>道术伤害，后续攻击附带<font color='#2aff00'>320%</font>道术伤害，被连击时减伤<font color='#2aff00'>20%</font>，持续<font color='#2aff00'>3</font>回合；冷却<font color='#2aff00'>5</font>回合","desc":"增加主角<font color='#2aff00'>$value1$</font>道术伤害","maxLv":9,"skillId":216},{"attrs":[{"p2":120,"type":7,"p1":120}],"lv_base":2,"name":"蛇牙","desc":"增加主角<font color='#2aff00'>$value1$</font>的连击","maxLv":9,"skillId":0},{"attrs":[{"p2":120,"type":13,"p1":120}],"lv_base":4,"name":"蛇鳞","desc":"增加主角<font color='#2aff00'>$value1$</font>的忽略连击","maxLv":8,"skillId":0},{"attrs":[{"p2":3000,"type":190,"p1":3000}],"lv_base":5,"name":"万毒之躯","desc":"增加主角<font color='#2aff00'>$value1$</font>道术伤害","maxLv":8,"skillId":0}],"icon":16,"quality":3},{"attrs":[{"p2":150,"type":71,"p1":200},{"p2":150,"type":73,"p1":200},{"p2":1000,"type":3,"p1":2000}],"id":11061,"consune_id":11061,"name":"幻影·火龙王","maxLv":50,"imgPoint":[{"y":-10,"x":10,"scale":1.20},{"y":-10,"x":5,"scale":0.90},{"y":10,"x":20,"scale":1},{"y":-40,"x":10,"scale":1}],"skills":[{"attrs":[{"p2":0,"type":108,"p1":217},{"p2":0,"type":186,"sub_type":1,"p1":800}],"lv_base":1,"name":"赤炎神钟","desc2":"第<font color='#2aff00'>2</font>回合攻击附带<font color='#2aff00'>1800%</font>火焰伤害，后续攻击附带<font color='#2aff00'>460%</font>火焰伤害，增加<font color='#2aff00'>26%</font>暴击，持续<font color='#2aff00'>4</font>回合；冷却<font color='#2aff00'>5</font>回合","desc":"增加主角<font color='#2aff00'>$value1$</font>火焰伤害","maxLv":9,"skillId":217},{"attrs":[{"p2":150,"type":9,"p1":150}],"lv_base":2,"name":"烈焰滚滚","desc":"增加主角<font color='#2aff00'>$value1$</font>的暴击","maxLv":9,"skillId":0},{"attrs":[{"p2":150,"type":15,"p1":150}],"lv_base":4,"name":"龙神领域","desc":"增加主角<font color='#2aff00'>$value1$</font>的忽略暴击","maxLv":8,"skillId":0},{"attrs":[{"p2":4000,"type":186,"p1":4000}],"lv_base":5,"name":"爆炎","desc":"增加主角<font color='#2aff00'>$value1$</font>火焰伤害","maxLv":8,"skillId":0}],"icon":17,"quality":4},{"attrs":[{"p2":150,"type":71,"p1":200},{"p2":150,"type":73,"p1":200},{"p2":1000,"type":3,"p1":2000}],"id":11062,"consune_id":11062,"name":"幻影·地狱幽魂","maxLv":50,"imgPoint":[{"y":0,"x":0,"scale":1},{"y":10,"x":0,"scale":0.80},{"y":40,"x":10,"scale":0.90},{"y":-30,"x":10,"scale":1}],"skills":[{"attrs":[{"p2":0,"type":108,"p1":218},{"p2":0,"type":187,"sub_type":1,"p1":800}],"lv_base":1,"name":"寒冰破灭","desc2":"第<font color='#2aff00'>2</font>回合攻击附带<font color='#2aff00'>1800%</font>冰霜伤害，后续攻击附带<font color='#2aff00'>460%</font>冰霜伤害，增加<font color='#2aff00'>26%</font>击晕，持续<font color='#2aff00'>4</font>回合；冷却<font color='#2aff00'>5</font>回合","desc":"增加主角<font color='#2aff00'>$value1$</font>冰霜伤害","maxLv":9,"skillId":218},{"attrs":[{"p2":150,"type":10,"p1":150}],"lv_base":2,"name":"永冻","desc":"增加主角<font color='#2aff00'>$value1$</font>的击晕","maxLv":9,"skillId":0},{"attrs":[{"p2":150,"type":16,"p1":150}],"lv_base":4,"name":"地狱之路","desc":"增加主角<font color='#2aff00'>$value1$</font>的忽略击晕","maxLv":8,"skillId":0},{"attrs":[{"p2":4000,"type":187,"p1":4000}],"lv_base":5,"name":"凛冬","desc":"增加主角<font color='#2aff00'>$value1$</font>冰霜伤害","maxLv":8,"skillId":0}],"icon":18,"quality":4},{"attrs":[{"p2":150,"type":71,"p1":200},{"p2":150,"type":73,"p1":200},{"p2":1000,"type":3,"p1":2000}],"id":11063,"consune_id":11063,"name":"幻影·冥界战将","maxLv":50,"imgPoint":[{"y":20,"x":-10,"scale":1},{"y":10,"x":-10,"scale":0.80},{"y":40,"x":0,"scale":1},{"y":-40,"x":-10,"scale":1}],"skills":[{"attrs":[{"p2":0,"type":108,"p1":219},{"p2":0,"type":188,"sub_type":1,"p1":800}],"lv_base":1,"name":"影子杀法","desc2":"第<font color='#2aff00'>2</font>回合攻击附带<font color='#2aff00'>1800%</font>召唤伤害，后续攻击附带<font color='#2aff00'>460%</font>召唤伤害，增加<font color='#2aff00'>26%</font>闪避，持续<font color='#2aff00'>4</font>回合；冷却<font color='#2aff00'>5</font>回合","desc":"增加主角<font color='#2aff00'>$value1$</font>召唤伤害","maxLv":9,"skillId":219},{"attrs":[{"p2":150,"type":8,"p1":150}],"lv_base":2,"name":"影子身法","desc":"增加主角<font color='#2aff00'>$value1$</font>的闪避","maxLv":9,"skillId":0},{"attrs":[{"p2":150,"type":14,"p1":150}],"lv_base":4,"name":"不坏之身","desc":"增加主角<font color='#2aff00'>$value1$</font>的忽略闪避","maxLv":8,"skillId":0},{"attrs":[{"p2":4000,"type":188,"p1":4000}],"lv_base":5,"name":"轮回绝境","desc":"增加主角<font color='#2aff00'>$value1$</font>召唤伤害","maxLv":8,"skillId":0}],"icon":19,"quality":4},{"attrs":[{"p2":150,"type":71,"p1":200},{"p2":150,"type":73,"p1":200},{"p2":1000,"type":3,"p1":2000}],"id":11064,"consune_id":11064,"name":"幻影·上古玄龟","maxLv":50,"imgPoint":[{"y":20,"x":-10,"scale":1},{"y":10,"x":-15,"scale":0.80},{"y":40,"x":0,"scale":1},{"y":-50,"x":0,"scale":1}],"skills":[{"attrs":[{"p2":0,"type":108,"p1":220},{"p2":0,"type":189,"sub_type":1,"p1":800}],"lv_base":1,"name":"九霄神雷","desc2":"第<font color='#2aff00'>2</font>回合攻击附带<font color='#2aff00'>1800%</font>闪电伤害，后续攻击附带<font color='#2aff00'>460%</font>闪电伤害，增加<font color='#2aff00'>26%</font>反击，持续<font color='#2aff00'>4</font>回合；冷却<font color='#2aff00'>5</font>回合","desc":"增加主角<font color='#2aff00'>$value1$</font>闪电伤害","maxLv":9,"skillId":220},{"attrs":[{"p2":150,"type":6,"p1":150}],"lv_base":2,"name":"玄甲","desc":"增加主角<font color='#2aff00'>$value1$</font>的反击","maxLv":9,"skillId":0},{"attrs":[{"p2":150,"type":12,"p1":150}],"lv_base":4,"name":"石肤庇护","desc":"增加主角<font color='#2aff00'>$value1$</font>的忽略反击","maxLv":8,"skillId":0},{"attrs":[{"p2":4000,"type":189,"p1":4000}],"lv_base":5,"name":"神兽雷源","desc":"增加主角<font color='#2aff00'>$value1$</font>闪电伤害","maxLv":8,"skillId":0}],"icon":20,"quality":4},{"attrs":[{"p2":150,"type":71,"p1":200},{"p2":150,"type":73,"p1":200},{"p2":1000,"type":3,"p1":2000}],"id":11065,"consune_id":11065,"name":"幻影·千年树妖","maxLv":50,"imgPoint":[{"y":-10,"x":5,"scale":1},{"y":-5,"x":0,"scale":0.80},{"y":20,"x":10,"scale":0.90},{"y":-40,"x":0,"scale":1}],"skills":[{"attrs":[{"p2":0,"type":108,"p1":221},{"p2":0,"type":190,"sub_type":1,"p1":800}],"lv_base":1,"name":"万毒归宗","desc2":"第<font color='#2aff00'>2</font>回合攻击附带<font color='#2aff00'>1800%</font>道术伤害，后续攻击附带<font color='#2aff00'>460%</font>道术伤害，增加<font color='#2aff00'>26%</font>连击，持续<font color='#2aff00'>4</font>回合；冷却<font color='#2aff00'>5</font>回合","desc":"增加主角<font color='#2aff00'>$value1$</font>道术伤害","maxLv":9,"skillId":221},{"attrs":[{"p2":150,"type":7,"p1":150}],"lv_base":2,"name":"吸元秘术","desc":"增加主角<font color='#2aff00'>$value1$</font>的连击","maxLv":9,"skillId":0},{"attrs":[{"p2":150,"type":13,"p1":150}],"lv_base":4,"name":"枯萎表皮","desc":"增加主角<font color='#2aff00'>$value1$</font>的忽略连击","maxLv":8,"skillId":0},{"attrs":[{"p2":4000,"type":190,"p1":4000}],"lv_base":5,"name":"自然之力","desc":"增加主角<font color='#2aff00'>$value1$</font>道术伤害","maxLv":8,"skillId":0}],"icon":21,"quality":4},{"attrs":[{"p2":150,"type":71,"p1":200},{"p2":150,"type":73,"p1":200},{"p2":1000,"type":3,"p1":2000}],"id":11066,"consune_id":11066,"name":"幻影·玄奘法师","maxLv":50,"imgPoint":[{"y":10,"x":0,"scale":1.20},{"y":10,"x":-5,"scale":0.90},{"y":30,"x":10,"scale":1},{"y":-40,"x":0,"scale":1}],"skills":[{"attrs":[{"p2":0,"type":108,"p1":222},{"p2":0,"type":186,"sub_type":1,"p1":640},{"p2":0,"type":187,"sub_type":1,"p1":640},{"p2":0,"type":188,"sub_type":1,"p1":640},{"p2":0,"type":189,"sub_type":1,"p1":640},{"p2":0,"type":190,"sub_type":1,"p1":640}],"lv_base":1,"name":"如来神掌","desc2":"第<font color='#2aff00'>2</font>回合攻击附带<font color='#2aff00'>1800%</font>最高元素伤害，后续攻击附带<font color='#2aff00'>460%</font>最高元素伤害，增加<font color='#2aff00'>26%</font>吸血，持续<font color='#2aff00'>4</font>回合；冷却<font color='#2aff00'>5</font>回合","desc":"增加主角<font color='#2aff00'>$value1$</font>全元素伤害","maxLv":9,"skillId":222},{"attrs":[{"p2":250,"type":5,"p1":250}],"lv_base":2,"name":"宝印","desc":"增加主角<font color='#2aff00'>$value1$</font>的吸血","maxLv":9,"skillId":0},{"attrs":[{"p2":250,"type":11,"p1":250}],"lv_base":4,"name":"紧箍之咒","desc":"增加主角<font color='#2aff00'>$value1$</font>的忽略吸血","maxLv":8,"skillId":0},{"attrs":[{"p2":3200,"type":186,"p1":3200},{"p2":3200,"type":187,"p1":3200},{"p2":3200,"type":188,"p1":3200},{"p2":3200,"type":189,"p1":3200},{"p2":3200,"type":190,"p1":3200}],"lv_base":5,"name":"锦澜宝衣","desc":"增加主角<font color='#2aff00'>$value1$</font>全元素伤害","maxLv":8,"skillId":0}],"icon":22,"quality":4},{"attrs":[{"p2":200,"type":71,"p1":300},{"p2":200,"type":72,"p1":300},{"p2":200,"type":73,"p1":300}],"id":11071,"consune_id":11071,"name":"幻影·烈魂黄忠","maxLv":50,"imgPoint":[{"y":20,"x":0,"scale":1},{"y":10,"x":-5,"scale":0.80},{"y":40,"x":10,"scale":0.80},{"y":-50,"x":0,"scale":1}],"skills":[{"attrs":[{"p2":0,"type":108,"p1":223},{"p2":0,"type":186,"sub_type":1,"p1":1000}],"lv_base":1,"name":"飞龙在天","desc2":"第<font color='#2aff00'>2</font>回合攻击附带<font color='#2aff00'>2700%</font>火焰伤害，后续攻击附带<font color='#2aff00'>630%</font>火焰伤害，火焰伤害可触发暴击，持续<font color='#2aff00'>5</font>回合；冷却<font color='#2aff00'>5</font>回合","desc":"增加主角<font color='#2aff00'>$value1$</font>火焰伤害","maxLv":9,"skillId":223},{"attrs":[{"p2":200,"type":9,"p1":200}],"lv_base":2,"name":"烈魂","desc":"增加主角<font color='#2aff00'>$value1$</font>的暴击","maxLv":9,"skillId":0},{"attrs":[{"p2":200,"type":15,"p1":200}],"lv_base":4,"name":"忠胆","desc":"增加主角<font color='#2aff00'>$value1$</font>的忽略暴击","maxLv":8,"skillId":0},{"attrs":[{"p2":5000,"type":186,"p1":5000}],"lv_base":5,"name":"热血","desc":"增加主角<font color='#2aff00'>$value1$</font>火焰伤害","maxLv":8,"skillId":0}],"icon":23,"quality":5},{"attrs":[{"p2":200,"type":71,"p1":300},{"p2":200,"type":72,"p1":300},{"p2":200,"type":73,"p1":300}],"id":11072,"consune_id":11072,"name":"幻影·修罗鬼将","maxLv":50,"imgPoint":[{"y":40,"x":10,"scale":1},{"y":20,"x":0,"scale":0.80},{"y":50,"x":10,"scale":0.80},{"y":-40,"x":0,"scale":1}],"skills":[{"attrs":[{"p2":0,"type":108,"p1":224},{"p2":0,"type":187,"sub_type":1,"p1":1000}],"lv_base":1,"name":"冰龙传说","desc2":"第<font color='#2aff00'>2</font>回合攻击附带<font color='#2aff00'>2700%</font>冰霜伤害，后续攻击附带<font color='#2aff00'>630%</font>冰霜伤害，击晕附带双倍冰霜伤害，持续<font color='#2aff00'>5</font>回合；冷却<font color='#2aff00'>5</font>回合","desc":"增加主角<font color='#2aff00'>$value1$</font>冰霜伤害","maxLv":9,"skillId":224},{"attrs":[{"p2":200,"type":10,"p1":200}],"lv_base":2,"name":"罪罚","desc":"增加主角<font color='#2aff00'>$value1$</font>的击晕","maxLv":9,"skillId":0},{"attrs":[{"p2":200,"type":16,"p1":200}],"lv_base":4,"name":"修罗之躯","desc":"增加主角<font color='#2aff00'>$value1$</font>的忽略击晕","maxLv":8,"skillId":0},{"attrs":[{"p2":5000,"type":187,"p1":5000}],"lv_base":5,"name":"鬼神之力","desc":"增加主角<font color='#2aff00'>$value1$</font>冰霜伤害","maxLv":8,"skillId":0}],"icon":24,"quality":5},{"attrs":[{"p2":200,"type":71,"p1":300},{"p2":200,"type":72,"p1":300},{"p2":200,"type":73,"p1":300}],"id":11073,"consune_id":11073,"name":"幻影·大道剑魂","maxLv":50,"imgPoint":[{"y":40,"x":10,"scale":1},{"y":20,"x":-5,"scale":0.80},{"y":50,"x":10,"scale":0.90},{"y":-40,"x":0,"scale":1}],"skills":[{"attrs":[{"p2":0,"type":108,"p1":225},{"p2":0,"type":188,"sub_type":1,"p1":1000}],"lv_base":1,"name":"真龙降世","desc2":"第<font color='#2aff00'>2</font>回合攻击附带<font color='#2aff00'>2700%</font>召唤伤害，后续攻击附带<font color='#2aff00'>630%</font>召唤伤害，闪避攻击时敌人受到召唤伤害，持续<font color='#2aff00'>5</font>回合；冷却<font color='#2aff00'>5</font>回合","desc":"增加主角<font color='#2aff00'>$value1$</font>召唤伤害","maxLv":9,"skillId":225},{"attrs":[{"p2":200,"type":8,"p1":200}],"lv_base":2,"name":"剑舞","desc":"增加主角<font color='#2aff00'>$value1$</font>的闪避","maxLv":9,"skillId":0},{"attrs":[{"p2":200,"type":14,"p1":200}],"lv_base":4,"name":"剑意","desc":"增加主角<font color='#2aff00'>$value1$</font>的忽略闪避","maxLv":8,"skillId":0},{"attrs":[{"p2":5000,"type":188,"p1":5000}],"lv_base":5,"name":"剑术奥义","desc":"增加主角<font color='#2aff00'>$value1$</font>召唤伤害","maxLv":8,"skillId":0}],"icon":25,"quality":5},{"attrs":[{"p2":200,"type":71,"p1":300},{"p2":200,"type":72,"p1":300},{"p2":200,"type":73,"p1":300}],"id":11074,"consune_id":11074,"name":"幻影·冥域战神","maxLv":50,"imgPoint":[{"y":30,"x":10,"scale":1},{"y":10,"x":-5,"scale":0.80},{"y":40,"x":10,"scale":0.90},{"y":-40,"x":0,"scale":1}],"skills":[{"attrs":[{"p2":0,"type":108,"p1":226},{"p2":0,"type":189,"sub_type":1,"p1":1000}],"lv_base":1,"name":"雷震乾坤","desc2":"第<font color='#2aff00'>2</font>回合攻击附带<font color='#2aff00'>2700%</font>闪电伤害，后续攻击附带<font color='#2aff00'>630%</font>闪电伤害，反击触发三倍闪电伤害，持续<font color='#2aff00'>5</font>回合；冷却<font color='#2aff00'>5</font>回合","desc":"增加主角<font color='#2aff00'>$value1$</font>闪电伤害","maxLv":9,"skillId":226},{"attrs":[{"p2":200,"type":6,"p1":200}],"lv_base":2,"name":"审判","desc":"增加主角<font color='#2aff00'>$value1$</font>的反击","maxLv":9,"skillId":0},{"attrs":[{"p2":200,"type":12,"p1":200}],"lv_base":4,"name":"战意","desc":"增加主角<font color='#2aff00'>$value1$</font>的忽略反击","maxLv":8,"skillId":0},{"attrs":[{"p2":5000,"type":189,"p1":5000}],"lv_base":5,"name":"冥界之主","desc":"增加主角<font color='#2aff00'>$value1$</font>闪电伤害","maxLv":8,"skillId":0}],"icon":26,"quality":5},{"attrs":[{"p2":200,"type":71,"p1":300},{"p2":200,"type":72,"p1":300},{"p2":200,"type":73,"p1":300}],"id":11075,"consune_id":11075,"name":"幻影·嗜血罗刹","maxLv":50,"imgPoint":[{"y":20,"x":0,"scale":1},{"y":10,"x":-5,"scale":0.80},{"y":50,"x":10,"scale":0.90},{"y":-40,"x":0,"scale":1}],"skills":[{"attrs":[{"p2":0,"type":108,"p1":227},{"p2":0,"type":190,"sub_type":1,"p1":1000}],"lv_base":1,"name":"真空寂灭","desc2":"第<font color='#2aff00'>2</font>回合攻击附带<font color='#2aff00'>2700%</font>道术伤害，后续攻击附带<font color='#2aff00'>630%</font>道术伤害，连击可附带道术伤害，持续<font color='#2aff00'>5</font>回合；冷却<font color='#2aff00'>5</font>回合","desc":"增加主角<font color='#2aff00'>$value1$</font>道术伤害","maxLv":9,"skillId":227},{"attrs":[{"p2":200,"type":7,"p1":200}],"lv_base":2,"name":"嗜血狂攻","desc":"增加主角<font color='#2aff00'>$value1$</font>的连击","maxLv":9,"skillId":0},{"attrs":[{"p2":200,"type":13,"p1":200}],"lv_base":4,"name":"离魂术","desc":"增加主角<font color='#2aff00'>$value1$</font>的忽略连击","maxLv":8,"skillId":0},{"attrs":[{"p2":5000,"type":190,"p1":5000}],"lv_base":5,"name":"汲取灵魂","desc":"增加主角<font color='#2aff00'>$value1$</font>道术伤害","maxLv":8,"skillId":0}],"icon":27,"quality":5},{"attrs":[{"p2":200,"type":71,"p1":300},{"p2":200,"type":72,"p1":300},{"p2":200,"type":73,"p1":300}],"id":11076,"consune_id":11076,"name":"幻影·仁德刘备","maxLv":50,"imgPoint":[{"y":20,"x":0,"scale":1},{"y":10,"x":-5,"scale":0.80},{"y":40,"x":10,"scale":0.90},{"y":-50,"x":0,"scale":1}],"skills":[{"attrs":[{"p2":0,"type":108,"p1":228},{"p2":0,"type":73,"sub_type":1,"p1":200}],"lv_base":1,"name":"金钟护体","desc2":"第<font color='#2aff00'>2</font>回合获得<font color='#2aff00'>360%</font>防御值护盾，后续攻击附带<font color='#2aff00'>50%</font>防御值的伤害，持续<font color='#2aff00'>3</font>回合；冷却<font color='#2aff00'>5</font>回合","desc":"增加主角<font color='#2aff00'>$value1$</font>的防御","maxLv":9,"skillId":228},{"attrs":[{"p2":300,"type":5,"p1":300}],"lv_base":2,"name":"仁德","desc":"增加主角<font color='#2aff00'>$value1$</font>的吸血","maxLv":9,"skillId":0},{"attrs":[{"p2":300,"type":11,"p1":300}],"lv_base":4,"name":"厚爱","desc":"增加主角<font color='#2aff00'>$value1$</font>的忽略吸血","maxLv":8,"skillId":0},{"attrs":[{"p2":1000,"type":4,"p1":1000}],"lv_base":5,"name":"帝威","desc":"增加主角<font color='#2aff00'>$value1$</font>的防御","maxLv":8,"skillId":0}],"icon":28,"quality":5}],"merger":[{"showlist":[2000,4000,6000,8000,10000],"list":[2000,4000,6000,8000,10000]},{"showlist":[2000,4000,6000,8000,10000],"list":[2000,4000,6000,8000,10000]},{"showlist":[1500,3000,4500,6000,7500],"list":[1000,2000,3000,5000,6000]},{"showlist":[1000,2000,3000,4000,5000],"list":[500,1000,1500,2500,3500]}],"refine":{"stone_2_lucky":10,"frame_cnt":[4,5,6,7,8],"back_consume":[[{"id":10002,"count":10000}],[{"id":10002,"count":20000}],[{"id":10002,"count":30000}],[{"id":10002,"count":40000}],[{"id":10002,"count":50000}],[{"id":10002,"count":60000}],[{"id":10002,"count":70000}],[{"id":10002,"count":80000}]],"consume":[[{"id":11099,"count":10}],[{"id":11099,"count":20}],[{"id":11099,"count":30}],[{"id":11099,"count":30}],[{"id":11099,"count":30}]]},"lvs_consume":[[1,1,1,2,2,3,3,4,4,4,5,5,6,6,6,8,8,10,10,10,12,12,12,15,15,20,20,25,25,30,40,40,50,50,60,60,75,90,105,130,155,180,210,240,270,300,330,360,390,420],[1,1,1,2,2,3,3,3,3,3,4,4,5,5,5,6,6,8,8,8,9,9,9,12,12,15,15,19,19,23,30,30,38,38,45,45,57,68,79,98,117,135,158,180,203,225,248,270,293,315],[1,1,1,1,1,2,2,2,2,2,3,3,3,3,3,4,4,5,5,5,6,6,6,8,8,10,10,13,13,15,20,20,25,25,30,30,38,45,53,65,78,90,105,120,135,150,165,180,195,210],[1,1,1,1,1,1,1,1,1,1,2,2,2,2,2,2,2,3,3,3,3,3,3,4,4,5,5,7,7,8,10,10,13,13,15,15,19,23,27,33,39,45,53,60,68,75,83,90,98,105],[1,1,1,1,1,1,1,1,1,1,1,1,1,1,1,2,2,2,2,2,2,2,2,3,3,3,3,4,4,5,6,6,8,8,9,9,12,14,16,20,24,27,32,36,41,45,50,54,59,63]],"list_2idx":[]}}