{"ChantomActCfg":{"pop_star":{"y":6,"x":6,"one_consum":[{"id":20119,"count":1}],"cnts":[[],[],[{"id":20118,"count":1,"pro":4900},{"id":10002,"count":50,"pro":1900},{"id":10032,"count":2,"pro":1900},{"id":11099,"count":1,"pro":1100},{"id":10072,"count":5000,"pro":1100}],[{"id":20118,"count":3,"pro":4000},{"id":10002,"count":50,"pro":1900},{"id":10032,"count":2,"pro":1400},{"id":11099,"count":1,"pro":700},{"id":10505,"count":1,"pro":800},{"id":10072,"count":5000,"pro":800},{"id":10030,"count":1,"pro":400}],[{"id":20118,"count":5,"pro":4000},{"id":11099,"count":1,"pro":1500},{"id":10505,"count":1,"pro":800},{"id":10072,"count":5000,"pro":1900},{"id":10030,"count":1,"pro":700},{"id":10901,"count":1,"pro":1000},{"id":10991,"count":1,"pro":100}],[{"id":20118,"count":5,"pro":4000},{"id":11099,"count":1,"pro":1500},{"id":10505,"count":1,"pro":800},{"id":10072,"count":5000,"pro":1900},{"id":10030,"count":1,"pro":700},{"id":10901,"count":1,"pro":1000},{"id":10991,"count":1,"pro":100}],[{"id":20118,"count":5,"pro":4000},{"id":11099,"count":1,"pro":1500},{"id":10505,"count":1,"pro":800},{"id":10072,"count":5000,"pro":1900},{"id":10030,"count":1,"pro":700},{"id":10901,"count":1,"pro":1000},{"id":10991,"count":1,"pro":100}],[{"id":20118,"count":10,"pro":4000},{"id":10071,"count":100,"pro":1900},{"id":11099,"count":1,"pro":1500},{"id":10505,"count":1,"pro":800},{"id":10902,"count":1,"pro":500},{"id":10992,"count":1,"pro":100},{"id":10901,"count":1,"pro":950},{"id":10030,"count":1,"pro":700}],[{"id":20118,"count":10,"pro":4000},{"id":10071,"count":100,"pro":1900},{"id":11099,"count":1,"pro":1500},{"id":10505,"count":1,"pro":800},{"id":10902,"count":1,"pro":500},{"id":10992,"count":1,"pro":100},{"id":10901,"count":1,"pro":950},{"id":10030,"count":1,"pro":700}],[{"id":20118,"count":20,"pro":4000},{"id":10071,"count":100,"pro":1900},{"id":10028,"count":1,"pro":700},{"id":10903,"count":1,"pro":40},{"id":11099,"count":1,"pro":1500},{"id":10505,"count":1,"pro":800},{"id":10992,"count":1,"pro":100},{"id":10901,"count":1,"pro":950},{"id":10515,"count":1,"pro":10}],[{"id":20118,"count":20,"pro":4000},{"id":10071,"count":100,"pro":1900},{"id":10028,"count":1,"pro":700},{"id":10903,"count":1,"pro":40},{"id":11099,"count":1,"pro":1500},{"id":10505,"count":1,"pro":800},{"id":10992,"count":1,"pro":100},{"id":10901,"count":1,"pro":950},{"id":10515,"count":1,"pro":10}],[{"id":20118,"count":20,"pro":4000},{"id":10071,"count":100,"pro":1900},{"id":10028,"count":1,"pro":700},{"id":10903,"count":1,"pro":40},{"id":11099,"count":1,"pro":1500},{"id":10505,"count":1,"pro":800},{"id":10992,"count":1,"pro":100},{"id":10901,"count":1,"pro":950},{"id":10515,"count":1,"pro":10}],[{"id":20118,"count":20,"pro":4000},{"id":10071,"count":100,"pro":1900},{"id":10028,"count":1,"pro":700},{"id":10903,"count":1,"pro":40},{"id":11099,"count":1,"pro":1500},{"id":10505,"count":1,"pro":800},{"id":10992,"count":1,"pro":100},{"id":10901,"count":1,"pro":950},{"id":10515,"count":1,"pro":10}],[{"id":20118,"count":20,"pro":4000},{"id":10071,"count":100,"pro":1900},{"id":10028,"count":1,"pro":700},{"id":10903,"count":1,"pro":40},{"id":11099,"count":1,"pro":1500},{"id":10505,"count":1,"pro":800},{"id":10992,"count":1,"pro":100},{"id":10901,"count":1,"pro":950},{"id":10515,"count":1,"pro":10}],[{"id":20118,"count":50,"pro":4000},{"id":10904,"count":1,"pro":40},{"id":10071,"count":100,"pro":2900},{"id":10028,"count":2,"pro":795},{"id":10993,"count":1,"pro":5},{"id":11099,"count":2,"pro":1200},{"id":10902,"count":2,"pro":950},{"id":10992,"count":1,"pro":100},{"id":10516,"count":1,"pro":10}],[{"id":20118,"count":50,"pro":4000},{"id":10904,"count":1,"pro":40},{"id":10071,"count":100,"pro":2900},{"id":10028,"count":2,"pro":795},{"id":10993,"count":1,"pro":5},{"id":11099,"count":2,"pro":1200},{"id":10902,"count":2,"pro":950},{"id":10992,"count":1,"pro":100},{"id":10516,"count":1,"pro":10}],[{"id":20118,"count":50,"pro":4000},{"id":10904,"count":1,"pro":40},{"id":10071,"count":100,"pro":2900},{"id":10028,"count":2,"pro":795},{"id":10993,"count":1,"pro":5},{"id":11099,"count":2,"pro":1200},{"id":10902,"count":2,"pro":950},{"id":10992,"count":1,"pro":100},{"id":10516,"count":1,"pro":10}],[{"id":20118,"count":50,"pro":4000},{"id":10904,"count":1,"pro":40},{"id":10071,"count":100,"pro":2900},{"id":10028,"count":2,"pro":795},{"id":10993,"count":1,"pro":5},{"id":11099,"count":2,"pro":1200},{"id":10902,"count":2,"pro":950},{"id":10992,"count":1,"pro":100},{"id":10516,"count":1,"pro":10}],[{"id":20118,"count":50,"pro":4000},{"id":10904,"count":1,"pro":40},{"id":10071,"count":100,"pro":2900},{"id":10028,"count":2,"pro":795},{"id":10993,"count":1,"pro":5},{"id":11099,"count":2,"pro":1200},{"id":10902,"count":2,"pro":950},{"id":10992,"count":1,"pro":100},{"id":10516,"count":1,"pro":10}],[{"id":20118,"count":50,"pro":4000},{"id":10904,"count":1,"pro":40},{"id":10071,"count":100,"pro":2900},{"id":10028,"count":2,"pro":795},{"id":10993,"count":1,"pro":5},{"id":11099,"count":2,"pro":1200},{"id":10902,"count":2,"pro":950},{"id":10992,"count":1,"pro":100},{"id":10516,"count":1,"pro":10}],[{"id":20118,"count":50,"pro":4000},{"id":10904,"count":1,"pro":40},{"id":10071,"count":100,"pro":2900},{"id":10028,"count":2,"pro":795},{"id":10993,"count":1,"pro":5},{"id":11099,"count":2,"pro":1200},{"id":10902,"count":2,"pro":950},{"id":10992,"count":1,"pro":100},{"id":10516,"count":1,"pro":10}],[{"id":20118,"count":50,"pro":4000},{"id":10904,"count":1,"pro":40},{"id":10071,"count":100,"pro":2900},{"id":10028,"count":2,"pro":795},{"id":10993,"count":1,"pro":5},{"id":11099,"count":2,"pro":1200},{"id":10902,"count":2,"pro":950},{"id":10992,"count":1,"pro":100},{"id":10516,"count":1,"pro":10}],[{"id":20118,"count":50,"pro":4000},{"id":10904,"count":1,"pro":40},{"id":10071,"count":100,"pro":2900},{"id":10028,"count":2,"pro":795},{"id":10993,"count":1,"pro":5},{"id":11099,"count":2,"pro":1200},{"id":10902,"count":2,"pro":950},{"id":10992,"count":1,"pro":100},{"id":10516,"count":1,"pro":10}],[{"id":20118,"count":50,"pro":4000},{"id":10904,"count":1,"pro":40},{"id":10071,"count":100,"pro":2900},{"id":10028,"count":2,"pro":795},{"id":10993,"count":1,"pro":5},{"id":11099,"count":2,"pro":1200},{"id":10902,"count":2,"pro":950},{"id":10992,"count":1,"pro":100},{"id":10516,"count":1,"pro":10}],[{"id":20118,"count":50,"pro":4000},{"id":10904,"count":1,"pro":40},{"id":10071,"count":100,"pro":2900},{"id":10028,"count":2,"pro":795},{"id":10993,"count":1,"pro":5},{"id":11099,"count":2,"pro":1200},{"id":10902,"count":2,"pro":950},{"id":10992,"count":1,"pro":100},{"id":10516,"count":1,"pro":10}],[{"id":20118,"count":50,"pro":4000},{"id":10904,"count":1,"pro":40},{"id":10071,"count":100,"pro":2900},{"id":10028,"count":2,"pro":795},{"id":10993,"count":1,"pro":5},{"id":11099,"count":2,"pro":1200},{"id":10902,"count":2,"pro":950},{"id":10992,"count":1,"pro":100},{"id":10516,"count":1,"pro":10}],[{"id":20118,"count":50,"pro":4000},{"id":10904,"count":1,"pro":40},{"id":10071,"count":100,"pro":2900},{"id":10028,"count":2,"pro":795},{"id":10993,"count":1,"pro":5},{"id":11099,"count":2,"pro":1200},{"id":10902,"count":2,"pro":950},{"id":10992,"count":1,"pro":100},{"id":10516,"count":1,"pro":10}],[{"id":20118,"count":50,"pro":4000},{"id":10904,"count":1,"pro":40},{"id":10071,"count":100,"pro":2900},{"id":10028,"count":2,"pro":795},{"id":10993,"count":1,"pro":5},{"id":11099,"count":2,"pro":1200},{"id":10902,"count":2,"pro":950},{"id":10992,"count":1,"pro":100},{"id":10516,"count":1,"pro":10}],[{"id":20118,"count":50,"pro":4000},{"id":10904,"count":1,"pro":40},{"id":10071,"count":100,"pro":2900},{"id":10028,"count":2,"pro":795},{"id":10993,"count":1,"pro":5},{"id":11099,"count":2,"pro":1200},{"id":10902,"count":2,"pro":950},{"id":10992,"count":1,"pro":100},{"id":10516,"count":1,"pro":10}],[{"id":20118,"count":50,"pro":4000},{"id":10904,"count":1,"pro":40},{"id":10071,"count":100,"pro":2900},{"id":10028,"count":2,"pro":795},{"id":10993,"count":1,"pro":5},{"id":11099,"count":2,"pro":1200},{"id":10902,"count":2,"pro":950},{"id":10992,"count":1,"pro":100},{"id":10516,"count":1,"pro":10}],[{"id":20118,"count":50,"pro":4000},{"id":10904,"count":1,"pro":40},{"id":10071,"count":100,"pro":2900},{"id":10028,"count":2,"pro":795},{"id":10993,"count":1,"pro":5},{"id":11099,"count":2,"pro":1200},{"id":10902,"count":2,"pro":950},{"id":10992,"count":1,"pro":100},{"id":10516,"count":1,"pro":10}],[{"id":20118,"count":50,"pro":4000},{"id":10904,"count":1,"pro":40},{"id":10071,"count":100,"pro":2900},{"id":10028,"count":2,"pro":795},{"id":10993,"count":1,"pro":5},{"id":11099,"count":2,"pro":1200},{"id":10902,"count":2,"pro":950},{"id":10992,"count":1,"pro":100},{"id":10516,"count":1,"pro":10}],[{"id":20118,"count":50,"pro":4000},{"id":10904,"count":1,"pro":40},{"id":10071,"count":100,"pro":2900},{"id":10028,"count":2,"pro":795},{"id":10993,"count":1,"pro":5},{"id":11099,"count":2,"pro":1200},{"id":10902,"count":2,"pro":950},{"id":10992,"count":1,"pro":100},{"id":10516,"count":1,"pro":10}],[{"id":20118,"count":50,"pro":4000},{"id":10904,"count":1,"pro":40},{"id":10071,"count":100,"pro":2900},{"id":10028,"count":2,"pro":795},{"id":10993,"count":1,"pro":5},{"id":11099,"count":2,"pro":1200},{"id":10902,"count":2,"pro":950},{"id":10992,"count":1,"pro":100},{"id":10516,"count":1,"pro":10}],[{"id":20118,"count":50,"pro":4000},{"id":10904,"count":1,"pro":40},{"id":10071,"count":100,"pro":2900},{"id":10028,"count":2,"pro":795},{"id":10993,"count":1,"pro":5},{"id":11099,"count":2,"pro":1200},{"id":10902,"count":2,"pro":950},{"id":10992,"count":1,"pro":100},{"id":10516,"count":1,"pro":10}],[{"id":10109,"count":88,"pro":1},{"id":10109,"count":10,"pro":3},{"id":10905,"count":10,"pro":1000},{"id":10518,"count":1,"pro":10},{"id":20118,"count":100,"pro":4000},{"id":10904,"count":20,"pro":950},{"id":10994,"count":1,"pro":1000},{"id":10028,"count":50,"pro":795},{"id":10517,"count":1,"pro":1000},{"id":10992,"count":5,"pro":1000}]],"clear_consum":[{"id":20120,"count":1}]},"open_day":10,"live":604800,"exchange":[{"awards":[{"id":10028,"count":10},{"id":11099,"count":10}],"consume":[{"id":20118,"count":100}],"limit":5,"desc":"神器天降石"},{"awards":[{"id":10515,"count":1},{"id":11099,"count":20}],"consume":[{"id":20118,"count":500}],"limit":5,"desc":"绿色随机幻影"},{"awards":[{"id":10516,"count":1},{"id":11099,"count":50}],"consume":[{"id":20118,"count":1500}],"limit":4,"desc":"蓝色随机幻影"},{"awards":[{"id":10517,"count":1},{"id":11099,"count":150}],"consume":[{"id":20118,"count":3000}],"limit":3,"desc":"紫色随机幻影"},{"awards":[{"id":10523,"count":1},{"id":10401,"count":1}],"consume":[{"id":20118,"count":6000}],"limit":2,"desc":"金色自选幻影"},{"awards":[{"id":10519,"count":1},{"id":10402,"count":2}],"consume":[{"id":20118,"count":15000}],"limit":2,"desc":"红色随机幻影"},{"awards":[{"id":10524,"count":1},{"id":10403,"count":3}],"consume":[{"id":20118,"count":20000}],"limit":1,"desc":"红色自选幻影"}],"joinTips":[{},{},{},{"num":3,"desc":"大三元","effId":20013},{"num":4,"desc":"大四喜","effId":20014},{"num":5,"desc":"五福临门","effId":20015},{"num":6,"desc":"六六大顺","effId":20016},{"num":7,"desc":"七星连珠","effId":20017},{"num":8,"desc":"八仙过海","effId":20018},{"num":9,"desc":"九九归一","effId":20019},{"num":10,"desc":"万古流芳","effId":20020},{"num":11,"desc":"万古流芳","effId":20020},{"num":12,"desc":"万古流芳","effId":20020},{"num":13,"desc":"万古流芳","effId":20020},{"num":14,"desc":"万古流芳","effId":20020},{"num":15,"desc":"超凡入圣","effId":20021},{"num":16,"desc":"超凡入圣","effId":20021},{"num":17,"desc":"超凡入圣","effId":20021},{"num":18,"desc":"超凡入圣","effId":20021},{"num":19,"desc":"超凡入圣","effId":20021},{"num":20,"desc":"超凡入圣","effId":20021},{"num":21,"desc":"超凡入圣","effId":20021},{"num":22,"desc":"超凡入圣","effId":20021},{"num":23,"desc":"超凡入圣","effId":20021},{"num":24,"desc":"超凡入圣","effId":20021},{"num":25,"desc":"超凡入圣","effId":20021},{"num":26,"desc":"超凡入圣","effId":20021},{"num":27,"desc":"超凡入圣","effId":20021},{"num":28,"desc":"超凡入圣","effId":20021},{"num":29,"desc":"超凡入圣","effId":20021},{"num":30,"desc":"超凡入圣","effId":20021},{"num":31,"desc":"超凡入圣","effId":20021},{"num":32,"desc":"超凡入圣","effId":20021},{"num":33,"desc":"超凡入圣","effId":20021},{"num":34,"desc":"超凡入圣","effId":20021},{"num":35,"desc":"超凡入圣","effId":20021},{"num":36,"desc":"冠绝一世","effId":20022}],"achieve_group":104,"awardLookup":[{"index":3,"desc":"完成<font color='#2aff00'>3连消除</font>时概率获得以下奖励"},{"index":4,"desc":"完成<font color='#2aff00'>4连消除</font>时概率获得以下奖励"},{"index":5,"desc":"完成<font color='#2aff00'>5连消除</font>时概率获得以下奖励"},{"index":8,"desc":"完成<font color='#2aff00'>8-14连消除</font>时概率获得以下奖励"},{"index":10,"desc":"完成<font color='#2aff00'>10-14连消除</font>时概率获得以下奖励"},{"index":15,"desc":"完成<font color='#2aff00'>15-35连消除</font>时概率获得以下奖励"},{"index":36,"desc":"完成<font color='#2aff00'>36连消除</font>时概率获得以下奖励"}],"rmb":[3301,3302,3303,3304,3305,3306,3307],"store":[{"awards":[{"id":10516,"count":1},{"id":10007,"count":300}],"consume":[{"id":10003,"count":250}],"limit":5,"desc":"幻影助力礼包"},{"awards":[{"id":20118,"count":200},{"id":20119,"count":20}],"consume":[{"id":10003,"count":400}],"limit":5,"desc":"幻影畅享礼包"},{"awards":[{"id":10404,"count":1},{"id":20119,"count":30}],"consume":[{"id":10003,"count":600}],"limit":3,"desc":"幻影进阶礼包"},{"awards":[{"id":10405,"count":2},{"id":10005,"count":3}],"consume":[{"id":10003,"count":1000}],"limit":2,"desc":"幻影豪华礼包"},{"awards":[{"id":10517,"count":1},{"id":10406,"count":3}],"consume":[{"id":10003,"count":3000}],"limit":1,"desc":"幻影惊喜礼包"},{"awards":[{"id":10518,"count":1},{"id":10514,"count":1}],"consume":[{"id":10003,"count":6000}],"limit":1,"desc":"幻影传奇礼包"}],"point_award":[{"point":300,"awards":[{"id":11099,"count":20}]},{"point":800,"awards":[{"id":10515,"count":1}]},{"point":1200,"awards":[{"id":10516,"count":1}]},{"point":1500,"awards":[{"id":10517,"count":1}]},{"point":2000,"awards":[{"id":10070,"count":1}]},{"point":3000,"awards":[{"id":10518,"count":1}]}]}}