{"ChuanShiGiftConfig":{"GiftAwards":[{"showName":"equipName_4","limit":3,"id":1,"showMc":10578,"itmeId":2001},{"showName":"equipName_7","limit":3,"id":2,"showMc":10581,"itmeId":2002},{"showName":"equipName_5","limit":3,"id":3,"showMc":10579,"itmeId":2003},{"showName":"equipName_6","limit":3,"id":4,"showMc":10580,"itmeId":2004},{"showName":"equipName_3","limit":3,"id":5,"showMc":10577,"itmeId":2005},{"showName":"equipName_8","limit":3,"id":6,"showMc":10582,"itmeId":2006},{"showName":"equipName_6","limit":3,"id":7,"showMc":10580,"itmeId":2007},{"showName":"equipName_5","limit":3,"id":8,"showMc":10579,"itmeId":2003},{"showName":"equipName_7","limit":3,"id":9,"showMc":10581,"itmeId":2002},{"showName":"equipName_8","limit":3,"id":10,"showMc":10582,"itmeId":2006}],"AccuRechargeCfg":[{"id":1,"awards":[{"id":10556,"count":1},{"id":10006,"count":1},{"id":10029,"count":5},{"id":10404,"count":1}],"cnt":1000},{"id":2,"awards":[{"id":10553,"count":1},{"id":10006,"count":1},{"id":10029,"count":5},{"id":10404,"count":1}],"cnt":2000},{"id":3,"awards":[{"id":10558,"count":1},{"id":10006,"count":1},{"id":10029,"count":5},{"id":10404,"count":1}],"cnt":3000},{"id":4,"awards":[{"id":10555,"count":1},{"id":10006,"count":1},{"id":10029,"count":5},{"id":10404,"count":1}],"cnt":4000},{"id":5,"awards":[{"id":10557,"count":1},{"id":10006,"count":1},{"id":10029,"count":5},{"id":10404,"count":1}],"cnt":5000},{"id":6,"awards":[{"id":10554,"count":1},{"id":10006,"count":1},{"id":10029,"count":5},{"id":10404,"count":1}],"cnt":6000},{"id":7,"awards":[{"id":10552,"count":1},{"id":10006,"count":2},{"id":10029,"count":10},{"id":10404,"count":2}],"cnt":8000},{"id":8,"awards":[{"id":10551,"count":1},{"id":10006,"count":2},{"id":10029,"count":10},{"id":10404,"count":2}],"cnt":10000}],"AccuAwards":[{"id":1,"awards":[{"id":10028,"count":20}]},{"id":2,"awards":[{"id":10006,"count":1}]},{"id":3,"awards":[{"id":10402,"count":1}]},{"id":4,"awards":[{"id":10005,"count":2}]},{"id":5,"awards":[{"id":10010,"count":3}]},{"id":6,"awards":[{"id":10401,"count":1}]}]}}