{"ChuanshiConfig":{"attr":[{"id":10575,"lvConfig":[{"attr":[{"value":12000,"type":2},{"value":4000,"type":3},{"value":1000,"type":85},{"value":500,"type":72}],"Lv":1,"consume":[{"id":10551,"count":1}]},{"attr":[{"value":24000,"type":2},{"value":8000,"type":3},{"value":2000,"type":85},{"value":1000,"type":72}],"Lv":2,"consume":[{"id":10551,"count":1}]},{"attr":[{"value":36000,"type":2},{"value":12000,"type":3},{"value":3000,"type":85},{"value":1500,"type":72}],"Lv":3,"consume":[{"id":10551,"count":1}]},{"attr":[{"value":48000,"type":2},{"value":16000,"type":3},{"value":4000,"type":85},{"value":2000,"type":72}],"Lv":4,"consume":[{"id":10551,"count":1}]},{"attr":[{"value":60000,"type":2},{"value":20000,"type":3},{"value":5000,"type":85},{"value":2500,"type":72}],"Lv":5,"consume":[{"id":10551,"count":1}]},{"attr":[{"value":74400,"type":2},{"value":24800,"type":3},{"value":6000,"type":85},{"value":3000,"type":72}],"Lv":6,"consume":[{"id":10551,"count":2}]},{"attr":[{"value":88800,"type":2},{"value":29600,"type":3},{"value":7000,"type":85},{"value":3500,"type":72}],"Lv":7,"consume":[{"id":10551,"count":2}]},{"attr":[{"value":106800,"type":2},{"value":35600,"type":3},{"value":8000,"type":85},{"value":4000,"type":72}],"Lv":8,"consume":[{"id":10551,"count":3}]},{"attr":[{"value":124800,"type":2},{"value":41600,"type":3},{"value":9000,"type":85},{"value":4500,"type":72}],"Lv":9,"consume":[{"id":10551,"count":3}]},{"attr":[{"value":148800,"type":2},{"value":49600,"type":3},{"value":10000,"type":85},{"value":5000,"type":72}],"Lv":10,"consume":[{"id":10551,"count":5}]}]},{"id":10576,"lvConfig":[{"attr":[{"value":3000,"type":3},{"value":1600,"type":4},{"value":1000,"type":86},{"value":500,"type":73}],"Lv":1,"consume":[{"id":10552,"count":1}]},{"attr":[{"value":6000,"type":3},{"value":3200,"type":4},{"value":2000,"type":86},{"value":1000,"type":73}],"Lv":2,"consume":[{"id":10552,"count":1}]},{"attr":[{"value":9000,"type":3},{"value":4800,"type":4},{"value":3000,"type":86},{"value":1500,"type":73}],"Lv":3,"consume":[{"id":10552,"count":1}]},{"attr":[{"value":12000,"type":3},{"value":6400,"type":4},{"value":4000,"type":86},{"value":2000,"type":73}],"Lv":4,"consume":[{"id":10552,"count":1}]},{"attr":[{"value":15000,"type":3},{"value":8000,"type":4},{"value":5000,"type":86},{"value":2500,"type":73}],"Lv":5,"consume":[{"id":10552,"count":1}]},{"attr":[{"value":18600,"type":3},{"value":9920,"type":4},{"value":6000,"type":86},{"value":3000,"type":73}],"Lv":6,"consume":[{"id":10552,"count":2}]},{"attr":[{"value":22200,"type":3},{"value":11840,"type":4},{"value":7000,"type":86},{"value":3500,"type":73}],"Lv":7,"consume":[{"id":10552,"count":2}]},{"attr":[{"value":26700,"type":3},{"value":14240,"type":4},{"value":8000,"type":86},{"value":4000,"type":73}],"Lv":8,"consume":[{"id":10552,"count":3}]},{"attr":[{"value":31200,"type":3},{"value":16640,"type":4},{"value":9000,"type":86},{"value":4500,"type":73}],"Lv":9,"consume":[{"id":10552,"count":3}]},{"attr":[{"value":37200,"type":3},{"value":19840,"type":4},{"value":10000,"type":86},{"value":5000,"type":73}],"Lv":10,"consume":[{"id":10552,"count":5}]}]},{"id":10577,"lvConfig":[{"attr":[{"value":2000,"type":3},{"value":800,"type":4},{"value":800,"type":15},{"value":300,"type":73}],"Lv":1,"consume":[{"id":10553,"count":1}]},{"attr":[{"value":4000,"type":3},{"value":1600,"type":4},{"value":1600,"type":15},{"value":600,"type":73}],"Lv":2,"consume":[{"id":10553,"count":1}]},{"attr":[{"value":6000,"type":3},{"value":2400,"type":4},{"value":2400,"type":15},{"value":900,"type":73}],"Lv":3,"consume":[{"id":10553,"count":1}]},{"attr":[{"value":8000,"type":3},{"value":3200,"type":4},{"value":3200,"type":15},{"value":1200,"type":73}],"Lv":4,"consume":[{"id":10553,"count":1}]},{"attr":[{"value":10000,"type":3},{"value":4000,"type":4},{"value":4000,"type":15},{"value":1500,"type":73}],"Lv":5,"consume":[{"id":10553,"count":1}]},{"attr":[{"value":12400,"type":3},{"value":4960,"type":4},{"value":4800,"type":15},{"value":1800,"type":73}],"Lv":6,"consume":[{"id":10553,"count":2}]},{"attr":[{"value":14800,"type":3},{"value":5920,"type":4},{"value":5600,"type":15},{"value":2100,"type":73}],"Lv":7,"consume":[{"id":10553,"count":2}]},{"attr":[{"value":17800,"type":3},{"value":7120,"type":4},{"value":6400,"type":15},{"value":2400,"type":73}],"Lv":8,"consume":[{"id":10553,"count":3}]},{"attr":[{"value":20800,"type":3},{"value":8320,"type":4},{"value":7200,"type":15},{"value":2700,"type":73}],"Lv":9,"consume":[{"id":10553,"count":3}]},{"attr":[{"value":24800,"type":3},{"value":9920,"type":4},{"value":8000,"type":15},{"value":3000,"type":73}],"Lv":10,"consume":[{"id":10553,"count":5}]}]},{"id":10578,"lvConfig":[{"attr":[{"value":6000,"type":2},{"value":2000,"type":3},{"value":800,"type":11},{"value":300,"type":73}],"Lv":1,"consume":[{"id":10554,"count":1}]},{"attr":[{"value":12000,"type":2},{"value":4000,"type":3},{"value":1600,"type":11},{"value":600,"type":73}],"Lv":2,"consume":[{"id":10554,"count":1}]},{"attr":[{"value":18000,"type":2},{"value":6000,"type":3},{"value":2400,"type":11},{"value":900,"type":73}],"Lv":3,"consume":[{"id":10554,"count":1}]},{"attr":[{"value":24000,"type":2},{"value":8000,"type":3},{"value":3200,"type":11},{"value":1200,"type":73}],"Lv":4,"consume":[{"id":10554,"count":1}]},{"attr":[{"value":30000,"type":2},{"value":10000,"type":3},{"value":4000,"type":11},{"value":1500,"type":73}],"Lv":5,"consume":[{"id":10554,"count":1}]},{"attr":[{"value":37200,"type":2},{"value":12400,"type":3},{"value":4800,"type":11},{"value":1800,"type":73}],"Lv":6,"consume":[{"id":10554,"count":2}]},{"attr":[{"value":44400,"type":2},{"value":14800,"type":3},{"value":5600,"type":11},{"value":2100,"type":73}],"Lv":7,"consume":[{"id":10554,"count":2}]},{"attr":[{"value":53400,"type":2},{"value":17800,"type":3},{"value":6400,"type":11},{"value":2400,"type":73}],"Lv":8,"consume":[{"id":10554,"count":3}]},{"attr":[{"value":62400,"type":2},{"value":20800,"type":3},{"value":7200,"type":11},{"value":2700,"type":73}],"Lv":9,"consume":[{"id":10554,"count":3}]},{"attr":[{"value":74400,"type":2},{"value":24800,"type":3},{"value":8000,"type":11},{"value":3000,"type":73}],"Lv":10,"consume":[{"id":10554,"count":5}]}]},{"id":10579,"lvConfig":[{"attr":[{"value":6000,"type":2},{"value":50,"type":1},{"value":800,"type":13},{"value":300,"type":72}],"Lv":1,"consume":[{"id":10555,"count":1}]},{"attr":[{"value":12000,"type":2},{"value":100,"type":1},{"value":1600,"type":13},{"value":600,"type":72}],"Lv":2,"consume":[{"id":10555,"count":1}]},{"attr":[{"value":18000,"type":2},{"value":150,"type":1},{"value":2400,"type":13},{"value":900,"type":72}],"Lv":3,"consume":[{"id":10555,"count":1}]},{"attr":[{"value":24000,"type":2},{"value":200,"type":1},{"value":3200,"type":13},{"value":1200,"type":72}],"Lv":4,"consume":[{"id":10555,"count":1}]},{"attr":[{"value":30000,"type":2},{"value":250,"type":1},{"value":4000,"type":13},{"value":1500,"type":72}],"Lv":5,"consume":[{"id":10555,"count":1}]},{"attr":[{"value":37200,"type":2},{"value":300,"type":1},{"value":4800,"type":13},{"value":1800,"type":72}],"Lv":6,"consume":[{"id":10555,"count":2}]},{"attr":[{"value":44400,"type":2},{"value":350,"type":1},{"value":5600,"type":13},{"value":2100,"type":72}],"Lv":7,"consume":[{"id":10555,"count":2}]},{"attr":[{"value":53400,"type":2},{"value":400,"type":1},{"value":6400,"type":13},{"value":2400,"type":72}],"Lv":8,"consume":[{"id":10555,"count":3}]},{"attr":[{"value":62400,"type":2},{"value":450,"type":1},{"value":7200,"type":13},{"value":2700,"type":72}],"Lv":9,"consume":[{"id":10555,"count":3}]},{"attr":[{"value":74400,"type":2},{"value":500,"type":1},{"value":8000,"type":13},{"value":3000,"type":72}],"Lv":10,"consume":[{"id":10555,"count":5}]}]},{"id":10580,"lvConfig":[{"attr":[{"value":2000,"type":3},{"value":50,"type":1},{"value":800,"type":14},{"value":300,"type":71}],"Lv":1,"consume":[{"id":10556,"count":1}]},{"attr":[{"value":4000,"type":3},{"value":100,"type":1},{"value":1600,"type":14},{"value":600,"type":71}],"Lv":2,"consume":[{"id":10556,"count":1}]},{"attr":[{"value":6000,"type":3},{"value":150,"type":1},{"value":2400,"type":14},{"value":900,"type":71}],"Lv":3,"consume":[{"id":10556,"count":1}]},{"attr":[{"value":8000,"type":3},{"value":200,"type":1},{"value":3200,"type":14},{"value":1200,"type":71}],"Lv":4,"consume":[{"id":10556,"count":1}]},{"attr":[{"value":10000,"type":3},{"value":250,"type":1},{"value":4000,"type":14},{"value":1500,"type":71}],"Lv":5,"consume":[{"id":10556,"count":1}]},{"attr":[{"value":12400,"type":3},{"value":300,"type":1},{"value":4800,"type":14},{"value":1800,"type":71}],"Lv":6,"consume":[{"id":10556,"count":2}]},{"attr":[{"value":14800,"type":3},{"value":350,"type":1},{"value":5600,"type":14},{"value":2100,"type":71}],"Lv":7,"consume":[{"id":10556,"count":2}]},{"attr":[{"value":17800,"type":3},{"value":400,"type":1},{"value":6400,"type":14},{"value":2400,"type":71}],"Lv":8,"consume":[{"id":10556,"count":3}]},{"attr":[{"value":20800,"type":3},{"value":450,"type":1},{"value":7200,"type":14},{"value":2700,"type":71}],"Lv":9,"consume":[{"id":10556,"count":3}]},{"attr":[{"value":24800,"type":3},{"value":500,"type":1},{"value":8000,"type":14},{"value":3000,"type":71}],"Lv":10,"consume":[{"id":10556,"count":5}]}]},{"id":10581,"lvConfig":[{"attr":[{"value":6000,"type":2},{"value":800,"type":4},{"value":800,"type":12},{"value":300,"type":72}],"Lv":1,"consume":[{"id":10557,"count":1}]},{"attr":[{"value":12000,"type":2},{"value":1600,"type":4},{"value":1600,"type":12},{"value":600,"type":72}],"Lv":2,"consume":[{"id":10557,"count":1}]},{"attr":[{"value":18000,"type":2},{"value":2400,"type":4},{"value":2400,"type":12},{"value":900,"type":72}],"Lv":3,"consume":[{"id":10557,"count":1}]},{"attr":[{"value":24000,"type":2},{"value":3200,"type":4},{"value":3200,"type":12},{"value":1200,"type":72}],"Lv":4,"consume":[{"id":10557,"count":1}]},{"attr":[{"value":30000,"type":2},{"value":4000,"type":4},{"value":4000,"type":12},{"value":1500,"type":72}],"Lv":5,"consume":[{"id":10557,"count":1}]},{"attr":[{"value":37200,"type":2},{"value":4960,"type":4},{"value":4800,"type":12},{"value":1800,"type":72}],"Lv":6,"consume":[{"id":10557,"count":2}]},{"attr":[{"value":44400,"type":2},{"value":5920,"type":4},{"value":5600,"type":12},{"value":2100,"type":72}],"Lv":7,"consume":[{"id":10557,"count":2}]},{"attr":[{"value":53400,"type":2},{"value":7120,"type":4},{"value":6400,"type":12},{"value":2400,"type":72}],"Lv":8,"consume":[{"id":10557,"count":3}]},{"attr":[{"value":62400,"type":2},{"value":8320,"type":4},{"value":7200,"type":12},{"value":2700,"type":72}],"Lv":9,"consume":[{"id":10557,"count":3}]},{"attr":[{"value":74400,"type":2},{"value":9920,"type":4},{"value":8000,"type":12},{"value":3000,"type":72}],"Lv":10,"consume":[{"id":10557,"count":5}]}]},{"id":10582,"lvConfig":[{"attr":[{"value":800,"type":4},{"value":50,"type":1},{"value":800,"type":16},{"value":300,"type":71}],"Lv":1,"consume":[{"id":10558,"count":1}]},{"attr":[{"value":1600,"type":4},{"value":100,"type":1},{"value":1600,"type":16},{"value":600,"type":71}],"Lv":2,"consume":[{"id":10558,"count":1}]},{"attr":[{"value":2400,"type":4},{"value":150,"type":1},{"value":2400,"type":16},{"value":900,"type":71}],"Lv":3,"consume":[{"id":10558,"count":1}]},{"attr":[{"value":3200,"type":4},{"value":200,"type":1},{"value":3200,"type":16},{"value":1200,"type":71}],"Lv":4,"consume":[{"id":10558,"count":1}]},{"attr":[{"value":4000,"type":4},{"value":250,"type":1},{"value":4000,"type":16},{"value":1500,"type":71}],"Lv":5,"consume":[{"id":10558,"count":1}]},{"attr":[{"value":4960,"type":4},{"value":300,"type":1},{"value":4800,"type":16},{"value":1800,"type":71}],"Lv":6,"consume":[{"id":10558,"count":2}]},{"attr":[{"value":5920,"type":4},{"value":350,"type":1},{"value":5600,"type":16},{"value":2100,"type":71}],"Lv":7,"consume":[{"id":10558,"count":2}]},{"attr":[{"value":7120,"type":4},{"value":400,"type":1},{"value":6400,"type":16},{"value":2400,"type":71}],"Lv":8,"consume":[{"id":10558,"count":3}]},{"attr":[{"value":8320,"type":4},{"value":450,"type":1},{"value":7200,"type":16},{"value":2700,"type":71}],"Lv":9,"consume":[{"id":10558,"count":3}]},{"attr":[{"value":9920,"type":4},{"value":500,"type":1},{"value":8000,"type":16},{"value":3000,"type":71}],"Lv":10,"consume":[{"id":10558,"count":5}]}]}],"fragment":{"exchange":10,"all":[10559,10560,10561,10562,10563,10564,10565,10566,10567,10568,10569,10570,10571,10572,10573,10574]},"openid":53,"tips":"天降鸿福！恭喜<font color='#31B4F8'>%s</font>开启传世宝箱获得<font color='#fe0000'>%s</font>！<font color = '#1ccb14'><a href='event:@@showWin,193'><u>前往开启</u></a></font>"}}