{
	"qualityName":
	[
		"【普通的】",
		"【优秀的】",
		"【精良的】",
		"【稀有的】",
		"【史诗的】",
		"【传说的】",
		"【神话的】",
		"【原始的】",
		"【上古的】",
		"【洪荒的】",
		"【混沌的】",
		"【鸿蒙的】",
		"【本源的】"
	],
	"qualityName2":
	[
		"【太初】",
		"【两仪】",
		"【三才】",
		"【四象】",
		"【五行】",
		"【六合】",
		"【七星】",
		"【八卦】",
		"【九宫】",
		"【十方】",
		"【至尊】",
		"【主宰】"
	],
	"AttackTypes": [
		" ",
		"物    攻",
		"魔    攻",
		"道    术",
		"物理防御",
		"魔法防御",
		"攻击加成"
	],
	"guild": [
		"暂无行会可以加入\n快来创建本区第一个行会吧!",
		"你将消耗<font color='#dbb05e'>$yb$灵符</font>创建<font color='#dbb05e'>$level$级</font>行会\n<font color='#dbb05e'>【$name$】</font>\n确定创建？",
		"普通成员|精英|副会长|会长",
		"行会等级越高,行会绝学可提升等级越高",
		"行会绝学等级越高,行会成员可增加的属性越多",
		"<font color='#dbb05e'>退出行会后，贡献值清0，行会技能保留\n</font><font color='#ff0000'>帮主请先禅让职位才能退出行会\n</font><font color='#999589'>确定退出行会吗？</font>",
		"<font color='#dbb05e'>退出行会后，贡献值清0，行会技能保留\n</font><font color='#999589'>确定退出行会吗？</font>",
		"<font color='#ffae02'>是否领取今日闯关福利\n\n</font><font color='#ff2c2c'>每日领取一次，次日零时可领取关卡清零\n建议扫荡后，或有成员闯到当天最高记录时领取</font>",
		"<font color='#ffae02'>是否进行扫荡\n\n</font><font color='#ff2c2c'>每日扫荡一次，建议在自己闯到最高记录时领取</font>",
		"<font color='#ffae02'>可随机获得翅膀装备，金币\n\n</font><font color='#ff2c2c'>行会中有<font color='#00ff00'>$num$</font>人通关，其他成员都可领取</font>",
		"$name$发放的红包\n共$value$灵符",
		"恭喜你获得\n$value$灵符",
		"\n\n\n\n              行会成员完成以下任意指定任务\n\n             行会成员每人将获得一个<font color = '#7FFF00'>专属宝箱</font>\n\n\n\n\n              1.击杀<font color='#00ff00'>全民BOSS</font>,并获得归属者\n\n\n              2.击杀<font color='#00ff00'>卡利玛BOSS</font>,并获得归属者\n\n\n              3.充值任意金额\n\n\n\n\n      注：每名成员当日完成指定任务有数量上限<font color = '#7FFF00'>50</font>"
	],
	"comAttrDesc": [
		"#技能占位#占位0",
		"#技能占位#占位1",
		"#技能占位#占位2",
		"#技能占位#占位3",
		"#技能占位#占位4",
		"#健    体#生命上限增加$value1$",
		"#技能占位#占位6",
		"#技能占位#占位7",
		"#技能占位#占位8",
		"#技能占位#占位9",
		"#技能占位#占位10",
		"#强    力#最大攻击增加$value1$",
		"#技能占位#占位12",
		"#技能占位#占位13",
		"#技能占位#占位14",
		"#强    力#最大魔攻增加$value1$",
		"#技能占位#占位16",
		"#技能占位#占位17",
		"#技能占位#占位18",
		"#强    力#最大道术增加$value1$",
		"#技能占位#占位20",
		"#技能占位#占位21",
		"#技能占位#占位22",
		"#坚    壁#最大防御增加$value1$",
		"#技能占位#占位24",
		"#技能占位#占位25",
		"#技能占位#占位26",
		"#技能占位#占位27",
		"#技能占位#占位28",
		"#技能占位#占位29",
		"#技能占位#占位30",
		"#技能占位#占位31",
		"#技能占位#占位32",
		"#技能占位#占位33",
		"#技能占位#占位34",
		"#技能占位#占位35",
		"#技能占位#占位36",
		"#技能占位#占位37",
		"#技能占位#占位38",
		"#技能占位#占位39",
		"#技能占位#占位40",
		"#技能占位#占位41",
		"#技能占位#占位42",
		"#技能占位#占位43",
		"#技能占位#占位44",
		"#技能占位#占位45",
		"#技能占位#占位46",
		"#技能占位#占位47",
		"#技能占位#占位48",
		"#技能占位#占位49",
		"#技能占位#占位50",
		"#技能占位#占位51",
		"#技能占位#占位52",
		"#技能占位#占位53",
		"#技能占位#占位54",
		"#技能占位#占位55",
		"#技能占位#占位56",
		"#技能占位#占位57",
		"#技能占位#占位58",
		"#技能占位#占位59",
		"#技能占位#占位60",
		"#技能占位#占位61",
		"#技能占位#占位62",
		"#技能占位#占位63",
		"#技能占位#占位64",
		"#技能占位#占位65",
		"#技能占位#占位66",
		"#技能占位#占位67",
		"#技能占位#占位68",
		"#技能占位#占位69",
		"#技能占位#占位70",
		"#技能占位#占位71",
		"#技能占位#占位72",
		"#技能占位#占位73",
		"#技能占位#占位74",
		"#技能占位#占位75",
		"#技能占位#占位76",
		"#技能占位#占位77",
		"#技能占位#占位78",
		"#技能占位#占位79",
		"#技能占位#占位80",
		"#技能占位#占位81",
		"#技能占位#占位82",
		"#技能占位#占位83",
		"#技能占位#占位84",
		"#技能占位#占位85",
		"#技能占位#占位86",
		"#技能占位#占位87",
		"#技能占位#占位88",
		"#嗜血狂暴#攻击血量低于$value1$的敌人伤害增加$value2$",
		"捆绑89属性",
		"#寒 冰 斩#攻击时$value1$几率冰冻敌人2秒",
		"捆绑91属性",
		"#技能占位#占位93",
		"#技能占位#占位94",
		"#技能占位#占位95",
		"#技能占位#占位96",
		"#技能占位#占位97",
		"#技能占位#占位98",
		"#技能占位#占位99",
		"#技能占位#占位100",
		"#技能占位#占位101",
		"#技能占位#占位102",
		"#技能占位#占位103",
		"#技能占位#占位104",
		"#技能占位#占位105",
		"#技能占位#占位106",
		"#技能占位#占位107",
		"#技能占位#占位108",
		"#技能占位#占位109",
		"#技能占位#占位110",
		"#技能占位#占位111",
		"#技能占位#占位112",
		"#技能占位#占位113",
		"#技能占位#占位114",
		"#技能占位#占位115",
		"#技能占位#占位116",
		"#技能占位#占位117",
		"#重    伤#攻击时$value1$几率重伤目标（冷却$value2$秒）,目标$value3$秒内无法使用药品",
		"捆绑118属性",
		"捆绑118属性",
		"#技能占位#占位121",
		"#技能占位#占位122",
		"#技能占位#占位123",
		"#技能占位#占位124",
		"#技能占位#占位125",
		"#技能占位#占位126",
		"#技能占位#占位127",
		"#技能占位#占位128",
		"#技能占位#占位129",
		"#技能占位#占位130",
		"#穿    透#无视防御增加$value1$",
		"#技能占位#占位132",
		"#技能占位#占位133",
		"#怒火一击#攻击血量低于$value1$的玩家增加$value2$暴击率",
		"捆绑134属性",
		"#技能占位#占位136",
		"#技能占位#占位137",
		"#技能占位#占位138",
		"#技能占位#占位139",
		"#技能占位#占位140",
		"#技能占位#占位141",
		"#技能占位#占位142",
		"#技能占位#占位143",
		"#技能占位#占位144",
		"#技能占位#占位145",
		"#缴    械#攻击敌人时有$value1$概率把敌人武器打进背包，冷却$value2$秒",
		"捆绑146属性",
		"#技能占位#占位148",
		"#技能占位#占位149",
		"#技能占位#占位150",
		"#技能占位#占位151",
		"#技能占位#占位152",
		"#技能占位#占位153",
		"#技能占位#占位154",
		"#技能占位#占位155",
		"#技能占位#占位156",
		"#技能占位#占位157",
		"#融    合#该部位装备基础属性提升至$value1$",
		"#无    敌#被攻击时，有$value1$的几率进入无敌状态，持续3秒",
		"#必    杀#触发暴击时，暴击伤害提升$value1$",
		"#抵    挡#被攻击时，有$value1$几率抵挡本次攻击，不受任何伤害",
		"#技能占位#占位162",
		"#技能占位#占位163",
		"#技能占位#占位164",
		"#技能占位#占位165",
		"#技能占位#占位166",
		"#技能占位#占位167",
		"#技能占位#占位168",
		"#技能占位#占位169",
		"#技能占位#占位170",
		"#技能占位#占位171",
		"#技能占位#占位172",
		"#技能占位#占位173",
		"#技能占位#占位174",
		"#技能占位#占位175",
		"#技能占位#占位176",
		"#技能占位#占位177",
		"#技能占位#占位178",
		"#技能占位#占位179",
		"#淘汰之刃#直接斩杀生命低于$value1$的怪物（触发几率$value2$）",
		"#捆绑180属性",
		"#技能占位#占位182",
		"#技能占位#占位183",
		"#技能占位#占位184",
		"#技能占位#占位185",
		"#技能占位#占位186",
		"#技能占位#占位187",
		"#技能占位#占位188",
		"#技能占位#占位189",
		"#技能占位#占位190",
		"#技能占位#占位191",
		"#技能占位#占位192",
		"#技能占位#占位193",
		"#技能占位#占位194",
		"#技能占位#占位195",
		"#技能占位#占位196",
		"#技能占位#占位197",
		"#技能占位#占位198",
		"#技能占位#占位199",
		"#技能占位#占位200",
		"#技能占位#占位201",
		"#技能占位#占位202",
		"#技能占位#占位203",
		"#技能占位#占位204",
		"#技能占位#占位205",
		"#技能占位#占位206",
		"#技能占位#占位207",
		"#技能占位#占位208",
		"#技能占位#占位209",
		"#技能占位#占位210",
		"#技能占位#占位211",
		"#技能占位#占位212",
		"#技能占位#占位213",
		"#技能占位#占位214",
		"#技能占位#占位215",
		"#技能占位#占位216",
		"#技能占位#占位217",
		"#技能占位#占位218",
		"#技能占位#占位219",
		"#技能占位#占位220",
		"#技能占位#占位221",
		"#技能占位#占位222",
		"#技能占位#占位223",
		"#技能占位#占位224",
		"#技能占位#占位225",
		"#技能占位#占位226",
		"#技能占位#占位227",
		"#技能占位#占位228",
		"#技能占位#占位229",
		"#技能占位#占位230",
		"#技能占位#占位231",
		"#技能占位#占位232",
		"#技能占位#占位233",
		"#技能占位#占位234",
		"#技能占位#占位235",
		"#技能占位#占位236",
		"#技能占位#占位237",
		"#技能占位#占位238",
		"#技能占位#占位239",
		"#技能占位#占位240",
		"#技能占位#占位241",
		"#技能占位#占位242",
		"#技能占位#占位243",
		"#技能占位#占位244",
		"#技能占位#占位245",
		"#技能占位#占位246",
		"#技能占位#占位247",
		"#技能占位#占位248",
		"#技能占位#占位249",
		"#技能占位#占位250",
		"#神    佑#角色死亡时，有$value1$的几率满血复活",
		"#技能占位#占位252",
		"#技能占位#占位253",
		"#技能占位#占位254"
	],
	"Awards": [
		"0",
		"转生修为",
		"经验",
		"声望",
		"功勋",
		"绑定元宝",
		"元宝",
		"绑定灵符",
		"金币",
		"技能",
		"创造精华",
		"成就点",
		"声望值",
		"13",
		"14",
		"灵符",
		"16",
		"威名值",
		"活跃值",
		"积分",
		"经验",
		"荣誉",
		"22",
		"23",
		"24",
		"25",
		"26",
		"资金",
		"28",
		"护甲晶石",
		"30",
		"31",
		"32",
		"33",
		"34",
		"35",
		"36",
		"37",
		"38",
		"39",
		"40",
		"41",
		"42",
		"神龙积分",
		"44",
		"龙印值",
		"符石精华",
		"47",
		"48",
		"守护值",
		"50",
		"奇迹之心",
		"VIP经验",
		"精力值",
		"玉佩碎片",
		"如意碎片",
		"龙珠碎片",
		"神石碎片",
		"护甲晶石",
		"藏宝经验",
		"天工积分",
		"天赋点",
		"跨服积分",
		"63",
		"64",
		"65",
		"66",
		"67",
		"68",
		"69",
		"充值点",
		"黄金充值点",
		"白金充值点",
		"钻石充值点"
	],
	"levelTips": [
		"等级不足<font color = '#FFFF00'> $circle$转$level$级 </font>该功能暂未开启",
		"解锁需要$circle$$level$",
		"您的等级不足<font color = '#FFFF00'> $circle$转 </font>不能查看排行榜",
		"等级不足<font color = '#FFFF00'> $level$级 </font>该功能暂未开启"
	],
	"Jobs": [
		"战士",
		"法师",
		"道士",
		"骑士"
	],
	"Sex": [
		"男",
		"女"
	],
	"Others": [
		"购买后立即解锁以下权益:"
	],
	"Vips": [
		"再充值<font color = '#7FFF00'>$value$</font>钻石即可成为VIP$value$",
		"成为会员立马拥有专属玉玺和超值大礼包",
		"激活条件：达到VIP$value$",
		"您的VIP已达到最高等级"
	],
	"VipJob1": [
		"战将","战狂","武狂","武宗","武尊","战圣","天武者","天武战将","天武战狂","天武王","天武战神","天武宗师","天武战圣","神武者","神武武士","神武战将","神武战狂","神武王","神武战神"
	],
	"VipJob2": [
		"法魂","法魄","法灵","法宗","法王","法神","幻魔法魂","幻魔法魄","幻魔法灵","幻魔法宗","幻魔法王","幻魔法皇","幻魔法圣","幻魔法神","幻神法魂","幻神法灵","幻神法宗","幻神法王","幻神法皇"
	],
	"VipJob3": [
		"道玄","散人","真人","道宗","道尊","天尊","元道道玄","元道散人","元道真人","元道道宗","远道道尊","远道天尊","都天道玄","都天散人","都天真人","都天道宗","都天道尊","罗天道玄","罗天散人"
	],	
	"DigOres": [
		"初级矿工,中级矿工,高级矿工,神级矿工",
		"当前矿工等级为<font color = '#00FF00'>$name$</font>,确定要进行挖矿吗？",
		"已提升至最高等级",
		"提升矿工等级需花费<font color = '#00FF00'>$value$</font>灵符",
		"(<font color = '#00FF00'>遭遇抢夺无损失</font>)",
		"<font color = '#00FF00'>复仇成功追回收益</font>",
		"当前矿工等级为<font color = '#00FF00'>$name$</font>,确定要进行挖矿吗？\n<font color = '#FF0000'>(神级矿工被抢无任何损失)</font>",
		"今日挖矿次数已用完",
		"今日抢夺次数已用完",
		"<font color = '#FF0000'>种植作物可获得\n   20%的收益</font>",
		"1. <font color = '#FF8000'>种植作物：</font>每天可种植<font color = '#7FFF00'>3次</font>，品质越高的作物奖励越高，霸王花被偷后收益不会减少，强烈推荐玩家种植霸王花！\n2.  <font color = '#FF8000'>掠夺矿石：</font>每天可以掠夺他人矿石<font color = '#7FFF00'>5次</font>，掠夺成功获得对方矿石的<font color = '#7FFF00'>20%收益</font>\n3. <font color = '#FF8000'>复仇计划：</font>被掠夺后可以进行复仇，复仇成功可获得<font color = '#7fff00'>双倍掠夺资源的奖励</font>"
	],
	"DartCars": [
		"普通镖车,青铜镖车,白银镖车,黄金镖车",
		"当前镖车品质为<font color = '#00FF00'>$name$</font>,确定要进行护送吗？",
		"已提升至最高品质",
		"提升镖车品质需花费<font color = '#00FF00'>$value$</font>灵符",
		"(<font color = '#00FF00'>遭遇抢夺无损失</font>)",
		"<font color = '#00FF00'>复仇成功可获得双倍收益并全服播报</font>",
		"当前镖车品质为<font color = '#00FF00'>$name$</font>,确定要进行护送吗？\n<font color = '#FF0000'>(黄金镖车遭遇抢夺无任何损失)</font>",
		"今日劫镖次数已用完",
		"今日运送次数已用完",
		"<font color = '#FF0000'>劫获镖车可获得\n   20%的收益</font>",
		"1. <font color = '#FF8000'>押运镖车：</font>每天可运镖<font color = '#7FFF00'>3次</font>，品质越高的镖车奖励越高，黄金镖车被掠夺后收益不会减少，强烈推荐玩家押运黄金镖车！\n2. <font color = '#FF8000'>劫获镖车：</font>每天可以劫获他人镖车<font color = '#7FFF00'>5次</font>，劫镖成功获得对方镖车<font color = '#7FFF00'>20%的收益</font>\n3. <font color = '#FF8000'>复仇计划：</font>被劫镖后可以进行复仇，复仇成功可获得<font color = '#7FFF00'>双倍劫镖资源的奖励</font>"
	],
	"Shops": [
		"积分不足",
		"我的功勋：$value$(天梯赛中挑战对手可获得功勋奖励)",
		"神秘商店刷新了!",
		"我的荣誉：$value$(与牵绊兄弟参加跨服情義之战即可获得)"
	],
	"charge": [
		"1.活动期间，每人可参与<font color = '#7FFF00'>7次</font>财神散宝\n2.参与的次数越多，所得的报酬就越丰富\n3.打死都不会透露最高收益可达<font color = '#7FFF00'>5万钻石</font>"
	],
	"Crafts": [
		"沙城争霸正在火热进行！你的兄弟正在沙城火拼，是否立刻前去支缓",
		"上届占领沙城的行会：$value$",
		"占领方式：$value$",
		"攻城结束时占领大旗或行会积分排名第一",
		"城主名称：$value$",
		"城主行会：$value$",
		"开服第四、五、六、七天晚20:00至20:30\n七天后每周二、四、六晚20:00至20:30",
		"<font size='16'>活动时间：<font color='#00ff00'>开服第四天-开服第七天</font>\n活动说明：<font color='#00ff00'>热血攻沙,只要参与,就有奖励:灵符、金币、帮贡、威名、灵力等等拿不完</font></font>",
		"\n  攻城规则：\n\n    从<font color='#00ff00'>城墙</font>可进入<font color='#00ff00'>皇城</font>，皇城可进入<font color='#00ff00'>皇宫</font>\n\n    进入皇城需要行会总积分<font color='#ffc600'>大于50</font>分，进入皇    宫需要行会总积分<font color='#ffc600'>大于200</font>分\n\n    8:30时，拥有皇宫内<font color='#00ff00'>大旗所有权</font>的行会即算    占领沙城\n\n    如没有行会成功采集大旗，则攻城结束时，    <font color='#ffc600'>积分最高</font>的行会占领沙城"
	],
	"Patterns": [
		"80级,1转,3转,5转,7转,9转"
	],
	"WingRecycles": [
		"当前拥有：$value$羽翼精华",
		"兑换消费：$value$羽翼精华",
		"请至少添加一件翅膀装备",
		"不能再勾选了!",
		"有当前可替换的高级翅膀装备，\n是否确认添加至熔炼列表？",
		"只会提交最先勾选的装备"
	],
	"GodArtifacts": [
		"激活需消耗:$itemName$\n(许愿获得)",
		"升星消耗$itemName$:",
		"进阶消耗$itemName$：",
		"有当前可升阶的神装道具，\n是否确认添加至回收列表？",
		"当前回收可获得神装碎片：",
		"请确保回收的神装已经进阶"
	],
	"loginAnnouce": [
		"<font color='#5529e3'>$name$</font>",
		"最强战士<font color='#fff000'>$name$</font>进入游戏",
		"最强法师<font color='#fff000'>$name$</font>进入游戏",
		"最强射手<font color='#fff000'>$name$</font>进入游戏",
		"最强骑士<font color='#fff000'>$name$</font>进入游戏"
	],
	"condiction": [
		"角色$value$级",
		"角色$value$转",
		"行会$value$级",
		"$value$",
		"翅膀达到$value$级",
		"开服第$value$天开启",
		"战力达到$value$",
		"$value$解锁",
		"8",
		"9",
		"10",
		"完成指定成就",
		"全身强化+$value$",
		"全身强化+$value$",
		"全身注灵达$value$",
		"15",
		"全身强化+$value$",
		"等级过高(＜$value$级)",
		"开服≥$value$天无法进入",
		"合服≥$value$天",
		"合服＜$value$天",
		"完成任务$value$后开启",
		"时间≥$value$:00",
		"时间＜$value$:00",
		"青龙$value$级",
		"白虎$value$级",
		"朱雀$value$级",
		"玄武$value$级",
		"开启狂暴之力",
		"29",
		"30",
		"31",
		"当日充值$value$元",
		"33",
		"34",
		"宠物强化$value$级",
		"抗魔值到$value$",
		"37",
		"穿戴$value$阶麻痹",
		"穿戴$value$阶护体",
		"穿戴$value$阶复活",
		"穿戴$value$阶神力",
		"穿戴$value$阶生命",
		"穿戴$value$阶防御",
		"穿戴$value$阶暴击",
		"穿戴$value$阶治疗",
		"宠物$value$星",
		"47",
		"",
		"",
		"",
		"开通王者战令",
		"前往$value$继续进阶",
		"沙巴克会员",
		"佩戴$val1$",
		"神魔之体($val1$/$val2$)级",
		"激活$val1$称号",
		"打造$val1$时装",
		"通关通天塔($val1$/$val2$)层",
		"强化技能($val1$/$val2$)重",
		"激活$val1$坐骑",
		"您已学习了$value$技能",
		"62",
		"63",
		"64",		
		"解锁$value$才可进入",
		"等级过高(＜$value$转)",
		"最大攻击≥$value$",
		"68",	
		"69",	
		"沙城捐献排名≥$value$",
		"沙城捐献排名＜$value$",
		"穿戴一套$value$阶生肖",
		"学习$value$技能",
		"74",
		"行会魔神$value$名",
		"创角未满$value$天",
		"创角大于$value$天",
		"完成传奇之路：$value$开启",
		"79",
		"80",
		"未解锁称号神龙使者",
		"82",
		"开服7天后周六、日开启",
		"84",
		"85",
		"创角未满$value$小时",
		"创角大于$value$小时",
		"佩戴$value$",
		"89",
		"90",
		"91",
		"92",
		"93",
		"94",
		"95",
		"96",
		"97",
		"98",
		"99",
		"神剑神盾总等级$value$级",
		"神饰装备总等级$value$级",
		"$value$元宝",
		"103",
		"104",
		"105",
		"106",
		"107",
		"108",
		"荣耀战令$value$级",
		"110",
		"111",
		"112",
		"113",
		"114",
		"115",
		"116",
		"117",
		"118",
		"119",
		"120",
		"121",
		"122",
		"123",
		"124",
		"125",
		"126",
		"127",
		"128",
		"129",
		"130",
		"131",
		"132",
		"133",
		"134",
		"135",
		"136",
		"137",
		"138",
		"139",
		"140",
		"141",
		"142",
		"143",
		"144",
		"145",
		"杀戮盛宴活动尚未开启"		
	],
	"condiction2": [
		"$value$级",
		"$value$转",
		"$value$级",
		"$value$",
		"$value$级",
		"开服$value$天",
		"$value$战",
		"赞助$value$",
		"8",
		"9",
		"10",
		"完成指定成就",
		"强化+$value$",
		"强化+$value$",
		"注灵达$value$",
		"15",
		"强化+$value$",
		"$value$级",
		"18",
		"19",
		"20",
		"21",
		"22",
		"23",
		"24",
		"25",
		"26",
		"27",
		"开启狂暴之力",
		"29",
		"30",
		"31",
		"当日充值$value$元",
		"33",
		"34",
		"宠物强化$value$级",
		"抗魔值到$value$",
		"37",
		"穿戴$value$阶麻痹",
		"穿戴$value$阶护体",
		"穿戴$value$阶复活",
		"穿戴$value$阶神力",
		"穿戴$value$阶生命",
		"穿戴$value$阶防御",
		"穿戴$value$阶暴击",
		"穿戴$value$阶治疗",
		"宠物$value$星",
		"47",
		"48",
		"49",
		"50",
		"开通王者战令"
	],
	"condiction3": [
		"人物$value$级",
		"人物$value$转",
		"行会$value$级",
		"转职为$value$",
		"$value$级",
		"开服$value$天",
		"$value$战",
		"开通$value$",
		"开通月卡特权",
		"9",
		"10"
	],
	"condiction4": [
		"角色达到$val1$级($val2$/$val1$)",
		"角色达到$val1$转($val2$/$val1$)",
		"行会等级$val1$",
		"$val1$",
		"翅膀等级$val1$",
		"开服第$val1$天",
		"战力$val1$",
		"赞助$val1$",
		"8",
		"9",
		"10",
		"完成指定成就",
		"装备强化总等级($val2$/$val1$)",
		"装备强化总等级($val2$/$val1$)",
		"全身注灵",
		"15",
		"全身强化",
		"等级过高",
		"开服≥$val1$天无法进入",
		"大于等合服天数",
		"小于合服天数",
		"完成任务",
		"时间≥$value$:00",
		"时间＜$value$:00",
		"青龙级",
		"白虎级",
		"朱雀级",
		"玄武级",
		"开启狂暴之力",
		"29",
		"30",
		"31",
		"今日充值$value$元",
		"33",
		"34",
		"宠物强化",
		"抗 魔 值",
		"37",
		"$value$阶麻痹",
		"$value$阶护体",
		"$value$阶复活",
		"$value$阶神力",
		"$value$阶生命",
		"$value$阶防御",
		"$value$阶暴击",
		"$value$阶治疗",
		"宠物$value$星",
		"大于等于主宰层数",
		"小于主宰试炼层数",
		"需要在跨服内生效",
		"在跨服内失效",
		"荣耀战令提升至王者战令后才可进入",
		"是否在某个地图",		
		"是否为沙巴克成员",		
		"佩戴$val1$",
		"神魔之体($val2$/$val1$)级",		
		"激活$val1$称号",
		"打造$val1$时装",
		"通关通天塔($val2$/$val1$)层",
		"强化技能($val2$/$val1$)重",
		"激活$val1$坐骑",
		"不学习$value$技能",
		"62",
		"63",
		"64",
		"本职业可购买",
		"解锁$value$才可进入",
		"最大攻击≥$value$才可进入",
		"68",
		"69",
		"沙城捐献排名≥$value$",
		"沙城捐献排名＜$value$",
		"穿戴一套$value$阶生肖",
		"学习$value$技能",
		"74",
		"75",
		"76",
		"77",
		"完成$value$",
		"79",
		"80",
		"未解锁称号:神龙使者",
		"82",
		"开服7天后周六、日开启",
		"84",
		"85",
		"86",
		"87",
		"佩戴$value$",
		"89",
		"90",
		"91",
		"92",
		"93",
		"94",
		"95",
		"96",
		"97",
		"98",
		"99",
		"神剑神盾总等级($val2$/$val1$)",
		"神饰装备总等级($val2$/$val1$)",
		"元宝($val2$/$val1$)",
		"103",
		"104",
		"105",
		"106",
		"107",
		"108",
		"荣耀战令$val1$级",
		"110",
		"111",
		"112",
		"113",
		"114",
		"115",
		"116",
		"117",
		"118",
		"119",
		"120",
		"121",
		"122",
		"123",
		"124",
		"125",
		"126",
		"127",
		"128",
		"129",
		"130",
		"131",
		"132",
		"133",
		"134",
		"135",
		"136",
		"137",
		"138",
		"139",
		"140",
		"141",
		"142",
		"143",
		"144",
		"145",
		"杀戮盛宴活动尚未开启"
	],
	"boss": [
		"<font color='#7FFF00' size='16'>转生地宫说明:</font>\n<font size='15'>1、进入需要消耗转生地宫卷\n2、每张地宫内有5个超级BOSS，刷新时间为$value$\n3、地图内可PK，进入后为行会模式</font>",
		"<font color='#7FFF00' size='16'>VIP地图说明:</font>\n<font size='15'>1、进入需要消耗VIP传送卷\n2、每张地宫内有5个超级BOSS，刷新时间为$value$\n3、地图内可PK，进入后为行会模式</font>",
		"<font color='#18e735' size='16'>1.世界BOSS奖励通过邮件发放  \n2.世界BOSS尾刀奖励每日可获得2次</font>"
	],
	"prestige": [
		"<font color='#fc0303' size= '18' >               威名效果</font>\n<font color= '#ffffff'>1、威望达到条件可手动晋升威名，获得属性加成</font>\n<font color= '#ffffff'>2、攻击威名值低于自身的玩家，攻击时伤害增加7%</font>",
		"<font color= '#fc0303'>九五至尊</font>\n<font color= '#f2c617'>效 果：攻击威名值低于自身的玩家，攻击时伤害增加15%</font>\n<font color= '#0baf0f'>获得条件：威名排行榜第1名</font>",
		"<font color= '#fc0303'>天下无双</font>\n<font color= '#f2c617'>效 果：攻击威名值低于自身的玩家，攻击时伤害增加12%</font>\n<font color= '#0baf0f'>获得条件：威名排行榜第2名</font>",
		"<font color= '#fc0303'>盖世霸主</font>\n<font color= '#f2c617'>效 果：攻击威名值低于自身的玩家，攻击时伤害增加10%</font>\n<font color= '#0baf0f'>获得条件：威名排行榜第3名</font>"
	],
	"skillOi": [
		"升龙奥义",
		"追风奥义",
		"回旋奥义",
		"蛮冲奥义",
		"破坏奥义",
		"裂闪奥义",
		"生命奥义",
		"血风奥义",
		"火球奥义",
		"黑龙奥义",
		"守护奥义",
		"龙卷奥义",
		"暴风奥义",
		"流星奥义",
		"法神奥义",
		"星辰奥义",
		"穿透奥义",
		"多重奥义",
		"毒箭奥义",
		"天堂奥义",
		"召唤奥义",
		"震荡奥义",
		"女神奥义",
		"五重奥义",
		"突刺奥义",
		"追风奥义",
		"圣疗奥义",
		"天罚奥义",
		"圣佑奥义",
		"黑曜奥义",
		"狂怒奥义",
		"神圣奥义"
	],
	"expbottle": [
		"<font color='#ffff00'  size='16' > 每击杀一只怪物存入100点经验到瓶中，存满后可提取经验！</font>",
		"<font color='#ffff00'  size='16' > 每击杀一只怪物存入250点经验到瓶中，存满后可提取经验！</font>"
	],
	"mergerServer": [
		"<font size= '16' >活动说明：<font color= '#00ff00'>活动期间每天充值达到指定钻石可免费领取对应档</font>\n          <font color= '#00ff00'>位礼包一份，</font></font>",
		"活动说明：<font color= '#00ff00'>活动期间，消费钻石达到指定数量即可领取对应奖励</font>\n          <font color= '#fc09d7'>每天0点重置奖励</font>"
	],
	"celebrates": [
		"<font color='#f69100'>活动说明：</font><font color='#ddcdb1'>活动期间，等级达到80级以上的小伙伴每天可免费领取一份我们精心准备的千服回馈礼包。</font>",
		"<font color='#f69100'>活动说明：</font><font color='#ddcdb1'>活动期间<font color='#FF00FF'>每天充值</font>任意金额，累计充值天数达到2/4/6天，即可领取对应的累充礼包。<font color='#FFFF00'>购买特权、月卡不计入此内</font>",
		"活动说明：<font color='#00ff00'>活动期间，进行许愿会有特定时装产出，机不可失！</font>",
		"活动说明：<font color='#00ff00'>活动期间，<font color='#FF00FF'>总共消耗的钻石</font>达到指定额度即可上榜。排名奖励在<font color='#FF00FF'>活动结束后</font>通过邮件发放。</font>",
		"<font color='#f69100'>活动说明：</font><font color='#00ff00'>活动期间<font color='#ddcdb1'>每天充值</font>任意金额，即可获得礼包。<font color='#FFFF00'>购买特权、月卡不计入此内</font>",
		"活动说明：<font color='#00ff00'>活动期间，进行许愿会有特定至尊产出，机不可失！</font>",
		"已消费$cost$灵符,获得$hasLuckCount$次抽奖机会\n再消费$needCost$灵符，即可增加一次抽奖机会",
		"已消费$cost$灵符,获得$maxCount$次抽奖机会\n恭喜你！转盘上的所有奖励都是你的了！",
		"已消费$cost$灵符,获得$hasLuckCount$次抽奖机会",
		"<font color='#f69100'>活动说明：</font><font color='#ddcdb1'>消费每达到一定金额,即可获得一次抽奖机会.每次抽奖皆可获取转盘上的一种奖励,直至转盘上的奖励全部获取完</font>",
		"<font color='#f69100'>活动说明：</font><font color='#ddcdb1'>活动期间，许愿武器，衣服，首饰提升3倍产出，还有机率获得各类时装、幻武、翅膀、屠龙装备！</font>",
		"<font color='#f69100'>活动说明：</font><font color='#ddcdb1'>仅此一次，超低价回馈，此时不剁，更待何时！</font>",
		"<font color='#f69100'>活动说明：</font><font color='#ddcdb1'>活动期间，击杀一转及以上BOSS都会获得1个烟花，收集后的烟花可兑换以下奖励，每种奖励每天只能兑换一次。</font>",
		"<font color='#f69100'>活动说明：</font><font color='#ddcdb1'>千服活动期间，每日充值达到1000钻石、10000钻石、20000钻石时可领取千服充值奖励，每日限领一次！</font>",
		"<font color='#f69100'>活动说明：</font><font color='#ddcdb1'>活动期间，进行许愿就有机会获得千服字帖，收集对应字帖即可兑换钻石！</font>",
		"<font color='#f69100'>活动说明：</font><font color='#ddcdb1'>完成指定活跃任务，可获得大量卡牌和真元。</font>",
		"<font color='#f69100'>活动说明：</font><font color='#ddcdb1'></font>",
		"<font color='#f69100'>活动说明：</font><font color='#ddcdb1'>国庆来袭，感恩回馈，超低价出售，不容错过！</font>",
		"<font color='#f69100'>活动说明：</font><font color='#ddcdb1'>国庆来袭，感恩回馈，不容错过哦！</font>",
		"<font color='#f69100'>活动说明：</font><font color='#ddcdb1'>活动期间，每累计消费10000钻石即送一张幸运券，幸运券用于本界面抽奖使用，每抽满100次必中屠龙宝箱！</font>",
		"<font color='#f69100'>活动说明：</font><font color='#00ff00'>活动期间，总共<font color='#FF00FF'>充值的钻石</font>达到指定额度即可上榜。排名奖励在<font color='#FF00FF'>活动结束后</font>通过邮件发放。</font>",
		"<font color='#f69100'>活动说明：</font><font color='#ddcdb1'>活动期间，上线即可领取红包，每日可领取20次。次日0点重置领取次数</font>"
	],
	"rune": [
		"<font color='#f2c617' size= '19' > 符石说明:</font>\n <font size= '16' >1、符石及符石精华在通天塔产出。</font>\n <font size= '16' >2、符石分为绿色、蓝色、紫色、橙色、红色5种品质。</font>\n <font size= '16' >3、符石可通过消耗符石精华提升等级。</font>\n <font size= '16' >4、相同类型的符石只能穿戴一块。</font>\n <font size= '16' >5、通天塔  1-20 重天掉落<font color= '#39fead'>绿色符石</font>；\n    通天塔 21-40 重天掉落<font color= '#4288bb'>蓝色符石</font>；\n    通天塔 41-60 重天掉落<font color= '#b83bdf'>紫色符石</font>；\n    通天塔 61-80 重天掉落<font color= '#e08556'>橙色符石</font>；\n    通天塔 81-100 重天掉落<font color= '#fd2b2c'>红色符石</font>。</font>"
	],
	"pfList": [
		"明天请记得再来领取喔~",
		"<font color= '#ffc600'>活动说明：</font>微信内关注公众号,关注成功即可领取奖励\n每个玩家仅可领取一次",
		"每日发送给朋友，立即获得钻石奖励(邮件领奖)",
		"你已经领取过$value$，明天请记得再来领取喔~"
	],
	"crossSrv": [
		"当前战斗还未结束，你要当逃兵嘛？\n确定传回本服，取消继续战斗",
		"参与1次情义之战\n<font color= '#1da7ff'>(并获得胜利)</font>",
		"参与1次情义之战",
		"单人匹配进入竞技场，匹配成功后，将会自动传送至跨服战场准备30秒后，通过传送门，即可进入主战场，与另一方展开厮杀，战斗持续240秒，击杀敌对玩家可获得战斗积分，采集战场中间宝箱也可获得战斗积分，比赛结束时，战斗积分高的队伍获胜，胜方加竞技积分，败方扣竞技积分，胜负双方均可获得300/200点荣誉值",
		"活动开放时间: 开服第七天起每天19：15-19:45",
		"<font color= '#e7d5b5'>跨服争霸每月为一个赛季,每月1号0点,发放上个月排名奖励\n至少匹配成功20场争霸赛后才能领取赛季奖励哦</font>",
		"3V3跨服战每周为一个赛季\n<font color= '#00ff00'>周四23点</font>发放全民参与奖，<font color= '#00ff00'>周日23</font>点发放冠军至64强奖励",
		"\n <font color= '#00ff00'>周二、周三、周四12：00-12:30、20:35-21:05</font>为淘汰赛时间\n 每队每天可参加<font color= '#00ff00'>5场</font>比赛,胜利增加队伍积分,失败扣除积分\n 积分排名<font color= '#00ff00'>前64</font>的队伍,自动晋级为64强,于<font color= '#00ff00'>周五</font>开始晋级赛",
		"开服第7天起,每天10:00-10:30 14:00-14:30",
		" 1、玩家等级达到<font color= '#00ff00'>2转</font>，即可参加跨服BOSS活动\n 2、跨服BOSS每局参加人数<font color= '#00ff00'>10人</font>，进入地图后，系统随机抽取一名玩家变身<font color= '#00ff00'>强力BOSS</font>\n <font color= '#ff9c01'>3、剩余玩家在对应时间内击杀BOSS玩家，可获得丰厚奖励，击杀时间越短，奖励越多\n 4、BOSS玩家在相应时间内存活也可获得丰厚奖励，存活时间越长，奖励越多</font>\n 5、BOSS击杀其他玩家可获得<font color= '#00ff00'>威名值</font>",
		"每次成为跨服BOSS的玩家均能获得1次幸运转盘的机会"
	],
	"datas": [
		"首充等级变化显示tips配置##40,50,60,65,70,75,80,85,86,87,88,89"
	],
	"wash": [
		"至少要保留一条属性不能锁!",
		"锁定符不足，是否花费$value$元宝购买$count$个锁定符?",
		"开孔锄不足，是否花费$value$钻石购买?",
		"当前可解锁第$row$条洗练属性",
		"注灵$circle$阶$star$星可解锁第$row$条洗练属性",
		"您洗练的属性有$value$级以上的，是否确定继续洗练?"
	],
	"heaven": [
		"您确定花费$value$钻石购买1次挑战次数?",
		"<font color='#00ff00'>规则介绍:</font>\n<font color= '#e7d5b5'>1.天宫一共9重，每重均有宝藏、BOSS、精英、小怪。\n2.每次消耗1次骰子随机关卡数，前进或后退\n3.天宫全天开放；关卡中只有归属者才获得奖励。</font>"
	],
	"yuansoul": [
		"<font color='#39fead'>坚韧装备</font>单件回收可获得：<font color='#39fead'>60点附魂值</font>\n<font color= '#4288bb'>英勇装备</font>单件回收可获得：<font color= '#4288bb'>120点附魂值</font>\n<font color= '#b83bdf'>不屈装备</font>单件回收可获得：<font color= '#b83bdf'>240点附魂值</font>\n<font color= '#e08556'>荣耀装备</font>单件回收可获得：<font color= '#e08556'>480点附魂值</font>\n<font color= '#FFCC00'>华贵装备</font>单件回收可获得：<font color= '#FFCC00'>788点附魂值</font>\n<font color= '#fd2b2c'>璀璨装备</font>单件回收可获得：<font color= '#fd2b2c'>1280点附魂值</font>"
	],
	"oyiSkill": [
		"目前没有合成道具",
		"置换的道具不足，需要三个可置换的奥义技能道具",
		"您已经选择了奥义技能残卷",
		"请选择技能书",
		"请选择奥义技能卷轴",
		"您选这的这本技能书没有足够的数量",
		"残卷合成:消耗<font color='#00ff00'>奥义书页*20</font>,随机获得一本奥义技能书\n技能书置换:消耗<font color='#00ff00'>任意奥义技能书*3</font>,随机获得一本奥义技能书"
	],
	"swordSoul": [
		"$itemName$不足，是否花费$value$钻石购买?",
		" 1 升级魂石需要2颗同级同类型的魂石\n 2 升级<font color='#00ff00'>6级及6级以下</font>的魂石，可以用多颗低级 同类型魂石替代材料魂石。\n   例：可用<font color='#00ff00'>3颗</font>5级魂石替代1颗6级魂石做材料\n       可用<font color='#00ff00'>9颗</font>4级魂石替代1颗6级魂石做材料\n 3 魂石升至6级，8级，10级后，激活<font color='#00ff00'>特殊属性</font>",
		"<font color='#ffb900'>1级魂石</font>回收得<font color='#00ff00'>8</font>兵魂碎片     <font color='#ffb900'>2级魂石</font>回收得<font color='#00ff00'>24</font>兵魂碎片\n<font color='#ffb900'>3级魂石</font>回收得<font color='#00ff00'>72</font>兵魂碎片    <font color='#ffb900'>4级魂石</font>回收得<font color='#00ff00'>216</font>兵魂碎片\n<font color='#ffb900'>5级魂石</font>回收得<font color='#00ff00'>648</font>兵魂碎片   <font color='#ffb900'>6级魂石</font>回收得<font color='#00ff00'>1944</font>兵魂碎片\n<font color='#ffb900'>7级魂石</font>回收得<font color='#00ff00'>3888</font>兵魂碎片  <font color='#ffb900'>8级魂石</font>回收得<font color='#00ff00'>7776</font>兵魂碎片\n<font color='#ffb900'>9级魂石</font>回收得<font color='#00ff00'>15552</font>兵魂碎片 <font color='#ffb900'>10级魂石</font>回收得<font color='#00ff00'>31104</font>兵魂碎片",
		"攻击有$value$几率额外造成$value$伤害",
		"攻击有$value$几率恢复己方4人$value$血量"
	],
	"pet": [
		"上吧，皮卡丘！",
		"这法阵让我动弹不得",
		"看吧！还是我的宠物厉害",
		"旺财，咬他！",
		"我的宠物真是厉害呀",
		"BOSS贫血了，加油！",
		"时间不多了，加速输出！",
		"我什么都不想说",
		"免费孵化宠物，提升角色属性",
		"<font color='#00ff00'>宠物资质上限150点</font>\n宠物资质越高,角色所获得的<font color='#00ff00'>属性加成越高</font>\n宠物资质可以通过使用宠物资质丹或宠物升阶提升",
		"合体后，战士进行攻击，有$value$的几率触发，\n忽视目标$value$防御,造成$value$角色攻击伤害",
		"合体后，法师进行攻击，有$value$的几率触发，\n$value$S内提升$value$的伤害追加",
		"合体后，道士进行攻击，有$value$的几率触发，\n对目标造成$value$的伤害"
	],
	"guildCross": [
		"<font color = '#00FFFF'>帮主</font> 或 <font color = '#00FFFF'>副帮主</font> 报名参加",
		"1. 跨服攻沙<font color = '#00FFFF'>每周7天</font>为一个赛季，<font color = '#00FFFF'>周一9:00-18:00</font>为报名时间\n2. <font color = '#00FFFF'>周二</font>至<font color = '#00FFFF'>周六 18:20-18:50</font>为跨服积分赛，成功报名且<font color = '#00FFFF'>达到5转</font>的行会成员，可在活动期间进入城内通过杀怪、开宝箱和击败其他行会成员获取积分；\n3. 截止周六18:50分，每座城池<font color = '#00FFFF'>累计积分</font>最高的两个帮派将于<font color = '#00FFFF'>周日 18:20-18:50</font>进行<font color = '#00FFFF'>决战</font>；\n4. 所有参赛的行会成员均有奖励哟，会统一在<font color = '#00FFFF'>周日 18:55分</font>通过邮件发放。",
		"\n<font color = '#FF8000',size = '18'>跨服积分战说明</font>\n<font color = '#f2e88f'>1. 击杀1只场景怪可获得<font color = '#00FFFF'> 1</font> 分，每<font color = '#00FFFF'> 5 </font>分钟刷新一次；\n\n2. 每 <font color = '#00FFFF'>3</font> 分钟会在场景中间刷1次宝箱，开启宝箱可获得 <font color = '#00FFFF'>10</font> 分；\n\n3. 每击败一名非本帮成员可获得<font color = '#00FFFF'> 3 </font>分，比赛结束时积分最高的行会晋级，若积分相同，则判定排名第一位获胜；\n\n4. 所有参赛的行会成员均有奖励，会统一在 <font color = '#00FFFF'>周日18:55分</font> 通过邮件发放。",
		"\n<font color = '#FF8000',size = '18'>跨服城池争夺战</font>\n\n1. 活动场景共分有<font color = '#00FFFF'> 城墙、皇城、皇宫</font> 3部分；\n\n2. 积分达到<font color = '#00FFFF'> 50 </font>可进入皇城，积分达到<font color = '#00FFFF'> 100 </font>可进入皇宫；\n\n3. 每击杀1只场景怪可获得<font color = '#00FFFF'> 1</font> 分，每败1名非本帮成员可获得<font color = '#00FFFF'> 3 </font>分；\n\n4. 比赛结束时，皇宫旗帜归属者行会获胜，若旗帜未有归属者，则根据积分判定胜负，如果积分相同，则判定排名第一位获胜。",
		"\n<font color = '#FF8000',size = '18'>跨服帮战报名</font>\n1） 周一9:00-18:00为报名时间，帮主或副帮主可进行报名；\n\n2） 每次只能从五座城池任选其一作为本周攻占目标，确认后不可再进行更改。\n\n\n<font color = '#FF8000',size = '18'>跨服积分赛</font>\n1） 积分赛时间：周二至周六18:20 - 18:50；\n\n2） 周一至周三每晚19:00系统都会对每座城池已报名的行会进行1V1随机匹配出隔天对战的行会；\n\n3） 周四晚上会统计本周每座城池累计积分最高的8个行会进入8强，并于当晚19:00进行1V1随机匹配出周五晚上8进4对战名单；\n\n4） 周五晚上19:00会统计本周截止到目前为止每座城池积分最高的4个行会进入4强，并进行1V1随机匹配出周六晚上4进2对战名单，并于周六18:20 - 18:50决出前2名！\n\n5） 积分获得途径：杀小怪、开宝箱或击败其他行会成员。\n\n\n<font color = '#FF8000',size = '18'>城池争夺战</font>\n1） 城池归属争夺战：周日18:20 - 18:50；\n\n2） 争夺资格：截止周六18:50，本周每座城池累计积分排名前两名的行会；\n\n\n<font color = '#FF8000',size = '18'>城池争夺战奖励</font>\n1） 行会积分大于或等于1分的成员均会在周日18:55分收到一份城池争夺战的奖励邮件；\n\n2） 夺得城池归属的行会在未来一周还能到荣耀殿堂领取属于你们的荣耀礼包；\n\n3） 获得城池归属的行会还有专属城池BOSS！未来一周每天的17:30准时刷新，小伙伴们点击活动图标即可进入场景撸怪夺宝！",
		"周日 18:55\n 邮件发放",
		"杀怪、开宝箱和击败敌对帮员均可获得积分\n   您确定传回本服么？",
		"杀场景怪、击败其他行会成员均可获得积分\n   您确定传回本服么？",
		"1. 此乃跨服攻沙城池占领行会专属福利，拥有城池归属权的行会成员方可进入；\n2. 每天17：30准时开启，BOSS只存活半小时，所以小伙伴要抓紧时间扑倒它，更重要的是BOSS的掉落无归属；\n3. 已确认过眼神，你还在瞅啥？撸它！"
	],
	"nextStage_round": [
		[
			" 斗神战锤_ 黄金头盔_ 黄金项链_ 黄金之铠_ 黄金护手_ 黄金指环",
			" 风影权杖_ 法魂头盔_ 法魂项链_ 法魂玄冥_ 法魂护手_ 法魂指环",
			" 红羽神弓_ 红羽头盔_ 红羽项链_ 红羽之铠_ 红羽护手_ 红羽指环",
			" 黑骑巨剑_ 黑骑之盔_ 黑骑项链_ 黑骑之铠_ 黑骑护手_ 黑骑指环"
		],
		[
			" 太阳之剑_ 勇气之盔_ 勇气项链_ 勇气之铠_ 勇气护手_ 勇气指环",
			" 红翼权杖_ 红翼头盔_ 红翼项链_ 红翼之铠_ 红翼护手_ 红翼指环",
			" 圣者之驽_ 圣光头盔_ 圣光项链_ 圣光之铠_ 圣光护手_ 圣光指环",
			" 勇气战歌_ 战歌之盔_ 战歌项链_ 战歌之铠_ 战歌护手_ 战歌指环"
		],
		[
			" 狂狮护腿_ 狂狮之靴_ 狂狮之盔_ 狂狮项链_ 狂狮护手_ 狂狮指环",
			" 黑魔护腿_ 黑魔之靴_ 黑魔之盔_ 黑魔项链_ 黑魔护手_ 黑魔指环",
			" 光芒护腿_ 光芒之靴_ 光芒之盔_ 光芒项链_ 光芒护手_ 光芒指环",
			" 翼骑护腿_ 翼骑之靴_ 翼骑之盔_ 翼骑项链_ 翼骑护手_ 翼骑指环"
		],
		[
			"          _ 末日狂狮_        _ 狂狮之铠_        _          ",
			"          _ 魔灵之杖_        _ 红翼之铠_        _          ",
			"          _ 光明赞礼_        _ 光芒之铠_        _          ",
			"          _ 翼骑长矛         _ 翼骑之铠_        _          "
		],
		[
			"          _ 无新装备_     _ 无新装备_     _         ",
			"          _ 无新装备_     _ 无新装备_     _         ",
			"          _ 无新装备_     _ 无新装备_     _         ",
			"          _ 无新装备_     _ 无新装备_     _         "
		],
		[
			"          _ 真红之剑_        _ 火龙王之铠_        _          ",
			"          _ 毁灭权柄_        _ 冰龙王之铠_        _          ",
			"          _ 精灵王权威_      _ 精灵王之铠_        _          ",
			"          _ 怒龙之矛_        _ 龙天使之铠_        _          "
		],
		[
			"          _ 无新装备_     _ 无新装备_     _         ",
			"          _ 无新装备_     _ 无新装备_     _         ",
			"          _ 无新装备_     _ 无新装备_     _         ",
			"          _ 无新装备_     _ 无新装备_     _         "
		],
		[
			" 火龙护腿_ 火龙之靴_ 火龙之盔_ 火龙项链_ 火龙护手_ 火龙指环",
			" 冰龙护腿_ 冰龙之靴_ 冰龙之盔_ 冰龙项链_ 冰龙护手_ 冰龙指环",
			" 灵王护腿_ 灵王之靴_ 灵王之盔_ 灵王项链_ 灵王护手_ 灵王指环",
			" 龙使护腿_ 龙使之靴_ 龙使之盔_ 龙使项链_ 龙使护手_ 龙使指环"
		],
		[
			"          _ 无新装备_     _ 无新装备_     _         ",
			"          _ 无新装备_     _ 无新装备_     _         ",
			"          _ 无新装备_     _ 无新装备_     _         ",
			"          _ 无新装备_     _ 无新装备_     _         "
		],
		[
			"          _ 烈火巨刃_        _ 金天使之铠_        _          ",
			"          _ 智天使挽歌_      _ 智天使之铠_        _          ",
			"          _ 傲世魔弓_        _ 黑天使之铠_        _          ",
			"          _ 神圣骑枪_        _ 圣天使之铠_        _          "
		],
		[
			"          _ 无新装备_     _ 无新装备_     _         ",
			"          _ 无新装备_     _ 无新装备_     _         ",
			"          _ 无新装备_     _ 无新装备_     _         ",
			"          _ 无新装备_     _ 无新装备_     _         "
		],
		[
			" 金天使护腿_ 金天使之靴_ 金天使之盔_ 金天使项链_ 金天使护手_ 金天使指环",
			" 智天使护腿_ 智天使之靴_ 智天使之盔_ 智天使项链_ 智天使护手_ 智天使指环",
			" 黑天使护腿_ 黑天使之靴_ 黑天使之盔_ 黑天使项链_ 黑天使护手_ 黑天使指环",
			" 圣天使护腿_ 圣天使之靴_ 圣天使之盔_ 圣天使项链_ 圣天使护手_ 圣天使指环"
		],
		[
			"          _ 无新装备_     _ 无新装备_     _         ",
			"          _ 无新装备_     _ 无新装备_     _         ",
			"          _ 无新装备_     _ 无新装备_     _         ",
			"          _ 无新装备_     _ 无新装备_     _         "
		],
		[
			"          _ 黎明暴风_        _ 黎明之光铠_        _          ",
			"          _ 苍穹权柄_        _ 苍穹之眸铠_        _          ",
			"          _ 自然丛林_        _ 自然恩泽铠_        _          ",
			"          _ 暗影巨刃_        _ 暗影无夜铠_        _          "
		],
		[
			"          _ 无新装备_     _ 无新装备_     _         ",
			"          _ 无新装备_     _ 无新装备_     _         ",
			"          _ 无新装备_     _ 无新装备_     _         ",
			"          _ 无新装备_     _ 无新装备_     _         "
		],
		[
			" 黎明护腿_ 黎明之靴_ 黎明之盔_ 黎明项链_ 黎明护手_ 黎明指环",
			" 苍穹护腿_ 苍穹之靴_ 苍穹之盔_ 苍穹项链_ 苍穹护手_ 苍穹指环",
			" 自然护腿_ 自然之靴_ 自然之盔_ 自然项链_ 自然护手_ 自然指环",
			" 暗影护腿_ 暗影之靴_ 暗影之盔_ 暗影项链_ 暗影护手_ 暗影指环"
		],
		[
			"          _ 无新装备_     _ 无新装备_     _         ",
			"          _ 无新装备_     _ 无新装备_     _         ",
			"          _ 无新装备_     _ 无新装备_     _         ",
			"          _ 无新装备_     _ 无新装备_     _         "
		],
		[
			"          _ 泯灭杀戮_        _ 泯灭无锋铠_        _          ",
			"          _ 万物权杖_        _ 万物天华铠_        _          ",
			"          _ 圣歌之箭_        _ 圣歌疾风铠_        _          ",
			"          _ 神佑之枪_        _ 神佑光耀铠_        _          "
		],
		[
			"          _ 无新装备_     _ 无新装备_     _         ",
			"          _ 无新装备_     _ 无新装备_     _         ",
			"          _ 无新装备_     _ 无新装备_     _         ",
			"          _ 无新装备_     _ 无新装备_     _         "
		],
		[
			" 泯灭护腿_ 泯灭之靴_ 泯灭之盔_ 泯灭项链_ 泯灭护手_ 泯灭指环",
			" 万物护腿_ 万物之靴_ 万物之盔_ 万物项链_ 万物护手_ 万物指环",
			" 圣歌护腿_ 圣歌之靴_ 圣歌之盔_ 圣歌项链_ 圣歌护手_ 圣歌指环",
			" 神佑护腿_ 神佑之靴_ 神佑之盔_ 神佑项链_ 神佑护手_ 神佑指环"
		],
		[
			"          _ 无新装备_     _ 无新装备_     _         ",
			"          _ 无新装备_     _ 无新装备_     _         ",
			"          _ 无新装备_     _ 无新装备_     _         ",
			"          _ 无新装备_     _ 无新装备_     _         "
		],
		[
			"          _ 信仰奇迹_        _ 信仰死战铠_        _          ",
			"          _ 真理奇迹_        _ 真理指引铠_        _          ",
			"          _ 轨迹之箭_        _ 轨迹追光铠_        _          ",
			"          _ 坚壁奇迹_        _ 坚壁圣盾铠_        _          "
		],
		[
			"          _ 无新装备_     _ 无新装备_     _         ",
			"          _ 无新装备_     _ 无新装备_     _         ",
			"          _ 无新装备_     _ 无新装备_     _         ",
			"          _ 无新装备_     _ 无新装备_     _         "
		],
		[
			" 信仰护腿_ 信仰之靴_ 信仰之盔_ 信仰项链_ 信仰护手_ 信仰指环",
			" 真理护腿_ 真理之靴_ 真理之盔_ 真理项链_ 真理护手_ 真理指环",
			" 轨迹护腿_ 轨迹之靴_ 轨迹之盔_ 轨迹项链_ 轨迹护手_ 轨迹指环",
			" 坚壁护腿_ 坚壁之靴_ 坚壁之盔_ 坚壁项链_ 坚壁护手_ 坚壁指环"
		]
	],
	"LiantiLevel_name": [
		"自然守护",
		"潮汐守护",
		"耀光守护",
		"幻灵守护",
		"堕落守护",
		"金刚守护",
		"梵刹守护",
		"光明守护",
		"灵魂守护",
		"赤炎守护",
		"黑暗守护",
		"星空守护",
		"猩红守护",
		"剑神守护"
	],
	"cashProfit": [
		"活动规则：\n1、购买礼包即可获得现金红包。\n2、此活动每个礼包、每个ID每天只能参与一次。\n3、每天服务器时间00:00:00，刷新现金红包领取次数。\n4、现金红包活动不计入首充、不参与累充活动、不提供VIP经\n   验。",
		"活动规则：\n1、连续7天登陆游戏，每日登录100%获得现金红包，最高可获\n   得20元。\n2、第3天登陆游戏可提现，提现金额为当前红包余额。\n3、连续登陆7天可以全额提现，若登录天数未满7天，则第7天\n   无法提现。\n4、每天每个账号仅能提现一次。\n5、现金红包会通过QQ钱包，以对话消息的形式提示玩家领取。\n6、超过24小时未领取红包则默认玩家放弃领取，系统会自动收\n   回，经收回不补发，请玩家留意消息及时领取。\n<该活动最终解释权归XXXXXXXXXXXXXXX公司所有。>",
		"提现说明：\n1、红包金额达到提现要求后可进行提现。\n2、每天每个账号仅能提现一次，档位只能提现一次。\n3、现金红包会通过QQ钱包，以对话消息的形式提示玩家领取。\n4、超过24小时未领取红包默认玩家放弃领取，系统会自动收回，\n   经收回不补发，请玩家留意消息及时领取。"
	],
	"propertyName": {
		"85": "护甲",
		"95": "功勋",
		"96": "积分",
		"120": "玉佩值",
		"122": "如意值",
		"121": "龙珠值",
		"123": "神石值",
		"68": "经验",
		"74": "绑元",
		"75": "元宝",
		"76": "绑定灵符",
		"77": "灵符",
		"78": "跨服积分",
		"79": "金币",
		"115": "修为",
		"139": "充值点",
		"140": "黄金充值点",
		"141": "白金充值点",
		"142": "钻石充值点"
	},
	"OpenActor": [
		"<font color='#71664e'>可穿戴装备从<font color='#44b32b'>60级</font>提升至<font color='#44b32b'>70级</font></font>|<font color='#71664e'>可穿戴装备从<font color='#44b32b'>80级</font>提升至<font color='#44b32b'>90级</font></font>",
		"<font color='#71664e'>可穿戴装备从<font color='#44b32b'>70级</font>提升至<font color='#44b32b'>80级</font></font>|<font color='#71664e'>可穿戴装备从<font color='#44b32b'>90级</font>提升至<font color='#44b32b'>1转</font></font>",
		"<font color='#71664e'>可穿戴装备从<font color='#44b32b'>80级</font>提升至<font color='#44b32b'>90级</font></font>|<font color='#71664e'>可穿戴装备从<font color='#44b32b'>1转</font>提升至<font color='#44b32b'>2转</font></font>",
		"<font color='#71664e'>可穿戴装备从<font color='#44b32b'>90级</font>提升至<font color='#44b32b'>1转</font></font>|<font color='#71664e'>可穿戴装备从<font color='#44b32b'>2转</font>提升至<font color='#44b32b'>3转</font></font>",
		"<font color='#71664e'>可穿戴装备从<font color='#44b32b'>1转</font>提升至<font color='#44b32b'>2转</font></font>|<font color='#71664e'>可穿戴装备从<font color='#44b32b'>3转</font>提升至<font color='#44b32b'>4转</font></font>",
		"<font color='#71664e'>可穿戴装备从<font color='#44b32b'>2转</font>提升至<font color='#44b32b'>3转</font></font>|<font color='#71664e'>可穿戴装备从<font color='#44b32b'>4转</font>提升至<font color='#44b32b'>5转</font></font>",
		"<font color='#71664e'>可穿戴装备从<font color='#44b32b'>3转</font>提升至<font color='#44b32b'>4转</font></font>|<font color='#71664e'>可穿戴装备从<font color='#44b32b'>5转</font>提升至<font color='#44b32b'>6转</font></font>",
		"<font color='#71664e'>可穿戴装备从<font color='#44b32b'>4转</font>提升至<font color='#44b32b'>5转</font></font>|<font color='#71664e'>可穿戴装备从<font color='#44b32b'>6转</font>提升至<font color='#44b32b'>7转</font></font>",
		"<font color='#71664e'>可穿戴装备从<font color='#44b32b'>5转</font>提升至<font color='#44b32b'>6转</font></font>|<font color='#71664e'>可穿戴装备从<font color='#44b32b'>7转</font>提升至<font color='#44b32b'>8转</font></font>",
		"<font color='#71664e'>可穿戴装备从<font color='#44b32b'>6转</font>提升至<font color='#44b32b'>7转</font></font>|<font color='#71664e'>可穿戴装备从<font color='#44b32b'>8转</font>提升至<font color='#44b32b'>9转</font></font>",
		"<font color='#71664e'>可穿戴装备从<font color='#44b32b'>7转</font>提升至<font color='#44b32b'>8转</font></font>|<font color='#71664e'>可穿戴装备从<font color='#44b32b'>9转</font>提升至<font color='#44b32b'>10转</font></font>",
		"<font color='#71664e'>可穿戴装备从<font color='#44b32b'>8转</font>提升至<font color='#44b32b'>9转</font></font>|<font color='#71664e'>可穿戴装备从<font color='#44b32b'>10转</font>提升至<font color='#44b32b'>11转</font></font>",
		"<font color='#71664e'>可穿戴装备从<font color='#44b32b'>9转</font>提升至<font color='#44b32b'>10转</font></font>|<font color='#71664e'>可穿戴装备从<font color='#44b32b'>11转</font>提升至<font color='#44b32b'>12转</font></font>",
		"<font color='#71664e'>可穿戴装备从<font color='#44b32b'>10转</font>提升至<font color='#44b32b'>11转</font></font>|<font color='#71664e'>可穿戴装备从<font color='#44b32b'>12转</font>提升至<font color='#44b32b'>13转</font></font>",
		"<font color='#71664e'>可穿戴装备从<font color='#44b32b'>11转</font>提升至<font color='#44b32b'>12转</font></font>|<font color='#71664e'>可穿戴装备从<font color='#44b32b'>12转</font>提升至<font color='#44b32b'>13转</font></font>",
		"<font color='#71664e'>可穿戴装备从<font color='#44b32b'>12转</font>提升至<font color='#44b32b'>13转</font></font>|<font color='#71664e'>可穿戴装备从<font color='#44b32b'>12转</font>提升至<font color='#44b32b'>13转</font></font>"
	],
	"skillQuality": [
		"天 赋",
		"新兵级",
		"老兵级",
		"祖玛级",
		"赤月级",
		"魔龙级",
		"火龙级",
		"天龙级",
		"被 动",
		"被 动",
		"被 动",
		"被 动"
	],
	"setting": [
		"生命低于<font color='#1ccb14'>$value$</font>自动使用回城石",
		"生命低于<font color='#1ccb14'>$value$</font>自动使用随机石",
		"角色生命低于<font color='#1ccb14'>$value$</font>使用",
		"角色生命低于<font color='#1ccb14'>$value$</font>使用",
		"角色蓝量低于<font color='#1ccb14'>$value$</font>使用",
		"角色蓝量低于<font color='#1ccb14'>$value$</font>使用"
	],
	"setDesc": [
		"勾选后,屏蔽其他玩家召唤物",
		"勾选后,屏蔽所有玩家模型",
		"勾选后,屏蔽普通怪物模型",
		"勾选后,屏蔽同行会玩家模型",
		"勾选后,屏蔽所有技能特效",
		"勾选后,将持续攻击目标直至目标丢失",
		
		"勾选后,会在自动战斗中移动到刺杀位攻击",
		"勾选后,当烈火可释放时,自动释放",
		"勾选后,自动释放逐日剑法",
		"勾选后,首次刺杀时会对在刺杀位进行攻击",
		"勾选后,当周围有2个以上的攻击目标时,会使用半月弯刀进行攻击",
		"勾选后,自动释放开天剑法",
		
		"勾选后,在魔法盾消失后会自动释放魔法盾",
		"勾选后,会自动在目标脚下释放火墙",
		"勾选后,优先使用当前设置的单体技能",
		"勾选后,优先使用当前设置的群体技能",
		"勾选后,会自动对目标使用施毒术",
		"勾选后,会自动对目标使用嗜血术",
		"勾选后,在无召唤物的情况下,自动使用选定的召唤技能",
		"",
		"勾选后,未存在防御术情况下,自动使用防御术",
		"勾选后,只使用当前设置的单体技能",
		"勾选后,自动释放无极真气",
		"勾选后,同方向且在冲撞距离才会自动释放",
		"勾选后,自动释放狮子吼",
		"勾选后,自动灵宝技能",
		"勾选后,自动释放流星火雨",
		"勾选后，同屏玩家数量过多自动屏蔽其他玩家"
	],
	"quicks": [
		"组队打BOSS，组我！组我！组我！",
		"先清人！先清人！先清人！",
		"先杀BOSS！先杀BOSS！先杀BOSS！",
		"法师补一下火墙！！",
		"道士补一下防御！！",
		"发坐标！发坐标！发坐标！",
		"兄弟们集合！集合！集合！再冲一波！",
		"你是GG还是MM！",
		"我刚刚上架了珍惜道具，快打开拍卖行看看吧！",
		"这里有人了,让一让！",
		"玩得这么666,加个好友呗！",
		"12345,挖矿真辛苦,挖的全是铜,纯度还是5！"	
	],
	"shenLuTitle": [
		"玉佩",
		"如意",
		"神石",
		"龙珠"
	],
	"shenLuPage": [
		"玉 佩",
		"如 意",
		"神 石",
		"龙 珠"
	],
	"shenLuName": [
		[
			"太初玉佩",
			"两仪玉佩",
			"三才玉佩",
			"四象玉佩",
			"五行玉佩",
			"六合玉佩",
			"圣·七星玉佩",
			"仙·七星玉佩",
			"神·七星玉佩",
			"圣·八卦玉佩",
			"仙·八卦玉佩",
			"神·八卦玉佩",
			"圣·九宫玉佩",
			"仙·九宫玉佩",
			"神·九宫玉佩",
			"圣·十方玉佩",
			"仙·十方玉佩",
			"神·十方玉佩"
		],
		[
			"太初如意",
			"两仪如意",
			"三才如意",
			"四象如意",
			"五行如意",
			"六合如意",
			"圣·七星如意",
			"仙·七星如意",
			"神·七星如意",
			"圣·八卦如意",
			"仙·八卦如意",
			"神·八卦如意",
			"圣·九宫如意",
			"仙·九宫如意",
			"神·九宫如意",
			"圣·十方如意",
			"仙·十方如意",
			"神·十方如意"
		],
		[
			"太初神石",
			"两仪神石",
			"三才神石",
			"四象神石",
			"五行神石",
			"六合神石",
			"圣·七星神石",
			"仙·七星神石",
			"神·七星神石",
			"圣·八卦神石",
			"仙·八卦神石",
			"神·八卦神石",
			"圣·九宫神石",
			"仙·九宫神石",
			"神·九宫神石",
			"圣·十方神石",
			"仙·十方神石",
			"神·十方神石"
		],
		[
			"太初龙珠",
			"两仪龙珠",
			"三才龙珠",
			"四象龙珠",
			"五行龙珠",
			"六合龙珠",
			"圣·七星龙珠",
			"仙·七星龙珠",
			"神·七星龙珠",
			"圣·八卦龙珠",
			"仙·八卦龙珠",
			"神·八卦龙珠",
			"圣·九宫龙珠",
			"仙·九宫龙珠",
			"神·九宫龙珠",
			"圣·十方龙珠",
			"仙·十方龙珠",
			"神·十方龙珠"
		]
	],
	"shenLuTipsDes": [
		"在<font color='#1ccb14'>【神炉】</font>中消耗<font color='#1ccb14'>玉佩碎片</font>升级，极大提升人物<font color='#1ccb14'>生命值</font>",
		"在<font color='#1ccb14'>【神炉】</font>中消耗<font color='#1ccb14'>如意碎片</font>升级，极大提升人物<font color='#1ccb14'>防御力</font>",
		"在<font color='#1ccb14'>【神炉】</font>中消耗<font color='#1ccb14'>神石碎片</font>升级，极大提升人物<font color='#1ccb14'>攻击力</font>",
		"在<font color='#1ccb14'>【神炉】</font>中消耗<font color='#1ccb14'>龙珠碎片</font>升级，极大提升人物<font color='#1ccb14'>暴击率</font>"
	],
	"growUpName": [
		"精炼",
		"吞噬",
		"吞噬",
		"吞噬",
		"吞噬",
		"飞升",
		"兵魂强化"
	],
	"growUpBtnName": [
		"精 炼",
		"吞 噬",
		"吞 噬",
		"吞 噬",
		"吞 噬",
		"强 化",
		"强 化"
	],
	"sasangPage": [
		"青 龙",
		"白 虎",
		"朱 雀",
		"玄 武"
	],
	"sasangTitle": [
		"青龙",
		"白虎",
		"朱雀",
		"玄武"
	],
	"sasangPosName": [
		"神兵",
		"神魂",
		"神魄",
		"神心",
		"神印",
		"神牌"
	],
	"sasangTypeName": [
		"凡级",
		"宝级",
		"法级",
		"灵级",
		"玄级",
		"仙级",
		"圣级",
		"神级",
		"混元",
		"混沌",
		"鸿蒙",
		"造化"
	],
	"wingName": [
		"一阶翅膀",
		"二阶翅膀",
		"三阶翅膀",
		"四阶翅膀",
		"五阶翅膀",
		"六阶翅膀",
		"七阶翅膀",
		"八阶翅膀",
		"九阶翅膀",
		"十阶翅膀",
		"十一阶翅膀",
		"十二阶翅膀",
		"十三阶翅膀",
		"十四阶翅膀",
		"十五阶翅膀"
	],
	"wingPosName": [
		"翼轴",
		"翼石",
		"翼羽",
		"翼足",
		"翼魂",
		"翼骨"
	],
	"csEquipName": [
		"『青龍』",
		"『灵龍』",
		"『苍龍』",
		"『金龍』",
		"『赤龍』"
	],
	"bhPosName": [
		"头盔",
		"武器",
		"衣服",
		"项链",
		"腰带",
		"手镯",
		"手镯",
		"戒指",
		"戒指",
		"鞋子",
		"青龙印",
		"白虎印",
		"朱雀印",
		"玄武印"
	],
	"bhEquipLevel": [
		"80级及以上",
		"90级及以上",
		"1转及以上",
		"2转及以上",
		"4转及以上",
		"6转及以上",
		"8转及以上",
		"10转及以上",
		"12转及以上",
		"14转及以上"
	],
	"ringPosName": [
		"麻痹",
		"护体",
		"复活",
		"神力",
		"生命",
		"防御",
		"暴击",
		"治疗"
	],
	"itemType": [
		"未定义类型0",
		"武器",
		"衣服",
		"头盔",
		"项链",
		"手镯",
		"戒指",
		"腰带",
		"鞋子",
		"神剑",
		"斗笠",
		"神盾",
		"特戒",
		"特戒",
		"治疗石",
		"灵宝",
		"未定义类型16",
		"未定义类型17",
		"面具",
		"玉佩",
		"龙头",
		"龙角",
		"龙眼",
		"龙牙",
		"龙爪",
		"龙脊",
		"龙珠",
		"龙尾",
		"未定义类型28",
		"未定义类型29",
		"猪王魔魂",
		"祖玛魔魂",
		"尸王魔魂",
		"赤月魔魂",
		"牛魔魔魂",
		"黄泉魔魂",
		"魔龙魔魂",
		"雪域魔魂",
		"蛛王魔魂",
		"火龙魔魂",
		"蛇魔魔魂",
		"蛮荒魔魂",
		"魂甲",
		"魂链",
		"魂带",
		"魂镯",
		"魂戒",
		"魂靴",
		"魂印",
		"魂印",
		"魂印",
		"魂印",
		"未定义类型52",
		"未定义类型53",
		"未定义类型54",
		"未定义类型55",
		"未定义类型56",
		"未定义类型57",
		"未定义类型58",
		"未定义类型59",
		"四象-青龙",
		"四象-白虎",
		"四象-朱雀",
		"四象-玄武",
		"未定义类型64",
		"未定义类型65",
		"未定义类型66",
		"未定义类型67",
		"未定义类型68",
		"未定义类型69",
		"未定义类型70",
		"武器",
		"衣服",
		"头盔",
		"项链",
		"手镯",
		"戒指",
		"腰带",
		"鞋子",
		"未定义类型79",
		"幻舞",
		"时装",
		"幻翼",
		"神器激活碎片",
		"神器升级碎片",
		"传世装备",
		"官印",
		"奥义卷轴",
		"奥义技能书",
		"兵魂宝石",
		"改名卡",
		"卡牌",
		"战印",
		"绝版秀武器",
		"绝版秀衣服",
		"绝版秀翅膀",
		"真元道具",
		"绝版秀足迹",
		"未定义类型98",
		"未定义类型99",
		"主宰道具(重金求购)",
		"任务物品",
		"功能物品",
		"普通药品",
		"速回药品",
		"龙珠",
		"功能物品",
		"未定义类型107",
		"神装物器",
		"图鉴碎片",
		"未定义类型110",
		"未定义类型111",
		"未定义类型112",
		"未定义类型113",
		"未定义类型114",
		"未定义类型115",
		"未定义类型116",
		"未定义类型117",
		"翅膀装备",
		"青铜器|青铜器|陶器|瓷器|金银器|玉器",
		"会员",
		"特殊物品",
		"战魂",
		"宝箱",
		"宠物技能",
		"未定义类型125",
		"宠物装备",
		"宠物",
		"天赋",
		"内丹",
		"玄冰剑",
		"东皇钟",
		"女娲佩",
		"镇山涧",
		"睡火莲",
		"盘古幡",
		"新神造1",
		"新神造2",
		"淬炼材料",
		"新神造4",
		"新神造5",
		"新神造6",
		"护盾",
		"治疗石",
		"面甲",
		"吊坠",
		"护肩",
		"护膝",
		"封号",
		"封号",
		"宝石",
		"宝石",
		"宝石",
		"宝石",
		"宝石",
		"宝石",
		"未定义类型156",
		"战鼓",
		"宝箱",
		"未定义类型159",
		"功能物品",
		"功能物品",
		"时装",
		"经验卷轴",
		"未定义类型164",
		"未定义类型165",
		"未定义类型166",
		"经验道具",
		"未定义类型168",
		"未定义类型169",
		"经验道具",
		"功能物品",
		"天雷引",
		"元屠阿鼻",
		"聚魂金钹",
		"翻天印",
		"兜率宝伞",
		"混沌葫芦",
		"轮回鞭尸戒",
		"赞助飞剑",
		"技能铭文",
		"小李飞刀",
		"易 筋 经",
		"嫁衣神功",
		"大 悲 赋",
		"凌波微步",
		"独孤九剑",
		"斗转星移",
		"七 伤 拳",
		"弹指神通",
		"打狗棒法",
		"太 极 功",
		"葵花宝典",
		"马铠",
		"马鞍",
		"缰绳",
		"马镫",
		"蹄铁",
		"马鞭",
		"魔魂·残",
		"未定义类型200",
		"会员凭证",
		"地图门票",
		"飞剑时装",
		"未定义类型204",
		"未定义类型205",
		"未定义类型206",
		"未定义类型207",
		"未定义类型208",
		"未定义类型209",
		"坐骑时装",
		"神兵",
		"神甲",
		"神盔",
		"神链",
		"神镯",
		"神戒",
		"神带",
		"神靴",
		"转职道具",
		"鼠",
		"牛",
		"虎",
		"兔",
		"龙",
		"蛇",
		"马",
		"羊",
		"猴",
		"鸡",
		"狗",
		"猪"
	],
	"zodiacTypeName": [
		"猪王魔魂",
		"祖玛魔魂",
		"尸王魔魂",
		"赤月魔魂",
		"牛魔魔魂",
		"黄泉魔魂",
		"魔龙魔魂",
		"雪域魔魂",
		"蛛王魔魂",
		"火龙魔魂",
		"蛇魔魔魂",
		"蛮荒魔魂"	
	],
	"ActiveTargetIndexName": [
		"每天登录",
		"首领BOSS",
		"至尊BOSS",
		"地心首领",
		"灵石魔神",
		"[至尊]神龙"
	],
	"mining": [
		"感谢您的无私馈赠",
		"有本事PK夺回来 ",
		"你这挖的矿也忒少了"
	],
	"teleProtName": [
		[
			"麻痹殿堂",
			"护体殿堂",
			"复活殿堂",
			"神力殿堂",
			"生命殿堂",
			"防御殿堂",
			"暴击殿堂",
			"治疗殿堂"
		],
		[
			"宠物岛一层($value$星)",
			"宠物岛二层($value$星)",
			"宠物岛三层($value$星)",
			"宠物岛四层($value$星)",
			"宠物岛五层($value$星)",
			"宠物岛六层($value$星)",
			"宠物岛七层($value$星)",
			"宠物岛八层($value$星)"
		]
	],
	"abyssFuben": [
		"1.获得<font color='#1ccb14'>兵魂装备</font>即可<font color='#1ccb14'>提升抗魔值</font>。\n2.击杀BOSS则扣除归属者的剩余归属次数<font color='#1ccb14'>1</font>点。\n3.剩余归属次数每天上限<font color='#1ccb14'>3</font>点，消耗剩余归属次数后每隔一段时间会恢复带你数，至到恢复满每天上限后不在再恢复。\n4.BOSS死亡后的全部<font color='#1ccb14'>掉落物</font>只有BOSS归属者获得\n5.如果当前没有剩余归属次数的玩家击杀了BOSS后会没有掉落物",
		"1.兵魂装备等级越高抗魔值越高\n2.副本通关时间为30分钟,难度越高爆率越高\n3.抗魔值高于推荐值即可碾压BOSS\n4.推荐组队进入挑战",
		"队伍中有下列玩家无法进入当前难度!<font color='#FFD700'>$value$</font>\n是否继续开启\n可进入人数<font color='#FFD700'>$value$</font>",
		"副本难度较高确定是否进入挑战？\n<font color='#FFD700'>\n（推荐组队进入）</font>",
		"1.每日充值任意金额即可羁绊占卜并获得免费占卜次数<font color='#1ccb14'>1</font>次\n2.占卜后随机获得该副本爆率加成，每日<font color='#1ccb14'>0</font>点清空\n3.花费<font color='#1ccb14'>$value$灵符</font>可重新占卜重置爆率，爆率加成最高为<font color='#1ccb14'>100%</font>",
		"您确定花费<font color = '#1ccb14'>$val$</font>购买1次挑战次数吗?\n(今天已购买<font color='#1ccb14'>$v1$/$v2$次</font>)"
	],
	"runRound": [
		"$a$怪物",
		"$a$BOSS",
		"$a$的小怪/精英怪",
		"$a$的$aaa$"
	],
	"jobTalent": [
		"天赋职业规则"
	],
	"xunbaoPageName": [
		"兑换武器",
		"兑换衣服",
		"男女衣服互换",
		"兑换头盔",
		"兑换项链",
		"兑换手镯",
		"兑换戒指",
		"兑换腰带",
		"兑换鞋子",
		"兑换其它"
	],
	"xunbaoPageName1": [
		"兑换豪礼"
	],
	"guideText": [
		"点击任务",
		"点击关闭",
		"点击学习技能",
		"选择回复药",
		"打开宠物",
		"召唤宠物",
		"点击勾选",
		"再次勾选",
		"点击回收装备",
		"切换页签",
		"点击进入地图",
		"提升矿工品质",
		"继续提升",
		"提升第3次",
		"开挖",
		"强化至+3",
		"强化2次",
		"强化3次",
		"开始挑战",
		"打开设置",
		"打开锻造",
		"继续任务",
		"点击回到主城",
		"打开商城",
		"点击购买",
		"确认购买",
		"立即召唤",
		"进入个人BOSS",
		"进入主宰BOSS",
		"打开装扮",
		"打开助手界面",
		"勾选召唤助手",
		"了解狂爆之力"
	],
	"jobNameFuHun": [
		"战神",
		"法神",
		"道尊"
	],
	"serverGift": [
		"复活礼包",
		"面具礼包",
		"玉佩礼包",
		"斗笠礼包"
	],
	"WarPermit": [
		"每日任务",
		"成长历练",
		"大展身手",
		"宝物强化",
		"神兵磨砺"
	],
	"ghostBodyDetail": {
		"1": "<font color='#e6dbbb'>五行圣体LV.1</font>\n<font color='#ec8224'>打怪伤害+2%   魔攻道+1%   反伤减免+1080</font>",
		"2": "<font color='#e6dbbb'>五行圣体LV.2</font>\n<font color='#ec8224'>打怪伤害+4%   魔攻道+2%   反伤减免+3880</font>",
		"3": "<font color='#e6dbbb'>五行圣体LV.3</font>\n<font color='#ec8224'>打怪伤害+6%   魔攻道+3%   反伤减免+5880</font>",
		"4": "<font color='#e6dbbb'>五行圣体LV.4</font>\n<font color='#ec8224'>打怪伤害+8%   魔攻道+4%   反伤减免+8880</font>",
		"5": "<font color='#e6dbbb'>五行圣体LV.5</font>\n<font color='#ec8224'>打怪伤害+10%  魔攻道+5%   反伤减免+12880</font>",
		"6": "<font color='#e6dbbb'>五行圣体LV.6</font>\n<font color='#ec8224'>打怪伤害+12%  魔攻道+6%   反伤减免+15480</font>",
		"7": "<font color='#e6dbbb'>五行圣体LV.7</font>\n<font color='#ec8224'>打怪伤害+14%  魔攻道+7%   反伤减免+18880</font>",
		"8": "<font color='#e6dbbb'>五行圣体LV.8</font>\n<font color='#ec8224'>打怪伤害+16%  魔攻道+8%   反伤减免+22380</font>",
		"9": "<font color='#e6dbbb'>五行圣体LV.9</font>\n<font color='#ec8224'>打怪伤害+18%  魔攻道+9%   反伤减免+25580</font>",
		"10": "<font color='#e6dbbb'>五行圣体LV.10</font>\n<font color='#ec8224'>打怪伤害+20%  魔攻道+10%  反伤减免+28880</font>",
		"11": "<font color='#e6dbbb'>五行圣体LV.11</font>\n<font color='#ec8224'>打怪伤害+22%  魔攻道+11%  反伤减免+32280</font>",
		"12": "<font color='#e6dbbb'>五行圣体LV.12</font>\n<font color='#ec8224'>打怪伤害+24%  魔攻道+12%  反伤减免+35580</font>",
		"13": "<font color='#e6dbbb'>五行圣体LV.13</font>\n<font color='#ec8224'>打怪伤害+26%  魔攻道+13%  反伤减免+38880</font>",
		"14": "<font color='#e6dbbb'>五行圣体LV.14</font>\n<font color='#ec8224'>打怪伤害+28%  魔攻道+14%  反伤减免+42280</font>",
		"15": "<font color='#e6dbbb'>五行圣体LV.15</font>\n<font color='#ec8224'>打怪伤害+30%  魔攻道+15%  反伤减免+45580</font>",
		"16": "<font color='#e6dbbb'>五行圣体LV.16</font>\n<font color='#ec8224'>打怪伤害+32%  魔攻道+16%  反伤减免+48880</font>",
		"17": "<font color='#e6dbbb'>五行圣体LV.17</font>\n<font color='#ec8224'>打怪伤害+34%  魔攻道+17%  反伤减免+52280</font>",
		"18": "<font color='#e6dbbb'>五行圣体LV.18</font>\n<font color='#ec8224'>打怪伤害+36%  魔攻道+18%  反伤减免+55580</font>",
		"19": "<font color='#e6dbbb'>五行圣体LV.19</font>\n<font color='#ec8224'>打怪伤害+38%  魔攻道+19%  反伤减免+58880</font>",
		"20": "<font color='#e6dbbb'>五行圣体LV.20</font>\n<font color='#ec8224'>打怪伤害+40%  魔攻道+20%  反伤减免+62280</font>",
		"21": "<font color='#e6dbbb'>五行圣体LV.21</font>\n<font color='#ec8224'>打怪伤害+42%  魔攻道+21%  反伤减免+65580</font>",
		"22": "<font color='#e6dbbb'>五行圣体LV.22</font>\n<font color='#ec8224'>打怪伤害+44%  魔攻道+22%  反伤减免+68880</font>",
		"23": "<font color='#e6dbbb'>五行圣体LV.23</font>\n<font color='#ec8224'>打怪伤害+46%  魔攻道+23%  反伤减免+72280</font>",
		"24": "<font color='#e6dbbb'>五行圣体LV.24</font>\n<font color='#ec8224'>打怪伤害+48%  魔攻道+24%  反伤减免+75580</font>",
		"25": "<font color='#e6dbbb'>五行圣体LV.25</font>\n<font color='#ec8224'>打怪伤害+50%  魔攻道+25%  反伤减免+78880</font>",
		"26": "<font color='#e6dbbb'>五行圣体LV.26</font>\n<font color='#ec8224'>打怪伤害+52%  魔攻道+26%  反伤减免+82380</font>",
		"27": "<font color='#e6dbbb'>五行圣体LV.27</font>\n<font color='#ec8224'>打怪伤害+54%  魔攻道+27%  反伤减免+85680</font>",
		"28": "<font color='#e6dbbb'>五行圣体LV.28</font>\n<font color='#ec8224'>打怪伤害+56%  魔攻道+28%  反伤减免+88880</font>",
		"29": "<font color='#e6dbbb'>五行圣体LV.29</font>\n<font color='#ec8224'>打怪伤害+58%  魔攻道+29%  反伤减免+92280</font>",
		"30": "<font color='#e6dbbb'>五行圣体LV.30</font>\n<font color='#ec8224'>打怪伤害+60%  魔攻道+30%  反伤减免+95580</font>",
		"31": "<font color='#e6dbbb'>五行圣体LV.31</font>\n<font color='#ec8224'>打怪伤害+62%  魔攻道+31%  反伤减免+98880</font>",
		"32": "<font color='#e6dbbb'>五行圣体LV.32</font>\n<font color='#ec8224'>打怪伤害+64%  魔攻道+32%  反伤减免+102380</font>",
		"33": "<font color='#e6dbbb'>五行圣体LV.33</font>\n<font color='#ec8224'>打怪伤害+66%  魔攻道+33%  反伤减免+105580</font>",
		"34": "<font color='#e6dbbb'>五行圣体LV.34</font>\n<font color='#ec8224'>打怪伤害+68%  魔攻道+34%  反伤减免+108880</font>",
		"35": "<font color='#e6dbbb'>五行圣体LV.35</font>\n<font color='#ec8224'>打怪伤害+70%  魔攻道+35%  反伤减免+112380</font>",
		"36": "<font color='#e6dbbb'>五行圣体LV.36</font>\n<font color='#ec8224'>打怪伤害+72%  魔攻道+36%  反伤减免+115580</font>",
		"37": "<font color='#e6dbbb'>五行圣体LV.37</font>\n<font color='#ec8224'>打怪伤害+74%  魔攻道+37%  反伤减免+118880</font>",
		"38": "<font color='#e6dbbb'>五行圣体LV.38</font>\n<font color='#ec8224'>打怪伤害+76%  魔攻道+38%  反伤减免+122280</font>",
		"39": "<font color='#e6dbbb'>五行圣体LV.39</font>\n<font color='#ec8224'>打怪伤害+78%  魔攻道+39%  反伤减免+125580</font>",
		"40": "<font color='#e6dbbb'>五行圣体LV.40</font>\n<font color='#ec8224'>打怪伤害+80%  魔攻道+40%  反伤减免+128880</font>",
		"41": "<font color='#e6dbbb'>五行圣体LV.41</font>\n<font color='#ec8224'>打怪伤害+82%  魔攻道+41%  反伤减免+132280</font>",
		"42": "<font color='#e6dbbb'>五行圣体LV.42</font>\n<font color='#ec8224'>打怪伤害+84%  魔攻道+42%  反伤减免+135580</font>",
		"43": "<font color='#e6dbbb'>五行圣体LV.43</font>\n<font color='#ec8224'>打怪伤害+86%  魔攻道+43%  反伤减免+138880</font>",
		"44": "<font color='#e6dbbb'>五行圣体LV.44</font>\n<font color='#ec8224'>打怪伤害+88%  魔攻道+44%  反伤减免+142380</font>",
		"45": "<font color='#e6dbbb'>五行圣体LV.45</font>\n<font color='#ec8224'>打怪伤害+90%  魔攻道+45%  反伤减免+145580</font>",
		"46": "<font color='#e6dbbb'>五行圣体LV.46</font>\n<font color='#ec8224'>打怪伤害+92%  魔攻道+46%  反伤减免+148880</font>",
		"47": "<font color='#e6dbbb'>五行圣体LV.47</font>\n<font color='#ec8224'>打怪伤害+94%  魔攻道+47%  反伤减免+152280</font>",
		"48": "<font color='#e6dbbb'>五行圣体LV.48</font>\n<font color='#ec8224'>打怪伤害+96%  魔攻道+48%  反伤减免+155580</font>",
		"49": "<font color='#e6dbbb'>五行圣体LV.49</font>\n<font color='#ec8224'>打怪伤害+98%  魔攻道+49%  反伤减免+158880</font>",
		"50": "<font color='#e6dbbb'>五行圣体LV.50</font>\n<font color='#ec8224'>打怪伤害+100% 魔攻道+50%  反伤减免+162280</font>"
	},
	"ghostBodyConsume": {
		"175": "<font color='#e6dbbb'> [全部技能]</font><font color='#b8a470'>1-10级消耗：</font>\n<font color='#ec8224'> 阴阳仙草*10 紫背天葵*10</font>\n<font color='#ff0502'> 前10级提升100%成功</font>",
		"176": "<font color='#e6dbbb'> [全部技能]</font><font color='#b8a470'>11-13级消耗：</font>\n<font color='#ec8224'> 阴阳仙草*30 紫背天葵*30 金币*30万</font>\n<font color='#e6dbbb'> [全部技能]</font><font color='#b8a470'>14-15级消耗：</font>\n<font color='#ec8224'> 阴阳仙草*50 紫背天葵*50 金币*30万</font>\n<font color='#e6dbbb'> [全部技能]</font><font color='#b8a470'>16-17级消耗：</font>\n<font color='#ec8224'> 阴阳仙草*50 紫背天葵*50 金币*50万</font>\n<font color='#e6dbbb'> [全部技能]</font><font color='#b8a470'>18-19级消耗：</font>\n<font color='#ec8224'> 阴阳仙草*70 紫背天葵*70 金币*50万</font>\n\n<font color='#ff0502'> 升级失败时，等级会降低1级\n 升级到13级后不会掉到13级以下\n 升级到15级后不会掉到15级以下\n 升级到19级后不会掉到19级以下</font>",
		"177": "<font color='#e6dbbb'> [全部技能]</font><font color='#b8a470'>19-20级消耗：</font>\n<font color='#ec8224'> 阴阳仙草*70 紫背天葵*70 金币*50万</font>\n<font color='#e6dbbb'> [全部技能]</font><font color='#b8a470'>21-23级消耗：</font>\n<font color='#ec8224'> 阴阳仙草*80 紫背天葵*80 金币*80万</font>\n<font color='#e6dbbb'> [全部技能]</font><font color='#b8a470'>24-25级消耗：</font>\n<font color='#ec8224'> 阴阳仙草*90 紫背天葵*90 金币*80万</font>\n<font color='#e6dbbb'> [全部技能]</font><font color='#b8a470'>26-27级消耗：</font>\n<font color='#ec8224'> 阴阳仙草*90 紫背天葵*90 金币*100万</font>\n<font color='#e6dbbb'> [全部技能]</font><font color='#b8a470'>28-30级消耗：</font>\n<font color='#ec8224'> 阴阳仙草*100 紫背天葵*100 金币*100万</font>\n\n<font color='#ff0502'> 升级失败时，等级会降低1级\n 升级到22级后不会掉到22级以下\n 升级到24级后不会掉到24级以下\n 升级到27级后不会掉到27级以下\n 升级到30级后不会掉到30级以下</font>",
		"178": "<font color='#e6dbbb'> [全部技能]</font><font color='#b8a470'>31-33级消耗：</font>\n<font color='#ec8224'> 阴阳仙草*110 紫背天葵*110 金币*110万</font>\n<font color='#e6dbbb'> [全部技能]</font><font color='#b8a470'>34-35级消耗：</font>\n<font color='#ec8224'> 阴阳仙草*120 紫背天葵*120 金币*110万</font>\n<font color='#e6dbbb'> [全部技能]</font><font color='#b8a470'>36-39级消耗：</font>\n<font color='#ec8224'> 阴阳仙草*130 紫背天葵*130 金币*130万</font>\n<font color='#e6dbbb'> [全部技能]</font><font color='#b8a470'>40级消耗：</font>\n<font color='#ec8224'> 阴阳仙草*140 紫背天葵*140 金币*130万</font>\n<font color='#e6dbbb'> [全部技能]</font><font color='#b8a470'>41-43级消耗：</font>\n<font color='#ec8224'> 阴阳仙草*140 紫背天葵*140 金币*140万</font>\n<font color='#e6dbbb'> [全部技能]</font><font color='#b8a470'>44-45级消耗：</font>\n<font color='#ec8224'> 阴阳仙草*150 紫背天葵*150 金币*140万</font>\n<font color='#e6dbbb'> [全部技能]</font><font color='#b8a470'>46级消耗：</font>\n<font color='#ec8224'> 阴阳仙草*150 紫背天葵*150 金币*160万</font>\n<font color='#e6dbbb'> [全部技能]</font><font color='#b8a470'>47-50级消耗：</font>\n<font color='#ec8224'> 阴阳仙草*160 紫背天葵*160 金币*160万</font>\n<font color='#ff0502'> 升级失败时，等级会降低1级\n 升级到34级后不会掉到34级以下\n 升级到38级后不会掉到38级以下\n 升级到40级后不会掉到40级以下\n 升级到43级后不会掉到43级以下\n 升级到46级后不会掉到46级以下</font>",
		"179": "<font color='#e6dbbb'> [全部技能]</font><font color='#b8a470'>41-43级消耗：</font>\n<font color='#ec8224'> 阴阳仙草*140 紫背天葵*140 金币*140万</font>\n<font color='#e6dbbb'> [全部技能]</font><font color='#b8a470'>44-45级消耗：</font>\n<font color='#ec8224'> 阴阳仙草*150 紫背天葵*150 金币*140万</font>\n<font color='#e6dbbb'> [全部技能]</font><font color='#b8a470'>46级消耗：</font>\n<font color='#ec8224'> 阴阳仙草*150 紫背天葵*150 金币*160万</font>\n<font color='#e6dbbb'> [全部技能]</font><font color='#b8a470'>47-50级消耗：</font>\n<font color='#ec8224'> 阴阳仙草*160 紫背天葵*160 金币*160万</font>\n\n<font color='#ff0502'> 升级失败时，等级会降低1级\n 升级到41级后不会掉到41级以下\n 升级到43级后不会掉到43级以下\n 升级到47级后不会掉到47级以下\n 升级到49级后不会掉到49级以下</font>"
	},
	"serverError": [
		"操作成功",
		"密码错误",
		"没有这个账号",
		"已经在线",
		"服务器忙",
		"服务器没有开放",
		"session服务器有问题",
		"不存在这个服务器",
		"账户纳入防沉迷",
		"会话服务器处于关闭状态",
		"数据服务器处于关闭状态",
		"GM在非法的IP登录",
		"IP受到限制",
		"IP连接太多",
		"MD5计算错误",
		"发过来的时间已经过期",
		"前面的格式错误",
		"该账号已被封禁!",
		"错误18",
		"错误19",
		"错误20"
	],
	"Common_Buy": "购买",
	"Common_Sure": "确定",
	"Common_Cancel": "取消",
	"Common_Get_Prop": "获得道具",
	"Common_Coin_NotEnough": "金币不足",
	"Common_YuanBao_NotEnough": "灵符不足",
	"Common_Item_NotEnough": "道具不足",
	"Common_BagCount_NoEngouh": "背包格子不足",
	"Common_Max_Level": "已达到最高等级",
	"Common_Max_Phase": "已达到最高等阶",
	"Common_ZanWu": "暂无",
	"Common_XuWeiYiDai": "虚位以待",
	"Common_Refuse": "拒绝",
	"Common_Agree": "同意",
	"Common_CrossSrv": "抱歉，跨服中无法进行此操作",
	"Common_Open_Cond": "近期开放，敬请期待！",
	"Common_CheckSpace": "不能包含空白字符或特殊字符",
	"Common_Emoji": "不能包含表情字符或特殊字符",
	"Common_GameName": "XGame",
	"Com_Time": "活动剩余时间:$vvvv$",
	"Baolv_Des": "当前爆率：<font color='#1ccb14'>$value$</font> (爆率越高打怪越容易爆高级) \n预计最高：<font color='#00e6e6'>狂暴之力+30%</font> <font color='#ff0502'>赞助加成+330%</font> <font color='#fb65c9'>最强之剑+20%</font> <font color='#ffe400'>最强之盾+36%</font> <font color='#ff0502'>沙捐+50%</font> <font color='#00e6e6'>爆率时装+68%</font> <font color='#ffe400'>伏魔灵石+300%</font> <font color='#fb65c9'>绝版魅影V+10%</font>",
	"Energy_Des": "<font color='#72664e'>拥有精力值打怪可以获得<font color='#3fe618'>100倍</font>经验\n<font color='#3fe618'>1点</font>精力值=<font color='#3fe618'>100万</font>经验</font>",
	"revive_Buff_Des": "<font color='#FFD700'>复活神力</font>\n穿戴复活戒指激活,死亡后立即复活，冷却$value$秒",
	"Dragon_Des": "神龙海岛上盘卧着一条远古神龙，神龙法力无边，无所不能。无数的勇士前往海岛向神龙许愿，祈求获得无尽财宝。\n神龙海岛将在周六,周日开放，向神龙许愿288次后可前往终极宝库：神龙秘境，击杀[特权]首领，获取无尽宝藏。",
	"NewActorLv": "90级以下不会受到其他玩家的攻击",
	"GotoMining": "完成每日目标即可免费领取每日活跃度奖励",
	"Summon_Des": "召唤次数：每日<font color='#1ccb14'>0点</font>恢复<font color='#1ccb14'>5次</font>，次数为0时<font color='#1ccb14'>1小时</font>恢复<font color='#1ccb14'>额外1次</font>",
	"DaJin_Des": "击杀[化神]BOSS额外获得2w元宝\n击杀[元婴]BOSS额外获得1w元宝\n击杀[金丹]BOSS额外获得5k元宝",
	"DaJin_Des2": "击杀<font color='#FFD700'>[化神]</font>BOSS额外获得击杀<font color='#FFD700'>2W</font>元宝\n击杀<font color='#FFD700'>[元婴]</font>BOSS额外获得击杀<font color='#FFD700'>1W</font>元宝\n击杀<font color='#FFD700'>[金丹]</font>BOSS额外获得击杀<font color='#FFD700'>5K</font>元宝",
	"strategyContent": [
		"<font color='#1ccb14'>意时代聚宝坊</font>\n账号交易安全、快捷、保障\n是否因出售账号被盗？是否因购买账号被骗？是否因线下买卖产生纠纷而烦恼？\n官方唯一指定的第三方交易平台，为满足每一位玩家买卖需求应运而生。\n知您所想，为您而生。\n</font><font color='#1ccb14'>商家入驻，珍稀道具秒回收！</font>\n</font><font color='#1ccb14'>跨服交易无风险，RMB交易秒到账！</font>\n</font><font color='#1ccb14'>官方担保，第三方交易平台【聚宝坊】提供支持</font>\n\n\n<font color='#fe1b0a'>ps：当你打到这几个道具 </font>#I100,621,0,-1#   #I100,622,0,-1#   #I100,623,0,-1# <font color='#fe1b0a'>就相当于打到了RMB了，还等什么？</font>\n<font color='#fe1b0a'>赶紧前往</font><font color = '#1ccb14'><a href='event:@@showWin,675 '><u>聚宝坊</u></a></font>",
		"<font color='#00e6e6'>游戏特色：</font>\n<font color='#1ccb14'>（1）本服专属：上线满攻速！一秒五刀！刀刀吸血！\n（2）本服专属：地图无限制！装备无付费！小号也能爆神装！\n（3）本服专属：三职业特色技能铭文！技能效果贼牛逼！\n（4）本服专属：真·爆率加成！爆率超高！人品爆发一件神装就几百大洋！\n（5）本服专属：<font color='#ff0502'>特色转职</font> 前往 <font color='#ff0502'><a href='event:@@showWin,816'><u>职业大厅</u></a></font> 解锁专属职业,白嫖红包大礼！\n（6）本服专属：<font color='#ff0502'>青龙圣装</font> 集齐 <font color='#ff0502'><a href='event:@@showWin,913,0'><u>8件套</u></a></font> 获得青龙之力，破除BOSS护盾！\n（7）本服专属：<font color='#ff0502'>传奇酒馆</font> 真实 <font color='#ff0502'><a href='event:@@showWin,895,0,0'><u>回收</u></a></font> “贴钱”让你玩爽！白嫖各种礼包！\n（8）本服专属：不卡任务！不卡任务！不卡任务！重要的事情说三遍！新手\n     推图主线30分钟！轻松激情！</font>",
		"<font color='#00e6e6'>平民攻略：</font>\n（1）本服所有装备都可爆！<font color='#1ccb14'>爆率加成真实有效！</font>自由打宝全凭运气！\n（2）平民玩家游戏建议先来个 <font color='#1ccb14'><a href='event:@@showWin,175'><u>6元首充,开启随身回收</u></a></font> ，送 <font color='#1ccb14'><a href='event:@@showWin,887,0,0'><u>飞剑赞助</u></a></font> 特权！\n（3）首充还送成长神兵#I168,251,0,-1#和#I102,760,1,-1##I102,761,2,-1##I102,762,3,-1# <font color='#1ccb14'>打宝效率提升5倍！</font>\n（4）再买一个 <font color='#1ccb14'><a href='event:@@showWin,887,0,1'><u>飞剑·金丹境</u></a></font> 送 <font color='#ff0502'><u>直升4转</u> ，<u>切割(对怪每刀伤害提升)3000</u> ，\n     <u>怪物爆率提升10%</u></font> 大幅提升打怪效益！28元全搞定！\n（5）前期元宝优先提升 <font color='#1ccb14'><a href='event:@@showWin,142,0'><u>切割神剑</u></a></font> 和 <font color='#1ccb14'><a href='event:@@showWin,142,1'><u>免伤神盾</u></a></font> ，可提升<font color='#1ccb14'>高额对怪增伤,免伤\n     属性，大幅提升打怪效率！</font>\n（6）<font color='#1ccb14'><a href='event:@@showWin,788,0'><u>狂暴之力</u></a></font> 和 <font color='#1ccb14'><a href='event:@@showWin,788,1'><u>沙城捐献</u></a></font> 提升基础属性百分比，<font color='#1ccb14'>更重要是提升打怪爆率！</font>\n（7）必做 <font color='#1ccb14'><a href='event:@@showWin,177,1'><u>每日试炼</u></a></font> 日常玩法，定时活动必参加，这些都送大量提升属性的重\n     要材料！\n（8）本服高阶装备<font color='#1ccb14'>可合成进阶！绝对保值！</font>人品爆发打到一件神装卖<font color='#1ccb14'>几百大洋</font>\n     也不是问题！\n<font color='#00e6e6'>小资攻略：</font>\n（1）购买 <font color='#1ccb14'><a href='event:@@showWin,177,0,3'><u>30元周卡</u></a></font> 特权！累计返利<font color='#1ccb14'>12000灵符,100万元宝</font>(返利700%)\n（2）建议直接 <font color='#1ccb14'><a href='event:@@showWin,175,2'><u>充值98元赠送传送戒指</u></a></font> 装备！<font color='#1ccb14'>打开地图你点哪就直接飞哪！</font>\n     这样你打BOSS能快很多，运气好一件神装就回本！\n（3）可以购买 <font color='#1ccb14'><a href='event:@@showWin,818,0,0'><u>虐怪礼包</u></a></font> 礼包<font color='#1ccb14'>超值折扣</font>的福利礼包！购买后<font color='#1ccb14'>打怪效率和极\n     品爆率都大幅提升！</font>\n             #I169,695,0,-1#   #I164,680,0,-1#   #I165,685,0,-1#   #I81,444,0,-1#\n（4）想在游戏初期快人一步，抢占资源，可以直接上 <font color='#1ccb14'><a href='event:@@showWin,887,0,3'><u>飞剑·化神境</u></a></font> 送 <font color='#ff0502'><u>自动</u>\n     <u>回收</u> ，<u>自动拾取</u> ，<u>直升8转</u> ，<u>切割(对怪每刀伤害提升)12000</u> ，<u>最大</u>\n     <u>生命提升20%</u> ，<u>怪物爆率提升35%</u></font> 足以无压力越级刷怪，赠送的经验,元\n     宝与转生凭证，等级,转生瞬间与他人拉开差距！<font color='#1ccb14'>配合自动回收,自动拾取\n     可通宵挂机，神装满背包！</font>\n（5）<font color='#1ccb14'><a href='event:@@showWin,167,0'><u>补给商城</u></a></font> 可购买高级技能<font color='#ff0502'>逐日剑法，流星火雨，噬血术</font>无论是刷怪打金，\n     PK打架，这些技能足以让你实力更进一步！\n（6）<font color='#1ccb14'><a href='event:@@showWin,177,0,2'><u>极品必购</u></a></font> 礼包，能买则买，<font color='#1ccb14'>性价比超高！</font>礼包内的道具都是提升属性的\n     重要资源！\n<font color='#00e6e6'>土豪攻略：</font>\n<font color='#1ccb14'>土豪玩家：你在教我做事？</font>",
		"<font color='#00e6e6'>获取途径：</font><font color='#1ccb14'>\n（1）装备：本服所有装备都可爆！地图越高级，怪物爆率也越高！每一张新图\n     都会解锁更高级的新套装！\n（2）元宝：装备回收可获得大量元宝！\n（3）经验：本服所有怪物都可爆经验卷！\n（4）神魔材料：本服所有怪物都可爆阴阳仙草，紫背天葵！\n（5）转生材料：本服所有怪物都可爆转生材料！无付费全靠爆！\n（7）天蚕银丝：BOSS以上怪物都可爆天蚕银丝！N套时装等你来合成！\n（6）称号碎片：本服所有怪物都可爆称号碎片！无付费全靠爆！\n（8）十二生肖：BOSS以上怪物都可爆十二生肖！分解多余生肖获得生肖碎片，\n     集齐足够的生肖碎片可进阶十二生肖！\n（9）神造之物：第二大陆黄金首领都可爆神造之物！集齐足够的神造之物能融\n     合进阶！</font>",
		"<font size='18' color='#00e6e6'>★★★神造之物★★★</font>\n\n     #I130,165,0,-1#  #I131,166,0,-1#  #I132,167,0,-1#  #I133,168,0,-1#  #I134,169,0,-1#  #I135,170,0,-1#\n     #I130,171,0,-1#  #I131,172,0,-1#  #I132,173,0,-1#  #I133,174,0,-1#  #I134,175,0,-1#  #I135,176,0,-1#\n\n<font size='18' color='#00e6e6'>★★★高级神饰★★★</font>\n\n     #I19,850,0,-1#  #I11,58,0,-1#  #I18,4310,1,-1##I18,4410,2,-1##I18,4510,3,-1#  #I14,4110,0,-1#  #I19,4010,0,-1#  #I19,4210,0,-1#\n\n         <font stroke='1' color = '#1ccb14'>【<a href='event:@@showWin,142'><u>查看神剑神盾升阶</u></a>】</font>          <font stroke='1' color = '#1ccb14'>【<a href='event:@@showWin,141'><u>查看神饰装备合成</u></a>】</font>\n\n<font size='18' color='#00e6e6'>★★★三大特戒★★★</font>\n\n             #I13,322,0,-1#         #I12,362,0,-1#         #I13,402,0,-1#\n\n                        <font stroke='1' color = '#1ccb14'>【<a href='event:@@showWin,879,0,1,0'><u>点击查看特戒合成</u></a>】</font>",
		"  \n  1-4转凭证掉落地图：<font color='#00e6e6'><a href='event:@@tpFunc,5584'><u>石    墓</u></a>   <a href='event:@@tpFunc,5585'><u>祖玛寺庙</u></a>   <a href='event:@@tpFunc,5585'><u>神龙边境</u></a>   <a href='event:@@tpFunc,5590'><u>苍 月 岛</u></a></font>\n\n  5-8转凭证掉落地图：<font color='#00e6e6'><a href='event:@@tpFunc,5591'><u>赤月峡谷</u></a>   <a href='event:@@tpFunc,5592'><u>尸 魔 洞</u></a>   <a href='event:@@tpFunc,5593'><u>骨 魔 洞</u></a>   <a href='event:@@tpFunc,5594'><u>牛 魔 洞</u></a></font>\n\n 9-12转凭证掉落地图：<font color='#00e6e6'><a href='event:@@tpFunc,5595'><u>黄金石窟</u></a>   <a href='event:@@tpFunc,5007'><u>封 魔 谷</u></a>   <a href='event:@@tpFunc,5596'><u>魔 龙 城</u></a>   <a href='event:@@tpFunc,5597'><u>魔龙西郊</u></a></font>\n\n13-16转凭证掉落地图：<font color='#00e6e6'><a href='event:@@tpFunc,5598'><u>魔龙东郊</u></a>   <a href='event:@@tpFunc,5599'><u>火 龙 洞</u></a>   <a href='event:@@tpFunc,5600'><u>狐 月 山</u></a>   <a href='event:@@tpFunc,5601'><u>远古神殿</u></a></font>\n\n17-20转凭证掉落地图：<font color='#00e6e6'><a href='event:@@tpFunc,5042'><u>天第一关</u></a>   <a href='event:@@tpFunc,5605'><u>石原荒漠</u></a>   <a href='event:@@tpFunc,5606'><u>石原洞穴</u></a>   <a href='event:@@tpFunc,5607'><u>石原矿洞</u></a></font>\n\n21-24转凭证掉落地图：<font color='#00e6e6'><a href='event:@@tpFunc,5608'><u>林海雪原</u></a>   <a href='event:@@tpFunc,5609'><u>冰封雪山</u></a>   <a href='event:@@tpFunc,5610'><u>雪域深渊</u></a>   <a href='event:@@tpFunc,5611'><u>兽人陵墓</u></a></font>\n\n25-28转凭证掉落地图：<font color='#00e6e6'><a href='event:@@tpFunc,5612'><u>兽王要塞</u></a>   <a href='event:@@tpFunc,5613'><u>遗忘海峡</u></a>   <a href='event:@@tpFunc,5614'><u>幽灵船舱</u></a>   <a href='event:@@tpFunc,5076'><u>蛮族营地</font></u></a>\n\n\n                      <font color='#ff0502'>【<a href='event:@@showWin,887,2'><u>赞助送转生直升大礼包</u></a>】</font>"
		],
	"bossTips":[
			"提升了玉佩了吗？看来你还没有找到爆率密码呀！前往提升-5",
			"掌握战力密码了吗？看来你还不知时装的威力！特惠直购-6"
	]
	,
	"petEquipPosName": {
		"20": "乾",
		"21": "兑",
		"22": "离",
		"23": "震",
		"24": "坤",
		"25": "艮",
		"26": "巽",
		"27": "坎"
	}
}