{"ClientConfig":{"mainMenutList":[{"levelIndex":-1,"openWin":"@@showWin,24","icon":"actIcon_json.topBtn11","redId":"EMAIL"},{"levelIndex":-1,"openWin":"@@showWin,52","icon":"actIcon_json.topBtn12","redId":""},{"levelIndex":-1,"openWin":"@@showWin,51","icon":"actIcon_json.topBtn13","redId":""},{"levelIndex":-1,"openWin":"","icon":"actIcon_json.topBtn15","redId":""},{"levelIndex":-1,"openWin":"@@showWin,172","icon":"actIcon_json.topBtn36","redId":"INTRODUCE_RED"},{"levelIndex":57,"openWin":"@@showWin,186","icon":"actIcon_json.topBtn39","redId":""},{"levelIndex":-1,"openWin":"@@showWin,256","icon":"actIcon_json.topBtn66","redId":""}],"fuBenMenutList":[{"levelIndex":20,"openWin":"@@showWin,40","icon":"menutIcon_json.10","redId":"GUILD_RED"},{"levelIndex":6,"openWin":"@@showWin,62","icon":"menutIcon_json.21","redId":"MANOR"},{"levelIndex":4,"openWin":"@@changeScene,1","icon":"menutIcon_json.22","redId":"FISHING"},{"openWin":"@@changeScene,2","redId":"MINE_RED","levelIndex":67,"icon":"menutIcon_json.23","showCount":1}],"arenaMenutList":[{"openWin":"@@showWin,30","redId":"ARENA_WIN_RED","levelIndex":24,"icon":"menutIcon_json.06","showCount":1},{"openWin":"@@showWin,119","redId":"RANK_RED","levelIndex":24,"icon":"menutIcon_json.07","showCount":1},{"levelIndex":74,"openWin":"@@showWin,16","icon":"menutIcon_json.18","redId":"ADVENTURE"},{"levelIndex":11,"openWin":"@@showWin,22","icon":"menutIcon_json.01","redId":"LEADER"},{"levelIndex":22,"openWin":"@@showWin,88","icon":"menutIcon_json.02","redId":"EXP_TOWER"},{"levelIndex":65,"openWin":"@@showWin,280","icon":"menutIcon_json.17","redId":"TONG_TIAN_TOWER"}],"pveMenutList":[{"levelIndex":15,"openWin":"@@showWin,75","icon":"menutIcon_json.03","redId":"XUNBAO"},{"openWin":"@@showWin,149","redId":"WAR_ORDER_RED","levelIndex":44,"icon":"menutIcon_json.11","srv_Act_Id":5},{"levelIndex":35,"openWin":"@@showWin,140","icon":"menutIcon_json.04","redId":"SBK_RED"},{"levelIndex":36,"openWin":"@@showWin,135","icon":"menutIcon_json.05","redId":"SEA_TRADE"},{"levelIndex":56,"openWin":"@@showWin,212","icon":"menutIcon_json.14","redId":"CROSS_TOWER_RED"},{"openWin":"@@showWin,173","redId":"CROSS_3V3_RED","levelIndex":50,"icon":"menutIcon_json.12","showCount":1}],"GuideDefined":[1,2,3,4,5,6,7,8,9,10,11,12,13,14,15,16,17,18,19,20,21,22,23,24,25,26,27,28,29,30,31,32,33,34,35,36,37,38,39,40,41,42,43,44,45,46,47,48,49,50,51,52,53,54,55,56,57,58,59,60,61,62,63,1000,1001,1002,1003],"notTaskoption":[{"step":[1000,1001,1002,1003],"stepCom":[{"curStep":1000,"state":"s1","taskId":0,"desc":"你有一只幻影等待激活呢，快去看看！"},{"curStep":1001,"state":"s2","taskId":0,"desc":"点击幻影！"},{"curStep":1002,"state":"s3","taskId":0,"desc":"点击激活，激活幻影可以获得强大的属性！"},{"curStep":1003,"state":"s2","taskId":0,"desc":"点击附身，幻影附身可在战斗协助你造成额外伤害！"}]}],"otherMenutList":[{"levelIndex":40,"openWin":"@@showWin,87","icon":"menutIcon_json.08","redId":"LEGENDARY_RED"},{"levelIndex":55,"openWin":"@@showWin,206","icon":"menutIcon_json.20","redId":"SKILL_RED"},{"levelIndex":66,"openWin":"@@showWin,276","icon":"menutIcon_json.13","redId":"DUANZAO_RED"},{"levelIndex":26,"openWin":"@@showWin,120","icon":"menutIcon_json.19","redId":"FASHION_RED"},{"levelIndex":3,"openWin":"@@showWin,49","icon":"menutIcon_json.09","redId":"STORE_RED"},{"levelIndex":-1,"openWin":"@@showWin,226","icon":"menutIcon_json.15","redId":"BAB_RED"}],"fightLose":[{"openWin":"@@showWin,125","desc":"新人福利礼包","conditions":[{"value":5,"type":20001}],"icon":8,"quality":7},{"openWin":"@@showWin,115","desc":"超值礼包","conditions":[{"value":15,"type":20001}],"icon":6,"quality":8},{"openWin":"@@showWin,61","desc":"合成宝石","conditions":[{"value":4,"type":30004},{"value":90,"type":20001}],"icon":1,"quality":5},{"openWin":"","desc":"打造高品质装备","conditions":[{"value":1,"type":20001}],"icon":3,"quality":5}],"GuideTask":[{"taskId":[1],"option":[{"conditions":[{"value":0,"type":1000016}],"step":[2,38,1],"stepCom":[{"curStep":2,"state":"s1","taskId":1,"desc":"点击打造1件新装备！"},{"state":"s2","taskId":1,"delayTime":1500,"curStep":38,"desc":"点击穿戴装备！"},{"state":"s1","taskId":1,"curStep":1,"conditions":[{"value":10001,"type":1000029}],"desc":"领取奖励，继续打造！"}]}]},{"taskId":[2,16],"option":[{"conditions":[{"value":0,"type":1000016}],"step":[2,1],"stepCom":[{"curStep":2,"state":"s1","taskId":2,"desc":"打造装备继续闯关！"},{"state":"s1","taskId":2,"curStep":1,"conditions":[{"value":10002,"type":1000029}],"desc":"领取奖励，继续打造！"},{"curStep":2,"state":"s1","taskId":16,"desc":"打造装备继续闯关！"},{"state":"s1","taskId":16,"curStep":1,"conditions":[{"value":10016,"type":1000029}],"desc":"领取奖励，继续打造！"}]}]},{"taskId":[3],"option":[{"conditions":[{"value":0,"type":1000016}],"step":[2,1],"stepCom":[{"curStep":2,"state":"s1","taskId":3,"desc":"打造是获取装备唯一途径！"},{"state":"s1","taskId":3,"curStep":1,"conditions":[{"value":10003,"type":1000029}],"desc":"完成任务，突破第1关！"}]}]},{"taskId":[4,8,13,19,22,24,27,29,34,36],"option":[{"step":[48,1],"stepCom":[{"state":"s9","taskId":4,"curStep":48,"conditions":[{"value":4,"type":100033}],"desc":"点击挑战，突破第1关！"},{"state":"s1","taskId":4,"curStep":1,"conditions":[{"value":10004,"type":1000029}],"desc":"领取奖励，继续打造！"},{"state":"s9","taskId":8,"curStep":48,"conditions":[{"value":9,"type":100033}],"desc":"点击挑战，突破第2关！"},{"state":"s1","taskId":8,"curStep":1,"conditions":[{"value":10008,"type":1000029}],"desc":"领取奖励，继续打造！"},{"state":"s9","taskId":13,"curStep":48,"conditions":[{"value":14,"type":100033}],"desc":"点击挑战，突破第3关！"},{"state":"s1","taskId":13,"curStep":1,"conditions":[{"value":10013,"type":1000029}],"desc":"领取奖励，继续打造！"},{"state":"s9","taskId":19,"curStep":48,"conditions":[{"value":19,"type":100033}],"desc":"点击挑战，突破第4关！"},{"state":"s1","taskId":19,"curStep":1,"conditions":[{"value":10019,"type":1000029}],"desc":"领取奖励，继续打造！"},{"state":"s9","taskId":22,"curStep":48,"conditions":[{"value":24,"type":100033}],"desc":"点击挑战，突破第5关！"},{"state":"s1","taskId":22,"curStep":1,"conditions":[{"value":10022,"type":1000029}],"desc":"领取奖励，继续打造！"},{"state":"s9","taskId":24,"curStep":48,"conditions":[{"value":29,"type":100033}],"desc":"点击挑战，突破第6关！"},{"state":"s1","taskId":24,"curStep":1,"conditions":[{"value":10024,"type":1000029}],"desc":"领取奖励，继续打造！"},{"state":"s9","taskId":27,"curStep":48,"conditions":[{"value":34,"type":100033}],"desc":"点击挑战，突破第7关！"},{"state":"s1","taskId":27,"curStep":1,"conditions":[{"value":10027,"type":1000029}],"desc":"领取奖励，继续打造！"},{"state":"s9","taskId":29,"curStep":48,"conditions":[{"value":39,"type":100033}],"desc":"点击挑战，突破第8关！"},{"state":"s1","taskId":29,"curStep":1,"conditions":[{"value":10029,"type":1000029}],"desc":"领取奖励，继续打造！"},{"state":"s9","taskId":34,"curStep":48,"conditions":[{"value":44,"type":100033}],"desc":"点击挑战，突破第9关！"},{"state":"s1","taskId":34,"curStep":1,"conditions":[{"value":10034,"type":1000029}],"desc":"领取奖励，继续打造！"},{"state":"s9","taskId":36,"curStep":48,"conditions":[{"value":49,"type":100033}],"desc":"点击挑战，突破第10关！"},{"state":"s1","taskId":36,"curStep":1,"conditions":[{"value":10036,"type":1000029}],"desc":"领取奖励，继续打造！"}]}]},{"taskId":[5,6,17,25,31],"option":[{"conditions":[{"value":0,"type":1000016}],"step":[2,1],"stepCom":[{"curStep":2,"state":"s3","taskId":5,"desc":"打造装备并出售\n可获得经验和元宝！"},{"state":"s1","taskId":5,"curStep":1,"conditions":[{"value":10005,"type":1000029}],"desc":"领取奖励，继续打造！"},{"curStep":2,"state":"s3","taskId":6,"desc":"打造越多升级越快，等级越高打造装备属性越好"},{"state":"s1","taskId":6,"curStep":1,"conditions":[{"value":10006,"type":1000029}],"desc":"领取奖励，继续打造！"},{"curStep":2,"state":"s3","taskId":17,"desc":"打造装备并出售\n可获得经验和元宝！"},{"state":"s1","taskId":17,"curStep":1,"conditions":[{"value":10017,"type":1000029}],"desc":"领取奖励，继续打造！"},{"curStep":2,"state":"s3","taskId":25,"desc":"打造装备并出售\n可获得经验和元宝！"},{"state":"s1","taskId":25,"curStep":1,"conditions":[{"value":10025,"type":1000029}],"desc":"领取奖励，继续打造！"},{"curStep":2,"state":"s3","taskId":31,"desc":"打造装备并出售\n可获得经验和元宝！"},{"state":"s1","taskId":31,"curStep":1,"conditions":[{"value":10031,"type":1000029}],"desc":"领取奖励，继续打造！"}]}]},{"taskId":[7,9,10],"option":[{"conditions":[{"value":0,"type":1000016}],"step":[2,1],"stepCom":[{"curStep":2,"state":"s3","taskId":7,"desc":"要想升级快！勤打铁呀！多打怪！"},{"state":"s1","taskId":7,"curStep":1,"conditions":[{"value":10007,"type":1000029}],"desc":"领取奖励，继续打造！"},{"curStep":2,"state":"s3","taskId":9,"desc":"角色等级高，打造的装备等级就高！"},{"state":"s1","taskId":9,"curStep":1,"conditions":[{"value":10009,"type":1000029}],"desc":"领取奖励，继续打造！"},{"curStep":2,"state":"s3","taskId":10,"desc":"打造等级高，打造的装备品质就好！"},{"state":"s1","taskId":10,"curStep":1,"conditions":[{"value":10010,"type":1000029}],"desc":"领取奖励，继续打造！"}]}]},{"taskId":[11,12,14,15,20,21,23,28,30],"option":[{"step":[2],"conditions":[{"value":0,"type":1000016}]}]},{"taskId":[18],"option":[{"conditions":[{"value":0,"type":1000017}],"step":[24,20,43,44],"stepCom":[{"curStep":24,"state":"s3","taskId":18,"desc":"打造等级影响装备品质！\n升级打造提升装备属性！"},{"curStep":20,"state":"s4","taskId":18,"desc":"点击下方购买打造经验！"},{"curStep":43,"state":"s4","taskId":18,"desc":"点击开启打造升级！"},{"curStep":44,"state":"s4","taskId":18,"desc":"加速券可缩短升级时间！\n闯关可获得加速券！"}]},{"step":[24],"conditions":[{"value":1,"type":1000017}]}]},{"taskId":[26,32,56,59,64,75,78,84,90],"option":[{"step":[24,20],"conditions":[{"value":0,"type":1000017}]},{"step":[24],"conditions":[{"value":1,"type":1000017}]}]},{"taskId":[33],"option":[{"step":[1,3,4],"stepCom":[{"state":"s1","taskId":33,"curStep":1,"conditions":[{"value":10033,"type":1000029}],"desc":"打造3级，开启自动打造！"},{"state":"s1","taskId":33,"curStep":3,"conditions":[{"value":3,"type":20003},{"value":0,"type":1000016}],"desc":"点“齿轮”设置自动打造！"},{"state":"s5","taskId":33,"curStep":4,"conditions":[{"value":3,"type":20003},{"value":0,"type":1000016}],"desc":"点“开始”开启自动打造！"}]}]},{"taskId":[35,42,43,44,46,48,49,51,53,55,58,60,61,62,66,71,72,73,76,79,81,82,85,86,87,89,91,92],"option":[{"step":[3,4],"conditions":[{"value":3,"type":20003},{"value":0,"type":1000016}]}]},{"taskId":[395],"option":[{"step":[3,27],"conditions":[{"value":3,"type":20003}]}]},{"taskId":[119],"option":[{"conditions":[{"value":0,"type":1000019}],"step":[10,11,28,21],"stepCom":[{"scaleY":-1,"taskId":119,"curStep":10,"state":"s1","desc":"刷新领地，获得资源！"},{"scaleY":-1,"taskId":119,"curStep":28,"state":"s1","desc":"请先返回我的领地！"}]},{"conditions":[{"value":1,"type":1000019}],"step":[10,11,21],"stepCom":[{"scaleY":-1,"taskId":119,"curStep":10,"state":"s1","desc":"刷新领地，获得资源！"}]}]},{"taskId":[115,117,118],"option":[{"conditions":[{"value":0,"type":1000019}],"step":[10,11],"stepCom":[{"scaleY":-1,"taskId":115,"curStep":10,"state":"s1","desc":"前往领地采集1个资源！"},{"scaleY":-1,"taskId":117,"curStep":10,"state":"s1","desc":"前往领地采集3个资源！"},{"scaleY":-1,"taskId":118,"curStep":10,"state":"s1","desc":"前往领地采集5个资源！"}]},{"conditions":[{"value":1,"type":1000019}],"step":[10,11],"stepCom":[{"scaleY":-1,"taskId":115,"curStep":10,"state":"s1","desc":"前往领地采集1个资源！"},{"scaleY":-1,"taskId":117,"curStep":10,"state":"s1","desc":"前往领地采集3个资源！"},{"scaleY":-1,"taskId":118,"curStep":10,"state":"s1","desc":"前往领地采集5个资源！"}]}]},{"taskId":[116],"option":[{"conditions":[{"value":0,"type":1000019}],"step":[10,11,28,22,23],"stepCom":[{"scaleY":-1,"taskId":116,"curStep":10,"state":"s1","desc":"前往领地解锁第2个苦力！"},{"scaleY":-1,"taskId":116,"curStep":28,"state":"s1","desc":"请先返回我的领地！"},{"scaleY":-1,"taskId":116,"curStep":22,"state":"s1","desc":"打开我的领地大厅！"}]},{"conditions":[{"value":1,"type":1000019}],"step":[10,11,22,23],"stepCom":[{"scaleY":-1,"taskId":116,"curStep":10,"state":"s1","desc":"前往领地解锁第2个苦力！"},{"scaleY":-1,"taskId":116,"curStep":22,"state":"s1","desc":"打开我的领地大厅！"}]}]},{"taskId":[155,164],"option":[{"conditions":[],"step":[9,37,61],"stepCom":[{"scaleY":-1,"taskId":155,"curStep":9,"state":"s1","desc":"冒险可获得宝石和钻石！"},{"curStep":37,"state":"s9","taskId":155,"desc":"点击冒险开启挑战！"},{"scaleY":-1,"taskId":164,"curStep":9,"state":"s1","desc":"通关冒险第1章！"}]}]},{"taskId":[68,69,70],"option":[{"conditions":[],"step":[9,39,40],"stepCom":[{"scaleY":-1,"taskId":68,"curStep":9,"state":"s1","desc":"点击开启竞技场PK！"},{"curStep":39,"state":"s9","taskId":68,"desc":"点击竞技场进入PK！"},{"curStep":40,"state":"s6","taskId":68,"desc":"点击挑战匹配对手！"},{"scaleY":-1,"taskId":69,"curStep":9,"state":"s1","desc":"参与第2次竞技挑战！"},{"scaleY":-1,"taskId":70,"curStep":9,"state":"s1","desc":"参与第3次竞技挑战！"}]}]},{"taskId":[283,284],"option":[{"step":[35,6,12,13],"conditions":[]}]},{"taskId":[421,424,426],"option":[{"conditions":[],"step":[9,32],"stepCom":[{"scaleY":-1,"taskId":421,"curStep":9,"state":"s1","desc":"点击开启试炼之塔挑战！"},{"scaleY":-1,"taskId":424,"curStep":9,"state":"s1","desc":"通关试炼之塔1层！"},{"scaleY":-1,"taskId":426,"curStep":9,"state":"s1","desc":"通关试炼之塔2层！"}]}]},{"taskId":[309,310],"option":[{"conditions":[],"step":[31,33],"stepCom":[{"scaleY":-1,"taskId":309,"curStep":31,"state":"s1","desc":"开启新功能：寻宝！"},{"scaleY":-1,"taskId":310,"curStep":31,"state":"s1","desc":"寻宝可获得大量材料奖励！"}]}]},{"taskId":[37,39],"option":[{"conditions":[],"step":[49,50],"stepCom":[{"curStep":49,"state":"s9","taskId":37,"desc":"前往藏书阁，获取新技能！"},{"curStep":49,"state":"s9","taskId":39,"desc":"前往藏书阁，获取新技能！"}]}]},{"taskId":[38,40],"option":[{"conditions":[],"step":[46,47],"stepCom":[{"scaleY":-1,"taskId":38,"curStep":46,"state":"s1","desc":"获得新技能，前往设置！"},{"scaleY":-1,"taskId":40,"curStep":46,"state":"s1","desc":"获得新技能，前往设置！"}]}]},{"taskId":[41],"option":[{"conditions":[],"step":[46,47,52,53],"stepCom":[{"scaleY":-1,"taskId":41,"curStep":46,"state":"s1","desc":"技能可以升级啦！"}]}]},{"taskId":[94],"option":[{"conditions":[],"step":[29,30,54],"stepCom":[{"curStep":29,"state":"s6","taskId":94,"desc":"获得新战宠，请前往出战！"}]}]},{"taskId":[95],"option":[{"step":[29,30,55,56],"conditions":[]}]},{"taskId":[182],"option":[{"conditions":[],"step":[9,57],"stepCom":[{"scaleY":-1,"taskId":182,"curStep":9,"state":"s3","desc":"挑战或扫荡首领可获得大量打造材料！"}]}]},{"taskId":[422,423],"option":[{"step":[35,45,58],"conditions":[]}]},{"taskId":[425],"option":[{"step":[35,45,59,60],"conditions":[]}]},{"taskId":[402],"option":[{"conditions":[],"step":[62,63],"stepCom":[{"curStep":62,"state":"s1","taskId":402,"desc":"激活装备注灵属性！"}]}]}],"hangFightLose":[{"openWin":"@@showWin,115","desc":"超值礼包","conditions":[{"value":15,"type":20001}],"icon":6,"quality":8},{"openWin":"@@showWin,61","desc":"合成宝石","conditions":[{"value":4,"type":30004},{"value":90,"type":20001}],"icon":1,"quality":5},{"openWin":"","desc":"打造高品质装备","conditions":[{"value":1,"type":20001}],"icon":3,"quality":5}],"cityScenePoint":[[454,436],[550,436],[646,436],[262,436],[166,436],[70,436],[358,372],[358,308],[358,244],[358,500],[358,564],[358,180],[358,116],[262,372],[166,308],[262,308],[262,244],[454,372],[166,372],[70,372],[454,500],[550,564],[646,628],[454,564],[454,628],[550,500],[646,500],[646,564],[550,628],[550,372],[646,372],[454,244],[454,308],[262,500],[262,564],[262,628],[166,628],[166,564],[166,500],[358,436],[70,500],[70,564],[70,628],[550,308]],"monsterScale":[{"innnerNy":10,"innnerNx":-10,"innerScale":1.80,"ny":0,"monsterId":7,"scale":1.20,"nx":0,"effScale":1.20},{"innnerNy":0,"innnerNx":-10,"innerScale":1.80,"ny":0,"monsterId":8,"scale":1.10,"nx":0,"effScale":1.40},{"innnerNy":6,"innnerNx":-8,"innerScale":2,"ny":0,"monsterId":9,"scale":1.40,"nx":0,"effScale":1},{"innnerNy":0,"innnerNx":-10,"innerScale":1.80,"ny":0,"monsterId":10,"scale":1.10,"nx":0,"effScale":1.40},{"innnerNy":3,"innnerNx":-10,"innerScale":2.20,"ny":0,"monsterId":11,"scale":1.30,"nx":0,"effScale":1.20},{"innnerNy":10,"innnerNx":-10,"innerScale":1.80,"ny":0,"monsterId":12,"scale":1.20,"nx":0,"effScale":1.20},{"innnerNy":0,"innnerNx":0,"innerScale":1,"ny":0,"monsterId":29,"scale":1,"nx":0,"effScale":1},{"innnerNy":0,"innnerNx":0,"innerScale":1,"ny":90,"monsterId":30,"scale":1,"nx":100,"effScale":1.40},{"innnerNy":0,"innnerNx":0,"innerScale":1,"ny":90,"monsterId":31,"scale":1,"nx":100,"effScale":1.40},{"innnerNy":0,"innnerNx":0,"innerScale":1,"ny":90,"monsterId":32,"scale":1,"nx":100,"effScale":1.40},{"innnerNy":0,"innnerNx":0,"innerScale":1,"ny":90,"monsterId":33,"scale":1,"nx":100,"effScale":1.40},{"innnerNy":0,"innnerNx":0,"innerScale":1,"ny":90,"monsterId":34,"scale":1,"nx":100,"effScale":1.40},{"innnerNy":0,"innnerNx":0,"innerScale":1,"ny":90,"monsterId":35,"scale":1,"nx":100,"effScale":1.40},{"innnerNy":0,"innnerNx":0,"innerScale":1,"ny":90,"monsterId":36,"scale":1,"nx":100,"effScale":1.40},{"innnerNy":0,"innnerNx":0,"innerScale":1.50,"ny":0,"monsterId":40,"scale":1.20,"nx":0,"effScale":1},{"innnerNy":0,"innnerNx":0,"innerScale":2.20,"ny":0,"monsterId":41,"scale":2,"nx":0,"effScale":1.20},{"innnerNy":0,"innnerNx":0,"innerScale":1.50,"ny":0,"monsterId":42,"scale":1.50,"nx":0,"effScale":1.20},{"innnerNy":0,"innnerNx":0,"innerScale":2,"ny":0,"monsterId":43,"scale":1.50,"nx":0,"effScale":1.20},{"innnerNy":0,"innnerNx":0,"innerScale":2,"ny":0,"monsterId":44,"scale":1.50,"nx":0,"effScale":1.20},{"innnerNy":0,"innnerNx":0,"innerScale":2,"ny":0,"monsterId":45,"scale":1.50,"nx":0,"effScale":1.20},{"innnerNy":0,"innnerNx":0,"innerScale":2,"ny":0,"monsterId":46,"scale":1.50,"nx":0,"effScale":1.20},{"innnerNy":0,"innnerNx":0,"innerScale":2.30,"ny":0,"monsterId":47,"scale":1.60,"nx":0,"effScale":1.20},{"innnerNy":0,"innnerNx":0,"innerScale":2.30,"ny":0,"monsterId":48,"scale":1.60,"nx":0,"effScale":1.20},{"innnerNy":0,"innnerNx":0,"innerScale":2.30,"ny":0,"monsterId":49,"scale":1.60,"nx":0,"effScale":1.20},{"innnerNy":0,"innnerNx":0,"innerScale":2.30,"ny":0,"monsterId":50,"scale":1.60,"nx":0,"effScale":1.20},{"innnerNy":0,"innnerNx":0,"innerScale":1.30,"ny":0,"monsterId":51,"scale":1.50,"nx":0,"effScale":1.20},{"innnerNy":0,"innnerNx":0,"innerScale":1.30,"ny":0,"monsterId":52,"scale":1.50,"nx":0,"effScale":1.20},{"innnerNy":0,"innnerNx":0,"innerScale":1.30,"ny":0,"monsterId":53,"scale":1.50,"nx":0,"effScale":1.20},{"innnerNy":0,"innnerNx":0,"innerScale":1.30,"ny":0,"monsterId":54,"scale":1.50,"nx":0,"effScale":1.20},{"innnerNy":0,"innnerNx":0,"innerScale":1.80,"ny":0,"monsterId":55,"scale":1.50,"nx":0,"effScale":1.20},{"innnerNy":0,"innnerNx":0,"innerScale":1.30,"ny":0,"monsterId":56,"scale":1.50,"nx":0,"effScale":1.20},{"innnerNy":0,"innnerNx":0,"innerScale":1.80,"ny":0,"monsterId":57,"scale":1.50,"nx":0,"effScale":1.20},{"innnerNy":0,"innnerNx":0,"innerScale":1.30,"ny":0,"monsterId":58,"scale":1.30,"nx":0,"effScale":1.20},{"innnerNy":0,"innnerNx":0,"innerScale":1.30,"ny":0,"monsterId":59,"scale":1.30,"nx":0,"effScale":1.20},{"innnerNy":0,"innnerNx":0,"innerScale":1.30,"ny":0,"monsterId":60,"scale":1.50,"nx":0,"effScale":1.20},{"innnerNy":0,"innnerNx":0,"innerScale":1.30,"ny":0,"monsterId":61,"scale":1,"nx":0,"effScale":1},{"innnerNy":0,"innnerNx":0,"innerScale":1.30,"ny":0,"monsterId":62,"scale":1.50,"nx":0,"effScale":1.20},{"innnerNy":0,"innnerNx":0,"innerScale":1.40,"ny":0,"monsterId":63,"scale":1.30,"nx":0,"effScale":1.20},{"innnerNy":0,"innnerNx":0,"innerScale":1.40,"ny":0,"monsterId":64,"scale":1.30,"nx":0,"effScale":1.20},{"innnerNy":0,"innnerNx":0,"innerScale":1.40,"ny":0,"monsterId":65,"scale":1.30,"nx":0,"effScale":1.20},{"innnerNy":0,"innnerNx":0,"innerScale":2.50,"ny":0,"monsterId":66,"scale":1.30,"nx":0,"effScale":1.20},{"innnerNy":0,"innnerNx":0,"innerScale":1.10,"ny":0,"monsterId":68,"scale":1.10,"nx":0,"effScale":1.20},{"innnerNy":0,"innnerNx":0,"innerScale":1.10,"ny":0,"monsterId":69,"scale":1,"nx":0,"effScale":1},{"innnerNy":0,"innnerNx":0,"innerScale":1.80,"ny":0,"monsterId":70,"scale":1.50,"nx":0,"effScale":1.20},{"innnerNy":0,"innnerNx":0,"innerScale":1.30,"ny":0,"monsterId":71,"scale":1.50,"nx":0,"effScale":1.20},{"innnerNy":0,"innnerNx":0,"innerScale":2,"ny":0,"monsterId":72,"scale":1.80,"nx":0,"effScale":1.20},{"innnerNy":0,"innnerNx":0,"innerScale":2,"ny":0,"monsterId":73,"scale":1.80,"nx":0,"effScale":1.20},{"innnerNy":0,"innnerNx":0,"innerScale":2,"ny":0,"monsterId":74,"scale":1.80,"nx":0,"effScale":1.20},{"innnerNy":0,"innnerNx":0,"innerScale":2,"ny":0,"monsterId":75,"scale":1.80,"nx":0,"effScale":1.20},{"innnerNy":0,"innnerNx":0,"innerScale":2,"ny":0,"monsterId":76,"scale":1.50,"nx":0,"effScale":1.20},{"innnerNy":0,"innnerNx":0,"innerScale":2,"ny":0,"monsterId":77,"scale":1.50,"nx":0,"effScale":1.20},{"innnerNy":0,"innnerNx":0,"innerScale":2,"ny":0,"monsterId":78,"scale":1.50,"nx":0,"effScale":1.20},{"innnerNy":0,"innnerNx":0,"innerScale":2,"ny":0,"monsterId":79,"scale":1.50,"nx":0,"effScale":1.20},{"innnerNy":0,"innnerNx":0,"innerScale":1.80,"ny":0,"monsterId":80,"scale":1.40,"nx":0,"effScale":1.20},{"innnerNy":0,"innnerNx":0,"innerScale":1.20,"ny":0,"monsterId":81,"scale":1.40,"nx":0,"effScale":1.20},{"innnerNy":0,"innnerNx":0,"innerScale":1.50,"ny":0,"monsterId":82,"scale":1.40,"nx":0,"effScale":1.20},{"innnerNy":0,"innnerNx":0,"innerScale":1.40,"ny":0,"monsterId":83,"scale":1.20,"nx":0,"effScale":1.20},{"innnerNy":0,"innnerNx":0,"innerScale":1.40,"ny":0,"monsterId":84,"scale":1.30,"nx":0,"effScale":1.20},{"innnerNy":0,"innnerNx":0,"innerScale":1.40,"ny":0,"monsterId":85,"scale":1.30,"nx":0,"effScale":1.20},{"innnerNy":0,"innnerNx":0,"innerScale":1.60,"ny":0,"monsterId":86,"scale":1.30,"nx":0,"effScale":1.20},{"innnerNy":0,"innnerNx":0,"innerScale":1.60,"ny":0,"monsterId":87,"scale":1.40,"nx":0,"effScale":1.20},{"innnerNy":0,"innnerNx":0,"innerScale":1.60,"ny":0,"monsterId":88,"scale":1.30,"nx":0,"effScale":1.20},{"innnerNy":0,"innnerNx":0,"innerScale":1.60,"ny":0,"monsterId":89,"scale":1.30,"nx":0,"effScale":1.20},{"innnerNy":0,"innnerNx":0,"innerScale":1.40,"ny":0,"monsterId":90,"scale":1.10,"nx":0,"effScale":1.20},{"innnerNy":0,"innnerNx":0,"innerScale":1.30,"ny":0,"monsterId":91,"scale":1.10,"nx":0,"effScale":1.20},{"innnerNy":0,"innnerNx":0,"innerScale":1.20,"ny":0,"monsterId":92,"scale":1.50,"nx":0,"effScale":1.20},{"innnerNy":0,"innnerNx":0,"innerScale":1.40,"ny":0,"monsterId":93,"scale":1.10,"nx":0,"effScale":1.20},{"innnerNy":0,"innnerNx":0,"innerScale":1.20,"ny":0,"monsterId":94,"scale":1,"nx":0,"effScale":1.20},{"innnerNy":0,"innnerNx":0,"innerScale":1.20,"ny":0,"monsterId":95,"scale":1,"nx":0,"effScale":1.20},{"innnerNy":-10,"innnerNx":30,"innerScale":1.20,"ny":0,"monsterId":96,"scale":1,"nx":0,"effScale":1.20},{"innnerNy":-10,"innnerNx":30,"innerScale":1.20,"ny":0,"monsterId":97,"scale":1,"nx":0,"effScale":1.20},{"innnerNy":0,"innnerNx":0,"innerScale":1.20,"ny":0,"monsterId":98,"scale":1,"nx":0,"effScale":1.20},{"innnerNy":0,"innnerNx":0,"innerScale":1.20,"ny":0,"monsterId":99,"scale":1,"nx":0,"effScale":1.20},{"innnerNy":0,"innnerNx":0,"innerScale":1.20,"ny":0,"monsterId":100,"scale":1,"nx":0,"effScale":1.20},{"innnerNy":0,"innnerNx":0,"innerScale":1.20,"ny":0,"monsterId":101,"scale":1,"nx":0,"effScale":1.20},{"innnerNy":0,"innnerNx":0,"innerScale":1.20,"ny":0,"monsterId":102,"scale":1,"nx":0,"effScale":1.20},{"innnerNy":0,"innnerNx":0,"innerScale":0.60,"ny":0,"monsterId":103,"scale":0.60,"nx":0,"effScale":1.20},{"innnerNy":0,"innnerNx":0,"innerScale":1.20,"ny":0,"monsterId":104,"scale":1,"nx":0,"effScale":1.20},{"innnerNy":0,"innnerNx":0,"innerScale":1.20,"ny":0,"monsterId":105,"scale":1,"nx":0,"effScale":1.20},{"innnerNy":0,"innnerNx":0,"innerScale":1.20,"ny":0,"monsterId":106,"scale":1,"nx":0,"effScale":1.20},{"innnerNy":0,"innnerNx":0,"innerScale":1.20,"ny":0,"monsterId":107,"scale":1,"nx":0,"effScale":1.20},{"innnerNy":0,"innnerNx":0,"innerScale":1.20,"ny":0,"monsterId":108,"scale":1,"nx":0,"effScale":1.20},{"innnerNy":0,"innnerNx":0,"innerScale":1.20,"ny":0,"monsterId":109,"scale":1,"nx":0,"effScale":1.20},{"innnerNy":0,"innnerNx":0,"innerScale":1.20,"ny":0,"monsterId":110,"scale":1,"nx":0,"effScale":1.20},{"innnerNy":0,"innnerNx":0,"innerScale":1.20,"ny":0,"monsterId":111,"scale":1,"nx":0,"effScale":1.20},{"innnerNy":0,"innnerNx":0,"innerScale":1.20,"ny":0,"monsterId":112,"scale":1,"nx":0,"effScale":1.20},{"innnerNy":0,"innnerNx":0,"innerScale":1.20,"ny":0,"monsterId":113,"scale":1,"nx":0,"effScale":1.20},{"innnerNy":0,"innnerNx":0,"innerScale":1.20,"ny":0,"monsterId":114,"scale":1,"nx":0,"effScale":1.20},{"innnerNy":0,"innnerNx":0,"innerScale":1.20,"ny":0,"monsterId":115,"scale":1,"nx":0,"effScale":1.20},{"innnerNy":0,"innnerNx":0,"innerScale":1.20,"ny":0,"monsterId":116,"scale":1,"nx":0,"effScale":1.20},{"innnerNy":0,"innnerNx":0,"innerScale":1.20,"ny":0,"monsterId":117,"scale":1,"nx":0,"effScale":1.20},{"innnerNy":0,"innnerNx":0,"innerScale":1.20,"ny":0,"monsterId":118,"scale":1,"nx":0,"effScale":1.20},{"innnerNy":0,"innnerNx":0,"innerScale":1.20,"ny":0,"monsterId":119,"scale":1,"nx":0,"effScale":1.20},{"innnerNy":0,"innnerNx":0,"innerScale":1.20,"ny":0,"monsterId":120,"scale":1,"nx":0,"effScale":1.20},{"innnerNy":0,"innnerNx":0,"innerScale":1.20,"ny":0,"monsterId":121,"scale":1,"nx":0,"effScale":1.20},{"innnerNy":0,"innnerNx":0,"innerScale":2.20,"ny":0,"monsterId":122,"scale":2,"nx":0,"effScale":1.20},{"innnerNy":0,"innnerNx":0,"innerScale":1,"ny":0,"monsterId":10000,"scale":1,"nx":0,"effScale":1},{"innnerNy":0,"innnerNx":0,"innerScale":2,"ny":0,"monsterId":10001,"scale":1.30,"nx":0,"effScale":1.30},{"innnerNy":0,"innnerNx":-10,"innerScale":1.60,"ny":0,"monsterId":10002,"scale":1.10,"nx":0,"effScale":1.50},{"innnerNy":15,"innnerNx":-8,"innerScale":1.60,"ny":0,"monsterId":10003,"scale":1.10,"nx":0,"effScale":1.50},{"innnerNy":2,"innnerNx":-8,"innerScale":1.60,"ny":0,"monsterId":10004,"scale":1.10,"nx":0,"effScale":1.50},{"innnerNy":0,"innnerNx":-13,"innerScale":1.40,"ny":0,"monsterId":10005,"scale":1,"nx":0,"effScale":1.70},{"innnerNy":0,"innnerNx":-5,"innerScale":1.25,"ny":0,"monsterId":10006,"scale":0.90,"nx":0,"effScale":1.80},{"innnerNy":0,"innnerNx":-10,"innerScale":1.30,"ny":0,"monsterId":10007,"scale":0.90,"nx":0,"effScale":1.80},{"innnerNy":15,"innnerNx":-8,"innerScale":1.60,"ny":0,"monsterId":10008,"scale":1.40,"nx":0,"effScale":1.20},{"innnerNy":30,"innnerNx":8,"innerScale":1.50,"ny":0,"monsterId":10009,"scale":1.50,"nx":0,"effScale":1},{"innnerNy":4,"innnerNx":-8,"innerScale":1.60,"ny":0,"monsterId":10010,"scale":1.10,"nx":0,"effScale":1.50},{"innnerNy":0,"innnerNx":-8,"innerScale":1.40,"ny":0,"monsterId":10011,"scale":1.10,"nx":0,"effScale":1.50},{"innnerNy":-35,"innnerNx":-15,"innerScale":1.50,"ny":0,"monsterId":10012,"scale":2,"nx":0,"effScale":2},{"innnerNy":-50,"innnerNx":0,"innerScale":2,"ny":0,"monsterId":10013,"scale":2,"nx":0,"effScale":2},{"innnerNy":-10,"innnerNx":-10,"innerScale":1.80,"ny":0,"monsterId":10014,"scale":2,"nx":0,"effScale":2},{"innnerNy":-50,"innnerNx":-10,"innerScale":2,"ny":0,"monsterId":10015,"scale":2,"nx":0,"effScale":2},{"innnerNy":-10,"innnerNx":-10,"innerScale":1.80,"ny":0,"monsterId":10016,"scale":2,"nx":0,"effScale":2},{"innnerNy":0,"innnerNx":0,"innerScale":1.10,"ny":0,"monsterId":10017,"scale":0.80,"nx":0,"effScale":1.90},{"innnerNy":0,"innnerNx":0,"innerScale":1.10,"ny":0,"monsterId":10018,"scale":0.80,"nx":0,"effScale":1.90},{"innnerNy":0,"innnerNx":0,"innerScale":1.10,"ny":0,"monsterId":10019,"scale":0.80,"nx":0,"effScale":1.90},{"innnerNy":0,"innnerNx":0,"innerScale":1.10,"ny":0,"monsterId":10020,"scale":0.78,"nx":0,"effScale":1.90},{"innnerNy":0,"innnerNx":0,"innerScale":1,"ny":0,"monsterId":10021,"scale":0.95,"nx":0,"effScale":1.90},{"innnerNy":0,"innnerNx":0,"innerScale":1.30,"ny":0,"monsterId":10033,"scale":1.20,"nx":0,"effScale":1.90},{"innnerNy":0,"innnerNx":0,"innerScale":1.30,"ny":0,"monsterId":10034,"scale":1.20,"nx":0,"effScale":1.90},{"innnerNy":0,"innnerNx":0,"innerScale":1.30,"ny":0,"monsterId":10038,"scale":1.20,"nx":0,"effScale":1.90},{"innnerNy":0,"innnerNx":0,"innerScale":1.30,"ny":0,"monsterId":10040,"scale":1.20,"nx":0,"effScale":1.90},{"innnerNy":0,"innnerNx":0,"innerScale":1.10,"ny":0,"monsterId":10042,"scale":1,"nx":0,"effScale":1.90},{"innnerNy":0,"innnerNx":0,"innerScale":1.30,"ny":0,"monsterId":10047,"scale":1.20,"nx":0,"effScale":1.90},{"innnerNy":0,"innnerNx":0,"innerScale":1.30,"ny":0,"monsterId":10050,"scale":1.20,"nx":0,"effScale":1.90},{"innnerNy":0,"innnerNx":0,"innerScale":1.30,"ny":0,"monsterId":10059,"scale":1.20,"nx":0,"effScale":1.90},{"innnerNy":10,"innnerNx":60,"innerScale":1.30,"ny":0,"monsterId":10061,"scale":1.20,"nx":0,"effScale":1.90},{"innnerNy":0,"innnerNx":0,"innerScale":1.30,"ny":0,"monsterId":10063,"scale":1.20,"nx":0,"effScale":1.90},{"innnerNy":0,"innnerNx":0,"innerScale":1.30,"ny":0,"monsterId":10064,"scale":1.20,"nx":0,"effScale":1.90},{"innnerNy":0,"innnerNx":0,"innerScale":1.30,"ny":0,"monsterId":10065,"scale":1.20,"nx":0,"effScale":1.90},{"innnerNy":0,"innnerNx":0,"innerScale":1.80,"ny":0,"monsterId":10070,"scale":1.10,"nx":0,"effScale":1.50},{"innnerNy":0,"innnerNx":0,"innerScale":2.50,"ny":0,"monsterId":10071,"scale":1.50,"nx":0,"effScale":1.50},{"innnerNy":0,"innnerNx":-8,"innerScale":1.40,"ny":0,"monsterId":10072,"scale":1.10,"nx":0,"effScale":1.50},{"innnerNy":30,"innnerNx":0,"innerScale":1.30,"ny":0,"monsterId":10073,"scale":1.10,"nx":0,"effScale":1.50},{"innnerNy":0,"innnerNx":-8,"innerScale":1.60,"ny":0,"monsterId":10074,"scale":1.10,"nx":0,"effScale":1.50},{"innnerNy":0,"innnerNx":0,"innerScale":1.10,"ny":0,"monsterId":10075,"scale":1,"nx":0,"effScale":1.50},{"innnerNy":0,"innnerNx":0,"innerScale":1.60,"ny":0,"monsterId":10076,"scale":1.50,"nx":0,"effScale":1.50},{"innnerNy":0,"innnerNx":-8,"innerScale":1.50,"ny":0,"monsterId":10077,"scale":1.10,"nx":0,"effScale":1.50},{"innnerNy":0,"innnerNx":0,"innerScale":1.20,"ny":0,"monsterId":10078,"scale":1.10,"nx":0,"effScale":1.50},{"innnerNy":0,"innnerNx":-8,"innerScale":1.20,"ny":0,"monsterId":10079,"scale":0.80,"nx":0,"effScale":1.50},{"innnerNy":10,"innnerNx":-8,"innerScale":1,"ny":0,"monsterId":10080,"scale":0.80,"nx":0,"effScale":1.50},{"innnerNy":0,"innnerNx":0,"innerScale":2,"ny":0,"monsterId":20017,"scale":1.50,"nx":0,"effScale":1.20},{"innnerNy":0,"innnerNx":-10,"innerScale":1.60,"ny":0,"monsterId":20018,"scale":1.20,"nx":0,"effScale":1.20},{"innnerNy":15,"innnerNx":-8,"innerScale":1.60,"ny":0,"monsterId":20019,"scale":1.20,"nx":0,"effScale":2},{"innnerNy":2,"innnerNx":-8,"innerScale":1.70,"ny":0,"monsterId":20020,"scale":1.50,"nx":0,"effScale":2.50},{"innnerNy":0,"innnerNx":0,"innerScale":1.50,"ny":0,"monsterId":30010,"scale":1.10,"nx":0,"effScale":1.30},{"innnerNy":0,"innnerNx":0,"innerScale":1.50,"ny":0,"monsterId":30011,"scale":1.10,"nx":0,"effScale":1.50},{"innnerNy":0,"innnerNx":0,"innerScale":1.50,"ny":0,"monsterId":30012,"scale":1.10,"nx":0,"effScale":1.50},{"innnerNy":0,"innnerNx":0,"innerScale":1.50,"ny":0,"monsterId":30013,"scale":1.10,"nx":0,"effScale":1.50},{"innnerNy":0,"innnerNx":0,"innerScale":1.50,"ny":0,"monsterId":30014,"scale":1.10,"nx":0,"effScale":1.70},{"innnerNy":0,"innnerNx":0,"innerScale":1.50,"ny":0,"monsterId":30015,"scale":1.10,"nx":0,"effScale":1.80},{"innnerNy":0,"innnerNx":0,"innerScale":1.50,"ny":0,"monsterId":30016,"scale":1.10,"nx":0,"effScale":1.80},{"innnerNy":0,"innnerNx":0,"innerScale":1.50,"ny":0,"monsterId":30017,"scale":1.10,"nx":0,"effScale":1.20},{"innnerNy":0,"innnerNx":0,"innerScale":1.75,"ny":0,"monsterId":40001,"scale":1.75,"nx":0,"effScale":1.75},{"innnerNy":0,"innnerNx":0,"innerScale":1.75,"ny":0,"monsterId":40002,"scale":1.75,"nx":0,"effScale":1.75},{"innnerNy":0,"innnerNx":0,"innerScale":1.75,"ny":0,"monsterId":40003,"scale":1.75,"nx":0,"effScale":1.75},{"innnerNy":0,"innnerNx":0,"innerScale":1.75,"ny":0,"monsterId":40004,"scale":1.75,"nx":0,"effScale":1.75},{"innnerNy":0,"innnerNx":0,"innerScale":1,"ny":0,"monsterId":90001,"scale":1,"nx":0,"effScale":1},{"innnerNy":0,"innnerNx":0,"innerScale":1,"ny":0,"monsterId":90002,"scale":1,"nx":0,"effScale":1},{"innnerNy":0,"innnerNx":0,"innerScale":1,"ny":0,"monsterId":90003,"scale":1,"nx":0,"effScale":1},{"innnerNy":0,"innnerNx":0,"innerScale":1,"ny":0,"monsterId":90004,"scale":1,"nx":0,"effScale":1},{"innnerNy":0,"innnerNx":0,"innerScale":1,"ny":0,"monsterId":90005,"scale":1,"nx":0,"effScale":1},{"innnerNy":0,"innnerNx":0,"innerScale":1,"ny":0,"monsterId":90006,"scale":1,"nx":0,"effScale":1},{"innnerNy":0,"innnerNx":0,"innerScale":1,"ny":0,"monsterId":90007,"scale":1,"nx":0,"effScale":1},{"innnerNy":0,"innnerNx":0,"innerScale":1,"ny":0,"monsterId":90008,"scale":1,"nx":0,"effScale":1},{"innnerNy":0,"innnerNx":0,"innerScale":1,"ny":0,"monsterId":90009,"scale":1,"nx":0,"effScale":1},{"innnerNy":0,"innnerNx":0,"innerScale":1,"ny":0,"monsterId":90010,"scale":1,"nx":0,"effScale":1},{"innnerNy":0,"innnerNx":0,"innerScale":1,"ny":0,"monsterId":90011,"scale":1,"nx":0,"effScale":1},{"innnerNy":0,"innnerNx":0,"innerScale":1,"ny":0,"monsterId":90012,"scale":1,"nx":0,"effScale":1},{"innnerNy":0,"innnerNx":0,"innerScale":1,"ny":0,"monsterId":90013,"scale":1,"nx":0,"effScale":1},{"innnerNy":0,"innnerNx":0,"innerScale":1,"ny":0,"monsterId":90014,"scale":1,"nx":0,"effScale":1},{"innnerNy":0,"innnerNx":0,"innerScale":1,"ny":0,"monsterId":90015,"scale":1,"nx":0,"effScale":1},{"innnerNy":0,"innnerNx":0,"innerScale":1,"ny":0,"monsterId":90016,"scale":1,"nx":0,"effScale":1},{"innnerNy":0,"innnerNx":0,"innerScale":1,"ny":0,"monsterId":90017,"scale":1,"nx":0,"effScale":1},{"innnerNy":0,"innnerNx":0,"innerScale":1,"ny":0,"monsterId":90018,"scale":1,"nx":0,"effScale":1},{"innnerNy":0,"innnerNx":0,"innerScale":1,"ny":0,"monsterId":90019,"scale":1,"nx":0,"effScale":1},{"innnerNy":0,"innnerNx":0,"innerScale":1,"ny":0,"monsterId":90020,"scale":1,"nx":0,"effScale":1},{"innnerNy":0,"innnerNx":0,"innerScale":1,"ny":0,"monsterId":90021,"scale":1,"nx":0,"effScale":1},{"innnerNy":0,"innnerNx":0,"innerScale":1,"ny":0,"monsterId":90022,"scale":1,"nx":0,"effScale":1},{"innnerNy":0,"innnerNx":0,"innerScale":1,"ny":0,"monsterId":90023,"scale":1,"nx":0,"effScale":1},{"innnerNy":0,"innnerNx":0,"innerScale":1,"ny":0,"monsterId":90024,"scale":1,"nx":0,"effScale":1},{"innnerNy":0,"innnerNx":0,"innerScale":1,"ny":0,"monsterId":90025,"scale":1,"nx":0,"effScale":1},{"innnerNy":0,"innnerNx":0,"innerScale":1,"ny":0,"monsterId":90026,"scale":1,"nx":0,"effScale":1},{"innnerNy":0,"innnerNx":0,"innerScale":1,"ny":0,"monsterId":90027,"scale":1,"nx":0,"effScale":1},{"innnerNy":0,"innnerNx":0,"innerScale":1,"ny":0,"monsterId":90028,"scale":1,"nx":0,"effScale":1},{"innnerNy":0,"innnerNx":0,"innerScale":1,"ny":0,"monsterId":90029,"scale":1,"nx":0,"effScale":1},{"innnerNy":0,"innnerNx":0,"innerScale":1,"ny":0,"monsterId":90030,"scale":1,"nx":0,"effScale":1},{"innnerNy":0,"innnerNx":0,"innerScale":1,"ny":0,"monsterId":90031,"scale":1,"nx":0,"effScale":1},{"innnerNy":0,"innnerNx":0,"innerScale":1,"ny":0,"monsterId":90032,"scale":1,"nx":0,"effScale":1},{"innnerNy":0,"innnerNx":0,"innerScale":1,"ny":0,"monsterId":90033,"scale":1,"nx":0,"effScale":1},{"innnerNy":0,"innnerNx":0,"innerScale":1,"ny":0,"monsterId":90034,"scale":1,"nx":0,"effScale":1},{"innnerNy":0,"innnerNx":0,"innerScale":1,"ny":0,"monsterId":90035,"scale":1,"nx":0,"effScale":1},{"innnerNy":0,"innnerNx":0,"innerScale":1,"ny":0,"monsterId":90036,"scale":1,"nx":0,"effScale":1},{"innnerNy":0,"innnerNx":0,"innerScale":1,"ny":0,"monsterId":90037,"scale":1,"nx":0,"effScale":1}]}}