{"CollectionBoxConfig":{"pointAwards":[{"point":50,"awards":[{"id":10505,"count":10}]},{"point":100,"awards":[{"id":10991,"count":1}]},{"point":50,"awards":[{"id":10906,"count":5}]},{"point":100,"awards":[{"id":10992,"count":1}]},{"point":50,"awards":[{"id":10505,"count":10}]},{"point":100,"awards":[{"id":10992,"count":1}]},{"point":50,"awards":[{"id":10906,"count":5}]},{"point":100,"awards":[{"id":10992,"count":1}]},{"point":50,"awards":[{"id":10902,"count":5}]},{"point":100,"awards":[{"id":10992,"count":1}]},{"point":50,"awards":[{"id":10906,"count":5}]},{"point":100,"awards":[{"id":10993,"count":1}]},{"point":50,"awards":[{"id":10903,"count":5}]},{"point":100,"awards":[{"id":10994,"count":1}]},{"point":50,"awards":[{"id":10905,"count":5}]},{"point":100,"awards":[{"id":10995,"count":1}]}],"box":[{"onceAddPoint":2,"type":[{"consume":[{"id":10991,"count":1}],"times":1},{"consume":[{"id":10991,"count":5}],"times":5}],"name":"绿钻宝箱","id":1,"desc":"<font color ='0x2aff00'>青铜器</font>概率48%,<font color ='0x2aff00'>其他材料</font>概率52%"},{"onceAddPoint":5,"type":[{"consume":[{"id":10992,"count":1}],"times":1},{"consume":[{"id":10992,"count":5}],"times":5}],"name":"蓝钻宝箱","id":2,"desc":"<font color ='0x31b4f8'>陶器</font>概率58%,<font color ='0x2aff00'>其他材料</font>概率42%"},{"onceAddPoint":10,"type":[{"consume":[{"id":10993,"count":1}],"times":1},{"consume":[{"id":10993,"count":5}],"times":5}],"name":"紫钻宝箱","id":3,"desc":"<font color ='0xA946FF'>瓷器</font>概率58%,<font color ='0x2aff00'>其他材料</font>概率42%"},{"onceAddPoint":20,"type":[{"consume":[{"id":10994,"count":1}],"times":1},{"consume":[{"id":10994,"count":5}],"times":5}],"name":"金钻宝箱","id":4,"desc":"<font color ='0xffeb00'>金银器</font>概率58%,<font color ='0x2aff00'>其他材料</font>概率42%"},{"onceAddPoint":40,"type":[{"consume":[{"id":10995,"count":1}],"times":1},{"consume":[{"id":10995,"count":5}],"times":5}],"name":"红钻宝箱","id":5,"desc":"<font color ='0xfe0000'>玉器</font>概率58%,<font color ='0x2aff00'>其他材料</font>概率42%"}]}}