{"CombineConfig":{"combinebeginday":1,"combines":[{"godstoneconfig":[{"awards":[{"id":10028,"count":30}],"chapters":1},{"awards":[{"id":10514,"count":1}],"chapters":3},{"awards":[{"id":10028,"count":50}],"chapters":8},{"awards":[{"id":10753,"count":10}],"chapters":10},{"chapters":25,"awards":[{"id":10070,"count":1}],"randcount":1},{"awards":[{"id":10312,"count":1}],"chapters":40}],"reawradtext":"合服活动奖励发放","clickcost":[{"id":10068,"count":1}],"combinetimes":1,"maxChapter":999,"CollBox":[{"rate":7000,"gotnum":[0,10]},{"rate":5000,"gotnum":[11,15]},{"rate":100,"gotnum":[16,999]}],"girds":49,"openBox":[{"rate":400,"gotnum":[0,20]},{"rate":100,"gotnum":[21,30]},{"rate":20,"gotnum":[31,40]},{"rate":10,"gotnum":[41,50]},{"rate":1,"gotnum":[51,99999]}],"FishingBox":[{"rate":3500,"gotnum":[0,10]},{"rate":1500,"gotnum":[11,15]},{"rate":10,"gotnum":[16,9999]}],"RMBCfg":[{"id":2008,"showName":"点金见面礼包","limit":5,"discount":40},{"id":2009,"showName":"点金初级礼包","limit":5,"discount":40},{"id":2010,"showName":"点金中级礼包","limit":5,"discount":40},{"id":2011,"showName":"点金高级礼包","limit":5,"discount":50},{"id":2012,"showName":"点金特级礼包","limit":3,"discount":50},{"id":2013,"showName":"点金土壕礼包","limit":3,"discount":50},{"id":2014,"showName":"点金神壕礼包","limit":3,"discount":50}],"daygift":[{"id":10068,"count":5},{"id":10069,"count":15},{"id":20106,"count":1},{"id":10028,"count":30}],"reawardhead":"合服活动未领取奖励","THCfg":[{"name":"骑战超级壕礼","discount":30,"awards":[{"id":10313,"count":1},{"id":10402,"count":3}],"consume":[{"id":10069,"count":3000}],"limit":1},{"name":"魂器鸿蒙壕礼","discount":40,"awards":[{"id":10749,"count":5},{"id":10401,"count":1}],"consume":[{"id":10069,"count":1200}],"limit":2},{"name":"魂器神话壕礼","discount":40,"awards":[{"id":10750,"count":5},{"id":10028,"count":50}],"consume":[{"id":10069,"count":400}],"limit":3},{"randcount":1,"name":"传世宝箱壕礼","discount":40,"awards":[{"id":10070,"count":1},{"id":10028,"count":30}],"consume":[{"id":10069,"count":250}],"limit":1},{"name":"魂器史诗壕礼","discount":40,"awards":[{"id":10754,"count":5},{"id":10028,"count":20}],"consume":[{"id":10069,"count":120}],"limit":3},{"name":"超值神器礼包","discount":50,"awards":[{"id":10028,"count":60},{"id":10007,"count":500}],"consume":[{"id":10069,"count":15}],"limit":5},{"name":"超值魂环礼包","discount":50,"awards":[{"id":10005,"count":1},{"id":10004,"count":30}],"consume":[{"id":10069,"count":5}],"limit":100},{"name":"超值铭文礼包","discount":60,"awards":[{"id":10500,"count":20},{"id":10004,"count":20}],"consume":[{"id":10069,"count":3}],"limit":100},{"name":"超值金币礼包","discount":60,"awards":[{"id":10072,"count":30000},{"id":10004,"count":20}],"consume":[{"id":10069,"count":3}],"limit":100}],"awardcount":[6,11],"clickaward":[{"id":10069,"count":1}],"randlist":[{"id":1,"awards":[{"id":10553,"count":1}],"pro":1000},{"id":2,"awards":[{"id":10554,"count":1}],"pro":1000},{"id":3,"awards":[{"id":10555,"count":1}],"pro":1000},{"id":4,"awards":[{"id":10556,"count":1}],"pro":1000},{"id":5,"awards":[{"id":10557,"count":1}],"pro":1000},{"id":6,"awards":[{"id":10558,"count":1}],"pro":1000}]}],"grid_cnt":7,"combineendday":7}}