{"CrossTowerConfig":{"recoveryDayCount":3,"Damagelist":[{"awards":[{"id":10004,"count":3,"pro":6000},{"id":10002,"count":10,"pro":1000},{"id":10028,"count":2,"pro":1000},{"id":10003,"count":2,"pro":1000}],"lv":1,"range":100000,"attrRate":1},{"awards":[{"id":10004,"count":3,"pro":6000},{"id":10002,"count":10,"pro":1000},{"id":10028,"count":3,"pro":1000},{"id":10003,"count":2,"pro":1000}],"lv":2,"range":140000,"attrRate":1.50},{"awards":[{"id":10004,"count":3,"pro":6000},{"id":10002,"count":10,"pro":1000},{"id":10028,"count":5,"pro":20000},{"id":10003,"count":2,"pro":1000}],"lv":3,"range":196000,"attrRate":1.50},{"awards":[{"id":10004,"count":3,"pro":6000},{"id":10002,"count":10,"pro":1000},{"id":10028,"count":5,"pro":20000},{"id":10003,"count":2,"pro":1000}],"lv":4,"range":274000,"attrRate":1.50},{"awards":[{"id":10004,"count":3,"pro":6000},{"id":10002,"count":10,"pro":1000},{"id":10028,"count":2,"pro":1000},{"id":10003,"count":2,"pro":1000}],"lv":5,"range":384000,"attrRate":1.50},{"awards":[{"id":10004,"count":3,"pro":6000},{"id":10002,"count":10,"pro":1000},{"id":10028,"count":2,"pro":1000},{"id":10003,"count":2,"pro":1000}],"lv":6,"range":538000,"attrRate":1.50},{"awards":[{"id":10004,"count":3,"pro":6000},{"id":10002,"count":10,"pro":1000},{"id":10028,"count":1,"pro":500},{"id":10003,"count":2,"pro":1000}],"lv":7,"range":753000,"attrRate":1.50},{"awards":[{"id":10004,"count":3,"pro":6000},{"id":10002,"count":20,"pro":1000},{"id":10028,"count":1,"pro":500},{"id":10003,"count":2,"pro":30000}],"lv":8,"range":1054000,"attrRate":1.50},{"awards":[{"id":10004,"count":3,"pro":6000},{"id":10002,"count":20,"pro":1000},{"id":10028,"count":1,"pro":500},{"id":10003,"count":2,"pro":30000}],"lv":9,"range":1476000,"attrRate":1.50},{"awards":[{"id":10004,"count":3,"pro":6000},{"id":10002,"count":20,"pro":1000},{"id":10028,"count":1,"pro":500},{"id":10003,"count":2,"pro":30000}],"lv":10,"range":2066000,"attrRate":1.50},{"awards":[{"id":10004,"count":3,"pro":6000},{"id":10002,"count":20,"pro":1000},{"id":10028,"count":1,"pro":10000},{"id":10003,"count":2,"pro":100}],"lv":11,"range":2892000,"attrRate":1.50},{"awards":[{"id":10004,"count":3,"pro":6000},{"id":10002,"count":20,"pro":1000},{"id":10028,"count":1,"pro":2000},{"id":10003,"count":2,"pro":100}],"lv":12,"range":4049000,"attrRate":1.50},{"awards":[{"id":10004,"count":3,"pro":6000},{"id":10002,"count":20,"pro":2000},{"id":10028,"count":1,"pro":1000},{"id":10003,"count":2,"pro":100}],"lv":13,"range":5669000,"attrRate":1.50},{"awards":[{"id":10004,"count":3,"pro":6000},{"id":10002,"count":20,"pro":2000},{"id":10028,"count":1,"pro":100},{"id":10003,"count":2,"pro":100}],"lv":14,"range":7937000,"attrRate":1.50},{"awards":[{"id":10004,"count":3,"pro":6000},{"id":10002,"count":30,"pro":2000},{"id":10028,"count":1,"pro":100},{"id":10003,"count":2,"pro":100}],"lv":15,"range":11112000,"attrRate":1.50},{"awards":[{"id":10004,"count":3,"pro":6000},{"id":10002,"count":30,"pro":2000},{"id":10028,"count":1,"pro":100},{"id":10003,"count":2,"pro":100}],"lv":16,"range":15557000,"attrRate":1.50},{"awards":[{"id":10004,"count":3,"pro":6000},{"id":10002,"count":30,"pro":2000},{"id":10028,"count":1,"pro":100},{"id":10003,"count":2,"pro":100}],"lv":17,"range":21780000,"attrRate":1.50},{"awards":[{"id":10004,"count":3,"pro":6000},{"id":10002,"count":30,"pro":2000},{"id":10028,"count":1,"pro":100},{"id":10003,"count":2,"pro":100}],"lv":18,"range":30492000,"attrRate":1.50},{"awards":[{"id":10004,"count":3,"pro":6000},{"id":10002,"count":30,"pro":3000},{"id":10028,"count":1,"pro":100},{"id":10003,"count":2,"pro":100}],"lv":19,"range":42689000,"attrRate":1.50},{"awards":[{"id":10004,"count":3,"pro":6000},{"id":10002,"count":30,"pro":3000},{"id":10028,"count":1,"pro":100},{"id":10003,"count":2,"pro":100}],"lv":20,"range":59765000,"attrRate":1.50},{"awards":[{"id":10004,"count":3,"pro":6000},{"id":10002,"count":30,"pro":3000},{"id":10028,"count":1,"pro":100},{"id":10003,"count":2,"pro":100}],"lv":21,"range":83671000,"attrRate":1.50},{"awards":[{"id":10004,"count":3,"pro":6000},{"id":10002,"count":30,"pro":3000},{"id":10028,"count":1,"pro":100},{"id":10003,"count":2,"pro":100}],"lv":22,"range":117139000,"attrRate":1.50},{"awards":[{"id":10004,"count":3,"pro":6000},{"id":10002,"count":30,"pro":3000},{"id":10028,"count":1,"pro":100},{"id":10003,"count":2,"pro":100}],"lv":23,"range":163995000,"attrRate":1.50},{"awards":[{"id":10004,"count":3,"pro":6000},{"id":10002,"count":30,"pro":3000},{"id":10028,"count":1,"pro":100},{"id":10003,"count":2,"pro":100}],"lv":24,"range":229593000,"attrRate":1.50},{"awards":[{"id":10004,"count":3,"pro":6000},{"id":10002,"count":40,"pro":3000},{"id":10028,"count":1,"pro":100},{"id":10003,"count":2,"pro":100}],"lv":25,"range":321430000,"attrRate":1.50},{"awards":[{"id":10004,"count":3,"pro":6000},{"id":10002,"count":40,"pro":3000},{"id":10028,"count":1,"pro":100},{"id":10003,"count":2,"pro":100}],"lv":26,"range":450002000,"attrRate":1.50},{"awards":[{"id":10004,"count":3,"pro":6000},{"id":10002,"count":40,"pro":3000},{"id":10028,"count":1,"pro":100},{"id":10003,"count":2,"pro":100}],"lv":27,"range":630003000,"attrRate":1.50},{"awards":[{"id":10004,"count":3,"pro":6000},{"id":10002,"count":40,"pro":3000},{"id":10028,"count":1,"pro":100},{"id":10003,"count":2,"pro":100}],"lv":28,"range":882004000,"attrRate":1.50},{"awards":[{"id":10004,"count":3,"pro":6000},{"id":10002,"count":40,"pro":3000},{"id":10028,"count":1,"pro":100},{"id":10003,"count":2,"pro":100}],"lv":29,"range":1234806000,"attrRate":1.50},{"awards":[{"id":10004,"count":3,"pro":6000},{"id":10002,"count":40,"pro":3000},{"id":10028,"count":1,"pro":100},{"id":10003,"count":2,"pro":100}],"lv":30,"range":1728728000,"attrRate":1.50},{"awards":[{"id":10004,"count":3,"pro":6000},{"id":10002,"count":40,"pro":3000},{"id":10028,"count":1,"pro":100},{"id":10003,"count":2,"pro":100}],"lv":31,"range":2420219000.00,"attrRate":1.50},{"awards":[{"id":10004,"count":3,"pro":6000},{"id":10002,"count":40,"pro":3000},{"id":10028,"count":1,"pro":100},{"id":10003,"count":2,"pro":100}],"lv":32,"range":3388307000.00,"attrRate":1.50},{"awards":[{"id":10004,"count":3,"pro":6000},{"id":10002,"count":40,"pro":3000},{"id":10028,"count":1,"pro":100},{"id":10003,"count":2,"pro":100}],"lv":33,"range":4743630000.00,"attrRate":1.50},{"awards":[{"id":10004,"count":3,"pro":6000},{"id":10002,"count":40,"pro":3000},{"id":10028,"count":1,"pro":100},{"id":10003,"count":2,"pro":100}],"lv":34,"range":6641082000.00,"attrRate":1.50},{"awards":[{"id":10004,"count":3,"pro":6000},{"id":10002,"count":40,"pro":3000},{"id":10028,"count":1,"pro":100},{"id":10003,"count":2,"pro":100}],"lv":35,"range":9297515000.00,"attrRate":1.50},{"awards":[{"id":10004,"count":3,"pro":6000},{"id":10002,"count":40,"pro":3000},{"id":10028,"count":1,"pro":100},{"id":10003,"count":2,"pro":100}],"lv":36,"range":13016521000.00,"attrRate":1.50},{"awards":[{"id":10004,"count":3,"pro":6000},{"id":10002,"count":40,"pro":3000},{"id":10028,"count":1,"pro":100},{"id":10003,"count":2,"pro":100}],"lv":37,"range":18223129000.00,"attrRate":1.50},{"awards":[{"id":10004,"count":3,"pro":6000},{"id":10002,"count":40,"pro":3000},{"id":10028,"count":1,"pro":100},{"id":10003,"count":2,"pro":100}],"lv":38,"range":25512381000.00,"attrRate":1.50},{"awards":[{"id":10004,"count":3,"pro":6000},{"id":10002,"count":40,"pro":3000},{"id":10028,"count":1,"pro":100},{"id":10003,"count":2,"pro":100}],"lv":39,"range":35717333000.00,"attrRate":1.50},{"awards":[{"id":10004,"count":3,"pro":6000},{"id":10002,"count":40,"pro":3000},{"id":10028,"count":1,"pro":100},{"id":10003,"count":2,"pro":100}],"lv":40,"range":50004266000.00,"attrRate":1.50},{"awards":[{"id":10004,"count":3,"pro":6000},{"id":10002,"count":40,"pro":3000},{"id":10028,"count":1,"pro":100},{"id":10003,"count":2,"pro":100}],"lv":41,"range":70005972000.00,"attrRate":1.50},{"awards":[{"id":10004,"count":3,"pro":6000},{"id":10002,"count":40,"pro":3000},{"id":10028,"count":1,"pro":100},{"id":10003,"count":2,"pro":100}],"lv":42,"range":98008361000.00,"attrRate":1.50},{"awards":[{"id":10004,"count":3,"pro":6000},{"id":10002,"count":40,"pro":3000},{"id":10028,"count":1,"pro":100},{"id":10003,"count":2,"pro":100}],"lv":43,"range":137211705000.00,"attrRate":1.50},{"awards":[{"id":10004,"count":3,"pro":6000},{"id":10002,"count":40,"pro":3000},{"id":10028,"count":1,"pro":100},{"id":10003,"count":2,"pro":100}],"lv":44,"range":192096387000.00,"attrRate":1.50},{"awards":[{"id":10004,"count":3,"pro":6000},{"id":10002,"count":40,"pro":3000},{"id":10028,"count":1,"pro":100},{"id":10003,"count":2,"pro":100}],"lv":45,"range":268934942000.00,"attrRate":1.50},{"awards":[{"id":10004,"count":3,"pro":6000},{"id":10002,"count":40,"pro":3000},{"id":10028,"count":1,"pro":100},{"id":10003,"count":2,"pro":100}],"lv":46,"range":376508919000.00,"attrRate":1.50},{"awards":[{"id":10004,"count":3,"pro":6000},{"id":10002,"count":40,"pro":3000},{"id":10028,"count":1,"pro":100},{"id":10003,"count":2,"pro":100}],"lv":47,"range":527112487000.00,"attrRate":1.50},{"awards":[{"id":10004,"count":3,"pro":6000},{"id":10002,"count":40,"pro":3000},{"id":10028,"count":1,"pro":100},{"id":10003,"count":2,"pro":100}],"lv":48,"range":737957482000.00,"attrRate":1.50},{"awards":[{"id":10004,"count":3,"pro":6000},{"id":10002,"count":40,"pro":3000},{"id":10028,"count":1,"pro":100},{"id":10003,"count":2,"pro":100}],"lv":49,"range":1033140475000.00,"attrRate":1.50},{"awards":[{"id":10004,"count":3,"pro":6000},{"id":10002,"count":40,"pro":3000},{"id":10028,"count":1,"pro":100},{"id":10003,"count":2,"pro":100}],"lv":50,"range":1446396665000.00,"attrRate":1.50}],"weekContent":"恭喜！您在本周王权之塔中个人积分排名获得<font color='#fe0000'>第%s名</font>！以下是周赛奖励，请查收！","weekTitle":"王权之塔周赛奖励","HurtChange":10000,"recovery_time":7200,"rob_buy":[50,80,100,150,200],"RankCount":50,"ChallNum":3,"Content":"恭喜！您在第%d层王权之塔中个人积分排名获得<font color='#fe0000'>第%s名</font>！以下是活动奖励，请查收！","killRate":1000,"FloorCfg":[{"idx":1,"name":"万妖女王","appear":10012,"prop_tab":[{"value":6000,"type":1},{"value":1446396665000.00,"type":2},{"value":25000,"type":3},{"value":5000,"type":4},{"value":99990000,"type":11},{"value":99990000,"type":12},{"value":99990000,"type":13},{"value":99990000,"type":14},{"value":99990000,"type":15},{"value":99990000,"type":16}],"awards":[{"id":10003,"count":20},{"id":10028,"count":4},{"id":10004,"count":10},{"id":10002,"count":500}],"rate":5000,"backRate":0},{"idx":2,"name":"万古雷尊","appear":10013,"prop_tab":[{"value":9000,"type":1},{"value":1446396665000.00,"type":2},{"value":37500,"type":3},{"value":7500,"type":4},{"value":99990000,"type":11},{"value":99990000,"type":12},{"value":99990000,"type":13},{"value":99990000,"type":14},{"value":99990000,"type":15},{"value":99990000,"type":16}],"awards":[{"id":10003,"count":25},{"id":10028,"count":5},{"id":10004,"count":15},{"id":10002,"count":600}],"rate":2500,"backRate":2500},{"idx":3,"name":"混沌傲世神","appear":10014,"prop_tab":[{"value":13500,"type":1},{"value":1446396665000.00,"type":2},{"value":56250,"type":3},{"value":11250,"type":4},{"value":99990000,"type":11},{"value":99990000,"type":12},{"value":99990000,"type":13},{"value":99990000,"type":14},{"value":99990000,"type":15},{"value":99990000,"type":16}],"awards":[{"id":10003,"count":30},{"id":10028,"count":6},{"id":10004,"count":20},{"id":10002,"count":700}],"rate":2500,"backRate":2500},{"idx":4,"name":"陀罗大道尊","appear":10015,"prop_tab":[{"value":20250,"type":1},{"value":1446396665000.00,"type":2},{"value":84375,"type":3},{"value":16875,"type":4},{"value":99990000,"type":11},{"value":99990000,"type":12},{"value":99990000,"type":13},{"value":99990000,"type":14},{"value":99990000,"type":15},{"value":99990000,"type":16}],"awards":[{"id":10003,"count":40},{"id":10028,"count":7},{"id":10004,"count":25},{"id":10002,"count":800}],"rate":2500,"backRate":2500},{"idx":5,"name":"神魔不灭体","appear":10016,"prop_tab":[{"value":30375,"type":1},{"value":1446396665000.00,"type":2},{"value":126562,"type":3},{"value":25312,"type":4},{"value":99990000,"type":11},{"value":99990000,"type":12},{"value":99990000,"type":13},{"value":99990000,"type":14},{"value":99990000,"type":15},{"value":99990000,"type":16}],"awards":[{"id":10003,"count":50},{"id":10028,"count":8},{"id":10004,"count":30},{"id":10002,"count":1000}],"rate":0,"backRate":5000}],"weekEndTime":[1,0,0],"refresh_consume":[{"id":10003,"count":20}],"RankAwards":[{"range":{"min":1,"max":2},"awards":[{"awards":[{"id":10003,"count":300},{"id":10028,"count":50},{"id":10004,"count":300},{"id":10403,"count":3}],"range":{"min":1,"max":2},"desc":"1"},{"awards":[{"id":10003,"count":200},{"id":10028,"count":45},{"id":10004,"count":200},{"id":10403,"count":2}],"range":{"min":2,"max":3},"desc":"2"},{"awards":[{"id":10003,"count":180},{"id":10028,"count":40},{"id":10004,"count":100},{"id":10403,"count":1}],"range":{"min":3,"max":4},"desc":"3"},{"awards":[{"id":10003,"count":160},{"id":10028,"count":35},{"id":10004,"count":90},{"id":10403,"count":1}],"range":{"min":4,"max":5},"desc":"4"},{"awards":[{"id":10003,"count":140},{"id":10028,"count":32},{"id":10004,"count":80},{"id":10403,"count":1}],"range":{"min":5,"max":11},"desc":"5-10"},{"awards":[{"id":10003,"count":120},{"id":10028,"count":30},{"id":10004,"count":70},{"id":10072,"count":250000}],"range":{"min":11,"max":21},"desc":"11-20"},{"awards":[{"id":10003,"count":100},{"id":10028,"count":28},{"id":10004,"count":60},{"id":10072,"count":200000}],"range":{"min":21,"max":51},"desc":"21-50"},{"awards":[{"id":10003,"count":80},{"id":10028,"count":25},{"id":10004,"count":50},{"id":10072,"count":150000}],"range":{"min":51,"max":101},"desc":"51-100"},{"awards":[{"id":10003,"count":60},{"id":10028,"count":25},{"id":10004,"count":40},{"id":10072,"count":120000}],"range":{"min":101,"max":9999},"desc":"100+"}]},{"range":{"min":2,"max":4},"awards":[{"awards":[{"id":10003,"count":300},{"id":10028,"count":50},{"id":10004,"count":300},{"id":10403,"count":3}],"range":{"min":1,"max":2},"desc":"1"},{"awards":[{"id":10003,"count":200},{"id":10028,"count":45},{"id":10004,"count":200},{"id":10403,"count":2}],"range":{"min":2,"max":3},"desc":"2"},{"awards":[{"id":10003,"count":180},{"id":10028,"count":40},{"id":10004,"count":100},{"id":10403,"count":1}],"range":{"min":3,"max":4},"desc":"3"},{"awards":[{"id":10003,"count":160},{"id":10028,"count":35},{"id":10004,"count":90},{"id":10403,"count":1}],"range":{"min":4,"max":5},"desc":"4"},{"awards":[{"id":10003,"count":140},{"id":10028,"count":32},{"id":10004,"count":80},{"id":10403,"count":1}],"range":{"min":5,"max":11},"desc":"5-10"},{"awards":[{"id":10003,"count":120},{"id":10028,"count":30},{"id":10004,"count":70},{"id":10072,"count":250000}],"range":{"min":11,"max":21},"desc":"11-20"},{"awards":[{"id":10003,"count":100},{"id":10028,"count":28},{"id":10004,"count":60},{"id":10072,"count":200000}],"range":{"min":21,"max":51},"desc":"21-50"},{"awards":[{"id":10003,"count":80},{"id":10028,"count":25},{"id":10004,"count":50},{"id":10072,"count":150000}],"range":{"min":51,"max":101},"desc":"51-100"},{"awards":[{"id":10003,"count":60},{"id":10028,"count":25},{"id":10004,"count":40},{"id":10072,"count":120000}],"range":{"min":101,"max":9999},"desc":"100+"}]},{"range":{"min":4,"max":99999},"awards":[{"awards":[{"id":10003,"count":300},{"id":10752,"count":20},{"id":10004,"count":300},{"id":10072,"count":500000}],"range":{"min":1,"max":2},"desc":"1"},{"awards":[{"id":10003,"count":200},{"id":10752,"count":15},{"id":10004,"count":200},{"id":10072,"count":400000}],"range":{"min":2,"max":3},"desc":"2"},{"awards":[{"id":10003,"count":180},{"id":10752,"count":12},{"id":10004,"count":100},{"id":10072,"count":350000}],"range":{"min":3,"max":4},"desc":"3"},{"awards":[{"id":10003,"count":160},{"id":10753,"count":12},{"id":10004,"count":90},{"id":10072,"count":300000}],"range":{"min":4,"max":5},"desc":"4"},{"awards":[{"id":10003,"count":140},{"id":10753,"count":10},{"id":10004,"count":80},{"id":10072,"count":250000}],"range":{"min":5,"max":11},"desc":"5-10"},{"awards":[{"id":10003,"count":120},{"id":10753,"count":8},{"id":10004,"count":70},{"id":10072,"count":200000}],"range":{"min":11,"max":21},"desc":"11-20"},{"awards":[{"id":10003,"count":100},{"id":10754,"count":8},{"id":10004,"count":60},{"id":10072,"count":150000}],"range":{"min":21,"max":51},"desc":"21-50"},{"awards":[{"id":10003,"count":80},{"id":10755,"count":8},{"id":10004,"count":50},{"id":10072,"count":120000}],"range":{"min":51,"max":101},"desc":"51-100"},{"awards":[{"id":10003,"count":60},{"id":10756,"count":8},{"id":10004,"count":40},{"id":10072,"count":100000}],"range":{"min":101,"max":9999},"desc":"100+"}]}],"defult_times":3,"Title":"王权之塔活动奖励","titleId":23,"log_max":10,"RankNum":50,"refreshTime":60,"rob_times":3}}