{"CrossBossConfig":{"pointId":11100,"heartenCfg":{"consumes":[[{"id":10003,"count":0}],[{"id":10003,"count":10}],[{"id":10003,"count":10}],[{"id":10003,"count":10}],[{"id":10003,"count":10}],[{"id":10003,"count":10}],[{"id":10003,"count":10}],[{"id":10003,"count":10}],[{"id":10003,"count":10}],[{"id":10003,"count":10}]],"addPointRate":5},"maxLog":10,"levelConfigId":73,"bossList":[{"addPointRate":10000,"playerDecRange":[1,3],"bossDecHpParam":0.03,"bossKillSec":1,"bossDecHpRate":0.80,"showAwards":[{"awards":[{"id":10404,"count":1},{"id":10517,"count":1},{"id":11099,"count":30},{"id":10004,"count":15}],"desc":"首领归属"},{"awards":[{"id":10404,"count":1},{"id":10516,"count":1},{"id":11099,"count":25},{"id":10004,"count":10}],"desc":"伤害排名前25%"},{"awards":[{"id":10404,"count":1},{"id":10516,"count":1},{"id":11099,"count":20},{"id":10004,"count":8}],"desc":"伤害排名前75%"},{"awards":[{"id":10404,"count":1},{"id":10516,"count":1},{"id":11099,"count":15},{"id":10004,"count":5}],"desc":"伤害排名后25%"}],"relive":14400,"appear":40001,"playerAddHpRate":10,"addPointTime":5,"playerKillSec":1,"bossId":1,"bossDecHpMax":1.60,"name":"持国天王","changeLineSec":60,"pkAddPointRate":5,"bossDecHpSec":5,"angerSkill":{"id":116,"bossHurt":10,"cd":30,"playerHurt":0.50},"playerAddHpSec":5},{"addPointRate":10000,"playerDecRange":[1,3],"bossDecHpParam":0.03,"bossKillSec":1,"bossDecHpRate":0.80,"showAwards":[{"awards":[{"id":10404,"count":1},{"id":10517,"count":1},{"id":11099,"count":30},{"id":10004,"count":15}],"desc":"首领归属"},{"awards":[{"id":10404,"count":1},{"id":10516,"count":1},{"id":11099,"count":25},{"id":10004,"count":10}],"desc":"伤害排名前25%"},{"awards":[{"id":10404,"count":1},{"id":10516,"count":1},{"id":11099,"count":20},{"id":10004,"count":8}],"desc":"伤害排名前75%"},{"awards":[{"id":10404,"count":1},{"id":10516,"count":1},{"id":11099,"count":15},{"id":10004,"count":5}],"desc":"伤害排名后25%"}],"relive":14400,"appear":40004,"playerAddHpRate":10,"addPointTime":5,"playerKillSec":1,"bossId":2,"bossDecHpMax":1.60,"name":"增长天王","changeLineSec":60,"pkAddPointRate":5,"bossDecHpSec":5,"angerSkill":{"id":116,"bossHurt":10,"cd":30,"playerHurt":0.50},"playerAddHpSec":5},{"addPointRate":10000,"playerDecRange":[1,3],"bossDecHpParam":0.03,"bossKillSec":1,"bossDecHpRate":0.80,"showAwards":[{"awards":[{"id":10404,"count":1},{"id":10517,"count":1},{"id":11099,"count":30},{"id":10004,"count":15}],"desc":"首领归属"},{"awards":[{"id":10404,"count":1},{"id":10516,"count":1},{"id":11099,"count":25},{"id":10004,"count":10}],"desc":"伤害排名前25%"},{"awards":[{"id":10404,"count":1},{"id":10516,"count":1},{"id":11099,"count":20},{"id":10004,"count":8}],"desc":"伤害排名前75%"},{"awards":[{"id":10404,"count":1},{"id":10516,"count":1},{"id":11099,"count":15},{"id":10004,"count":5}],"desc":"伤害排名后25%"}],"relive":14400,"appear":40002,"playerAddHpRate":10,"addPointTime":5,"playerKillSec":1,"bossId":3,"bossDecHpMax":1.60,"name":"多闻天王","changeLineSec":60,"pkAddPointRate":5,"bossDecHpSec":5,"angerSkill":{"id":116,"bossHurt":10,"cd":30,"playerHurt":0.50},"playerAddHpSec":5},{"addPointRate":10000,"playerDecRange":[1,3],"bossDecHpParam":0.03,"bossKillSec":1,"bossDecHpRate":0.80,"showAwards":[{"awards":[{"id":10404,"count":1},{"id":10517,"count":1},{"id":11099,"count":30},{"id":10004,"count":15}],"desc":"首领归属"},{"awards":[{"id":10404,"count":1},{"id":10516,"count":1},{"id":11099,"count":25},{"id":10004,"count":10}],"desc":"伤害排名前25%"},{"awards":[{"id":10404,"count":1},{"id":10516,"count":1},{"id":11099,"count":20},{"id":10004,"count":8}],"desc":"伤害排名前75%"},{"awards":[{"id":10404,"count":1},{"id":10516,"count":1},{"id":11099,"count":15},{"id":10004,"count":5}],"desc":"伤害排名后25%"}],"relive":14400,"appear":40003,"playerAddHpRate":10,"addPointTime":5,"playerKillSec":1,"bossId":4,"bossDecHpMax":1.60,"name":"广目天王","changeLineSec":60,"pkAddPointRate":5,"bossDecHpSec":5,"angerSkill":{"id":116,"bossHurt":10,"cd":30,"playerHurt":0.50},"playerAddHpSec":5}],"moBaiAwards":[{"id":10003,"count":20}],"rankShowMaxCount":50,"maxPlayerCount":10,"killProtectSec":60,"vestTitleList":[101,102,103,104],"dailyCount":6,"vestRankShowCount":8}}