{"Cross3v3Config":{"buyMatchTimes":5,"fightTeamNum":5,"pointMailText":"您在3v3巅峰积分赛中完成1次比赛，获得如下奖励，请提取附件！","guessMailContent":"恭喜您！您在3V3巅峰淘汰赛中成功猜中冠军队伍，赢得竞猜奖池奖励！","recvApplyMax":5,"consums":[{"id":10003,"count":200}],"sixteennum":16,"winlastnotice":"巅峰战报:<font color='#fe0000'>%s</font>战队<font color='#31B4F8'>%s</font>战胜对手，晋级<font color='#fe0000'>%d强</font>！","placecost":[{"id":10067,"count":1000}],"mrtMaxCount":9,"actorApplyMax":3,"TeammaxCnt":3,"failpointaward":[{"id":10067,"count":50},{"id":10072,"count":10000}],"startlastnotice":"<font color='#31B4F8'>3v3巅峰淘汰赛</font>开始了！","day_award_rank":"Cross3v2DayAward.txt","finalaward":[{"award":[{"id":10607,"count":1},{"id":10749,"count":30},{"id":10403,"count":3},{"id":10067,"count":10000}],"index":[1,1],"awardName":"冠军"},{"award":[{"id":10606,"count":1},{"id":10752,"count":30},{"id":10403,"count":2},{"id":10067,"count":5000}],"index":[2,2],"awardName":"亚军"},{"award":[{"id":10605,"count":1},{"id":10752,"count":25},{"id":10403,"count":2},{"id":10067,"count":4000}],"index":[3,4],"awardName":"四强"},{"award":[{"id":10604,"count":1},{"id":10753,"count":22},{"id":10403,"count":1},{"id":10067,"count":3000}],"index":[5,8],"awardName":"八强"},{"award":[{"id":10753,"count":20},{"id":10403,"count":1},{"id":10067,"count":2000}],"index":[9,16],"awardName":"十六强"},{"award":[{"id":10754,"count":18},{"id":10403,"count":1},{"id":10067,"count":1500}],"index":[17,30],"awardName":"17-30强"},{"award":[{"id":10755,"count":15},{"id":10403,"count":1},{"id":10067,"count":1200}],"index":[31,50],"awardName":"31-50强"},{"award":[{"id":10756,"count":12},{"id":10403,"count":1},{"id":10067,"count":1000}],"index":[51,100],"awardName":"51-100强"}],"pointMailWinHead":"积分赛胜利奖励","finalMailText":"您在3v3巅峰淘汰赛中获得%s，获得如下奖励，请提取附件！","endpointnotice":"<font color='#31B4F8'>3v3巅峰积分赛</font>已结束！","guessnoticeText":"恭喜！本赛季十六强战队已产生，现已<font color='#1ccb14'>开启竞猜</font>预测冠军队伍！","guessnoticeHead":"开启竞猜","joinlastText":"恭喜！您的战队在本赛季3v3巅峰积分赛获得 <font color='#fe0000'>第%d名</font> 获得3v3巅峰淘汰赛资格，请在 <font color='#1ccb14'>本周日 19:00</font> 准时上线参与！","matchRound":[[{"day":1,"time":"19:00:00"},{"day":6,"time":"20:00:00"}],[{"day":6,"time":"20:01:00"},{"day":7,"time":"19:00:00"}],[{"day":7,"time":"19:00:01"},{"day":7,"time":"19:10:00"}],[{"day":7,"time":"19:10:01"},{"day":7,"time":"19:20:00"}],[{"day":7,"time":"19:20:01"},{"day":7,"time":"19:30:00"}],[{"day":7,"time":"19:30:01"},{"day":7,"time":"19:40:00"}]],"joinlastHead":"淘汰赛入围名单","endlastnotice":"<font color='#31B4F8'>3v3巅峰淘汰赛</font>已结束！","pointMailFailHead":"积分赛失败奖励","teamFightTimes":5,"teamCrossMatchTime":60,"fisrtAward":[{"mailcont":"恭喜！您的战队在本赛季3v3巅峰赛获得 <font color='#fe0000'>每日首胜奖励</font>，请提取附件！","needjointimes":0,"mailhead":"每日首胜奖励","needwin":1,"award":[{"id":10067,"count":300},{"id":20106,"count":1},{"id":10071,"count":500},{"id":10072,"count":50000}]},{"mailcont":"恭喜！您的战队在本赛季3v3巅峰赛获得 <font color='#fe0000'>赛季三胜奖励</font>，请提取附件！","needjointimes":0,"mailhead":"赛季三胜奖励","needwin":3,"award":[{"id":10067,"count":300},{"id":20106,"count":1},{"id":10071,"count":500},{"id":10072,"count":50000}]},{"mailcont":"恭喜！您的战队在本赛季3v3巅峰赛获得 <font color='#fe0000'>赛季十战奖励</font>，请提取附件！","needjointimes":10,"mailhead":"赛季十战奖励","needwin":0,"award":[{"id":10067,"count":400},{"id":20106,"count":2},{"id":10071,"count":800},{"id":10072,"count":80000}]}],"rangePoint":100,"startpointnotice":"<font color='#31B4F8'>3v3巅峰积分赛</font>开始了！","guessMailHead":"竞猜奖励","changenamecost":[{"id":10003,"count":200}],"teamApplyMax":10,"lostlastnotice":"巅峰战报:<font color='#fe0000'>%s</font>战队<font color='#31B4F8'>%s</font>遗憾落败，止步<font color='#fe0000'>%d强</font>！","secondnotice":"巅峰战报:<font color='#fe0000'>%s</font>战队<font color='#31B4F8'>%s</font>惜败对手，成为<font color='#fe0000'>S%d赛季亚军</font>！","championnotice":"巅峰战报:<font color='#fe0000'>%s</font>战队<font color='#31B4F8'>%s</font>勇冠三军，成为<font color='#fe0000'>S%d赛季冠军</font>！","winpointaward":[{"id":10067,"count":100},{"id":10072,"count":20000}],"openday":15,"finalMailHead":"淘汰赛奖励","initPoint":600,"conditions":[{"value":100,"type":20001}],"MatchTime":60,"buyMatchCost":[{"id":10003,"count":200}]}}