{"CumulativeRechargeCfg":{"showMc":20014,"mail_cont":"连充奖励","list":[{"idx":0,"awards":[{"id":10004,"count":20}]},{"idx":1,"awards":[{"id":10003,"count":30},{"id":10004,"count":30}]},{"idx":2,"awards":[{"id":10003,"count":30},{"id":10514,"count":1}]},{"idx":3,"awards":[{"id":10003,"count":100},{"id":10500,"count":20}]},{"idx":4,"awards":[{"id":10003,"count":30},{"id":10401,"count":1}]},{"idx":5,"awards":[{"id":10003,"count":30},{"id":10010,"count":5}]},{"idx":6,"awards":[{"id":10003,"count":120},{"id":10514,"count":1}]},{"idx":7,"awards":[{"id":10003,"count":50},{"id":10028,"count":30}]},{"idx":8,"awards":[{"id":10003,"count":50},{"id":10806,"count":1}]},{"idx":9,"awards":[{"id":10003,"count":150},{"id":10501,"count":10}]},{"idx":10,"awards":[{"id":10003,"count":50},{"id":10500,"count":40}]},{"idx":11,"awards":[{"id":10003,"count":50},{"id":10403,"count":1}]},{"idx":12,"awards":[{"id":10003,"count":180},{"id":10007,"count":1000}]},{"idx":13,"awards":[{"id":10003,"count":50},{"id":10008,"count":10}]},{"idx":14,"awards":[{"id":10003,"count":50},{"id":10402,"count":1}]},{"idx":15,"awards":[{"id":10003,"count":200},{"id":10875,"count":2}]},{"idx":16,"awards":[{"id":10003,"count":60},{"id":10028,"count":40}]},{"idx":17,"awards":[{"id":10003,"count":60},{"id":10404,"count":1}]},{"idx":18,"awards":[{"id":10003,"count":220},{"id":10500,"count":40}]},{"idx":19,"awards":[{"id":10003,"count":60},{"id":10010,"count":5}]},{"idx":20,"awards":[{"id":10003,"count":60},{"id":10406,"count":1}]},{"idx":21,"awards":[{"id":10003,"count":250},{"id":10501,"count":10}]},{"idx":22,"awards":[{"id":10003,"count":60},{"id":10500,"count":40}]},{"idx":23,"awards":[{"id":10003,"count":60},{"id":10405,"count":1}]},{"idx":24,"awards":[{"id":10003,"count":280},{"id":10007,"count":1000}]},{"idx":25,"awards":[{"id":10003,"count":60},{"id":10008,"count":10}]},{"idx":26,"awards":[{"id":10003,"count":60},{"id":10077,"count":1}]},{"idx":27,"awards":[{"id":10003,"count":300},{"id":10875,"count":3}]},{"idx":28,"awards":[{"id":10003,"count":70},{"id":10028,"count":40}]},{"idx":29,"awards":[{"id":10003,"count":70},{"id":10753,"count":30}]},{"idx":30,"awards":[{"id":10003,"count":320},{"id":10501,"count":15}]},{"idx":31,"awards":[{"id":10003,"count":70},{"id":10500,"count":50}]},{"idx":32,"awards":[{"id":10003,"count":70},{"id":10752,"count":30}]},{"idx":33,"awards":[{"id":10003,"count":350},{"id":10010,"count":6}]},{"idx":34,"awards":[{"id":10003,"count":80},{"id":10077,"count":1}]},{"idx":35,"awards":[{"id":10003,"count":80},{"id":10007,"count":1500}]},{"idx":36,"awards":[{"id":10003,"count":380},{"id":10008,"count":15}]},{"idx":37,"awards":[{"id":10003,"count":80},{"id":10807,"count":1}]},{"idx":38,"awards":[{"id":10003,"count":80},{"id":10501,"count":15}]},{"idx":39,"awards":[{"id":10003,"count":400},{"id":10500,"count":50}]},{"idx":40,"awards":[{"id":10003,"count":80},{"id":10077,"count":1}]},{"idx":41,"awards":[{"id":10003,"count":80},{"id":10028,"count":50}]},{"idx":42,"awards":[{"id":10003,"count":420},{"id":10314,"count":1}]}]}}