{"DayLimitGiftConfig":[{"conditions":[{"value":71,"type":20056}],"name":"魂环礼包","list":[{"pat":50,"firstTime":86400,"dsc1":"(已优惠66%)","endTime":7200,"sy":300,"rmbId":1201,"dsc":"￥90"},{"pat":50,"sy":290,"endTime":7200,"dsc1":"(已优惠66%)","rmbId":1202,"dsc":"￥200"},{"pat":50,"sy":310,"endTime":7200,"dsc1":"(已优惠66%)","rmbId":1203,"dsc":"￥392"},{"pat":50,"sy":320,"endTime":7200,"dsc1":"(已优惠65%)","rmbId":1204,"dsc":"￥558"},{"pat":50,"sy":280,"endTime":7200,"dsc1":"(已优惠63%)","rmbId":1205,"dsc":"￥868"},{"pat":50,"sy":270,"endTime":7200,"dsc1":"(已优惠62%)","rmbId":1206,"dsc":"￥1668"}]},{"conditions":[{"value":4,"type":30004},{"value":90,"type":20001}],"name":"宝石礼包","list":[{"pat":50,"firstTime":86400,"dsc1":"(已优惠66%)","endTime":7200,"sy":300,"rmbId":1207,"dsc":"￥90"},{"pat":50,"sy":290,"endTime":7200,"dsc1":"(已优惠66%)","rmbId":1208,"dsc":"￥200"},{"pat":50,"sy":310,"endTime":7200,"dsc1":"(已优惠66%)","rmbId":1209,"dsc":"￥392"},{"pat":50,"sy":320,"endTime":7200,"dsc1":"(已优惠65%)","rmbId":1210,"dsc":"￥558"},{"pat":50,"sy":280,"endTime":7200,"dsc1":"(已优惠63%)","rmbId":1211,"dsc":"￥868"},{"pat":50,"sy":270,"endTime":7200,"dsc1":"(已优惠62%)","rmbId":1212,"dsc":"￥1668"}]},{"conditions":[{"value":285,"type":20056}],"name":"神器礼包","list":[{"pat":50,"firstTime":86400,"dsc1":"(已优惠66%)","endTime":7200,"sy":300,"rmbId":1213,"dsc":"￥90"},{"pat":50,"sy":290,"endTime":7200,"dsc1":"(已优惠66%)","rmbId":1214,"dsc":"￥200"},{"pat":50,"sy":310,"endTime":7200,"dsc1":"(已优惠66%)","rmbId":1215,"dsc":"￥392"},{"pat":50,"sy":320,"endTime":7200,"dsc1":"(已优惠65%)","rmbId":1216,"dsc":"￥558"},{"pat":50,"sy":280,"endTime":7200,"dsc1":"(已优惠63%)","rmbId":1217,"dsc":"￥868"},{"pat":50,"sy":270,"endTime":7200,"dsc1":"(已优惠62%)","rmbId":1218,"dsc":"￥1668"}]},{"conditions":[{"value":96,"type":20056}],"name":"宠物礼包","list":[{"pat":50,"firstTime":86400,"dsc1":"(已优惠66%)","endTime":7200,"sy":300,"rmbId":1219,"dsc":"￥90"},{"pat":50,"sy":290,"endTime":7200,"dsc1":"(已优惠66%)","rmbId":1220,"dsc":"￥200"},{"pat":50,"sy":310,"endTime":7200,"dsc1":"(已优惠66%)","rmbId":1221,"dsc":"￥392"},{"pat":50,"sy":320,"endTime":7200,"dsc1":"(已优惠65%)","rmbId":1222,"dsc":"￥558"},{"pat":50,"sy":280,"endTime":7200,"dsc1":"(已优惠63%)","rmbId":1223,"dsc":"￥868"},{"pat":50,"sy":270,"endTime":7200,"dsc1":"(已优惠62%)","rmbId":1224,"dsc":"￥1668"}]},{"conditions":[{"value":427,"type":20056}],"name":"铭文礼包","list":[{"pat":5,"firstTime":86400,"dsc1":"(已优惠66%)","endTime":7200,"sy":300,"rmbId":1225,"dsc":"￥90"},{"pat":5,"sy":290,"endTime":7200,"dsc1":"(已优惠66%)","rmbId":1226,"dsc":"￥200"},{"pat":5,"sy":310,"endTime":7200,"dsc1":"(已优惠66%)","rmbId":1227,"dsc":"￥392"},{"pat":5,"sy":320,"endTime":7200,"dsc1":"(已优惠65%)","rmbId":1228,"dsc":"￥558"},{"pat":5,"sy":280,"endTime":7200,"dsc1":"(已优惠63%)","rmbId":1229,"dsc":"￥868"},{"pat":5,"sy":270,"endTime":7200,"dsc1":"(已优惠62%)","rmbId":1230,"dsc":"￥1668"}]},{"conditions":[{"value":15,"type":30004},{"value":90,"type":20001}],"name":"将魂礼包","list":[{"pat":30,"firstTime":86400,"dsc1":"(已优惠66%)","endTime":7200,"sy":300,"rmbId":1231,"dsc":"￥90"},{"pat":30,"sy":290,"endTime":7200,"dsc1":"(已优惠66%)","rmbId":1232,"dsc":"￥200"},{"pat":30,"sy":310,"endTime":7200,"dsc1":"(已优惠66%)","rmbId":1233,"dsc":"￥392"},{"pat":30,"sy":320,"endTime":7200,"dsc1":"(已优惠65%)","rmbId":1234,"dsc":"￥558"},{"pat":30,"sy":280,"endTime":7200,"dsc1":"(已优惠63%)","rmbId":1235,"dsc":"￥868"},{"pat":30,"sy":270,"endTime":7200,"dsc1":"(已优惠62%)","rmbId":1236,"dsc":"￥1668"}]},{"conditions":[{"value":4,"type":30004},{"value":90,"type":20001}],"name":"升星礼包","list":[{"pat":30,"firstTime":86400,"dsc1":"(已优惠66%)","endTime":7200,"sy":300,"rmbId":1277,"dsc":"￥90"},{"pat":30,"sy":290,"endTime":7200,"dsc1":"(已优惠66%)","rmbId":1278,"dsc":"￥200"},{"pat":30,"sy":310,"endTime":7200,"dsc1":"(已优惠66%)","rmbId":1279,"dsc":"￥392"},{"pat":30,"sy":320,"endTime":7200,"dsc1":"(已优惠65%)","rmbId":1280,"dsc":"￥558"},{"pat":30,"sy":280,"endTime":7200,"dsc1":"(已优惠63%)","rmbId":1281,"dsc":"￥868"},{"pat":30,"sy":270,"endTime":7200,"dsc1":"(已优惠62%)","rmbId":1282,"dsc":"￥1668"}]}]}