{"DmkjConfig":{"normallist":[2,3,4,6,7,8,10,11,12,13,14,16,17,18,20,21,22],"ranlib":[{"openday":[1,99999],"lib":[{"id":1,"award":[{"id":10003,"count":28}],"batch":1000},{"id":2,"award":[{"id":10003,"count":58}],"batch":300},{"id":3,"award":[{"id":10003,"count":88}],"batch":100},{"id":4,"award":[{"id":10004,"count":18}],"batch":1000},{"id":5,"award":[{"id":10004,"count":28}],"batch":1000},{"id":6,"award":[{"id":10032,"count":38}],"batch":300},{"id":7,"award":[{"id":10032,"count":48}],"batch":100},{"id":8,"award":[{"id":10032,"count":58}],"batch":50},{"id":9,"award":[{"id":10029,"count":1}],"batch":50},{"id":10,"award":[{"id":10030,"count":3}],"batch":1000},{"id":11,"award":[{"id":10030,"count":6}],"batch":300},{"id":12,"award":[{"id":10030,"count":9}],"batch":100},{"id":13,"award":[{"id":10007,"count":30}],"batch":1000},{"id":14,"award":[{"id":10007,"count":50}],"batch":300},{"id":15,"award":[{"id":10007,"count":80}],"batch":100},{"id":16,"award":[{"id":10008,"count":2}],"batch":500},{"id":17,"award":[{"id":10010,"count":2}],"batch":1000},{"id":18,"award":[{"id":10010,"count":4}],"batch":300},{"id":19,"award":[{"id":10010,"count":6}],"batch":100},{"id":20,"award":[{"id":10009,"count":10}],"batch":1000},{"id":21,"award":[{"id":10009,"count":20}],"batch":300},{"id":22,"award":[{"id":10009,"count":30}],"batch":100},{"id":23,"award":[{"id":10032,"count":10}],"batch":1000},{"id":24,"award":[{"id":10032,"count":30}],"batch":500},{"id":25,"award":[{"id":10032,"count":50}],"batch":200},{"id":26,"award":[{"id":10033,"count":3}],"batch":1000},{"id":27,"award":[{"id":10033,"count":5}],"batch":500},{"id":28,"award":[{"id":10033,"count":10}],"batch":100},{"id":29,"award":[{"id":10034,"count":1}],"batch":1000},{"id":30,"award":[{"id":10034,"count":2}],"batch":200},{"id":31,"award":[{"id":10034,"count":3}],"batch":100},{"id":32,"award":[{"id":10035,"count":1}],"batch":500},{"id":33,"award":[{"id":10035,"count":2}],"batch":200},{"id":34,"award":[{"id":10035,"count":3}],"batch":50}]}],"maxRecord":5,"pushCost":[{"id":10002,"count":6000}],"steps":[{"type":3,"pro":200,"id":1,"award":[{}],"itemId":100024},{"id":2,"type":1,"award":[{"id":10032,"count":20}],"pro":1000},{"id":3,"type":1,"award":[{"id":10004,"count":20}],"pro":1000},{"id":4,"type":1,"award":[{"id":10003,"count":188}],"pro":70},{"type":2,"pro":1000,"id":5,"award":[],"itemId":100023},{"id":6,"type":1,"award":[{"id":10030,"count":6}],"pro":1000},{"id":7,"type":1,"award":[{"id":10004,"count":10}],"pro":1000},{"id":8,"type":1,"award":[{"id":10029,"count":2}],"pro":50},{"type":4,"pro":500,"id":9,"award":[{}],"itemId":100025},{"id":10,"type":1,"award":[{"id":10032,"count":10}],"pro":1000},{"id":11,"type":1,"award":[{"id":10003,"count":10}],"pro":1000},{"id":12,"type":1,"award":[{"id":10004,"count":10}],"pro":1000},{"id":13,"type":1,"award":[{"id":10005,"count":1}],"pro":1000},{"id":14,"type":1,"award":[{"id":10032,"count":10}],"pro":1000},{"type":2,"pro":1000,"id":15,"award":[],"itemId":100023},{"id":16,"type":1,"award":[{"id":10028,"count":20}],"pro":1000},{"id":17,"type":1,"award":[{"id":10004,"count":10}],"pro":1000},{"id":18,"type":1,"award":[{"id":10009,"count":5}],"pro":1000},{"type":5,"pro":100,"id":19,"award":[{}],"itemId":100026},{"id":20,"type":1,"award":[{"id":10004,"count":10}],"pro":1000},{"id":21,"type":1,"award":[{"id":10008,"count":1}],"pro":1000},{"id":22,"type":1,"award":[{"id":10007,"count":30}],"pro":1000}],"noAdCost":[{"id":10003,"count":5}],"freeTimes":3}}