{"EquipNameConfig":[{"icon":"1_0000","name":"青铜剑"},{"icon":"1_0001","name":"井中月"},{"icon":"1_0002","name":"鎏金锤"},{"icon":"1_0003","name":"裁决"},{"icon":"1_0004","name":"屠龙"},{"icon":"1_0005","name":"开天"},{"icon":"1_0006","name":"黄金屠龙"},{"icon":"1_0007","name":"传奇之刃"},{"icon":"1_0008","name":"龙纹剑"},{"icon":"1_0009","name":"镇天"},{"icon":"1_0010","name":"玄天"},{"icon":"1_0011","name":"火龙神剑"},{"icon":"1_0012","name":"王者之刃"},{"icon":"1_0013","name":"王者之剑"},{"icon":"1_0014","name":"金牛战斧"},{"icon":"1_0015","name":"金牛战剑"},{"icon":"1_0016","name":"炎龙刃"},{"icon":"1_0017","name":"青龙刺"},{"icon":"1_0018","name":"主宰神剑"},{"icon":"1_0019","name":"传奇神剑"},{"icon":"1_0020","name":"皓月神剑"},{"icon":"1_0021","name":"热血战刃"},{"icon":"1_0022","name":"神龙战刃"},{"icon":"1_0023","name":"神牛战剑"},{"icon":"1_0024","name":"赤霄战剑"},{"icon":"1_0025","name":"龙威战剑"},{"icon":"1_0026","name":"震旦战剑"},{"icon":"1_0027","name":"青阳战剑"},{"icon":"1_0028","name":"玄铁屠龙"},{"icon":"1_0029","name":"猩红魅影"},{"icon":"1_0030","name":"蓝色魅影"},{"icon":"1_0031","name":"剧毒魅影"},{"icon":"1_0032","name":"君临战剑"},{"icon":"1_0033","name":"绝世战剑"},{"icon":"1_0034","name":"凌云战剑"},{"icon":"1_0035","name":"暗金战剑"},{"icon":"1_0036","name":"纵横战剑"},{"icon":"1_0037","name":"独霸战剑"},{"icon":"1_0038","name":"龙吟战剑"},{"icon":"1_0039","name":"凤舞战剑"},{"icon":"1_0040","name":"雷鸣战剑"},{"icon":"1_0041","name":"苍龙战剑"},{"icon":"1_0042","name":"天王战剑"},{"icon":"1_0043","name":"贪狼战剑"},{"icon":"1_0044","name":"破军战剑"},{"icon":"1_0045","name":"七杀战剑"},{"icon":"1_0046","name":"万劫战剑"},{"icon":"1_0047","name":"天雷战剑"},{"icon":"1_0048","name":"惊涛战剑"},{"icon":"1_0049","name":"风云战剑"},{"icon":"1_0050","name":"雄霸战剑"},{"icon":"1_0051","name":"传世战剑"},{"icon":"1_0052","name":"无双战剑"},{"icon":"1_0053","name":"轩辕战剑"},{"icon":"1_0054","name":"无极战剑"},{"icon":"1_0055","name":"神威战剑"},{"icon":"1_0056","name":"鬼王战剑"},{"icon":"1_0057","name":"刑天战剑"},{"icon":"1_0058","name":"帝王战剑"},{"icon":"1_0059","name":"天武战剑"},{"icon":"1_0060","name":"灭神战剑"},{"icon":"1_0061","name":"乾坤战剑"},{"icon":"1_0062","name":"混沌战剑"},{"icon":"1_0063","name":"诛仙战剑"},{"icon":"1_0064","name":"虚空战剑"},{"icon":"1_0065","name":"逍遥战剑"},{"icon":"1_0066","name":"至尊战剑"},{"icon":"1_0067","name":"傲世火龙斩"},{"icon":"1_0068","name":"猩红火龙斩"},{"icon":"1_0069","name":"魅影火龙斩"},{"icon":"1_0070","name":"狂龍紫电斩"},{"icon":"1_0071","name":"九天落雷斩"},{"icon":"1_0072","name":"摧星破月斩"},{"icon":"1_0073","name":"天崩地裂斩"},{"icon":"1_0074","name":"紫金龙皇斩"},{"icon":"2_0000","name":"布衣"},{"icon":"2_0001","name":"战神铠甲"},{"icon":"2_0002","name":"魔法长袍"},{"icon":"2_0003","name":"灵魂战衣"},{"icon":"2_0004","name":"鎏金铠甲"},{"icon":"2_0005","name":"鎏金长袍"},{"icon":"2_0006","name":"鎏金战衣"},{"icon":"2_0007","name":"天魔神甲"},{"icon":"2_0008","name":"法神披风"},{"icon":"2_0009","name":"天尊长袍"},{"icon":"2_0010","name":"雷霆战甲"},{"icon":"2_0011","name":"烈焰魔衣"},{"icon":"2_0012","name":"光芒道袍"},{"icon":"2_0013","name":"凤天魔甲"},{"icon":"2_0014","name":"火龙战甲"},{"icon":"2_0015","name":"王者战甲"},{"icon":"2_0016","name":"王者魔衣"},{"icon":"2_0017","name":"王者道袍"},{"icon":"2_0018","name":"金牛战甲"},{"icon":"2_0019","name":"金牛魔衣"},{"icon":"2_0020","name":"金牛道袍"},{"icon":"2_0021","name":"聚魔法衣"},{"icon":"2_0022","name":"暗咒道袍"},{"icon":"2_0023","name":"虎啸战甲"},{"icon":"2_0024","name":"主宰神甲"},{"icon":"2_0025","name":"传奇神甲"},{"icon":"2_0026","name":"皓月战甲"},{"icon":"2_0027","name":"热血战甲"},{"icon":"2_0028","name":"热血道袍"},{"icon":"2_0029","name":"热血魔袍"},{"icon":"2_0030","name":"神龙战甲"},{"icon":"2_0031","name":"神牛战甲"},{"icon":"2_0032","name":"神牛魔袍"},{"icon":"2_0033","name":"神牛道袍"},{"icon":"2_0034","name":"君临战甲"},{"icon":"2_0035","name":"绝世战甲"},{"icon":"2_0036","name":"凌云战甲"},{"icon":"2_0037","name":"纵横战甲"},{"icon":"2_0038","name":"独霸战甲"},{"icon":"2_0039","name":"龙吟战甲"},{"icon":"2_0040","name":"凤舞战甲"},{"icon":"2_0041","name":"雷鸣战甲"},{"icon":"2_0042","name":"苍龙战甲"},{"icon":"2_0043","name":"天王战甲"},{"icon":"2_0044","name":"贪狼战甲"},{"icon":"2_0045","name":"破军战甲"},{"icon":"2_0046","name":"暗金战甲"},{"icon":"2_0047","name":"万劫战甲"},{"icon":"2_0048","name":"万劫战甲"},{"icon":"2_0049","name":"天雷战甲"},{"icon":"2_0050","name":"惊涛战甲"},{"icon":"2_0051","name":"风云战甲"},{"icon":"2_0052","name":"雄霸战甲"},{"icon":"2_0053","name":"传世战甲"},{"icon":"2_0054","name":"无双战甲"},{"icon":"2_0055","name":"轩辕战甲"},{"icon":"2_0056","name":"无极战甲"},{"icon":"2_0057","name":"神威战甲"},{"icon":"2_0058","name":"鬼王战甲"},{"icon":"2_0059","name":"刑天战甲"},{"icon":"2_0060","name":"帝王战甲"},{"icon":"2_0061","name":"天武战甲"},{"icon":"2_0062","name":"灭神战甲"},{"icon":"2_0063","name":"乾坤战甲"},{"icon":"2_0064","name":"混沌战甲"},{"icon":"2_0065","name":"诛仙战甲"},{"icon":"2_0066","name":"虚空战甲"},{"icon":"2_0067","name":"逍遥战甲"},{"icon":"2_0068","name":"至尊战甲"},{"icon":"2_0069","name":"傲世火龙甲"},{"icon":"2_0070","name":"猩红火龙甲"},{"icon":"2_0071","name":"魅影火龙甲"},{"icon":"2_0072","name":"狂龍紫电甲"},{"icon":"2_0073","name":"九天落雷甲"},{"icon":"2_0074","name":"摧星破月甲"},{"icon":"2_0075","name":"天崩地裂甲"},{"icon":"2_0076","name":"紫金龙皇甲"},{"icon":"3_0001","name":"强化圣龙头盔"},{"icon":"3_0002","name":"黑铁头盔"},{"icon":"3_0003","name":"神秘头盔"},{"icon":"3_0004","name":"祈祷头盔"},{"icon":"3_0005","name":"天尊头盔"},{"icon":"3_0006","name":"记忆头盔"},{"icon":"3_0007","name":"骷髅头盔"},{"icon":"3_0008","name":"青铜头盔"},{"icon":"3_0009","name":"圣战头盔"},{"icon":"3_0010","name":"道士头盔"},{"icon":"3_0011","name":"黄金头盔"},{"icon":"3_0012","name":"魔法头盔"},{"icon":"3_0013","name":"精灵头盔"},{"icon":"3_0014","name":"法神头盔"},{"icon":"3_0015","name":"雷霆战盔"},{"icon":"3_0016","name":"光芒战盔"},{"icon":"3_0017","name":"烈焰战盔"},{"icon":"3_0018","name":"星王战盔"},{"icon":"3_0019","name":"王者战盔"},{"icon":"3_0020","name":"金牛战盔"},{"icon":"3_0021","name":"荣耀战盔"},{"icon":"3_0022","name":"虎威战盔"},{"icon":"3_0023","name":"必杀战盔"},{"icon":"3_0024","name":"主宰战盔"},{"icon":"3_0025","name":"传奇战盔"},{"icon":"3_0026","name":"玉兔战盔"},{"icon":"3_0027","name":"热血战盔"},{"icon":"3_0028","name":"神龙战盔"},{"icon":"3_0029","name":"皓月战盔"},{"icon":"3_0030","name":"必杀战盔"},{"icon":"3_0031","name":"王者战盔"},{"icon":"3_0032","name":"圣魔战盔"},{"icon":"3_0033","name":"星王战盔"},{"icon":"3_0034","name":"真魂战盔"},{"icon":"3_0035","name":"战神战盔"},{"icon":"3_0036","name":"苍龙战盔"},{"icon":"3_0037","name":"天王战盔"},{"icon":"3_0038","name":"贪狼战盔"},{"icon":"3_0039","name":"破军战盔"},{"icon":"3_0040","name":"七杀战盔"},{"icon":"3_0041","name":"万劫战盔"},{"icon":"3_0042","name":"天雷战盔"},{"icon":"3_0043","name":"惊涛战盔"},{"icon":"3_0044","name":"风云战盔"},{"icon":"3_0045","name":"雄霸战盔"},{"icon":"3_0046","name":"传世战盔"},{"icon":"3_0047","name":"无双战盔"},{"icon":"3_0048","name":"轩辕战盔"},{"icon":"3_0049","name":"无极战盔"},{"icon":"3_0050","name":"神威战盔"},{"icon":"3_0051","name":"鬼王战盔"},{"icon":"3_0052","name":"刑天战盔"},{"icon":"3_0053","name":"帝王战盔"},{"icon":"3_0054","name":"天武战盔"},{"icon":"3_0055","name":"灭神战盔"},{"icon":"3_0056","name":"乾坤战盔"},{"icon":"3_0057","name":"混沌战盔"},{"icon":"3_0058","name":"诛仙战盔"},{"icon":"3_0059","name":"虚空战盔"},{"icon":"3_0060","name":"逍遥战盔"},{"icon":"3_0061","name":"至尊战盔"},{"icon":"3_0062","name":"武极战盔"},{"icon":"3_0063","name":"傲世火龙盔"},{"icon":"3_0064","name":"狂龍紫电盔"},{"icon":"3_0065","name":"九天落雷盔"},{"icon":"3_0066","name":"摧星破月盔"},{"icon":"3_0067","name":"天崩地裂盔"},{"icon":"3_0068","name":"紫金龙皇盔"},{"icon":"4_0001","name":"生命项链"},{"icon":"4_0002","name":"灯笼项链"},{"icon":"4_0003","name":"祈祷项链"},{"icon":"4_0004","name":"绿色项链"},{"icon":"4_0005","name":"灯笼项链"},{"icon":"4_0006","name":"祈祷项链"},{"icon":"4_0007","name":"绿色项链"},{"icon":"4_0008","name":"法神项链"},{"icon":"4_0009","name":"技巧项链"},{"icon":"4_0010","name":"恶魔铃铛"},{"icon":"4_0011","name":"灵魂项链"},{"icon":"4_0012","name":"探测项链"},{"icon":"4_0013","name":"放大镜"},{"icon":"4_0014","name":"蓝翡翠项链"},{"icon":"4_0015","name":"凤凰明珠"},{"icon":"4_0016","name":"琥珀项链"},{"icon":"4_0017","name":"幽灵项链"},{"icon":"4_0018","name":"雷霆战链"},{"icon":"4_0019","name":"光芒战链"},{"icon":"4_0020","name":"烈焰战链"},{"icon":"4_0021","name":"星王战链"},{"icon":"4_0022","name":"王者战链"},{"icon":"4_0023","name":"金牛战链"},{"icon":"4_0024","name":"荣耀战链"},{"icon":"4_0025","name":"虎威战链"},{"icon":"4_0026","name":"必杀战链"},{"icon":"4_0027","name":"主宰战链"},{"icon":"4_0028","name":"传奇战链"},{"icon":"4_0029","name":"玉兔战链"},{"icon":"4_0030","name":"热血战链"},{"icon":"4_0031","name":"神龙战链"},{"icon":"4_0032","name":"皓月战链"},{"icon":"4_0033","name":"必杀战链"},{"icon":"4_0034","name":"王者战链"},{"icon":"4_0035","name":"圣魔战链"},{"icon":"4_0036","name":"星王战链"},{"icon":"4_0037","name":"真魂战链"},{"icon":"4_0038","name":"战神战链"},{"icon":"4_0039","name":"苍龙战链"},{"icon":"4_0040","name":"天王战链"},{"icon":"4_0041","name":"贪狼战链"},{"icon":"4_0042","name":"破军战链"},{"icon":"4_0043","name":"七杀战链"},{"icon":"4_0044","name":"万劫战链"},{"icon":"4_0045","name":"天雷战链"},{"icon":"4_0046","name":"惊涛战链"},{"icon":"4_0047","name":"风云战链"},{"icon":"4_0048","name":"雄霸战链"},{"icon":"4_0049","name":"传世战链"},{"icon":"4_0050","name":"无双战链"},{"icon":"4_0051","name":"轩辕战链"},{"icon":"4_0052","name":"无极战链"},{"icon":"4_0053","name":"神威战链"},{"icon":"4_0054","name":"鬼王战链"},{"icon":"4_0055","name":"刑天战链"},{"icon":"4_0056","name":"帝王战链"},{"icon":"4_0057","name":"天武战链"},{"icon":"4_0058","name":"灭神战链"},{"icon":"4_0059","name":"乾坤战链"},{"icon":"4_0060","name":"混沌战链"},{"icon":"4_0061","name":"诛仙战链"},{"icon":"4_0062","name":"虚空战链"},{"icon":"4_0063","name":"逍遥战链"},{"icon":"4_0064","name":"至尊战链"},{"icon":"4_0065","name":"武极战链"},{"icon":"4_0066","name":"傲世火龙链"},{"icon":"4_0067","name":"狂龍紫电链"},{"icon":"4_0068","name":"九天落雷链"},{"icon":"4_0069","name":"摧星破月链"},{"icon":"4_0070","name":"天崩地裂链"},{"icon":"4_0071","name":"紫金龙皇链"},{"icon":"5_0001","name":"道士手镯"},{"icon":"5_0002","name":"银手镯"},{"icon":"5_0003","name":"铜手镯"},{"icon":"5_0004","name":"辟邪手镯"},{"icon":"5_0005","name":"小手镯"},{"icon":"5_0006","name":"小手镯"},{"icon":"5_0007","name":"法神手镯"},{"icon":"5_0008","name":"金手镯"},{"icon":"5_0009","name":"三眼手镯"},{"icon":"5_0010","name":"魔法手镯"},{"icon":"5_0011","name":"银手镯"},{"icon":"5_0012","name":"铜手镯"},{"icon":"5_0013","name":"大手镯"},{"icon":"5_0014","name":"龙之手镯"},{"icon":"5_0015","name":"祈祷手镯"},{"icon":"5_0016","name":"骑士手镯"},{"icon":"5_0017","name":"思贝儿手镯"},{"icon":"5_0018","name":"金手镯"},{"icon":"5_0019","name":"三眼手镯"},{"icon":"5_0020","name":"雷霆战镯"},{"icon":"5_0021","name":"光芒战镯"},{"icon":"5_0022","name":"烈焰战镯"},{"icon":"5_0023","name":"星王战镯"},{"icon":"5_0024","name":"王者战镯"},{"icon":"5_0025","name":"金牛战镯"},{"icon":"5_0026","name":"荣耀战镯"},{"icon":"5_0027","name":"虎威战镯"},{"icon":"5_0028","name":"必杀战镯"},{"icon":"5_0029","name":"主宰战镯"},{"icon":"5_0030","name":"传奇战镯"},{"icon":"5_0031","name":"玉兔战镯"},{"icon":"5_0032","name":"热血战镯"},{"icon":"5_0033","name":"神龙战镯"},{"icon":"5_0034","name":"皓月战镯"},{"icon":"5_0035","name":"必杀战镯"},{"icon":"5_0036","name":"王者战镯"},{"icon":"5_0037","name":"圣魔战镯"},{"icon":"5_0038","name":"星王战镯"},{"icon":"5_0039","name":"真魂战镯"},{"icon":"5_0040","name":"战神战镯"},{"icon":"5_0041","name":"苍龙战镯"},{"icon":"5_0042","name":"天王战镯"},{"icon":"5_0043","name":"贪狼战镯"},{"icon":"5_0044","name":"破军战镯"},{"icon":"5_0045","name":"七杀战镯"},{"icon":"5_0046","name":"万劫战镯"},{"icon":"5_0047","name":"天雷战镯"},{"icon":"5_0048","name":"惊涛战镯"},{"icon":"5_0049","name":"风云战镯"},{"icon":"5_0050","name":"雄霸战镯"},{"icon":"5_0051","name":"传世战镯"},{"icon":"5_0052","name":"无双战镯"},{"icon":"5_0053","name":"轩辕战镯"},{"icon":"5_0054","name":"无极战镯"},{"icon":"5_0055","name":"神威战镯"},{"icon":"5_0056","name":"鬼王战镯"},{"icon":"5_0057","name":"刑天战镯"},{"icon":"5_0058","name":"帝王战镯"},{"icon":"5_0059","name":"天武战镯"},{"icon":"5_0060","name":"灭神战镯"},{"icon":"5_0061","name":"乾坤战镯"},{"icon":"5_0062","name":"混沌战镯"},{"icon":"5_0063","name":"诛仙战镯"},{"icon":"5_0064","name":"虚空战镯"},{"icon":"5_0065","name":"逍遥战镯"},{"icon":"5_0066","name":"至尊战镯"},{"icon":"5_0067","name":"武极战镯"},{"icon":"5_0068","name":"傲世火龙镯"},{"icon":"5_0069","name":"狂龍紫电镯"},{"icon":"5_0070","name":"九天落雷镯"},{"icon":"5_0071","name":"摧星破月镯"},{"icon":"5_0072","name":"天崩地裂镯"},{"icon":"5_0073","name":"紫金龙皇镯"},{"icon":"6_0001","name":"金戒指"},{"icon":"6_0002","name":"圣战戒指"},{"icon":"6_0003","name":"生铁戒指"},{"icon":"6_0004","name":"魅力戒指"},{"icon":"6_0005","name":"法神戒指"},{"icon":"6_0006","name":"黑色水解戒指"},{"icon":"6_0007","name":"蛇眼戒指"},{"icon":"6_0008","name":"龙之戒指"},{"icon":"6_0009","name":"天尊戒指"},{"icon":"6_0010","name":"结婚戒指"},{"icon":"6_0011","name":"力量戒指"},{"icon":"6_0012","name":"力量戒指"},{"icon":"6_0013","name":"紫碧螺"},{"icon":"6_0014","name":"神秘戒指"},{"icon":"6_0015","name":"祈祷戒指"},{"icon":"6_0016","name":"传送戒指"},{"icon":"6_0017","name":"泰坦戒指"},{"icon":"6_0018","name":"雷霆战戒"},{"icon":"6_0019","name":"光芒战戒"},{"icon":"6_0020","name":"烈焰战戒"},{"icon":"6_0021","name":"星王战戒"},{"icon":"6_0022","name":"王者战戒"},{"icon":"6_0023","name":"金牛战戒"},{"icon":"6_0024","name":"荣耀战戒"},{"icon":"6_0025","name":"虎威战戒"},{"icon":"6_0026","name":"必杀战戒"},{"icon":"6_0027","name":"主宰战戒"},{"icon":"6_0028","name":"传奇战戒"},{"icon":"6_0029","name":"玉兔战戒"},{"icon":"6_0030","name":"热血战戒"},{"icon":"6_0031","name":"神龙战戒"},{"icon":"6_0032","name":"皓月战戒"},{"icon":"6_0033","name":"必杀战戒"},{"icon":"6_0034","name":"王者战戒"},{"icon":"6_0035","name":"圣魔战戒"},{"icon":"6_0036","name":"星王战戒"},{"icon":"6_0037","name":"真魂战戒"},{"icon":"6_0038","name":"战神战戒"},{"icon":"6_0039","name":"苍龙战戒"},{"icon":"6_0040","name":"天王战戒"},{"icon":"6_0041","name":"贪狼战戒"},{"icon":"6_0042","name":"破军战戒"},{"icon":"6_0043","name":"七杀战戒"},{"icon":"6_0044","name":"万劫战戒"},{"icon":"6_0045","name":"天雷战戒"},{"icon":"6_0046","name":"惊涛战戒"},{"icon":"6_0047","name":"风云战戒"},{"icon":"6_0048","name":"雄霸战戒"},{"icon":"6_0049","name":"传世战戒"},{"icon":"6_0050","name":"无双战戒"},{"icon":"6_0051","name":"轩辕战戒"},{"icon":"6_0052","name":"无极战戒"},{"icon":"6_0053","name":"神威战戒"},{"icon":"6_0054","name":"鬼王战戒"},{"icon":"6_0055","name":"刑天战戒"},{"icon":"6_0056","name":"帝王战戒"},{"icon":"6_0057","name":"天武战戒"},{"icon":"6_0058","name":"灭神战戒"},{"icon":"6_0059","name":"乾坤战戒"},{"icon":"6_0060","name":"混沌战戒"},{"icon":"6_0061","name":"诛仙战戒"},{"icon":"6_0062","name":"虚空战戒"},{"icon":"6_0063","name":"逍遥战戒"},{"icon":"6_0064","name":"至尊战戒"},{"icon":"6_0065","name":"武极战戒"},{"icon":"6_0066","name":"傲世火龙戒"},{"icon":"6_0067","name":"狂龍紫电戒"},{"icon":"6_0068","name":"九天落雷戒"},{"icon":"6_0069","name":"摧星破月戒"},{"icon":"6_0070","name":"天崩地裂戒"},{"icon":"6_0071","name":"紫金龙皇戒"},{"icon":"7_0001","name":"布腰带"},{"icon":"7_0002","name":"铁腰带"},{"icon":"7_0003","name":"青铜腰带"},{"icon":"7_0004","name":"钢铁腰带"},{"icon":"7_0005","name":"雷霆战带"},{"icon":"7_0006","name":"光芒战带"},{"icon":"7_0007","name":"烈焰战带"},{"icon":"7_0008","name":"星王战带"},{"icon":"7_0009","name":"王者战带"},{"icon":"7_0010","name":"金牛战带"},{"icon":"7_0011","name":"荣耀战带"},{"icon":"7_0012","name":"虎威战带"},{"icon":"7_0013","name":"必杀战带"},{"icon":"7_0014","name":"主宰战带"},{"icon":"7_0015","name":"传奇战带"},{"icon":"7_0016","name":"玉兔战带"},{"icon":"7_0017","name":"热血战带"},{"icon":"7_0018","name":"神龙战带"},{"icon":"7_0019","name":"皓月战带"},{"icon":"7_0020","name":"必杀战带"},{"icon":"7_0021","name":"王者战带"},{"icon":"7_0022","name":"圣魔战带"},{"icon":"7_0023","name":"星王战带"},{"icon":"7_0024","name":"真魂战带"},{"icon":"7_0025","name":"战神战带"},{"icon":"7_0026","name":"苍龙战带"},{"icon":"7_0027","name":"天王战带"},{"icon":"7_0028","name":"贪狼战带"},{"icon":"7_0029","name":"破军战带"},{"icon":"7_0030","name":"七杀战带"},{"icon":"7_0031","name":"万劫战带"},{"icon":"7_0032","name":"天雷战带"},{"icon":"7_0033","name":"惊涛战带"},{"icon":"7_0034","name":"风云战带"},{"icon":"7_0035","name":"雄霸战带"},{"icon":"7_0036","name":"传世战带"},{"icon":"7_0037","name":"无双战带"},{"icon":"7_0038","name":"轩辕战带"},{"icon":"7_0039","name":"无极战带"},{"icon":"7_0040","name":"神威战带"},{"icon":"7_0041","name":"鬼王战带"},{"icon":"7_0042","name":"刑天战带"},{"icon":"7_0043","name":"帝王战带"},{"icon":"7_0044","name":"天武战带"},{"icon":"7_0045","name":"灭神战带"},{"icon":"7_0046","name":"乾坤战带"},{"icon":"7_0047","name":"混沌战带"},{"icon":"7_0048","name":"诛仙战带"},{"icon":"7_0049","name":"虚空战带"},{"icon":"7_0050","name":"逍遥战带"},{"icon":"7_0051","name":"至尊战带"},{"icon":"7_0052","name":"武极战带"},{"icon":"7_0053","name":"傲世火龙带"},{"icon":"7_0054","name":"狂龍紫电带"},{"icon":"7_0055","name":"九天落雷带"},{"icon":"7_0056","name":"摧星破月带"},{"icon":"7_0057","name":"天崩地裂带"},{"icon":"7_0058","name":"紫金龙皇带"},{"icon":"8_0001","name":"布鞋"},{"icon":"8_0002","name":"鹿皮靴"},{"icon":"8_0003","name":"避魂靴"},{"icon":"8_0004","name":"紫绸靴"},{"icon":"8_0005","name":"雷霆战靴"},{"icon":"8_0006","name":"光芒战靴"},{"icon":"8_0007","name":"烈焰战靴"},{"icon":"8_0008","name":"星王战靴"},{"icon":"8_0009","name":"王者战靴"},{"icon":"8_0010","name":"金牛战靴"},{"icon":"8_0011","name":"荣耀战靴"},{"icon":"8_0012","name":"虎威战靴"},{"icon":"8_0013","name":"必杀战靴"},{"icon":"8_0014","name":"主宰战靴"},{"icon":"8_0015","name":"传奇战靴"},{"icon":"8_0016","name":"玉兔战靴"},{"icon":"8_0017","name":"热血战靴"},{"icon":"8_0018","name":"神龙战靴"},{"icon":"8_0019","name":"皓月战靴"},{"icon":"8_0020","name":"必杀战靴"},{"icon":"8_0021","name":"王者战靴"},{"icon":"8_0022","name":"圣魔战靴"},{"icon":"8_0023","name":"星王战靴"},{"icon":"8_0024","name":"真魂战靴"},{"icon":"8_0025","name":"战神战靴"},{"icon":"8_0026","name":"苍龙战靴"},{"icon":"8_0027","name":"天王战靴"},{"icon":"8_0028","name":"贪狼战靴"},{"icon":"8_0029","name":"破军战靴"},{"icon":"8_0030","name":"七杀战靴"},{"icon":"8_0031","name":"万劫战靴"},{"icon":"8_0032","name":"天雷战靴"},{"icon":"8_0033","name":"惊涛战靴"},{"icon":"8_0034","name":"风云战靴"},{"icon":"8_0035","name":"雄霸战靴"},{"icon":"8_0036","name":"传世战靴"},{"icon":"8_0037","name":"无双战靴"},{"icon":"8_0038","name":"轩辕战靴"},{"icon":"8_0039","name":"无极战靴"},{"icon":"8_0040","name":"神威战靴"},{"icon":"8_0041","name":"鬼王战靴"},{"icon":"8_0042","name":"刑天战靴"},{"icon":"8_0043","name":"帝王战靴"},{"icon":"8_0044","name":"天武战靴"},{"icon":"8_0045","name":"灭神战靴"},{"icon":"8_0046","name":"乾坤战靴"},{"icon":"8_0047","name":"混沌战靴"},{"icon":"8_0048","name":"诛仙战靴"},{"icon":"8_0049","name":"虚空战靴"},{"icon":"8_0050","name":"逍遥战靴"},{"icon":"8_0051","name":"至尊战靴"},{"icon":"8_0052","name":"武极战靴"},{"icon":"8_0053","name":"傲世火龙靴"},{"icon":"8_0054","name":"狂龍紫电靴"},{"icon":"8_0055","name":"九天落雷靴"},{"icon":"8_0056","name":"摧星破月靴"},{"icon":"8_0057","name":"天崩地裂靴"},{"icon":"8_0058","name":"紫金龙皇靴"},{"icon":"9_0001","name":"盾牌"},{"icon":"9_0002","name":"盾牌"},{"icon":"9_0003","name":"盾牌"},{"icon":"9_0004","name":"盾牌"},{"icon":"9_0005","name":"盾牌"},{"icon":"9_0006","name":"盾牌"},{"icon":"9_0007","name":"盾牌"},{"icon":"9_0008","name":"盾牌"},{"icon":"9_0009","name":"盾牌"},{"icon":"9_0010","name":"盾牌"},{"icon":"9_0011","name":"盾牌"},{"icon":"9_0012","name":"盾牌"},{"icon":"9_0013","name":"盾牌"},{"icon":"9_0014","name":"盾牌"},{"icon":"9_0015","name":"盾牌"},{"icon":"9_0016","name":"盾牌"},{"icon":"9_0017","name":"盾牌"},{"icon":"9_0018","name":"盾牌"},{"icon":"9_0019","name":"盾牌"},{"icon":"9_0020","name":"盾牌"},{"icon":"10_0001","name":"斗笠"},{"icon":"10_0002","name":"斗笠"},{"icon":"10_0003","name":"斗笠"},{"icon":"10_0004","name":"斗笠"},{"icon":"10_0005","name":"斗笠"},{"icon":"10_0006","name":"斗笠"},{"icon":"10_0007","name":"斗笠"},{"icon":"10_0008","name":"斗笠"},{"icon":"10_0009","name":"斗笠"},{"icon":"10_0010","name":"斗笠"},{"icon":"11_0001","name":"勋章"},{"icon":"11_0002","name":"勋章"},{"icon":"11_0003","name":"勋章"},{"icon":"11_0004","name":"勋章"},{"icon":"11_0005","name":"勋章"},{"icon":"11_0006","name":"勋章"},{"icon":"11_0007","name":"勋章"},{"icon":"12_0001","name":"战鼓"},{"icon":"12_0002","name":"战鼓"},{"icon":"12_0003","name":"战鼓"},{"icon":"12_0004","name":"战鼓"},{"icon":"12_0005","name":"战鼓"},{"icon":"12_0006","name":"战鼓"},{"icon":"12_0007","name":"战鼓"},{"icon":"12_0008","name":"战鼓"},{"icon":"12_0009","name":"战鼓"},{"icon":"12_0010","name":"战鼓"},{"icon":"12_0011","name":"战鼓"},{"icon":"12_0012","name":"战鼓"},{"icon":"12_0013","name":"战鼓"},{"icon":"9_0099","name":"埃德曼盾牌"},{"icon":"1_0999","name":"金色魅影"}]}