{"EquipStrongConfig":{"maxLv":500,"SuitList":[{"attr":[{"value":100,"type":71}],"level":10},{"attr":[{"value":100,"type":71},{"value":100,"type":72}],"level":20},{"attr":[{"value":100,"type":71},{"value":100,"type":72},{"value":100,"type":73}],"level":30},{"attr":[{"value":200,"type":71},{"value":100,"type":72},{"value":100,"type":73}],"level":40},{"attr":[{"value":200,"type":71},{"value":200,"type":72},{"value":100,"type":73}],"level":50},{"attr":[{"value":200,"type":71},{"value":200,"type":72},{"value":200,"type":73}],"level":60},{"attr":[{"value":200,"type":71},{"value":200,"type":72},{"value":200,"type":73}],"level":70},{"attr":[{"value":300,"type":71},{"value":200,"type":72},{"value":200,"type":73}],"level":80},{"attr":[{"value":300,"type":71},{"value":300,"type":72},{"value":200,"type":73}],"level":90},{"attr":[{"value":300,"type":71},{"value":300,"type":72},{"value":300,"type":73}],"level":100},{"attr":[{"value":400,"type":71},{"value":300,"type":72},{"value":300,"type":73}],"level":110},{"attr":[{"value":400,"type":71},{"value":400,"type":72},{"value":300,"type":73}],"level":120},{"attr":[{"value":400,"type":71},{"value":400,"type":72},{"value":400,"type":73}],"level":130},{"attr":[{"value":500,"type":71},{"value":400,"type":72},{"value":400,"type":73}],"level":140},{"attr":[{"value":500,"type":71},{"value":500,"type":72},{"value":400,"type":73}],"level":150},{"attr":[{"value":500,"type":71},{"value":500,"type":72},{"value":500,"type":73}],"level":160},{"attr":[{"value":600,"type":71},{"value":500,"type":72},{"value":500,"type":73}],"level":170},{"attr":[{"value":600,"type":71},{"value":600,"type":72},{"value":500,"type":73}],"level":180},{"attr":[{"value":600,"type":71},{"value":600,"type":72},{"value":600,"type":73}],"level":190},{"attr":[{"value":700,"type":71},{"value":600,"type":72},{"value":600,"type":73}],"level":200},{"attr":[{"value":700,"type":71},{"value":700,"type":72},{"value":600,"type":73}],"level":210},{"attr":[{"value":700,"type":71},{"value":700,"type":72},{"value":700,"type":73}],"level":220},{"attr":[{"value":800,"type":71},{"value":700,"type":72},{"value":700,"type":73}],"level":230},{"attr":[{"value":800,"type":71},{"value":800,"type":72},{"value":700,"type":73}],"level":240},{"attr":[{"value":800,"type":71},{"value":800,"type":72},{"value":800,"type":73}],"level":250},{"attr":[{"value":900,"type":71},{"value":800,"type":72},{"value":800,"type":73}],"level":260},{"attr":[{"value":900,"type":71},{"value":900,"type":72},{"value":800,"type":73}],"level":270},{"attr":[{"value":900,"type":71},{"value":900,"type":72},{"value":900,"type":73}],"level":280},{"attr":[{"value":1000,"type":71},{"value":900,"type":72},{"value":900,"type":73}],"level":290},{"attr":[{"value":1000,"type":71},{"value":1000,"type":72},{"value":900,"type":73}],"level":300},{"attr":[{"value":1000,"type":71},{"value":1000,"type":72},{"value":1000,"type":73}],"level":310},{"attr":[{"value":1100,"type":71},{"value":1000,"type":72},{"value":1000,"type":73}],"level":320},{"attr":[{"value":1100,"type":71},{"value":1100,"type":72},{"value":1000,"type":73}],"level":330},{"attr":[{"value":1100,"type":71},{"value":1100,"type":72},{"value":1100,"type":73}],"level":340},{"attr":[{"value":1200,"type":71},{"value":1100,"type":72},{"value":1100,"type":73}],"level":350},{"attr":[{"value":1200,"type":71},{"value":1200,"type":72},{"value":1100,"type":73}],"level":360},{"attr":[{"value":1200,"type":71},{"value":1200,"type":72},{"value":1200,"type":73}],"level":370},{"attr":[{"value":1300,"type":71},{"value":1200,"type":72},{"value":1200,"type":73}],"level":380},{"attr":[{"value":1300,"type":71},{"value":1300,"type":72},{"value":1200,"type":73}],"level":390},{"attr":[{"value":1300,"type":71},{"value":1300,"type":72},{"value":1300,"type":73}],"level":400},{"attr":[{"value":1400,"type":71},{"value":1300,"type":72},{"value":1300,"type":73}],"level":410},{"attr":[{"value":1400,"type":71},{"value":1400,"type":72},{"value":1300,"type":73}],"level":420},{"attr":[{"value":1400,"type":71},{"value":1400,"type":72},{"value":1400,"type":73}],"level":430},{"attr":[{"value":1500,"type":71},{"value":1400,"type":72},{"value":1400,"type":73}],"level":440},{"attr":[{"value":1500,"type":71},{"value":1500,"type":72},{"value":1400,"type":73}],"level":450},{"attr":[{"value":1500,"type":71},{"value":1500,"type":72},{"value":1500,"type":73}],"level":460},{"attr":[{"value":1600,"type":71},{"value":1500,"type":72},{"value":1500,"type":73}],"level":470},{"attr":[{"value":1600,"type":71},{"value":1600,"type":72},{"value":1500,"type":73}],"level":480},{"attr":[{"value":1600,"type":71},{"value":1600,"type":72},{"value":1600,"type":73}],"level":490},{"attr":[{"value":1700,"type":71},{"value":1600,"type":72},{"value":1600,"type":73}],"level":500}],"List":[{"attr":[{"type":3,"p4":4,"p2":4,"p3":2,"mulae":1,"p1":0.20},{"type":2,"p4":20,"p2":4,"p3":2,"mulae":1,"p1":0.20},{"type":4,"p4":1,"p2":4,"p3":2,"mulae":1,"p1":0.20},{"mulae":2,"type":1}],"consume":[{"type":10505,"mulae":3,"p1":10},{"type":10002,"mulae":3,"p1":500}]},{"attr":[{"type":3,"p4":4,"p2":4,"p3":2,"mulae":1,"p1":0.20},{"type":2,"p4":20,"p2":4,"p3":2,"mulae":1,"p1":0.20},{"type":4,"p4":1,"p2":4,"p3":2,"mulae":1,"p1":0.20},{"mulae":2,"type":1}],"consume":[{"type":10505,"mulae":3,"p1":10},{"type":10002,"mulae":3,"p1":500}]},{"attr":[{"type":3,"p4":4,"p2":4,"p3":2,"mulae":1,"p1":0.20},{"type":2,"p4":20,"p2":4,"p3":2,"mulae":1,"p1":0.20},{"type":4,"p4":1,"p2":4,"p3":2,"mulae":1,"p1":0.20},{"mulae":2,"type":1}],"consume":[{"type":10505,"mulae":3,"p1":10},{"type":10002,"mulae":3,"p1":500}]},{"attr":[{"type":3,"p4":4,"p2":4,"p3":2,"mulae":1,"p1":0.20},{"type":2,"p4":20,"p2":4,"p3":2,"mulae":1,"p1":0.20},{"type":4,"p4":1,"p2":4,"p3":2,"mulae":1,"p1":0.20},{"mulae":2,"type":1}],"consume":[{"type":10505,"mulae":3,"p1":10},{"type":10002,"mulae":3,"p1":500}]},{"attr":[{"type":3,"p4":4,"p2":4,"p3":2,"mulae":1,"p1":0.20},{"type":2,"p4":20,"p2":4,"p3":2,"mulae":1,"p1":0.20},{"type":4,"p4":1,"p2":4,"p3":2,"mulae":1,"p1":0.20},{"mulae":2,"type":1}],"consume":[{"type":10505,"mulae":3,"p1":10},{"type":10002,"mulae":3,"p1":500}]},{"attr":[{"type":3,"p4":4,"p2":4,"p3":2,"mulae":1,"p1":0.20},{"type":2,"p4":20,"p2":4,"p3":2,"mulae":1,"p1":0.20},{"type":4,"p4":1,"p2":4,"p3":2,"mulae":1,"p1":0.20},{"mulae":2,"type":1}],"consume":[{"type":10505,"mulae":3,"p1":10},{"type":10002,"mulae":3,"p1":500}]},{"attr":[{"type":3,"p4":4,"p2":4,"p3":2,"mulae":1,"p1":0.20},{"type":2,"p4":20,"p2":4,"p3":2,"mulae":1,"p1":0.20},{"type":4,"p4":1,"p2":4,"p3":2,"mulae":1,"p1":0.20},{"mulae":2,"type":1}],"consume":[{"type":10505,"mulae":3,"p1":10},{"type":10002,"mulae":3,"p1":500}]},{"attr":[{"type":3,"p4":4,"p2":4,"p3":2,"mulae":1,"p1":0.20},{"type":2,"p4":20,"p2":4,"p3":2,"mulae":1,"p1":0.20},{"type":4,"p4":1,"p2":4,"p3":2,"mulae":1,"p1":0.20},{"mulae":2,"type":1}],"consume":[{"type":10505,"mulae":3,"p1":10},{"type":10002,"mulae":3,"p1":500}]},{"attr":[{"type":3,"p4":4,"p2":4,"p3":2,"mulae":1,"p1":0.20},{"type":2,"p4":20,"p2":4,"p3":2,"mulae":1,"p1":0.20},{"type":4,"p4":1,"p2":4,"p3":2,"mulae":1,"p1":0.20},{"mulae":2,"type":1}],"consume":[{"type":10505,"mulae":3,"p1":10},{"type":10002,"mulae":3,"p1":500}]},{"attr":[{"type":3,"p4":4,"p2":4,"p3":2,"mulae":1,"p1":0.20},{"type":2,"p4":20,"p2":4,"p3":2,"mulae":1,"p1":0.20},{"type":4,"p4":1,"p2":4,"p3":2,"mulae":1,"p1":0.20},{"mulae":2,"type":1}],"consume":[{"type":10505,"mulae":3,"p1":10},{"type":10002,"mulae":3,"p1":500}]},{"attr":[{"type":3,"p4":4,"p2":4,"p3":2,"mulae":1,"p1":0.20},{"type":2,"p4":20,"p2":4,"p3":2,"mulae":1,"p1":0.20},{"type":4,"p4":1,"p2":4,"p3":2,"mulae":1,"p1":0.20},{"mulae":2,"type":1}],"consume":[{"type":10505,"mulae":3,"p1":10},{"type":10002,"mulae":3,"p1":500}]},{"attr":[{"type":3,"p4":4,"p2":4,"p3":2,"mulae":1,"p1":0.20},{"type":2,"p4":20,"p2":4,"p3":2,"mulae":1,"p1":0.20},{"type":4,"p4":1,"p2":4,"p3":2,"mulae":1,"p1":0.20},{"mulae":2,"type":1}],"consume":[{"type":10505,"mulae":3,"p1":10},{"type":10002,"mulae":3,"p1":500}]}]}}