{"EquipStarCfg":{"upStarNum":5,"sg":[{"attr":[],"consume":[],"max_lv":5},{"attr":[{"value":100,"type":71},{"value":100,"type":72},{"value":100,"type":73}],"consume":[{"id":10504,"count":50}],"max_lv":10},{"attr":[{"value":200,"type":71},{"value":200,"type":72},{"value":200,"type":73}],"consume":[{"id":10504,"count":100}],"max_lv":15},{"attr":[{"value":300,"type":71},{"value":300,"type":72},{"value":300,"type":73}],"consume":[{"id":10504,"count":150}],"max_lv":20},{"attr":[{"value":400,"type":71},{"value":400,"type":72},{"value":400,"type":73}],"consume":[{"id":10504,"count":200}],"max_lv":25},{"attr":[{"value":500,"type":71},{"value":500,"type":72},{"value":500,"type":73}],"consume":[{"id":10504,"count":250}],"max_lv":30},{"attr":[{"value":600,"type":71},{"value":600,"type":72},{"value":600,"type":73}],"consume":[{"id":10504,"count":300}],"max_lv":35},{"attr":[{"value":700,"type":71},{"value":700,"type":72},{"value":700,"type":73}],"consume":[{"id":10504,"count":350}],"max_lv":40},{"attr":[{"value":800,"type":71},{"value":800,"type":72},{"value":800,"type":73}],"consume":[{"id":10504,"count":400}],"max_lv":45},{"attr":[{"value":900,"type":71},{"value":900,"type":72},{"value":900,"type":73}],"consume":[{"id":10504,"count":450}],"max_lv":50},{"attr":[{"value":1000,"type":71},{"value":1000,"type":72},{"value":1000,"type":73}],"consume":[{"id":10504,"count":500}],"max_lv":55},{"attr":[{"value":1100,"type":71},{"value":1100,"type":72},{"value":1100,"type":73}],"consume":[{"id":10504,"count":550}],"max_lv":60},{"attr":[{"value":1200,"type":71},{"value":1200,"type":72},{"value":1200,"type":73}],"consume":[{"id":10504,"count":600}],"max_lv":65},{"attr":[{"value":1300,"type":71},{"value":1300,"type":72},{"value":1300,"type":73}],"consume":[{"id":10504,"count":650}],"max_lv":70},{"attr":[{"value":1400,"type":71},{"value":1400,"type":72},{"value":1400,"type":73}],"consume":[{"id":10504,"count":700}],"max_lv":75},{"attr":[{"value":1500,"type":71},{"value":1500,"type":72},{"value":1500,"type":73}],"consume":[{"id":10504,"count":750}],"max_lv":80},{"attr":[{"value":1600,"type":71},{"value":1600,"type":72},{"value":1600,"type":73}],"consume":[{"id":10504,"count":800}],"max_lv":85},{"attr":[{"value":1700,"type":71},{"value":1700,"type":72},{"value":1700,"type":73}],"consume":[{"id":10504,"count":850}],"max_lv":90},{"attr":[{"value":1800,"type":71},{"value":1800,"type":72},{"value":1800,"type":73}],"consume":[{"id":10504,"count":900}],"max_lv":95},{"attr":[{"value":1900,"type":71},{"value":1900,"type":72},{"value":1900,"type":73}],"consume":[{"id":10504,"count":950}],"max_lv":100},{"attr":[{"value":2000,"type":71},{"value":2000,"type":72},{"value":2000,"type":73}],"consume":[{"id":10504,"count":1000}],"max_lv":105},{"attr":[{"value":2100,"type":71},{"value":2100,"type":72},{"value":2100,"type":73}],"consume":[{"id":10504,"count":1050}],"max_lv":110},{"attr":[{"value":2200,"type":71},{"value":2200,"type":72},{"value":2200,"type":73}],"consume":[{"id":10504,"count":1100}],"max_lv":115},{"attr":[{"value":2300,"type":71},{"value":2300,"type":72},{"value":2300,"type":73}],"consume":[{"id":10504,"count":1150}],"max_lv":120},{"attr":[{"value":2400,"type":71},{"value":2400,"type":72},{"value":2400,"type":73}],"consume":[{"id":10504,"count":1200}],"max_lv":125},{"attr":[{"value":2500,"type":71},{"value":2500,"type":72},{"value":2500,"type":73}],"consume":[{"id":10504,"count":1250}],"max_lv":130},{"attr":[{"value":2600,"type":71},{"value":2600,"type":72},{"value":2600,"type":73}],"consume":[{"id":10504,"count":1300}],"max_lv":135},{"attr":[{"value":2700,"type":71},{"value":2700,"type":72},{"value":2700,"type":73}],"consume":[{"id":10504,"count":1350}],"max_lv":140},{"attr":[{"value":2800,"type":71},{"value":2800,"type":72},{"value":2800,"type":73}],"consume":[{"id":10504,"count":1400}],"max_lv":145},{"attr":[{"value":2900,"type":71},{"value":2900,"type":72},{"value":2900,"type":73}],"consume":[{"id":10504,"count":1450}],"max_lv":150},{"attr":[{"value":3000,"type":71},{"value":3000,"type":72},{"value":3000,"type":73}],"consume":[{"id":10504,"count":1500}],"max_lv":155},{"attr":[{"value":3100,"type":71},{"value":3100,"type":72},{"value":3100,"type":73}],"consume":[{"id":10504,"count":1550}],"max_lv":160},{"attr":[{"value":3200,"type":71},{"value":3200,"type":72},{"value":3200,"type":73}],"consume":[{"id":10504,"count":1600}],"max_lv":165},{"attr":[{"value":3300,"type":71},{"value":3300,"type":72},{"value":3300,"type":73}],"consume":[{"id":10504,"count":1650}],"max_lv":170},{"attr":[{"value":3400,"type":71},{"value":3400,"type":72},{"value":3400,"type":73}],"consume":[{"id":10504,"count":1700}],"max_lv":175},{"attr":[{"value":3500,"type":71},{"value":3500,"type":72},{"value":3500,"type":73}],"consume":[{"id":10504,"count":1750}],"max_lv":180},{"attr":[{"value":3600,"type":71},{"value":3600,"type":72},{"value":3600,"type":73}],"consume":[{"id":10504,"count":1800}],"max_lv":185},{"attr":[{"value":3700,"type":71},{"value":3700,"type":72},{"value":3700,"type":73}],"consume":[{"id":10504,"count":1850}],"max_lv":190},{"attr":[{"value":3800,"type":71},{"value":3800,"type":72},{"value":3800,"type":73}],"consume":[{"id":10504,"count":1900}],"max_lv":195},{"attr":[{"value":3900,"type":71},{"value":3900,"type":72},{"value":3900,"type":73}],"consume":[{"id":10504,"count":1950}],"max_lv":200},{"attr":[{"value":4000,"type":71},{"value":4000,"type":72},{"value":4000,"type":73}],"consume":[{"id":10504,"count":2000}],"max_lv":205},{"attr":[{"value":4100,"type":71},{"value":4100,"type":72},{"value":4100,"type":73}],"consume":[{"id":10504,"count":2200}],"max_lv":210},{"attr":[{"value":4200,"type":71},{"value":4200,"type":72},{"value":4200,"type":73}],"consume":[{"id":10504,"count":2400}],"max_lv":215},{"attr":[{"value":4300,"type":71},{"value":4300,"type":72},{"value":4300,"type":73}],"consume":[{"id":10504,"count":2600}],"max_lv":220},{"attr":[{"value":4400,"type":71},{"value":4400,"type":72},{"value":4400,"type":73}],"consume":[{"id":10504,"count":2800}],"max_lv":225},{"attr":[{"value":4500,"type":71},{"value":4500,"type":72},{"value":4500,"type":73}],"consume":[{"id":10504,"count":3000}],"max_lv":230},{"attr":[{"value":4600,"type":71},{"value":4600,"type":72},{"value":4600,"type":73}],"consume":[{"id":10504,"count":3200}],"max_lv":235},{"attr":[{"value":4700,"type":71},{"value":4700,"type":72},{"value":4700,"type":73}],"consume":[{"id":10504,"count":3400}],"max_lv":240},{"attr":[{"value":4800,"type":71},{"value":4800,"type":72},{"value":4800,"type":73}],"consume":[{"id":10504,"count":3600}],"max_lv":245},{"attr":[{"value":4900,"type":71},{"value":4900,"type":72},{"value":4900,"type":73}],"consume":[{"id":10504,"count":3800}],"max_lv":250},{"attr":[{"value":5000,"type":71},{"value":5000,"type":72},{"value":5000,"type":73}],"consume":[{"id":10504,"count":4000}],"max_lv":255}],"grid":[{"consume":[{"id":10503,"count":10},{"id":10002,"count":1000}],"attr":[{"value":20,"type":103},{"value":20,"type":105},{"value":20,"type":104}]},{"consume":[{"id":10503,"count":10},{"id":10002,"count":1000}],"attr":[{"value":40,"type":103},{"value":40,"type":105},{"value":40,"type":104}]},{"consume":[{"id":10503,"count":10},{"id":10002,"count":1000}],"attr":[{"value":60,"type":103},{"value":60,"type":105},{"value":60,"type":104}]},{"consume":[{"id":10503,"count":10},{"id":10002,"count":1000}],"attr":[{"value":80,"type":103},{"value":80,"type":105},{"value":80,"type":104}]},{"consume":[{"id":10503,"count":10},{"id":10002,"count":1000}],"attr":[{"value":100,"type":103},{"value":100,"type":105},{"value":100,"type":104}]},{"consume":[{"id":10503,"count":10},{"id":10002,"count":1000}],"attr":[{"value":120,"type":103},{"value":120,"type":105},{"value":120,"type":104}]},{"consume":[{"id":10503,"count":10},{"id":10002,"count":1000}],"attr":[{"value":140,"type":103},{"value":140,"type":105},{"value":140,"type":104}]},{"consume":[{"id":10503,"count":10},{"id":10002,"count":1000}],"attr":[{"value":160,"type":103},{"value":160,"type":105},{"value":160,"type":104}]},{"consume":[{"id":10503,"count":10},{"id":10002,"count":1000}],"attr":[{"value":180,"type":103},{"value":180,"type":105},{"value":180,"type":104}]},{"consume":[{"id":10503,"count":10},{"id":10002,"count":1000}],"attr":[{"value":200,"type":103},{"value":200,"type":105},{"value":200,"type":104}]},{"consume":[{"id":10503,"count":10},{"id":10002,"count":3000}],"attr":[{"value":220,"type":103},{"value":220,"type":105},{"value":220,"type":104}]},{"consume":[{"id":10503,"count":10},{"id":10002,"count":3000}],"attr":[{"value":240,"type":103},{"value":240,"type":105},{"value":240,"type":104}]},{"consume":[{"id":10503,"count":10},{"id":10002,"count":3000}],"attr":[{"value":260,"type":103},{"value":260,"type":105},{"value":260,"type":104}]},{"consume":[{"id":10503,"count":10},{"id":10002,"count":3000}],"attr":[{"value":280,"type":103},{"value":280,"type":105},{"value":280,"type":104}]},{"consume":[{"id":10503,"count":10},{"id":10002,"count":3000}],"attr":[{"value":300,"type":103},{"value":300,"type":105},{"value":300,"type":104}]},{"consume":[{"id":10503,"count":10},{"id":10002,"count":3000}],"attr":[{"value":320,"type":103},{"value":320,"type":105},{"value":320,"type":104}]},{"consume":[{"id":10503,"count":10},{"id":10002,"count":3000}],"attr":[{"value":340,"type":103},{"value":340,"type":105},{"value":340,"type":104}]},{"consume":[{"id":10503,"count":10},{"id":10002,"count":3000}],"attr":[{"value":360,"type":103},{"value":360,"type":105},{"value":360,"type":104}]},{"consume":[{"id":10503,"count":10},{"id":10002,"count":3000}],"attr":[{"value":380,"type":103},{"value":380,"type":105},{"value":380,"type":104}]},{"consume":[{"id":10503,"count":10},{"id":10002,"count":3000}],"attr":[{"value":400,"type":103},{"value":400,"type":105},{"value":400,"type":104}]},{"consume":[{"id":10503,"count":10},{"id":10002,"count":3000}],"attr":[{"value":420,"type":103},{"value":420,"type":105},{"value":420,"type":104}]},{"consume":[{"id":10503,"count":10},{"id":10002,"count":3000}],"attr":[{"value":440,"type":103},{"value":440,"type":105},{"value":440,"type":104}]},{"consume":[{"id":10503,"count":10},{"id":10002,"count":3000}],"attr":[{"value":460,"type":103},{"value":460,"type":105},{"value":460,"type":104}]},{"consume":[{"id":10503,"count":10},{"id":10002,"count":3000}],"attr":[{"value":480,"type":103},{"value":480,"type":105},{"value":480,"type":104}]},{"consume":[{"id":10503,"count":10},{"id":10002,"count":3000}],"attr":[{"value":500,"type":103},{"value":500,"type":105},{"value":500,"type":104}]},{"consume":[{"id":10503,"count":20},{"id":10002,"count":5000}],"attr":[{"value":530,"type":103},{"value":530,"type":105},{"value":530,"type":104}]},{"consume":[{"id":10503,"count":20},{"id":10002,"count":5000}],"attr":[{"value":560,"type":103},{"value":560,"type":105},{"value":560,"type":104}]},{"consume":[{"id":10503,"count":20},{"id":10002,"count":5000}],"attr":[{"value":590,"type":103},{"value":590,"type":105},{"value":590,"type":104}]},{"consume":[{"id":10503,"count":20},{"id":10002,"count":5000}],"attr":[{"value":620,"type":103},{"value":620,"type":105},{"value":620,"type":104}]},{"consume":[{"id":10503,"count":20},{"id":10002,"count":5000}],"attr":[{"value":650,"type":103},{"value":650,"type":105},{"value":650,"type":104}]},{"consume":[{"id":10503,"count":20},{"id":10002,"count":5000}],"attr":[{"value":680,"type":103},{"value":680,"type":105},{"value":680,"type":104}]},{"consume":[{"id":10503,"count":20},{"id":10002,"count":5000}],"attr":[{"value":710,"type":103},{"value":710,"type":105},{"value":710,"type":104}]},{"consume":[{"id":10503,"count":20},{"id":10002,"count":5000}],"attr":[{"value":740,"type":103},{"value":740,"type":105},{"value":740,"type":104}]},{"consume":[{"id":10503,"count":20},{"id":10002,"count":5000}],"attr":[{"value":770,"type":103},{"value":770,"type":105},{"value":770,"type":104}]},{"consume":[{"id":10503,"count":20},{"id":10002,"count":5000}],"attr":[{"value":800,"type":103},{"value":800,"type":105},{"value":800,"type":104}]},{"consume":[{"id":10503,"count":20},{"id":10002,"count":5000}],"attr":[{"value":830,"type":103},{"value":830,"type":105},{"value":830,"type":104}]},{"consume":[{"id":10503,"count":20},{"id":10002,"count":5000}],"attr":[{"value":860,"type":103},{"value":860,"type":105},{"value":860,"type":104}]},{"consume":[{"id":10503,"count":20},{"id":10002,"count":5000}],"attr":[{"value":890,"type":103},{"value":890,"type":105},{"value":890,"type":104}]},{"consume":[{"id":10503,"count":20},{"id":10002,"count":5000}],"attr":[{"value":920,"type":103},{"value":920,"type":105},{"value":920,"type":104}]},{"consume":[{"id":10503,"count":20},{"id":10002,"count":5000}],"attr":[{"value":950,"type":103},{"value":950,"type":105},{"value":950,"type":104}]},{"consume":[{"id":10503,"count":20},{"id":10002,"count":10000}],"attr":[{"value":980,"type":103},{"value":980,"type":105},{"value":980,"type":104}]},{"consume":[{"id":10503,"count":20},{"id":10002,"count":10000}],"attr":[{"value":1010,"type":103},{"value":1010,"type":105},{"value":1010,"type":104}]},{"consume":[{"id":10503,"count":20},{"id":10002,"count":10000}],"attr":[{"value":1040,"type":103},{"value":1040,"type":105},{"value":1040,"type":104}]},{"consume":[{"id":10503,"count":20},{"id":10002,"count":10000}],"attr":[{"value":1070,"type":103},{"value":1070,"type":105},{"value":1070,"type":104}]},{"consume":[{"id":10503,"count":20},{"id":10002,"count":10000}],"attr":[{"value":1100,"type":103},{"value":1100,"type":105},{"value":1100,"type":104}]},{"consume":[{"id":10503,"count":20},{"id":10002,"count":10000}],"attr":[{"value":1130,"type":103},{"value":1130,"type":105},{"value":1130,"type":104}]},{"consume":[{"id":10503,"count":20},{"id":10002,"count":10000}],"attr":[{"value":1160,"type":103},{"value":1160,"type":105},{"value":1160,"type":104}]},{"consume":[{"id":10503,"count":20},{"id":10002,"count":10000}],"attr":[{"value":1190,"type":103},{"value":1190,"type":105},{"value":1190,"type":104}]},{"consume":[{"id":10503,"count":20},{"id":10002,"count":10000}],"attr":[{"value":1220,"type":103},{"value":1220,"type":105},{"value":1220,"type":104}]},{"consume":[{"id":10503,"count":20},{"id":10002,"count":10000}],"attr":[{"value":1250,"type":103},{"value":1250,"type":105},{"value":1250,"type":104}]},{"consume":[{"id":10503,"count":20},{"id":10002,"count":10000}],"attr":[{"value":1280,"type":103},{"value":1280,"type":105},{"value":1280,"type":104}]},{"consume":[{"id":10503,"count":20},{"id":10002,"count":10000}],"attr":[{"value":1310,"type":103},{"value":1310,"type":105},{"value":1310,"type":104}]},{"consume":[{"id":10503,"count":20},{"id":10002,"count":10000}],"attr":[{"value":1340,"type":103},{"value":1340,"type":105},{"value":1340,"type":104}]},{"consume":[{"id":10503,"count":20},{"id":10002,"count":10000}],"attr":[{"value":1370,"type":103},{"value":1370,"type":105},{"value":1370,"type":104}]},{"consume":[{"id":10503,"count":20},{"id":10002,"count":10000}],"attr":[{"value":1400,"type":103},{"value":1400,"type":105},{"value":1400,"type":104}]},{"consume":[{"id":10503,"count":20},{"id":10002,"count":10000}],"attr":[{"value":1430,"type":103},{"value":1430,"type":105},{"value":1430,"type":104}]},{"consume":[{"id":10503,"count":20},{"id":10002,"count":10000}],"attr":[{"value":1460,"type":103},{"value":1460,"type":105},{"value":1460,"type":104}]},{"consume":[{"id":10503,"count":20},{"id":10002,"count":10000}],"attr":[{"value":1490,"type":103},{"value":1490,"type":105},{"value":1490,"type":104}]},{"consume":[{"id":10503,"count":20},{"id":10002,"count":10000}],"attr":[{"value":1520,"type":103},{"value":1520,"type":105},{"value":1520,"type":104}]},{"consume":[{"id":10503,"count":20},{"id":10002,"count":10000}],"attr":[{"value":1550,"type":103},{"value":1550,"type":105},{"value":1550,"type":104}]},{"consume":[{"id":10503,"count":20},{"id":10002,"count":10000}],"attr":[{"value":1580,"type":103},{"value":1580,"type":105},{"value":1580,"type":104}]},{"consume":[{"id":10503,"count":20},{"id":10002,"count":10000}],"attr":[{"value":1610,"type":103},{"value":1610,"type":105},{"value":1610,"type":104}]},{"consume":[{"id":10503,"count":20},{"id":10002,"count":10000}],"attr":[{"value":1640,"type":103},{"value":1640,"type":105},{"value":1640,"type":104}]},{"consume":[{"id":10503,"count":20},{"id":10002,"count":10000}],"attr":[{"value":1670,"type":103},{"value":1670,"type":105},{"value":1670,"type":104}]},{"consume":[{"id":10503,"count":20},{"id":10002,"count":10000}],"attr":[{"value":1700,"type":103},{"value":1700,"type":105},{"value":1700,"type":104}]},{"consume":[{"id":10503,"count":20},{"id":10002,"count":10000}],"attr":[{"value":1750,"type":103},{"value":1750,"type":105},{"value":1750,"type":104}]},{"consume":[{"id":10503,"count":40},{"id":10002,"count":10000}],"attr":[{"value":1800,"type":103},{"value":1800,"type":105},{"value":1800,"type":104}]},{"consume":[{"id":10503,"count":40},{"id":10002,"count":10000}],"attr":[{"value":1850,"type":103},{"value":1850,"type":105},{"value":1850,"type":104}]},{"consume":[{"id":10503,"count":40},{"id":10002,"count":10000}],"attr":[{"value":1900,"type":103},{"value":1900,"type":105},{"value":1900,"type":104}]},{"consume":[{"id":10503,"count":40},{"id":10002,"count":10000}],"attr":[{"value":1950,"type":103},{"value":1950,"type":105},{"value":1950,"type":104}]},{"consume":[{"id":10503,"count":40},{"id":10002,"count":10000}],"attr":[{"value":2000,"type":103},{"value":2000,"type":105},{"value":2000,"type":104}]},{"consume":[{"id":10503,"count":40},{"id":10002,"count":10000}],"attr":[{"value":2050,"type":103},{"value":2050,"type":105},{"value":2050,"type":104}]},{"consume":[{"id":10503,"count":40},{"id":10002,"count":10000}],"attr":[{"value":2100,"type":103},{"value":2100,"type":105},{"value":2100,"type":104}]},{"consume":[{"id":10503,"count":40},{"id":10002,"count":10000}],"attr":[{"value":2150,"type":103},{"value":2150,"type":105},{"value":2150,"type":104}]},{"consume":[{"id":10503,"count":40},{"id":10002,"count":10000}],"attr":[{"value":2200,"type":103},{"value":2200,"type":105},{"value":2200,"type":104}]},{"consume":[{"id":10503,"count":40},{"id":10002,"count":10000}],"attr":[{"value":2250,"type":103},{"value":2250,"type":105},{"value":2250,"type":104}]},{"consume":[{"id":10503,"count":40},{"id":10002,"count":10000}],"attr":[{"value":2300,"type":103},{"value":2300,"type":105},{"value":2300,"type":104}]},{"consume":[{"id":10503,"count":40},{"id":10002,"count":10000}],"attr":[{"value":2350,"type":103},{"value":2350,"type":105},{"value":2350,"type":104}]},{"consume":[{"id":10503,"count":40},{"id":10002,"count":10000}],"attr":[{"value":2400,"type":103},{"value":2400,"type":105},{"value":2400,"type":104}]},{"consume":[{"id":10503,"count":40},{"id":10002,"count":10000}],"attr":[{"value":2450,"type":103},{"value":2450,"type":105},{"value":2450,"type":104}]},{"consume":[{"id":10503,"count":40},{"id":10002,"count":10000}],"attr":[{"value":2500,"type":103},{"value":2500,"type":105},{"value":2500,"type":104}]},{"consume":[{"id":10503,"count":40},{"id":10002,"count":10000}],"attr":[{"value":2550,"type":103},{"value":2550,"type":105},{"value":2550,"type":104}]},{"consume":[{"id":10503,"count":40},{"id":10002,"count":10000}],"attr":[{"value":2600,"type":103},{"value":2600,"type":105},{"value":2600,"type":104}]},{"consume":[{"id":10503,"count":40},{"id":10002,"count":10000}],"attr":[{"value":2650,"type":103},{"value":2650,"type":105},{"value":2650,"type":104}]},{"consume":[{"id":10503,"count":40},{"id":10002,"count":10000}],"attr":[{"value":2700,"type":103},{"value":2700,"type":105},{"value":2700,"type":104}]},{"consume":[{"id":10503,"count":40},{"id":10002,"count":10000}],"attr":[{"value":2750,"type":103},{"value":2750,"type":105},{"value":2750,"type":104}]},{"consume":[{"id":10503,"count":40},{"id":10002,"count":10000}],"attr":[{"value":2800,"type":103},{"value":2800,"type":105},{"value":2800,"type":104}]},{"consume":[{"id":10503,"count":40},{"id":10002,"count":10000}],"attr":[{"value":2850,"type":103},{"value":2850,"type":105},{"value":2850,"type":104}]},{"consume":[{"id":10503,"count":40},{"id":10002,"count":10000}],"attr":[{"value":2900,"type":103},{"value":2900,"type":105},{"value":2900,"type":104}]},{"consume":[{"id":10503,"count":40},{"id":10002,"count":10000}],"attr":[{"value":2950,"type":103},{"value":2950,"type":105},{"value":2950,"type":104}]},{"consume":[{"id":10503,"count":40},{"id":10002,"count":10000}],"attr":[{"value":3000,"type":103},{"value":3000,"type":105},{"value":3000,"type":104}]},{"consume":[{"id":10503,"count":40},{"id":10002,"count":10000}],"attr":[{"value":3050,"type":103},{"value":3050,"type":105},{"value":3050,"type":104}]},{"consume":[{"id":10503,"count":40},{"id":10002,"count":10000}],"attr":[{"value":3100,"type":103},{"value":3100,"type":105},{"value":3100,"type":104}]},{"consume":[{"id":10503,"count":40},{"id":10002,"count":10000}],"attr":[{"value":3150,"type":103},{"value":3150,"type":105},{"value":3150,"type":104}]},{"consume":[{"id":10503,"count":40},{"id":10002,"count":10000}],"attr":[{"value":3200,"type":103},{"value":3200,"type":105},{"value":3200,"type":104}]},{"consume":[{"id":10503,"count":40},{"id":10002,"count":10000}],"attr":[{"value":3250,"type":103},{"value":3250,"type":105},{"value":3250,"type":104}]},{"consume":[{"id":10503,"count":40},{"id":10002,"count":10000}],"attr":[{"value":3300,"type":103},{"value":3300,"type":105},{"value":3300,"type":104}]},{"consume":[{"id":10503,"count":40},{"id":10002,"count":10000}],"attr":[{"value":3350,"type":103},{"value":3350,"type":105},{"value":3350,"type":104}]},{"consume":[{"id":10503,"count":40},{"id":10002,"count":10000}],"attr":[{"value":3400,"type":103},{"value":3400,"type":105},{"value":3400,"type":104}]},{"consume":[{"id":10503,"count":40},{"id":10002,"count":20000}],"attr":[{"value":3450,"type":103},{"value":3450,"type":105},{"value":3450,"type":104}]},{"consume":[{"id":10503,"count":100},{"id":10002,"count":20000}],"attr":[{"value":3520,"type":103},{"value":3520,"type":105},{"value":3520,"type":104}]},{"consume":[{"id":10503,"count":100},{"id":10002,"count":20000}],"attr":[{"value":3590,"type":103},{"value":3590,"type":105},{"value":3590,"type":104}]},{"consume":[{"id":10503,"count":100},{"id":10002,"count":20000}],"attr":[{"value":3660,"type":103},{"value":3660,"type":105},{"value":3660,"type":104}]},{"consume":[{"id":10503,"count":100},{"id":10002,"count":20000}],"attr":[{"value":3730,"type":103},{"value":3730,"type":105},{"value":3730,"type":104}]},{"consume":[{"id":10503,"count":100},{"id":10002,"count":20000}],"attr":[{"value":3800,"type":103},{"value":3800,"type":105},{"value":3800,"type":104}]},{"consume":[{"id":10503,"count":100},{"id":10002,"count":20000}],"attr":[{"value":3870,"type":103},{"value":3870,"type":105},{"value":3870,"type":104}]},{"consume":[{"id":10503,"count":100},{"id":10002,"count":20000}],"attr":[{"value":3940,"type":103},{"value":3940,"type":105},{"value":3940,"type":104}]},{"consume":[{"id":10503,"count":100},{"id":10002,"count":20000}],"attr":[{"value":4010,"type":103},{"value":4010,"type":105},{"value":4010,"type":104}]},{"consume":[{"id":10503,"count":100},{"id":10002,"count":20000}],"attr":[{"value":4080,"type":103},{"value":4080,"type":105},{"value":4080,"type":104}]},{"consume":[{"id":10503,"count":100},{"id":10002,"count":20000}],"attr":[{"value":4150,"type":103},{"value":4150,"type":105},{"value":4150,"type":104}]},{"consume":[{"id":10503,"count":100},{"id":10002,"count":20000}],"attr":[{"value":4220,"type":103},{"value":4220,"type":105},{"value":4220,"type":104}]},{"consume":[{"id":10503,"count":100},{"id":10002,"count":20000}],"attr":[{"value":4290,"type":103},{"value":4290,"type":105},{"value":4290,"type":104}]},{"consume":[{"id":10503,"count":100},{"id":10002,"count":20000}],"attr":[{"value":4360,"type":103},{"value":4360,"type":105},{"value":4360,"type":104}]},{"consume":[{"id":10503,"count":100},{"id":10002,"count":20000}],"attr":[{"value":4430,"type":103},{"value":4430,"type":105},{"value":4430,"type":104}]},{"consume":[{"id":10503,"count":100},{"id":10002,"count":20000}],"attr":[{"value":4500,"type":103},{"value":4500,"type":105},{"value":4500,"type":104}]},{"consume":[{"id":10503,"count":100},{"id":10002,"count":20000}],"attr":[{"value":4570,"type":103},{"value":4570,"type":105},{"value":4570,"type":104}]},{"consume":[{"id":10503,"count":100},{"id":10002,"count":20000}],"attr":[{"value":4640,"type":103},{"value":4640,"type":105},{"value":4640,"type":104}]},{"consume":[{"id":10503,"count":100},{"id":10002,"count":20000}],"attr":[{"value":4710,"type":103},{"value":4710,"type":105},{"value":4710,"type":104}]},{"consume":[{"id":10503,"count":100},{"id":10002,"count":20000}],"attr":[{"value":4780,"type":103},{"value":4780,"type":105},{"value":4780,"type":104}]},{"consume":[{"id":10503,"count":100},{"id":10002,"count":20000}],"attr":[{"value":4850,"type":103},{"value":4850,"type":105},{"value":4850,"type":104}]},{"consume":[{"id":10503,"count":100},{"id":10002,"count":20000}],"attr":[{"value":4920,"type":103},{"value":4920,"type":105},{"value":4920,"type":104}]},{"consume":[{"id":10503,"count":100},{"id":10002,"count":20000}],"attr":[{"value":4990,"type":103},{"value":4990,"type":105},{"value":4990,"type":104}]},{"consume":[{"id":10503,"count":100},{"id":10002,"count":20000}],"attr":[{"value":5060,"type":103},{"value":5060,"type":105},{"value":5060,"type":104}]},{"consume":[{"id":10503,"count":100},{"id":10002,"count":20000}],"attr":[{"value":5130,"type":103},{"value":5130,"type":105},{"value":5130,"type":104}]},{"consume":[{"id":10503,"count":100},{"id":10002,"count":20000}],"attr":[{"value":5200,"type":103},{"value":5200,"type":105},{"value":5200,"type":104}]},{"consume":[{"id":10503,"count":100},{"id":10002,"count":20000}],"attr":[{"value":5270,"type":103},{"value":5270,"type":105},{"value":5270,"type":104}]},{"consume":[{"id":10503,"count":100},{"id":10002,"count":20000}],"attr":[{"value":5340,"type":103},{"value":5340,"type":105},{"value":5340,"type":104}]},{"consume":[{"id":10503,"count":100},{"id":10002,"count":20000}],"attr":[{"value":5410,"type":103},{"value":5410,"type":105},{"value":5410,"type":104}]},{"consume":[{"id":10503,"count":100},{"id":10002,"count":20000}],"attr":[{"value":5480,"type":103},{"value":5480,"type":105},{"value":5480,"type":104}]},{"consume":[{"id":10503,"count":100},{"id":10002,"count":20000}],"attr":[{"value":5550,"type":103},{"value":5550,"type":105},{"value":5550,"type":104}]},{"consume":[{"id":10503,"count":100},{"id":10002,"count":20000}],"attr":[{"value":5620,"type":103},{"value":5620,"type":105},{"value":5620,"type":104}]},{"consume":[{"id":10503,"count":100},{"id":10002,"count":20000}],"attr":[{"value":5690,"type":103},{"value":5690,"type":105},{"value":5690,"type":104}]},{"consume":[{"id":10503,"count":100},{"id":10002,"count":20000}],"attr":[{"value":5760,"type":103},{"value":5760,"type":105},{"value":5760,"type":104}]},{"consume":[{"id":10503,"count":100},{"id":10002,"count":20000}],"attr":[{"value":5830,"type":103},{"value":5830,"type":105},{"value":5830,"type":104}]},{"consume":[{"id":10503,"count":100},{"id":10002,"count":20000}],"attr":[{"value":5900,"type":103},{"value":5900,"type":105},{"value":5900,"type":104}]},{"consume":[{"id":10503,"count":100},{"id":10002,"count":20000}],"attr":[{"value":5970,"type":103},{"value":5970,"type":105},{"value":5970,"type":104}]},{"consume":[{"id":10503,"count":100},{"id":10002,"count":20000}],"attr":[{"value":6040,"type":103},{"value":6040,"type":105},{"value":6040,"type":104}]},{"consume":[{"id":10503,"count":100},{"id":10002,"count":20000}],"attr":[{"value":6110,"type":103},{"value":6110,"type":105},{"value":6110,"type":104}]},{"consume":[{"id":10503,"count":100},{"id":10002,"count":20000}],"attr":[{"value":6180,"type":103},{"value":6180,"type":105},{"value":6180,"type":104}]},{"consume":[{"id":10503,"count":100},{"id":10002,"count":20000}],"attr":[{"value":6250,"type":103},{"value":6250,"type":105},{"value":6250,"type":104}]},{"consume":[{"id":10503,"count":100},{"id":10002,"count":20000}],"attr":[{"value":6320,"type":103},{"value":6320,"type":105},{"value":6320,"type":104}]},{"consume":[{"id":10503,"count":100},{"id":10002,"count":20000}],"attr":[{"value":6390,"type":103},{"value":6390,"type":105},{"value":6390,"type":104}]},{"consume":[{"id":10503,"count":100},{"id":10002,"count":20000}],"attr":[{"value":6460,"type":103},{"value":6460,"type":105},{"value":6460,"type":104}]},{"consume":[{"id":10503,"count":100},{"id":10002,"count":20000}],"attr":[{"value":6530,"type":103},{"value":6530,"type":105},{"value":6530,"type":104}]},{"consume":[{"id":10503,"count":100},{"id":10002,"count":20000}],"attr":[{"value":6600,"type":103},{"value":6600,"type":105},{"value":6600,"type":104}]},{"consume":[{"id":10503,"count":100},{"id":10002,"count":20000}],"attr":[{"value":6670,"type":103},{"value":6670,"type":105},{"value":6670,"type":104}]},{"consume":[{"id":10503,"count":100},{"id":10002,"count":20000}],"attr":[{"value":6740,"type":103},{"value":6740,"type":105},{"value":6740,"type":104}]},{"consume":[{"id":10503,"count":100},{"id":10002,"count":20000}],"attr":[{"value":6810,"type":103},{"value":6810,"type":105},{"value":6810,"type":104}]},{"consume":[{"id":10503,"count":100},{"id":10002,"count":20000}],"attr":[{"value":6880,"type":103},{"value":6880,"type":105},{"value":6880,"type":104}]},{"consume":[{"id":10503,"count":100},{"id":10002,"count":20000}],"attr":[{"value":6950,"type":103},{"value":6950,"type":105},{"value":6950,"type":104}]},{"consume":[{"id":10503,"count":240},{"id":10002,"count":20000}],"attr":[{"value":7030,"type":103},{"value":7030,"type":105},{"value":7030,"type":104}]},{"consume":[{"id":10503,"count":240},{"id":10002,"count":20000}],"attr":[{"value":7110,"type":103},{"value":7110,"type":105},{"value":7110,"type":104}]},{"consume":[{"id":10503,"count":240},{"id":10002,"count":20000}],"attr":[{"value":7190,"type":103},{"value":7190,"type":105},{"value":7190,"type":104}]},{"consume":[{"id":10503,"count":240},{"id":10002,"count":20000}],"attr":[{"value":7270,"type":103},{"value":7270,"type":105},{"value":7270,"type":104}]},{"consume":[{"id":10503,"count":240},{"id":10002,"count":20000}],"attr":[{"value":7350,"type":103},{"value":7350,"type":105},{"value":7350,"type":104}]},{"consume":[{"id":10503,"count":240},{"id":10002,"count":20000}],"attr":[{"value":7430,"type":103},{"value":7430,"type":105},{"value":7430,"type":104}]},{"consume":[{"id":10503,"count":240},{"id":10002,"count":20000}],"attr":[{"value":7510,"type":103},{"value":7510,"type":105},{"value":7510,"type":104}]},{"consume":[{"id":10503,"count":240},{"id":10002,"count":20000}],"attr":[{"value":7590,"type":103},{"value":7590,"type":105},{"value":7590,"type":104}]},{"consume":[{"id":10503,"count":240},{"id":10002,"count":20000}],"attr":[{"value":7670,"type":103},{"value":7670,"type":105},{"value":7670,"type":104}]},{"consume":[{"id":10503,"count":240},{"id":10002,"count":20000}],"attr":[{"value":7750,"type":103},{"value":7750,"type":105},{"value":7750,"type":104}]},{"consume":[{"id":10503,"count":240},{"id":10002,"count":20000}],"attr":[{"value":7830,"type":103},{"value":7830,"type":105},{"value":7830,"type":104}]},{"consume":[{"id":10503,"count":240},{"id":10002,"count":20000}],"attr":[{"value":7910,"type":103},{"value":7910,"type":105},{"value":7910,"type":104}]},{"consume":[{"id":10503,"count":240},{"id":10002,"count":20000}],"attr":[{"value":7990,"type":103},{"value":7990,"type":105},{"value":7990,"type":104}]},{"consume":[{"id":10503,"count":240},{"id":10002,"count":20000}],"attr":[{"value":8070,"type":103},{"value":8070,"type":105},{"value":8070,"type":104}]},{"consume":[{"id":10503,"count":240},{"id":10002,"count":20000}],"attr":[{"value":8150,"type":103},{"value":8150,"type":105},{"value":8150,"type":104}]},{"consume":[{"id":10503,"count":240},{"id":10002,"count":20000}],"attr":[{"value":8230,"type":103},{"value":8230,"type":105},{"value":8230,"type":104}]},{"consume":[{"id":10503,"count":240},{"id":10002,"count":20000}],"attr":[{"value":8310,"type":103},{"value":8310,"type":105},{"value":8310,"type":104}]},{"consume":[{"id":10503,"count":240},{"id":10002,"count":20000}],"attr":[{"value":8390,"type":103},{"value":8390,"type":105},{"value":8390,"type":104}]},{"consume":[{"id":10503,"count":240},{"id":10002,"count":20000}],"attr":[{"value":8470,"type":103},{"value":8470,"type":105},{"value":8470,"type":104}]},{"consume":[{"id":10503,"count":240},{"id":10002,"count":20000}],"attr":[{"value":8550,"type":103},{"value":8550,"type":105},{"value":8550,"type":104}]},{"consume":[{"id":10503,"count":240},{"id":10002,"count":20000}],"attr":[{"value":8630,"type":103},{"value":8630,"type":105},{"value":8630,"type":104}]},{"consume":[{"id":10503,"count":240},{"id":10002,"count":20000}],"attr":[{"value":8710,"type":103},{"value":8710,"type":105},{"value":8710,"type":104}]},{"consume":[{"id":10503,"count":240},{"id":10002,"count":20000}],"attr":[{"value":8790,"type":103},{"value":8790,"type":105},{"value":8790,"type":104}]},{"consume":[{"id":10503,"count":240},{"id":10002,"count":20000}],"attr":[{"value":8870,"type":103},{"value":8870,"type":105},{"value":8870,"type":104}]},{"consume":[{"id":10503,"count":240},{"id":10002,"count":20000}],"attr":[{"value":8950,"type":103},{"value":8950,"type":105},{"value":8950,"type":104}]},{"consume":[{"id":10503,"count":240},{"id":10002,"count":20000}],"attr":[{"value":9030,"type":103},{"value":9030,"type":105},{"value":9030,"type":104}]},{"consume":[{"id":10503,"count":240},{"id":10002,"count":20000}],"attr":[{"value":9110,"type":103},{"value":9110,"type":105},{"value":9110,"type":104}]},{"consume":[{"id":10503,"count":240},{"id":10002,"count":20000}],"attr":[{"value":9190,"type":103},{"value":9190,"type":105},{"value":9190,"type":104}]},{"consume":[{"id":10503,"count":240},{"id":10002,"count":20000}],"attr":[{"value":9270,"type":103},{"value":9270,"type":105},{"value":9270,"type":104}]},{"consume":[{"id":10503,"count":240},{"id":10002,"count":20000}],"attr":[{"value":9350,"type":103},{"value":9350,"type":105},{"value":9350,"type":104}]},{"consume":[{"id":10503,"count":240},{"id":10002,"count":20000}],"attr":[{"value":9430,"type":103},{"value":9430,"type":105},{"value":9430,"type":104}]},{"consume":[{"id":10503,"count":240},{"id":10002,"count":20000}],"attr":[{"value":9510,"type":103},{"value":9510,"type":105},{"value":9510,"type":104}]},{"consume":[{"id":10503,"count":240},{"id":10002,"count":20000}],"attr":[{"value":9590,"type":103},{"value":9590,"type":105},{"value":9590,"type":104}]},{"consume":[{"id":10503,"count":240},{"id":10002,"count":20000}],"attr":[{"value":9670,"type":103},{"value":9670,"type":105},{"value":9670,"type":104}]},{"consume":[{"id":10503,"count":240},{"id":10002,"count":20000}],"attr":[{"value":9750,"type":103},{"value":9750,"type":105},{"value":9750,"type":104}]},{"consume":[{"id":10503,"count":240},{"id":10002,"count":20000}],"attr":[{"value":9830,"type":103},{"value":9830,"type":105},{"value":9830,"type":104}]},{"consume":[{"id":10503,"count":240},{"id":10002,"count":20000}],"attr":[{"value":9910,"type":103},{"value":9910,"type":105},{"value":9910,"type":104}]},{"consume":[{"id":10503,"count":240},{"id":10002,"count":20000}],"attr":[{"value":9990,"type":103},{"value":9990,"type":105},{"value":9990,"type":104}]},{"consume":[{"id":10503,"count":240},{"id":10002,"count":20000}],"attr":[{"value":10070,"type":103},{"value":10070,"type":105},{"value":10070,"type":104}]},{"consume":[{"id":10503,"count":240},{"id":10002,"count":20000}],"attr":[{"value":10150,"type":103},{"value":10150,"type":105},{"value":10150,"type":104}]},{"consume":[{"id":10503,"count":240},{"id":10002,"count":20000}],"attr":[{"value":10230,"type":103},{"value":10230,"type":105},{"value":10230,"type":104}]},{"consume":[{"id":10503,"count":240},{"id":10002,"count":20000}],"attr":[{"value":10310,"type":103},{"value":10310,"type":105},{"value":10310,"type":104}]},{"consume":[{"id":10503,"count":240},{"id":10002,"count":20000}],"attr":[{"value":10390,"type":103},{"value":10390,"type":105},{"value":10390,"type":104}]},{"consume":[{"id":10503,"count":240},{"id":10002,"count":20000}],"attr":[{"value":10470,"type":103},{"value":10470,"type":105},{"value":10470,"type":104}]},{"consume":[{"id":10503,"count":240},{"id":10002,"count":20000}],"attr":[{"value":10550,"type":103},{"value":10550,"type":105},{"value":10550,"type":104}]},{"consume":[{"id":10503,"count":240},{"id":10002,"count":20000}],"attr":[{"value":10630,"type":103},{"value":10630,"type":105},{"value":10630,"type":104}]},{"consume":[{"id":10503,"count":240},{"id":10002,"count":20000}],"attr":[{"value":10710,"type":103},{"value":10710,"type":105},{"value":10710,"type":104}]},{"consume":[{"id":10503,"count":240},{"id":10002,"count":20000}],"attr":[{"value":10790,"type":103},{"value":10790,"type":105},{"value":10790,"type":104}]},{"consume":[{"id":10503,"count":240},{"id":10002,"count":20000}],"attr":[{"value":10870,"type":103},{"value":10870,"type":105},{"value":10870,"type":104}]},{"consume":[{"id":10503,"count":240},{"id":10002,"count":20000}],"attr":[{"value":10950,"type":103},{"value":10950,"type":105},{"value":10950,"type":104}]},{"consume":[{"id":10503,"count":300},{"id":10002,"count":30000}],"attr":[{"value":11050,"type":103},{"value":11050,"type":105},{"value":11050,"type":104}]},{"consume":[{"id":10503,"count":300},{"id":10002,"count":30000}],"attr":[{"value":11150,"type":103},{"value":11150,"type":105},{"value":11150,"type":104}]},{"consume":[{"id":10503,"count":300},{"id":10002,"count":30000}],"attr":[{"value":11250,"type":103},{"value":11250,"type":105},{"value":11250,"type":104}]},{"consume":[{"id":10503,"count":300},{"id":10002,"count":30000}],"attr":[{"value":11350,"type":103},{"value":11350,"type":105},{"value":11350,"type":104}]},{"consume":[{"id":10503,"count":300},{"id":10002,"count":30000}],"attr":[{"value":11450,"type":103},{"value":11450,"type":105},{"value":11450,"type":104}]},{"consume":[{"id":10503,"count":300},{"id":10002,"count":30000}],"attr":[{"value":11550,"type":103},{"value":11550,"type":105},{"value":11550,"type":104}]},{"consume":[{"id":10503,"count":300},{"id":10002,"count":30000}],"attr":[{"value":11650,"type":103},{"value":11650,"type":105},{"value":11650,"type":104}]},{"consume":[{"id":10503,"count":300},{"id":10002,"count":30000}],"attr":[{"value":11750,"type":103},{"value":11750,"type":105},{"value":11750,"type":104}]},{"consume":[{"id":10503,"count":300},{"id":10002,"count":30000}],"attr":[{"value":11850,"type":103},{"value":11850,"type":105},{"value":11850,"type":104}]},{"consume":[{"id":10503,"count":300},{"id":10002,"count":30000}],"attr":[{"value":11950,"type":103},{"value":11950,"type":105},{"value":11950,"type":104}]},{"consume":[{"id":10503,"count":300},{"id":10002,"count":30000}],"attr":[{"value":12050,"type":103},{"value":12050,"type":105},{"value":12050,"type":104}]},{"consume":[{"id":10503,"count":300},{"id":10002,"count":30000}],"attr":[{"value":12150,"type":103},{"value":12150,"type":105},{"value":12150,"type":104}]},{"consume":[{"id":10503,"count":300},{"id":10002,"count":30000}],"attr":[{"value":12250,"type":103},{"value":12250,"type":105},{"value":12250,"type":104}]},{"consume":[{"id":10503,"count":300},{"id":10002,"count":30000}],"attr":[{"value":12350,"type":103},{"value":12350,"type":105},{"value":12350,"type":104}]},{"consume":[{"id":10503,"count":300},{"id":10002,"count":30000}],"attr":[{"value":12450,"type":103},{"value":12450,"type":105},{"value":12450,"type":104}]},{"consume":[{"id":10503,"count":300},{"id":10002,"count":30000}],"attr":[{"value":12550,"type":103},{"value":12550,"type":105},{"value":12550,"type":104}]},{"consume":[{"id":10503,"count":300},{"id":10002,"count":30000}],"attr":[{"value":12650,"type":103},{"value":12650,"type":105},{"value":12650,"type":104}]},{"consume":[{"id":10503,"count":300},{"id":10002,"count":30000}],"attr":[{"value":12750,"type":103},{"value":12750,"type":105},{"value":12750,"type":104}]},{"consume":[{"id":10503,"count":300},{"id":10002,"count":30000}],"attr":[{"value":12850,"type":103},{"value":12850,"type":105},{"value":12850,"type":104}]},{"consume":[{"id":10503,"count":300},{"id":10002,"count":30000}],"attr":[{"value":12950,"type":103},{"value":12950,"type":105},{"value":12950,"type":104}]},{"consume":[{"id":10503,"count":300},{"id":10002,"count":30000}],"attr":[{"value":13050,"type":103},{"value":13050,"type":105},{"value":13050,"type":104}]},{"consume":[{"id":10503,"count":300},{"id":10002,"count":30000}],"attr":[{"value":13150,"type":103},{"value":13150,"type":105},{"value":13150,"type":104}]},{"consume":[{"id":10503,"count":300},{"id":10002,"count":30000}],"attr":[{"value":13250,"type":103},{"value":13250,"type":105},{"value":13250,"type":104}]},{"consume":[{"id":10503,"count":300},{"id":10002,"count":30000}],"attr":[{"value":13350,"type":103},{"value":13350,"type":105},{"value":13350,"type":104}]},{"consume":[{"id":10503,"count":300},{"id":10002,"count":30000}],"attr":[{"value":13450,"type":103},{"value":13450,"type":105},{"value":13450,"type":104}]},{"consume":[{"id":10503,"count":300},{"id":10002,"count":30000}],"attr":[{"value":13550,"type":103},{"value":13550,"type":105},{"value":13550,"type":104}]},{"consume":[{"id":10503,"count":300},{"id":10002,"count":30000}],"attr":[{"value":13650,"type":103},{"value":13650,"type":105},{"value":13650,"type":104}]},{"consume":[{"id":10503,"count":300},{"id":10002,"count":30000}],"attr":[{"value":13750,"type":103},{"value":13750,"type":105},{"value":13750,"type":104}]},{"consume":[{"id":10503,"count":300},{"id":10002,"count":30000}],"attr":[{"value":13850,"type":103},{"value":13850,"type":105},{"value":13850,"type":104}]},{"consume":[{"id":10503,"count":300},{"id":10002,"count":30000}],"attr":[{"value":13950,"type":103},{"value":13950,"type":105},{"value":13950,"type":104}]},{"consume":[{"id":10503,"count":300},{"id":10002,"count":30000}],"attr":[{"value":14050,"type":103},{"value":14050,"type":105},{"value":14050,"type":104}]},{"consume":[{"id":10503,"count":300},{"id":10002,"count":30000}],"attr":[{"value":14150,"type":103},{"value":14150,"type":105},{"value":14150,"type":104}]},{"consume":[{"id":10503,"count":300},{"id":10002,"count":30000}],"attr":[{"value":14250,"type":103},{"value":14250,"type":105},{"value":14250,"type":104}]},{"consume":[{"id":10503,"count":300},{"id":10002,"count":30000}],"attr":[{"value":14350,"type":103},{"value":14350,"type":105},{"value":14350,"type":104}]},{"consume":[{"id":10503,"count":300},{"id":10002,"count":30000}],"attr":[{"value":14450,"type":103},{"value":14450,"type":105},{"value":14450,"type":104}]},{"consume":[{"id":10503,"count":300},{"id":10002,"count":30000}],"attr":[{"value":14550,"type":103},{"value":14550,"type":105},{"value":14550,"type":104}]},{"consume":[{"id":10503,"count":300},{"id":10002,"count":30000}],"attr":[{"value":14650,"type":103},{"value":14650,"type":105},{"value":14650,"type":104}]},{"consume":[{"id":10503,"count":300},{"id":10002,"count":30000}],"attr":[{"value":14750,"type":103},{"value":14750,"type":105},{"value":14750,"type":104}]},{"consume":[{"id":10503,"count":300},{"id":10002,"count":30000}],"attr":[{"value":14850,"type":103},{"value":14850,"type":105},{"value":14850,"type":104}]},{"consume":[{"id":10503,"count":300},{"id":10002,"count":30000}],"attr":[{"value":14950,"type":103},{"value":14950,"type":105},{"value":14950,"type":104}]},{"consume":[{"id":10503,"count":300},{"id":10002,"count":30000}],"attr":[{"value":15050,"type":103},{"value":15050,"type":105},{"value":15050,"type":104}]},{"consume":[{"id":10503,"count":300},{"id":10002,"count":30000}],"attr":[{"value":15150,"type":103},{"value":15150,"type":105},{"value":15150,"type":104}]},{"consume":[{"id":10503,"count":300},{"id":10002,"count":30000}],"attr":[{"value":15250,"type":103},{"value":15250,"type":105},{"value":15250,"type":104}]},{"consume":[{"id":10503,"count":300},{"id":10002,"count":30000}],"attr":[{"value":15350,"type":103},{"value":15350,"type":105},{"value":15350,"type":104}]},{"consume":[{"id":10503,"count":300},{"id":10002,"count":30000}],"attr":[{"value":15450,"type":103},{"value":15450,"type":105},{"value":15450,"type":104}]},{"consume":[{"id":10503,"count":300},{"id":10002,"count":30000}],"attr":[{"value":15550,"type":103},{"value":15550,"type":105},{"value":15550,"type":104}]},{"consume":[{"id":10503,"count":300},{"id":10002,"count":30000}],"attr":[{"value":15650,"type":103},{"value":15650,"type":105},{"value":15650,"type":104}]},{"consume":[{"id":10503,"count":300},{"id":10002,"count":30000}],"attr":[{"value":15750,"type":103},{"value":15750,"type":105},{"value":15750,"type":104}]},{"consume":[{"id":10503,"count":300},{"id":10002,"count":30000}],"attr":[{"value":15850,"type":103},{"value":15850,"type":105},{"value":15850,"type":104}]},{"consume":[{"id":10503,"count":300},{"id":10002,"count":30000}],"attr":[{"value":15950,"type":103},{"value":15950,"type":105},{"value":15950,"type":104}]},{"consume":[{"id":10503,"count":300},{"id":10002,"count":30000}],"attr":[{"value":16050,"type":103},{"value":16050,"type":105},{"value":16050,"type":104}]},{"consume":[{"id":10503,"count":300},{"id":10002,"count":30000}],"attr":[{"value":16150,"type":103},{"value":16150,"type":105},{"value":16150,"type":104}]},{"consume":[{"id":10503,"count":300},{"id":10002,"count":30000}],"attr":[{"value":16250,"type":103},{"value":16250,"type":105},{"value":16250,"type":104}]},{"consume":[{"id":10503,"count":300},{"id":10002,"count":30000}],"attr":[{"value":16350,"type":103},{"value":16350,"type":105},{"value":16350,"type":104}]},{"consume":[{"id":10503,"count":300},{"id":10002,"count":30000}],"attr":[{"value":16450,"type":103},{"value":16450,"type":105},{"value":16450,"type":104}]}]}}