{"EquipAddMagicConfig":{"randomItems":[10744,10745,10746,10747,10748,10749,10750],"datas":[{"id":10700,"list":[{"attr":[{"value":2000,"type":2}],"lv":0,"consume":[{"id":10700,"count":1}],"attrEx":[]},{"attr":[{"value":4000,"type":2}],"lv":1,"consume":[{"id":10700,"count":2}],"attrEx":[]},{"attr":[{"value":6000,"type":2}],"lv":2,"consume":[{"id":10700,"count":4}],"attrEx":[]},{"attr":[{"value":8000,"type":2}],"lv":3,"consume":[{"id":10700,"count":8}],"attrEx":[]},{"attr":[{"value":10000,"type":2}],"lv":4,"consume":[{"id":10700,"count":15}],"attrEx":[]},{"attr":[{"value":12000,"type":2}],"lv":5,"consume":[{"id":10700,"count":20}],"attrEx":[]},{"attr":[{"value":14000,"type":2}],"lv":6,"consume":[{"id":10700,"count":30}],"attrEx":[]},{"attr":[{"value":16000,"type":2}],"lv":7,"consume":[{"id":10700,"count":50}],"attrEx":[]},{"attr":[{"value":18000,"type":2}],"lv":8,"consume":[{"id":10700,"count":80}],"attrEx":[]},{"attr":[{"value":20000,"type":2}],"lv":9,"consume":[{"id":10700,"count":120}],"attrEx":[]}],"pos":0},{"id":10701,"list":[{"attr":[{"value":600,"type":3}],"lv":0,"consume":[{"id":10701,"count":1}],"attrEx":[]},{"attr":[{"value":1200,"type":3}],"lv":1,"consume":[{"id":10701,"count":2}],"attrEx":[]},{"attr":[{"value":1800,"type":3}],"lv":2,"consume":[{"id":10701,"count":4}],"attrEx":[]},{"attr":[{"value":2400,"type":3}],"lv":3,"consume":[{"id":10701,"count":8}],"attrEx":[]},{"attr":[{"value":3000,"type":3}],"lv":4,"consume":[{"id":10701,"count":15}],"attrEx":[]},{"attr":[{"value":3600,"type":3}],"lv":5,"consume":[{"id":10701,"count":20}],"attrEx":[]},{"attr":[{"value":4200,"type":3}],"lv":6,"consume":[{"id":10701,"count":30}],"attrEx":[]},{"attr":[{"value":4800,"type":3}],"lv":7,"consume":[{"id":10701,"count":50}],"attrEx":[]},{"attr":[{"value":5400,"type":3}],"lv":8,"consume":[{"id":10701,"count":80}],"attrEx":[]},{"attr":[{"value":6000,"type":3}],"lv":9,"consume":[{"id":10701,"count":120}],"attrEx":[]}],"pos":0},{"id":10702,"list":[{"attr":[{"value":200,"type":4}],"lv":0,"consume":[{"id":10702,"count":1}],"attrEx":[]},{"attr":[{"value":400,"type":4}],"lv":1,"consume":[{"id":10702,"count":2}],"attrEx":[]},{"attr":[{"value":600,"type":4}],"lv":2,"consume":[{"id":10702,"count":4}],"attrEx":[]},{"attr":[{"value":800,"type":4}],"lv":3,"consume":[{"id":10702,"count":8}],"attrEx":[]},{"attr":[{"value":1000,"type":4}],"lv":4,"consume":[{"id":10702,"count":15}],"attrEx":[]},{"attr":[{"value":1200,"type":4}],"lv":5,"consume":[{"id":10702,"count":20}],"attrEx":[]},{"attr":[{"value":1400,"type":4}],"lv":6,"consume":[{"id":10702,"count":30}],"attrEx":[]},{"attr":[{"value":1600,"type":4}],"lv":7,"consume":[{"id":10702,"count":50}],"attrEx":[]},{"attr":[{"value":1800,"type":4}],"lv":8,"consume":[{"id":10702,"count":80}],"attrEx":[]},{"attr":[{"value":2000,"type":4}],"lv":9,"consume":[{"id":10702,"count":120}],"attrEx":[]}],"pos":0},{"id":10703,"list":[{"attr":[{"value":20,"type":1}],"lv":0,"consume":[{"id":10703,"count":1}],"attrEx":[]},{"attr":[{"value":40,"type":1}],"lv":1,"consume":[{"id":10703,"count":2}],"attrEx":[]},{"attr":[{"value":60,"type":1}],"lv":2,"consume":[{"id":10703,"count":4}],"attrEx":[]},{"attr":[{"value":80,"type":1}],"lv":3,"consume":[{"id":10703,"count":8}],"attrEx":[]},{"attr":[{"value":100,"type":1}],"lv":4,"consume":[{"id":10703,"count":15}],"attrEx":[]},{"attr":[{"value":120,"type":1}],"lv":5,"consume":[{"id":10703,"count":20}],"attrEx":[]},{"attr":[{"value":140,"type":1}],"lv":6,"consume":[{"id":10703,"count":30}],"attrEx":[]},{"attr":[{"value":160,"type":1}],"lv":7,"consume":[{"id":10703,"count":50}],"attrEx":[]},{"attr":[{"value":180,"type":1}],"lv":8,"consume":[{"id":10703,"count":80}],"attrEx":[]},{"attr":[{"value":200,"type":1}],"lv":9,"consume":[{"id":10703,"count":120}],"attrEx":[]}],"pos":0},{"id":10704,"list":[{"attr":[{"value":100,"type":71}],"lv":0,"consume":[{"id":10704,"count":1}],"attrEx":[]},{"attr":[{"value":200,"type":71}],"lv":1,"consume":[{"id":10704,"count":2}],"attrEx":[]},{"attr":[{"value":300,"type":71}],"lv":2,"consume":[{"id":10704,"count":4}],"attrEx":[]},{"attr":[{"value":400,"type":71}],"lv":3,"consume":[{"id":10704,"count":8}],"attrEx":[]},{"attr":[{"value":500,"type":71}],"lv":4,"consume":[{"id":10704,"count":15}],"attrEx":[]},{"attr":[{"value":600,"type":71}],"lv":5,"consume":[{"id":10704,"count":20}],"attrEx":[]},{"attr":[{"value":700,"type":71}],"lv":6,"consume":[{"id":10704,"count":30}],"attrEx":[]},{"attr":[{"value":800,"type":71}],"lv":7,"consume":[{"id":10704,"count":50}],"attrEx":[]},{"attr":[{"value":900,"type":71}],"lv":8,"consume":[{"id":10704,"count":80}],"attrEx":[]},{"attr":[{"value":1000,"type":71}],"lv":9,"consume":[{"id":10704,"count":120}],"attrEx":[]}],"pos":0},{"id":10705,"list":[{"attr":[{"value":100,"type":72}],"lv":0,"consume":[{"id":10705,"count":1}],"attrEx":[]},{"attr":[{"value":200,"type":72}],"lv":1,"consume":[{"id":10705,"count":2}],"attrEx":[]},{"attr":[{"value":300,"type":72}],"lv":2,"consume":[{"id":10705,"count":4}],"attrEx":[]},{"attr":[{"value":400,"type":72}],"lv":3,"consume":[{"id":10705,"count":8}],"attrEx":[]},{"attr":[{"value":500,"type":72}],"lv":4,"consume":[{"id":10705,"count":15}],"attrEx":[]},{"attr":[{"value":600,"type":72}],"lv":5,"consume":[{"id":10705,"count":20}],"attrEx":[]},{"attr":[{"value":700,"type":72}],"lv":6,"consume":[{"id":10705,"count":30}],"attrEx":[]},{"attr":[{"value":800,"type":72}],"lv":7,"consume":[{"id":10705,"count":50}],"attrEx":[]},{"attr":[{"value":900,"type":72}],"lv":8,"consume":[{"id":10705,"count":80}],"attrEx":[]},{"attr":[{"value":1000,"type":72}],"lv":9,"consume":[{"id":10705,"count":120}],"attrEx":[]}],"pos":0},{"id":10706,"list":[{"attr":[{"value":100,"type":73}],"lv":0,"consume":[{"id":10706,"count":1}],"attrEx":[]},{"attr":[{"value":200,"type":73}],"lv":1,"consume":[{"id":10706,"count":2}],"attrEx":[]},{"attr":[{"value":300,"type":73}],"lv":2,"consume":[{"id":10706,"count":4}],"attrEx":[]},{"attr":[{"value":400,"type":73}],"lv":3,"consume":[{"id":10706,"count":8}],"attrEx":[]},{"attr":[{"value":500,"type":73}],"lv":4,"consume":[{"id":10706,"count":15}],"attrEx":[]},{"attr":[{"value":600,"type":73}],"lv":5,"consume":[{"id":10706,"count":20}],"attrEx":[]},{"attr":[{"value":700,"type":73}],"lv":6,"consume":[{"id":10706,"count":30}],"attrEx":[]},{"attr":[{"value":800,"type":73}],"lv":7,"consume":[{"id":10706,"count":50}],"attrEx":[]},{"attr":[{"value":900,"type":73}],"lv":8,"consume":[{"id":10706,"count":80}],"attrEx":[]},{"attr":[{"value":1000,"type":73}],"lv":9,"consume":[{"id":10706,"count":120}],"attrEx":[]}],"pos":0},{"id":10707,"list":[{"attr":[{"value":100,"type":89}],"lv":0,"consume":[{"id":10707,"count":1}],"attrEx":[]},{"attr":[{"value":200,"type":89}],"lv":1,"consume":[{"id":10707,"count":2}],"attrEx":[]},{"attr":[{"value":300,"type":89}],"lv":2,"consume":[{"id":10707,"count":4}],"attrEx":[]},{"attr":[{"value":400,"type":89}],"lv":3,"consume":[{"id":10707,"count":8}],"attrEx":[]},{"attr":[{"value":500,"type":89}],"lv":4,"consume":[{"id":10707,"count":15}],"attrEx":[]},{"attr":[{"value":600,"type":89}],"lv":5,"consume":[{"id":10707,"count":20}],"attrEx":[]},{"attr":[{"value":700,"type":89}],"lv":6,"consume":[{"id":10707,"count":30}],"attrEx":[]},{"attr":[{"value":800,"type":89}],"lv":7,"consume":[{"id":10707,"count":50}],"attrEx":[]},{"attr":[{"value":900,"type":89}],"lv":8,"consume":[{"id":10707,"count":80}],"attrEx":[]},{"attr":[{"value":1000,"type":89}],"lv":9,"consume":[{"id":10707,"count":120}],"attrEx":[]}],"pos":0},{"id":10708,"list":[{"attr":[{"value":200,"type":11}],"lv":0,"consume":[{"id":10708,"count":1}],"attrEx":[]},{"attr":[{"value":400,"type":11}],"lv":1,"consume":[{"id":10708,"count":2}],"attrEx":[]},{"attr":[{"value":600,"type":11}],"lv":2,"consume":[{"id":10708,"count":4}],"attrEx":[]},{"attr":[{"value":800,"type":11}],"lv":3,"consume":[{"id":10708,"count":8}],"attrEx":[]},{"attr":[{"value":1000,"type":11}],"lv":4,"consume":[{"id":10708,"count":15}],"attrEx":[]},{"attr":[{"value":1200,"type":11}],"lv":5,"consume":[{"id":10708,"count":20}],"attrEx":[]},{"attr":[{"value":1400,"type":11}],"lv":6,"consume":[{"id":10708,"count":30}],"attrEx":[]},{"attr":[{"value":1600,"type":11}],"lv":7,"consume":[{"id":10708,"count":50}],"attrEx":[]},{"attr":[{"value":1800,"type":11}],"lv":8,"consume":[{"id":10708,"count":80}],"attrEx":[]},{"attr":[{"value":2000,"type":11}],"lv":9,"consume":[{"id":10708,"count":120}],"attrEx":[]}],"pos":0},{"id":10709,"list":[{"attr":[{"value":200,"type":12}],"lv":0,"consume":[{"id":10709,"count":1}],"attrEx":[]},{"attr":[{"value":400,"type":12}],"lv":1,"consume":[{"id":10709,"count":2}],"attrEx":[]},{"attr":[{"value":600,"type":12}],"lv":2,"consume":[{"id":10709,"count":4}],"attrEx":[]},{"attr":[{"value":800,"type":12}],"lv":3,"consume":[{"id":10709,"count":8}],"attrEx":[]},{"attr":[{"value":1000,"type":12}],"lv":4,"consume":[{"id":10709,"count":15}],"attrEx":[]},{"attr":[{"value":1200,"type":12}],"lv":5,"consume":[{"id":10709,"count":20}],"attrEx":[]},{"attr":[{"value":1400,"type":12}],"lv":6,"consume":[{"id":10709,"count":30}],"attrEx":[]},{"attr":[{"value":1600,"type":12}],"lv":7,"consume":[{"id":10709,"count":50}],"attrEx":[]},{"attr":[{"value":1800,"type":12}],"lv":8,"consume":[{"id":10709,"count":80}],"attrEx":[]},{"attr":[{"value":2000,"type":12}],"lv":9,"consume":[{"id":10709,"count":120}],"attrEx":[]}],"pos":0},{"id":10710,"list":[{"attr":[{"value":200,"type":13}],"lv":0,"consume":[{"id":10710,"count":1}],"attrEx":[]},{"attr":[{"value":400,"type":13}],"lv":1,"consume":[{"id":10710,"count":2}],"attrEx":[]},{"attr":[{"value":600,"type":13}],"lv":2,"consume":[{"id":10710,"count":4}],"attrEx":[]},{"attr":[{"value":800,"type":13}],"lv":3,"consume":[{"id":10710,"count":8}],"attrEx":[]},{"attr":[{"value":1000,"type":13}],"lv":4,"consume":[{"id":10710,"count":15}],"attrEx":[]},{"attr":[{"value":1200,"type":13}],"lv":5,"consume":[{"id":10710,"count":20}],"attrEx":[]},{"attr":[{"value":1400,"type":13}],"lv":6,"consume":[{"id":10710,"count":30}],"attrEx":[]},{"attr":[{"value":1600,"type":13}],"lv":7,"consume":[{"id":10710,"count":50}],"attrEx":[]},{"attr":[{"value":1800,"type":13}],"lv":8,"consume":[{"id":10710,"count":80}],"attrEx":[]},{"attr":[{"value":2000,"type":13}],"lv":9,"consume":[{"id":10710,"count":120}],"attrEx":[]}],"pos":0},{"id":10711,"list":[{"attr":[{"value":200,"type":14}],"lv":0,"consume":[{"id":10711,"count":1}],"attrEx":[]},{"attr":[{"value":400,"type":14}],"lv":1,"consume":[{"id":10711,"count":2}],"attrEx":[]},{"attr":[{"value":600,"type":14}],"lv":2,"consume":[{"id":10711,"count":4}],"attrEx":[]},{"attr":[{"value":800,"type":14}],"lv":3,"consume":[{"id":10711,"count":8}],"attrEx":[]},{"attr":[{"value":1000,"type":14}],"lv":4,"consume":[{"id":10711,"count":15}],"attrEx":[]},{"attr":[{"value":1200,"type":14}],"lv":5,"consume":[{"id":10711,"count":20}],"attrEx":[]},{"attr":[{"value":1400,"type":14}],"lv":6,"consume":[{"id":10711,"count":30}],"attrEx":[]},{"attr":[{"value":1600,"type":14}],"lv":7,"consume":[{"id":10711,"count":50}],"attrEx":[]},{"attr":[{"value":1800,"type":14}],"lv":8,"consume":[{"id":10711,"count":80}],"attrEx":[]},{"attr":[{"value":2000,"type":14}],"lv":9,"consume":[{"id":10711,"count":120}],"attrEx":[]}],"pos":0},{"id":10712,"list":[{"attr":[{"value":200,"type":15}],"lv":0,"consume":[{"id":10712,"count":1}],"attrEx":[]},{"attr":[{"value":400,"type":15}],"lv":1,"consume":[{"id":10712,"count":2}],"attrEx":[]},{"attr":[{"value":600,"type":15}],"lv":2,"consume":[{"id":10712,"count":4}],"attrEx":[]},{"attr":[{"value":800,"type":15}],"lv":3,"consume":[{"id":10712,"count":8}],"attrEx":[]},{"attr":[{"value":1000,"type":15}],"lv":4,"consume":[{"id":10712,"count":15}],"attrEx":[]},{"attr":[{"value":1200,"type":15}],"lv":5,"consume":[{"id":10712,"count":20}],"attrEx":[]},{"attr":[{"value":1400,"type":15}],"lv":6,"consume":[{"id":10712,"count":30}],"attrEx":[]},{"attr":[{"value":1600,"type":15}],"lv":7,"consume":[{"id":10712,"count":50}],"attrEx":[]},{"attr":[{"value":1800,"type":15}],"lv":8,"consume":[{"id":10712,"count":80}],"attrEx":[]},{"attr":[{"value":2000,"type":15}],"lv":9,"consume":[{"id":10712,"count":120}],"attrEx":[]}],"pos":0},{"id":10713,"list":[{"attr":[{"value":200,"type":16}],"lv":0,"consume":[{"id":10713,"count":1}],"attrEx":[]},{"attr":[{"value":400,"type":16}],"lv":1,"consume":[{"id":10713,"count":2}],"attrEx":[]},{"attr":[{"value":600,"type":16}],"lv":2,"consume":[{"id":10713,"count":4}],"attrEx":[]},{"attr":[{"value":800,"type":16}],"lv":3,"consume":[{"id":10713,"count":8}],"attrEx":[]},{"attr":[{"value":1000,"type":16}],"lv":4,"consume":[{"id":10713,"count":15}],"attrEx":[]},{"attr":[{"value":1200,"type":16}],"lv":5,"consume":[{"id":10713,"count":20}],"attrEx":[]},{"attr":[{"value":1400,"type":16}],"lv":6,"consume":[{"id":10713,"count":30}],"attrEx":[]},{"attr":[{"value":1600,"type":16}],"lv":7,"consume":[{"id":10713,"count":50}],"attrEx":[]},{"attr":[{"value":1800,"type":16}],"lv":8,"consume":[{"id":10713,"count":80}],"attrEx":[]},{"attr":[{"value":2000,"type":16}],"lv":9,"consume":[{"id":10713,"count":120}],"attrEx":[]}],"pos":0},{"id":10714,"list":[{"attr":[{"value":200,"type":5}],"lv":0,"consume":[{"id":10714,"count":1}],"attrEx":[]},{"attr":[{"value":400,"type":5}],"lv":1,"consume":[{"id":10714,"count":2}],"attrEx":[]},{"attr":[{"value":600,"type":5}],"lv":2,"consume":[{"id":10714,"count":4}],"attrEx":[]},{"attr":[{"value":800,"type":5}],"lv":3,"consume":[{"id":10714,"count":8}],"attrEx":[]},{"attr":[{"value":1000,"type":5}],"lv":4,"consume":[{"id":10714,"count":15}],"attrEx":[]},{"attr":[{"value":1200,"type":5}],"lv":5,"consume":[{"id":10714,"count":20}],"attrEx":[]},{"attr":[{"value":1400,"type":5}],"lv":6,"consume":[{"id":10714,"count":30}],"attrEx":[]},{"attr":[{"value":1600,"type":5}],"lv":7,"consume":[{"id":10714,"count":50}],"attrEx":[]},{"attr":[{"value":1800,"type":5}],"lv":8,"consume":[{"id":10714,"count":80}],"attrEx":[]},{"attr":[{"value":2000,"type":5}],"lv":9,"consume":[{"id":10714,"count":120}],"attrEx":[]}],"pos":0},{"id":10715,"list":[{"attr":[{"value":200,"type":6}],"lv":0,"consume":[{"id":10715,"count":1}],"attrEx":[]},{"attr":[{"value":400,"type":6}],"lv":1,"consume":[{"id":10715,"count":2}],"attrEx":[]},{"attr":[{"value":600,"type":6}],"lv":2,"consume":[{"id":10715,"count":4}],"attrEx":[]},{"attr":[{"value":800,"type":6}],"lv":3,"consume":[{"id":10715,"count":8}],"attrEx":[]},{"attr":[{"value":1000,"type":6}],"lv":4,"consume":[{"id":10715,"count":15}],"attrEx":[]},{"attr":[{"value":1200,"type":6}],"lv":5,"consume":[{"id":10715,"count":20}],"attrEx":[]},{"attr":[{"value":1400,"type":6}],"lv":6,"consume":[{"id":10715,"count":30}],"attrEx":[]},{"attr":[{"value":1600,"type":6}],"lv":7,"consume":[{"id":10715,"count":50}],"attrEx":[]},{"attr":[{"value":1800,"type":6}],"lv":8,"consume":[{"id":10715,"count":80}],"attrEx":[]},{"attr":[{"value":2000,"type":6}],"lv":9,"consume":[{"id":10715,"count":120}],"attrEx":[]}],"pos":0},{"id":10716,"list":[{"attr":[{"value":200,"type":7}],"lv":0,"consume":[{"id":10716,"count":1}],"attrEx":[]},{"attr":[{"value":400,"type":7}],"lv":1,"consume":[{"id":10716,"count":2}],"attrEx":[]},{"attr":[{"value":600,"type":7}],"lv":2,"consume":[{"id":10716,"count":4}],"attrEx":[]},{"attr":[{"value":800,"type":7}],"lv":3,"consume":[{"id":10716,"count":8}],"attrEx":[]},{"attr":[{"value":1000,"type":7}],"lv":4,"consume":[{"id":10716,"count":15}],"attrEx":[]},{"attr":[{"value":1200,"type":7}],"lv":5,"consume":[{"id":10716,"count":20}],"attrEx":[]},{"attr":[{"value":1400,"type":7}],"lv":6,"consume":[{"id":10716,"count":30}],"attrEx":[]},{"attr":[{"value":1600,"type":7}],"lv":7,"consume":[{"id":10716,"count":50}],"attrEx":[]},{"attr":[{"value":1800,"type":7}],"lv":8,"consume":[{"id":10716,"count":80}],"attrEx":[]},{"attr":[{"value":2000,"type":7}],"lv":9,"consume":[{"id":10716,"count":120}],"attrEx":[]}],"pos":0},{"id":10717,"list":[{"attr":[{"value":200,"type":8}],"lv":0,"consume":[{"id":10717,"count":1}],"attrEx":[]},{"attr":[{"value":400,"type":8}],"lv":1,"consume":[{"id":10717,"count":2}],"attrEx":[]},{"attr":[{"value":600,"type":8}],"lv":2,"consume":[{"id":10717,"count":4}],"attrEx":[]},{"attr":[{"value":800,"type":8}],"lv":3,"consume":[{"id":10717,"count":8}],"attrEx":[]},{"attr":[{"value":1000,"type":8}],"lv":4,"consume":[{"id":10717,"count":15}],"attrEx":[]},{"attr":[{"value":1200,"type":8}],"lv":5,"consume":[{"id":10717,"count":20}],"attrEx":[]},{"attr":[{"value":1400,"type":8}],"lv":6,"consume":[{"id":10717,"count":30}],"attrEx":[]},{"attr":[{"value":1600,"type":8}],"lv":7,"consume":[{"id":10717,"count":50}],"attrEx":[]},{"attr":[{"value":1800,"type":8}],"lv":8,"consume":[{"id":10717,"count":80}],"attrEx":[]},{"attr":[{"value":2000,"type":8}],"lv":9,"consume":[{"id":10717,"count":120}],"attrEx":[]}],"pos":0},{"id":10718,"list":[{"attr":[{"value":200,"type":9}],"lv":0,"consume":[{"id":10718,"count":1}],"attrEx":[]},{"attr":[{"value":400,"type":9}],"lv":1,"consume":[{"id":10718,"count":2}],"attrEx":[]},{"attr":[{"value":600,"type":9}],"lv":2,"consume":[{"id":10718,"count":4}],"attrEx":[]},{"attr":[{"value":800,"type":9}],"lv":3,"consume":[{"id":10718,"count":8}],"attrEx":[]},{"attr":[{"value":1000,"type":9}],"lv":4,"consume":[{"id":10718,"count":15}],"attrEx":[]},{"attr":[{"value":1200,"type":9}],"lv":5,"consume":[{"id":10718,"count":20}],"attrEx":[]},{"attr":[{"value":1400,"type":9}],"lv":6,"consume":[{"id":10718,"count":30}],"attrEx":[]},{"attr":[{"value":1600,"type":9}],"lv":7,"consume":[{"id":10718,"count":50}],"attrEx":[]},{"attr":[{"value":1800,"type":9}],"lv":8,"consume":[{"id":10718,"count":80}],"attrEx":[]},{"attr":[{"value":2000,"type":9}],"lv":9,"consume":[{"id":10718,"count":120}],"attrEx":[]}],"pos":0},{"id":10719,"list":[{"attr":[{"value":200,"type":10}],"lv":0,"consume":[{"id":10719,"count":1}],"attrEx":[]},{"attr":[{"value":400,"type":10}],"lv":1,"consume":[{"id":10719,"count":2}],"attrEx":[]},{"attr":[{"value":600,"type":10}],"lv":2,"consume":[{"id":10719,"count":4}],"attrEx":[]},{"attr":[{"value":800,"type":10}],"lv":3,"consume":[{"id":10719,"count":8}],"attrEx":[]},{"attr":[{"value":1000,"type":10}],"lv":4,"consume":[{"id":10719,"count":15}],"attrEx":[]},{"attr":[{"value":1200,"type":10}],"lv":5,"consume":[{"id":10719,"count":20}],"attrEx":[]},{"attr":[{"value":1400,"type":10}],"lv":6,"consume":[{"id":10719,"count":30}],"attrEx":[]},{"attr":[{"value":1600,"type":10}],"lv":7,"consume":[{"id":10719,"count":50}],"attrEx":[]},{"attr":[{"value":1800,"type":10}],"lv":8,"consume":[{"id":10719,"count":80}],"attrEx":[]},{"attr":[{"value":2000,"type":10}],"lv":9,"consume":[{"id":10719,"count":120}],"attrEx":[]}],"pos":0},{"id":10720,"list":[{"attr":[{"value":3000,"type":2},{"value":200,"type":5}],"lv":0,"consume":[{"id":10720,"count":1}],"attrEx":[]},{"attr":[{"value":6000,"type":2},{"value":400,"type":5}],"lv":1,"consume":[{"id":10720,"count":2}],"attrEx":[]},{"attr":[{"value":9000,"type":2},{"value":600,"type":5}],"lv":2,"consume":[{"id":10720,"count":4}],"attrEx":[]},{"attr":[{"value":12000,"type":2},{"value":800,"type":5}],"lv":3,"consume":[{"id":10720,"count":8}],"attrEx":[]},{"attr":[{"value":15000,"type":2},{"value":1000,"type":5}],"lv":4,"consume":[{"id":10720,"count":15}],"attrEx":[]},{"attr":[{"value":18000,"type":2},{"value":1200,"type":5}],"lv":5,"consume":[{"id":10720,"count":20}],"attrEx":[]},{"attr":[{"value":21000,"type":2},{"value":1400,"type":5}],"lv":6,"consume":[{"id":10720,"count":30}],"attrEx":[]},{"attr":[{"value":24000,"type":2},{"value":1600,"type":5}],"lv":7,"consume":[{"id":10720,"count":50}],"attrEx":[]},{"attr":[{"value":27000,"type":2},{"value":1800,"type":5}],"lv":8,"consume":[{"id":10720,"count":80}],"attrEx":[]},{"attr":[{"value":30000,"type":2},{"value":2000,"type":5}],"lv":9,"consume":[{"id":10720,"count":120}],"attrEx":[]}],"pos":0},{"id":10721,"list":[{"attr":[{"value":300,"type":4},{"value":200,"type":6}],"lv":0,"consume":[{"id":10721,"count":1}],"attrEx":[]},{"attr":[{"value":600,"type":4},{"value":400,"type":6}],"lv":1,"consume":[{"id":10721,"count":2}],"attrEx":[]},{"attr":[{"value":900,"type":4},{"value":600,"type":6}],"lv":2,"consume":[{"id":10721,"count":4}],"attrEx":[]},{"attr":[{"value":1200,"type":4},{"value":800,"type":6}],"lv":3,"consume":[{"id":10721,"count":8}],"attrEx":[]},{"attr":[{"value":1500,"type":4},{"value":1000,"type":6}],"lv":4,"consume":[{"id":10721,"count":15}],"attrEx":[]},{"attr":[{"value":1800,"type":4},{"value":1200,"type":6}],"lv":5,"consume":[{"id":10721,"count":20}],"attrEx":[]},{"attr":[{"value":2100,"type":4},{"value":1400,"type":6}],"lv":6,"consume":[{"id":10721,"count":30}],"attrEx":[]},{"attr":[{"value":2400,"type":4},{"value":1600,"type":6}],"lv":7,"consume":[{"id":10721,"count":50}],"attrEx":[]},{"attr":[{"value":2700,"type":4},{"value":1800,"type":6}],"lv":8,"consume":[{"id":10721,"count":80}],"attrEx":[]},{"attr":[{"value":3000,"type":4},{"value":2000,"type":6}],"lv":9,"consume":[{"id":10721,"count":120}],"attrEx":[]}],"pos":0},{"id":10722,"list":[{"attr":[{"value":1000,"type":3},{"value":200,"type":7}],"lv":0,"consume":[{"id":10722,"count":1}],"attrEx":[]},{"attr":[{"value":2000,"type":3},{"value":400,"type":7}],"lv":1,"consume":[{"id":10722,"count":2}],"attrEx":[]},{"attr":[{"value":3000,"type":3},{"value":600,"type":7}],"lv":2,"consume":[{"id":10722,"count":4}],"attrEx":[]},{"attr":[{"value":4000,"type":3},{"value":800,"type":7}],"lv":3,"consume":[{"id":10722,"count":8}],"attrEx":[]},{"attr":[{"value":5000,"type":3},{"value":1000,"type":7}],"lv":4,"consume":[{"id":10722,"count":15}],"attrEx":[]},{"attr":[{"value":6000,"type":3},{"value":1200,"type":7}],"lv":5,"consume":[{"id":10722,"count":20}],"attrEx":[]},{"attr":[{"value":7000,"type":3},{"value":1400,"type":7}],"lv":6,"consume":[{"id":10722,"count":30}],"attrEx":[]},{"attr":[{"value":8000,"type":3},{"value":1600,"type":7}],"lv":7,"consume":[{"id":10722,"count":50}],"attrEx":[]},{"attr":[{"value":9000,"type":3},{"value":1800,"type":7}],"lv":8,"consume":[{"id":10722,"count":80}],"attrEx":[]},{"attr":[{"value":10000,"type":3},{"value":2000,"type":7}],"lv":9,"consume":[{"id":10722,"count":120}],"attrEx":[]}],"pos":0},{"id":10723,"list":[{"attr":[{"value":30,"type":1},{"value":200,"type":8}],"lv":0,"consume":[{"id":10723,"count":1}],"attrEx":[]},{"attr":[{"value":60,"type":1},{"value":400,"type":8}],"lv":1,"consume":[{"id":10723,"count":2}],"attrEx":[]},{"attr":[{"value":90,"type":1},{"value":600,"type":8}],"lv":2,"consume":[{"id":10723,"count":4}],"attrEx":[]},{"attr":[{"value":120,"type":1},{"value":800,"type":8}],"lv":3,"consume":[{"id":10723,"count":8}],"attrEx":[]},{"attr":[{"value":150,"type":1},{"value":1000,"type":8}],"lv":4,"consume":[{"id":10723,"count":15}],"attrEx":[]},{"attr":[{"value":180,"type":1},{"value":1200,"type":8}],"lv":5,"consume":[{"id":10723,"count":20}],"attrEx":[]},{"attr":[{"value":210,"type":1},{"value":1400,"type":8}],"lv":6,"consume":[{"id":10723,"count":30}],"attrEx":[]},{"attr":[{"value":240,"type":1},{"value":1600,"type":8}],"lv":7,"consume":[{"id":10723,"count":50}],"attrEx":[]},{"attr":[{"value":270,"type":1},{"value":1800,"type":8}],"lv":8,"consume":[{"id":10723,"count":80}],"attrEx":[]},{"attr":[{"value":300,"type":1},{"value":2000,"type":8}],"lv":9,"consume":[{"id":10723,"count":120}],"attrEx":[]}],"pos":0},{"id":10724,"list":[{"attr":[{"value":1000,"type":3},{"value":200,"type":9}],"lv":0,"consume":[{"id":10724,"count":1}],"attrEx":[]},{"attr":[{"value":2000,"type":3},{"value":400,"type":9}],"lv":1,"consume":[{"id":10724,"count":2}],"attrEx":[]},{"attr":[{"value":3000,"type":3},{"value":600,"type":9}],"lv":2,"consume":[{"id":10724,"count":4}],"attrEx":[]},{"attr":[{"value":4000,"type":3},{"value":800,"type":9}],"lv":3,"consume":[{"id":10724,"count":8}],"attrEx":[]},{"attr":[{"value":5000,"type":3},{"value":1000,"type":9}],"lv":4,"consume":[{"id":10724,"count":15}],"attrEx":[]},{"attr":[{"value":6000,"type":3},{"value":1200,"type":9}],"lv":5,"consume":[{"id":10724,"count":20}],"attrEx":[]},{"attr":[{"value":7000,"type":3},{"value":1400,"type":9}],"lv":6,"consume":[{"id":10724,"count":30}],"attrEx":[]},{"attr":[{"value":8000,"type":3},{"value":1600,"type":9}],"lv":7,"consume":[{"id":10724,"count":50}],"attrEx":[]},{"attr":[{"value":9000,"type":3},{"value":1800,"type":9}],"lv":8,"consume":[{"id":10724,"count":80}],"attrEx":[]},{"attr":[{"value":10000,"type":3},{"value":2000,"type":9}],"lv":9,"consume":[{"id":10724,"count":120}],"attrEx":[]}],"pos":0},{"id":10725,"list":[{"attr":[{"value":1000,"type":3},{"value":200,"type":10}],"lv":0,"consume":[{"id":10725,"count":1}],"attrEx":[]},{"attr":[{"value":2000,"type":3},{"value":400,"type":10}],"lv":1,"consume":[{"id":10725,"count":2}],"attrEx":[]},{"attr":[{"value":3000,"type":3},{"value":600,"type":10}],"lv":2,"consume":[{"id":10725,"count":4}],"attrEx":[]},{"attr":[{"value":4000,"type":3},{"value":800,"type":10}],"lv":3,"consume":[{"id":10725,"count":8}],"attrEx":[]},{"attr":[{"value":5000,"type":3},{"value":1000,"type":10}],"lv":4,"consume":[{"id":10725,"count":15}],"attrEx":[]},{"attr":[{"value":6000,"type":3},{"value":1200,"type":10}],"lv":5,"consume":[{"id":10725,"count":20}],"attrEx":[]},{"attr":[{"value":7000,"type":3},{"value":1400,"type":10}],"lv":6,"consume":[{"id":10725,"count":30}],"attrEx":[]},{"attr":[{"value":8000,"type":3},{"value":1600,"type":10}],"lv":7,"consume":[{"id":10725,"count":50}],"attrEx":[]},{"attr":[{"value":9000,"type":3},{"value":1800,"type":10}],"lv":8,"consume":[{"id":10725,"count":80}],"attrEx":[]},{"attr":[{"value":10000,"type":3},{"value":2000,"type":10}],"lv":9,"consume":[{"id":10725,"count":120}],"attrEx":[]}],"pos":0},{"id":10726,"list":[{"attr":[{"value":300,"type":5},{"value":500,"type":71},{"value":300,"type":18}],"lv":0,"consume":[{"id":10726,"count":1}],"attrEx":[]},{"attr":[{"value":600,"type":5},{"value":1000,"type":71},{"value":600,"type":18}],"lv":1,"consume":[{"id":10726,"count":2}],"attrEx":[]},{"attr":[{"value":900,"type":5},{"value":1500,"type":71},{"value":900,"type":18}],"lv":2,"consume":[{"id":10726,"count":4}],"attrEx":[]},{"attr":[{"value":1200,"type":5},{"value":2000,"type":71},{"value":1200,"type":18}],"lv":3,"consume":[{"id":10726,"count":8}],"attrEx":[]},{"attr":[{"value":1500,"type":5},{"value":2500,"type":71},{"value":1500,"type":18}],"lv":4,"consume":[{"id":10726,"count":15}],"attrEx":[]},{"attr":[{"value":1800,"type":5},{"value":3000,"type":71},{"value":1800,"type":18}],"lv":5,"consume":[{"id":10726,"count":20}],"attrEx":[]},{"attr":[{"value":2100,"type":5},{"value":3500,"type":71},{"value":2100,"type":18}],"lv":6,"consume":[{"id":10726,"count":30}],"attrEx":[]},{"attr":[{"value":2400,"type":5},{"value":4000,"type":71},{"value":2400,"type":18}],"lv":7,"consume":[{"id":10726,"count":50}],"attrEx":[]},{"attr":[{"value":2700,"type":5},{"value":4500,"type":71},{"value":2700,"type":18}],"lv":8,"consume":[{"id":10726,"count":80}],"attrEx":[]},{"attr":[{"value":3000,"type":5},{"value":5000,"type":71},{"value":3000,"type":18}],"lv":9,"consume":[{"id":10726,"count":120}],"attrEx":[]}],"pos":0},{"id":10727,"list":[{"attr":[{"value":300,"type":6},{"value":500,"type":73},{"value":300,"type":20}],"lv":0,"consume":[{"id":10727,"count":1}],"attrEx":[]},{"attr":[{"value":600,"type":6},{"value":1000,"type":73},{"value":600,"type":20}],"lv":1,"consume":[{"id":10727,"count":2}],"attrEx":[]},{"attr":[{"value":900,"type":6},{"value":1500,"type":73},{"value":900,"type":20}],"lv":2,"consume":[{"id":10727,"count":4}],"attrEx":[]},{"attr":[{"value":1200,"type":6},{"value":2000,"type":73},{"value":1200,"type":20}],"lv":3,"consume":[{"id":10727,"count":8}],"attrEx":[]},{"attr":[{"value":1500,"type":6},{"value":2500,"type":73},{"value":1500,"type":20}],"lv":4,"consume":[{"id":10727,"count":15}],"attrEx":[]},{"attr":[{"value":1800,"type":6},{"value":3000,"type":73},{"value":1800,"type":20}],"lv":5,"consume":[{"id":10727,"count":20}],"attrEx":[]},{"attr":[{"value":2100,"type":6},{"value":3500,"type":73},{"value":2100,"type":20}],"lv":6,"consume":[{"id":10727,"count":30}],"attrEx":[]},{"attr":[{"value":2400,"type":6},{"value":4000,"type":73},{"value":2400,"type":20}],"lv":7,"consume":[{"id":10727,"count":50}],"attrEx":[]},{"attr":[{"value":2700,"type":6},{"value":4500,"type":73},{"value":2700,"type":20}],"lv":8,"consume":[{"id":10727,"count":80}],"attrEx":[]},{"attr":[{"value":3000,"type":6},{"value":5000,"type":73},{"value":3000,"type":20}],"lv":9,"consume":[{"id":10727,"count":120}],"attrEx":[]}],"pos":0},{"id":10728,"list":[{"attr":[{"value":300,"type":7},{"value":500,"type":72},{"value":300,"type":21}],"lv":0,"consume":[{"id":10728,"count":1}],"attrEx":[]},{"attr":[{"value":600,"type":7},{"value":1000,"type":72},{"value":600,"type":21}],"lv":1,"consume":[{"id":10728,"count":2}],"attrEx":[]},{"attr":[{"value":900,"type":7},{"value":1500,"type":72},{"value":900,"type":21}],"lv":2,"consume":[{"id":10728,"count":4}],"attrEx":[]},{"attr":[{"value":1200,"type":7},{"value":2000,"type":72},{"value":1200,"type":21}],"lv":3,"consume":[{"id":10728,"count":8}],"attrEx":[]},{"attr":[{"value":1500,"type":7},{"value":2500,"type":72},{"value":1500,"type":21}],"lv":4,"consume":[{"id":10728,"count":15}],"attrEx":[]},{"attr":[{"value":1800,"type":7},{"value":3000,"type":72},{"value":1800,"type":21}],"lv":5,"consume":[{"id":10728,"count":20}],"attrEx":[]},{"attr":[{"value":2100,"type":7},{"value":3500,"type":72},{"value":2100,"type":21}],"lv":6,"consume":[{"id":10728,"count":30}],"attrEx":[]},{"attr":[{"value":2400,"type":7},{"value":4000,"type":72},{"value":2400,"type":21}],"lv":7,"consume":[{"id":10728,"count":50}],"attrEx":[]},{"attr":[{"value":2700,"type":7},{"value":4500,"type":72},{"value":2700,"type":21}],"lv":8,"consume":[{"id":10728,"count":80}],"attrEx":[]},{"attr":[{"value":3000,"type":7},{"value":5000,"type":72},{"value":3000,"type":21}],"lv":9,"consume":[{"id":10728,"count":120}],"attrEx":[]}],"pos":0},{"id":10729,"list":[{"attr":[{"value":300,"type":8},{"value":500,"type":89},{"value":300,"type":19}],"lv":0,"consume":[{"id":10729,"count":1}],"attrEx":[]},{"attr":[{"value":600,"type":8},{"value":1000,"type":89},{"value":600,"type":19}],"lv":1,"consume":[{"id":10729,"count":2}],"attrEx":[]},{"attr":[{"value":900,"type":8},{"value":1500,"type":89},{"value":900,"type":19}],"lv":2,"consume":[{"id":10729,"count":4}],"attrEx":[]},{"attr":[{"value":1200,"type":8},{"value":2000,"type":89},{"value":1200,"type":19}],"lv":3,"consume":[{"id":10729,"count":8}],"attrEx":[]},{"attr":[{"value":1500,"type":8},{"value":2500,"type":89},{"value":1500,"type":19}],"lv":4,"consume":[{"id":10729,"count":15}],"attrEx":[]},{"attr":[{"value":1800,"type":8},{"value":3000,"type":89},{"value":1800,"type":19}],"lv":5,"consume":[{"id":10729,"count":20}],"attrEx":[]},{"attr":[{"value":2100,"type":8},{"value":3500,"type":89},{"value":2100,"type":19}],"lv":6,"consume":[{"id":10729,"count":30}],"attrEx":[]},{"attr":[{"value":2400,"type":8},{"value":4000,"type":89},{"value":2400,"type":19}],"lv":7,"consume":[{"id":10729,"count":50}],"attrEx":[]},{"attr":[{"value":2700,"type":8},{"value":4500,"type":89},{"value":2700,"type":19}],"lv":8,"consume":[{"id":10729,"count":80}],"attrEx":[]},{"attr":[{"value":3000,"type":8},{"value":5000,"type":89},{"value":3000,"type":19}],"lv":9,"consume":[{"id":10729,"count":120}],"attrEx":[]}],"pos":0},{"id":10730,"list":[{"attr":[{"value":300,"type":9},{"value":500,"type":72},{"value":300,"type":17}],"lv":0,"consume":[{"id":10730,"count":1}],"attrEx":[]},{"attr":[{"value":600,"type":9},{"value":1000,"type":72},{"value":600,"type":17}],"lv":1,"consume":[{"id":10730,"count":2}],"attrEx":[]},{"attr":[{"value":900,"type":9},{"value":1500,"type":72},{"value":900,"type":17}],"lv":2,"consume":[{"id":10730,"count":4}],"attrEx":[]},{"attr":[{"value":1200,"type":9},{"value":2000,"type":72},{"value":1200,"type":17}],"lv":3,"consume":[{"id":10730,"count":8}],"attrEx":[]},{"attr":[{"value":1500,"type":9},{"value":2500,"type":72},{"value":1500,"type":17}],"lv":4,"consume":[{"id":10730,"count":15}],"attrEx":[]},{"attr":[{"value":1800,"type":9},{"value":3000,"type":72},{"value":1800,"type":17}],"lv":5,"consume":[{"id":10730,"count":20}],"attrEx":[]},{"attr":[{"value":2100,"type":9},{"value":3500,"type":72},{"value":2100,"type":17}],"lv":6,"consume":[{"id":10730,"count":30}],"attrEx":[]},{"attr":[{"value":2400,"type":9},{"value":4000,"type":72},{"value":2400,"type":17}],"lv":7,"consume":[{"id":10730,"count":50}],"attrEx":[]},{"attr":[{"value":2700,"type":9},{"value":4500,"type":72},{"value":2700,"type":17}],"lv":8,"consume":[{"id":10730,"count":80}],"attrEx":[]},{"attr":[{"value":3000,"type":9},{"value":5000,"type":72},{"value":3000,"type":17}],"lv":9,"consume":[{"id":10730,"count":120}],"attrEx":[]}],"pos":0},{"id":10731,"list":[{"attr":[{"value":300,"type":10},{"value":500,"type":72},{"value":300,"type":22}],"lv":0,"consume":[{"id":10731,"count":1}],"attrEx":[]},{"attr":[{"value":600,"type":10},{"value":1000,"type":72},{"value":600,"type":22}],"lv":1,"consume":[{"id":10731,"count":2}],"attrEx":[]},{"attr":[{"value":900,"type":10},{"value":1500,"type":72},{"value":900,"type":22}],"lv":2,"consume":[{"id":10731,"count":4}],"attrEx":[]},{"attr":[{"value":1200,"type":10},{"value":2000,"type":72},{"value":1200,"type":22}],"lv":3,"consume":[{"id":10731,"count":8}],"attrEx":[]},{"attr":[{"value":1500,"type":10},{"value":2500,"type":72},{"value":1500,"type":22}],"lv":4,"consume":[{"id":10731,"count":15}],"attrEx":[]},{"attr":[{"value":1800,"type":10},{"value":3000,"type":72},{"value":1800,"type":22}],"lv":5,"consume":[{"id":10731,"count":20}],"attrEx":[]},{"attr":[{"value":2100,"type":10},{"value":3500,"type":72},{"value":2100,"type":22}],"lv":6,"consume":[{"id":10731,"count":30}],"attrEx":[]},{"attr":[{"value":2400,"type":10},{"value":4000,"type":72},{"value":2400,"type":22}],"lv":7,"consume":[{"id":10731,"count":50}],"attrEx":[]},{"attr":[{"value":2700,"type":10},{"value":4500,"type":72},{"value":2700,"type":22}],"lv":8,"consume":[{"id":10731,"count":80}],"attrEx":[]},{"attr":[{"value":3000,"type":10},{"value":5000,"type":72},{"value":3000,"type":22}],"lv":9,"consume":[{"id":10731,"count":120}],"attrEx":[]}],"pos":0},{"id":10732,"list":[{"attr":[{"value":400,"type":10},{"value":600,"type":72},{"value":400,"type":22}],"lv":0,"consume":[{"id":10732,"count":1}],"attrEx":[{"value":3000,"type":32}]},{"attr":[{"value":800,"type":10},{"value":1200,"type":72},{"value":800,"type":22}],"lv":1,"consume":[{"id":10732,"count":2}],"attrEx":[{"value":6000,"type":32}]},{"attr":[{"value":1200,"type":10},{"value":1800,"type":72},{"value":1200,"type":22}],"lv":2,"consume":[{"id":10732,"count":4}],"attrEx":[{"value":9000,"type":32}]},{"attr":[{"value":1600,"type":10},{"value":2400,"type":72},{"value":1600,"type":22}],"lv":3,"consume":[{"id":10732,"count":8}],"attrEx":[{"value":12000,"type":32}]},{"attr":[{"value":2000,"type":10},{"value":3000,"type":72},{"value":2000,"type":22}],"lv":4,"consume":[{"id":10732,"count":15}],"attrEx":[{"value":15000,"type":32}]},{"attr":[{"value":2400,"type":10},{"value":3600,"type":72},{"value":2400,"type":22}],"lv":5,"consume":[{"id":10732,"count":20}],"attrEx":[{"value":18000,"type":32}]},{"attr":[{"value":2800,"type":10},{"value":4200,"type":72},{"value":2800,"type":22}],"lv":6,"consume":[{"id":10732,"count":30}],"attrEx":[{"value":21000,"type":32}]},{"attr":[{"value":3200,"type":10},{"value":4800,"type":72},{"value":3200,"type":22}],"lv":7,"consume":[{"id":10732,"count":50}],"attrEx":[{"value":24000,"type":32}]},{"attr":[{"value":3600,"type":10},{"value":5400,"type":72},{"value":3600,"type":22}],"lv":8,"consume":[{"id":10732,"count":80}],"attrEx":[{"value":27000,"type":32}]},{"attr":[{"value":4000,"type":10},{"value":6000,"type":72},{"value":4000,"type":22}],"lv":9,"consume":[{"id":10732,"count":120}],"attrEx":[{"value":30000,"type":32}]}],"pos":1},{"id":10733,"list":[{"attr":[{"value":400,"type":5},{"value":600,"type":71},{"value":400,"type":18}],"lv":0,"consume":[{"id":10733,"count":1}],"attrEx":[{"value":5000,"type":103}]},{"attr":[{"value":800,"type":5},{"value":1200,"type":71},{"value":800,"type":18}],"lv":1,"consume":[{"id":10733,"count":2}],"attrEx":[{"value":10000,"type":103}]},{"attr":[{"value":1200,"type":5},{"value":1800,"type":71},{"value":1200,"type":18}],"lv":2,"consume":[{"id":10733,"count":4}],"attrEx":[{"value":15000,"type":103}]},{"attr":[{"value":1600,"type":5},{"value":2400,"type":71},{"value":1600,"type":18}],"lv":3,"consume":[{"id":10733,"count":8}],"attrEx":[{"value":20000,"type":103}]},{"attr":[{"value":2000,"type":5},{"value":3000,"type":71},{"value":2000,"type":18}],"lv":4,"consume":[{"id":10733,"count":15}],"attrEx":[{"value":25000,"type":103}]},{"attr":[{"value":2400,"type":5},{"value":3600,"type":71},{"value":2400,"type":18}],"lv":5,"consume":[{"id":10733,"count":20}],"attrEx":[{"value":30000,"type":103}]},{"attr":[{"value":2800,"type":5},{"value":4200,"type":71},{"value":2800,"type":18}],"lv":6,"consume":[{"id":10733,"count":30}],"attrEx":[{"value":35000,"type":103}]},{"attr":[{"value":3200,"type":5},{"value":4800,"type":71},{"value":3200,"type":18}],"lv":7,"consume":[{"id":10733,"count":50}],"attrEx":[{"value":40000,"type":103}]},{"attr":[{"value":3600,"type":5},{"value":5400,"type":71},{"value":3600,"type":18}],"lv":8,"consume":[{"id":10733,"count":80}],"attrEx":[{"value":45000,"type":103}]},{"attr":[{"value":4000,"type":5},{"value":6000,"type":71},{"value":4000,"type":18}],"lv":9,"consume":[{"id":10733,"count":120}],"attrEx":[{"value":50000,"type":103}]}],"pos":2},{"id":10734,"list":[{"attr":[{"value":400,"type":6},{"value":600,"type":73},{"value":400,"type":20}],"lv":0,"consume":[{"id":10734,"count":1}],"attrEx":[{"value":500,"type":101}]},{"attr":[{"value":800,"type":6},{"value":1200,"type":73},{"value":800,"type":20}],"lv":1,"consume":[{"id":10734,"count":2}],"attrEx":[{"value":1000,"type":101}]},{"attr":[{"value":1200,"type":6},{"value":1800,"type":73},{"value":1200,"type":20}],"lv":2,"consume":[{"id":10734,"count":4}],"attrEx":[{"value":1500,"type":101}]},{"attr":[{"value":1600,"type":6},{"value":2400,"type":73},{"value":1600,"type":20}],"lv":3,"consume":[{"id":10734,"count":8}],"attrEx":[{"value":2000,"type":101}]},{"attr":[{"value":2000,"type":6},{"value":3000,"type":73},{"value":2000,"type":20}],"lv":4,"consume":[{"id":10734,"count":15}],"attrEx":[{"value":2500,"type":101}]},{"attr":[{"value":2400,"type":6},{"value":3600,"type":73},{"value":2400,"type":20}],"lv":5,"consume":[{"id":10734,"count":20}],"attrEx":[{"value":3000,"type":101}]},{"attr":[{"value":2800,"type":6},{"value":4200,"type":73},{"value":2800,"type":20}],"lv":6,"consume":[{"id":10734,"count":30}],"attrEx":[{"value":3500,"type":101}]},{"attr":[{"value":3200,"type":6},{"value":4800,"type":73},{"value":3200,"type":20}],"lv":7,"consume":[{"id":10734,"count":50}],"attrEx":[{"value":4000,"type":101}]},{"attr":[{"value":3600,"type":6},{"value":5400,"type":73},{"value":3600,"type":20}],"lv":8,"consume":[{"id":10734,"count":80}],"attrEx":[{"value":4500,"type":101}]},{"attr":[{"value":4000,"type":6},{"value":6000,"type":73},{"value":4000,"type":20}],"lv":9,"consume":[{"id":10734,"count":120}],"attrEx":[{"value":5000,"type":101}]}],"pos":3},{"id":10735,"list":[{"attr":[{"value":400,"type":5},{"value":600,"type":71},{"value":400,"type":18}],"lv":0,"consume":[{"id":10735,"count":1}],"attrEx":[{"value":3000,"type":27}]},{"attr":[{"value":800,"type":5},{"value":1200,"type":71},{"value":800,"type":18}],"lv":1,"consume":[{"id":10735,"count":2}],"attrEx":[{"value":6000,"type":27}]},{"attr":[{"value":1200,"type":5},{"value":1800,"type":71},{"value":1200,"type":18}],"lv":2,"consume":[{"id":10735,"count":4}],"attrEx":[{"value":9000,"type":27}]},{"attr":[{"value":1600,"type":5},{"value":2400,"type":71},{"value":1600,"type":18}],"lv":3,"consume":[{"id":10735,"count":8}],"attrEx":[{"value":12000,"type":27}]},{"attr":[{"value":2000,"type":5},{"value":3000,"type":71},{"value":2000,"type":18}],"lv":4,"consume":[{"id":10735,"count":15}],"attrEx":[{"value":15000,"type":27}]},{"attr":[{"value":2400,"type":5},{"value":3600,"type":71},{"value":2400,"type":18}],"lv":5,"consume":[{"id":10735,"count":20}],"attrEx":[{"value":18000,"type":27}]},{"attr":[{"value":2800,"type":5},{"value":4200,"type":71},{"value":2800,"type":18}],"lv":6,"consume":[{"id":10735,"count":30}],"attrEx":[{"value":21000,"type":27}]},{"attr":[{"value":3200,"type":5},{"value":4800,"type":71},{"value":3200,"type":18}],"lv":7,"consume":[{"id":10735,"count":50}],"attrEx":[{"value":24000,"type":27}]},{"attr":[{"value":3600,"type":5},{"value":5400,"type":71},{"value":3600,"type":18}],"lv":8,"consume":[{"id":10735,"count":80}],"attrEx":[{"value":27000,"type":27}]},{"attr":[{"value":4000,"type":5},{"value":6000,"type":71},{"value":4000,"type":18}],"lv":9,"consume":[{"id":10735,"count":120}],"attrEx":[{"value":30000,"type":27}]}],"pos":4},{"id":10736,"list":[{"attr":[{"value":400,"type":6},{"value":600,"type":73},{"value":400,"type":20}],"lv":0,"consume":[{"id":10736,"count":1}],"attrEx":[{"value":3000,"type":28}]},{"attr":[{"value":800,"type":6},{"value":1200,"type":73},{"value":800,"type":20}],"lv":1,"consume":[{"id":10736,"count":2}],"attrEx":[{"value":6000,"type":28}]},{"attr":[{"value":1200,"type":6},{"value":1800,"type":73},{"value":1200,"type":20}],"lv":2,"consume":[{"id":10736,"count":4}],"attrEx":[{"value":9000,"type":28}]},{"attr":[{"value":1600,"type":6},{"value":2400,"type":73},{"value":1600,"type":20}],"lv":3,"consume":[{"id":10736,"count":8}],"attrEx":[{"value":12000,"type":28}]},{"attr":[{"value":2000,"type":6},{"value":3000,"type":73},{"value":2000,"type":20}],"lv":4,"consume":[{"id":10736,"count":15}],"attrEx":[{"value":15000,"type":28}]},{"attr":[{"value":2400,"type":6},{"value":3600,"type":73},{"value":2400,"type":20}],"lv":5,"consume":[{"id":10736,"count":20}],"attrEx":[{"value":18000,"type":28}]},{"attr":[{"value":2800,"type":6},{"value":4200,"type":73},{"value":2800,"type":20}],"lv":6,"consume":[{"id":10736,"count":30}],"attrEx":[{"value":21000,"type":28}]},{"attr":[{"value":3200,"type":6},{"value":4800,"type":73},{"value":3200,"type":20}],"lv":7,"consume":[{"id":10736,"count":50}],"attrEx":[{"value":24000,"type":28}]},{"attr":[{"value":3600,"type":6},{"value":5400,"type":73},{"value":3600,"type":20}],"lv":8,"consume":[{"id":10736,"count":80}],"attrEx":[{"value":27000,"type":28}]},{"attr":[{"value":4000,"type":6},{"value":6000,"type":73},{"value":4000,"type":20}],"lv":9,"consume":[{"id":10736,"count":120}],"attrEx":[{"value":30000,"type":28}]}],"pos":5},{"id":10737,"list":[{"attr":[{"value":400,"type":9},{"value":600,"type":72},{"value":400,"type":17}],"lv":0,"consume":[{"id":10737,"count":1}],"attrEx":[{"value":3000,"type":31}]},{"attr":[{"value":800,"type":9},{"value":1200,"type":72},{"value":800,"type":17}],"lv":1,"consume":[{"id":10737,"count":2}],"attrEx":[{"value":6000,"type":31}]},{"attr":[{"value":1200,"type":9},{"value":1800,"type":72},{"value":1200,"type":17}],"lv":2,"consume":[{"id":10737,"count":4}],"attrEx":[{"value":9000,"type":31}]},{"attr":[{"value":1600,"type":9},{"value":2400,"type":72},{"value":1600,"type":17}],"lv":3,"consume":[{"id":10737,"count":8}],"attrEx":[{"value":12000,"type":31}]},{"attr":[{"value":2000,"type":9},{"value":3000,"type":72},{"value":2000,"type":17}],"lv":4,"consume":[{"id":10737,"count":15}],"attrEx":[{"value":15000,"type":31}]},{"attr":[{"value":2400,"type":9},{"value":3600,"type":72},{"value":2400,"type":17}],"lv":5,"consume":[{"id":10737,"count":20}],"attrEx":[{"value":18000,"type":31}]},{"attr":[{"value":2800,"type":9},{"value":4200,"type":72},{"value":2800,"type":17}],"lv":6,"consume":[{"id":10737,"count":30}],"attrEx":[{"value":21000,"type":31}]},{"attr":[{"value":3200,"type":9},{"value":4800,"type":72},{"value":3200,"type":17}],"lv":7,"consume":[{"id":10737,"count":50}],"attrEx":[{"value":24000,"type":31}]},{"attr":[{"value":3600,"type":9},{"value":5400,"type":72},{"value":3600,"type":17}],"lv":8,"consume":[{"id":10737,"count":80}],"attrEx":[{"value":27000,"type":31}]},{"attr":[{"value":4000,"type":9},{"value":6000,"type":72},{"value":4000,"type":17}],"lv":9,"consume":[{"id":10737,"count":120}],"attrEx":[{"value":30000,"type":31}]}],"pos":6},{"id":10738,"list":[{"attr":[{"value":400,"type":8},{"value":600,"type":89},{"value":400,"type":19}],"lv":0,"consume":[{"id":10738,"count":1}],"attrEx":[{"value":3000,"type":30}]},{"attr":[{"value":800,"type":8},{"value":1200,"type":89},{"value":800,"type":19}],"lv":1,"consume":[{"id":10738,"count":2}],"attrEx":[{"value":6000,"type":30}]},{"attr":[{"value":1200,"type":8},{"value":1800,"type":89},{"value":1200,"type":19}],"lv":2,"consume":[{"id":10738,"count":4}],"attrEx":[{"value":9000,"type":30}]},{"attr":[{"value":1600,"type":8},{"value":2400,"type":89},{"value":1600,"type":19}],"lv":3,"consume":[{"id":10738,"count":8}],"attrEx":[{"value":12000,"type":30}]},{"attr":[{"value":2000,"type":8},{"value":3000,"type":89},{"value":2000,"type":19}],"lv":4,"consume":[{"id":10738,"count":15}],"attrEx":[{"value":15000,"type":30}]},{"attr":[{"value":2400,"type":8},{"value":3600,"type":89},{"value":2400,"type":19}],"lv":5,"consume":[{"id":10738,"count":20}],"attrEx":[{"value":18000,"type":30}]},{"attr":[{"value":2800,"type":8},{"value":4200,"type":89},{"value":2800,"type":19}],"lv":6,"consume":[{"id":10738,"count":30}],"attrEx":[{"value":21000,"type":30}]},{"attr":[{"value":3200,"type":8},{"value":4800,"type":89},{"value":3200,"type":19}],"lv":7,"consume":[{"id":10738,"count":50}],"attrEx":[{"value":24000,"type":30}]},{"attr":[{"value":3600,"type":8},{"value":5400,"type":89},{"value":3600,"type":19}],"lv":8,"consume":[{"id":10738,"count":80}],"attrEx":[{"value":27000,"type":30}]},{"attr":[{"value":4000,"type":8},{"value":6000,"type":89},{"value":4000,"type":19}],"lv":9,"consume":[{"id":10738,"count":120}],"attrEx":[{"value":30000,"type":30}]}],"pos":7},{"id":10739,"list":[{"attr":[{"value":400,"type":10},{"value":600,"type":72},{"value":400,"type":22}],"lv":0,"consume":[{"id":10739,"count":1}],"attrEx":[{"value":2000,"type":102}]},{"attr":[{"value":800,"type":10},{"value":1200,"type":72},{"value":800,"type":22}],"lv":1,"consume":[{"id":10739,"count":2}],"attrEx":[{"value":4000,"type":102}]},{"attr":[{"value":1200,"type":10},{"value":1800,"type":72},{"value":1200,"type":22}],"lv":2,"consume":[{"id":10739,"count":4}],"attrEx":[{"value":6000,"type":102}]},{"attr":[{"value":1600,"type":10},{"value":2400,"type":72},{"value":1600,"type":22}],"lv":3,"consume":[{"id":10739,"count":8}],"attrEx":[{"value":8000,"type":102}]},{"attr":[{"value":2000,"type":10},{"value":3000,"type":72},{"value":2000,"type":22}],"lv":4,"consume":[{"id":10739,"count":15}],"attrEx":[{"value":10000,"type":102}]},{"attr":[{"value":2400,"type":10},{"value":3600,"type":72},{"value":2400,"type":22}],"lv":5,"consume":[{"id":10739,"count":20}],"attrEx":[{"value":12000,"type":102}]},{"attr":[{"value":2800,"type":10},{"value":4200,"type":72},{"value":2800,"type":22}],"lv":6,"consume":[{"id":10739,"count":30}],"attrEx":[{"value":14000,"type":102}]},{"attr":[{"value":3200,"type":10},{"value":4800,"type":72},{"value":3200,"type":22}],"lv":7,"consume":[{"id":10739,"count":50}],"attrEx":[{"value":16000,"type":102}]},{"attr":[{"value":3600,"type":10},{"value":5400,"type":72},{"value":3600,"type":22}],"lv":8,"consume":[{"id":10739,"count":80}],"attrEx":[{"value":18000,"type":102}]},{"attr":[{"value":4000,"type":10},{"value":6000,"type":72},{"value":4000,"type":22}],"lv":9,"consume":[{"id":10739,"count":120}],"attrEx":[{"value":20000,"type":102}]}],"pos":8},{"id":10740,"list":[{"attr":[{"value":400,"type":9},{"value":600,"type":72},{"value":400,"type":17}],"lv":0,"consume":[{"id":10740,"count":1}],"attrEx":[{"value":5000,"type":104}]},{"attr":[{"value":800,"type":9},{"value":1200,"type":72},{"value":800,"type":17}],"lv":1,"consume":[{"id":10740,"count":2}],"attrEx":[{"value":10000,"type":104}]},{"attr":[{"value":1200,"type":9},{"value":1800,"type":72},{"value":1200,"type":17}],"lv":2,"consume":[{"id":10740,"count":4}],"attrEx":[{"value":15000,"type":104}]},{"attr":[{"value":1600,"type":9},{"value":2400,"type":72},{"value":1600,"type":17}],"lv":3,"consume":[{"id":10740,"count":8}],"attrEx":[{"value":20000,"type":104}]},{"attr":[{"value":2000,"type":9},{"value":3000,"type":72},{"value":2000,"type":17}],"lv":4,"consume":[{"id":10740,"count":15}],"attrEx":[{"value":25000,"type":104}]},{"attr":[{"value":2400,"type":9},{"value":3600,"type":72},{"value":2400,"type":17}],"lv":5,"consume":[{"id":10740,"count":20}],"attrEx":[{"value":30000,"type":104}]},{"attr":[{"value":2800,"type":9},{"value":4200,"type":72},{"value":2800,"type":17}],"lv":6,"consume":[{"id":10740,"count":30}],"attrEx":[{"value":35000,"type":104}]},{"attr":[{"value":3200,"type":9},{"value":4800,"type":72},{"value":3200,"type":17}],"lv":7,"consume":[{"id":10740,"count":50}],"attrEx":[{"value":40000,"type":104}]},{"attr":[{"value":3600,"type":9},{"value":5400,"type":72},{"value":3600,"type":17}],"lv":8,"consume":[{"id":10740,"count":80}],"attrEx":[{"value":45000,"type":104}]},{"attr":[{"value":4000,"type":9},{"value":6000,"type":72},{"value":4000,"type":17}],"lv":9,"consume":[{"id":10740,"count":120}],"attrEx":[{"value":50000,"type":104}]}],"pos":9},{"id":10741,"list":[{"attr":[{"value":400,"type":7},{"value":600,"type":72},{"value":400,"type":21}],"lv":0,"consume":[{"id":10741,"count":1}],"attrEx":[{"value":500,"type":101}]},{"attr":[{"value":800,"type":7},{"value":1200,"type":72},{"value":800,"type":21}],"lv":1,"consume":[{"id":10741,"count":2}],"attrEx":[{"value":1000,"type":101}]},{"attr":[{"value":1200,"type":7},{"value":1800,"type":72},{"value":1200,"type":21}],"lv":2,"consume":[{"id":10741,"count":4}],"attrEx":[{"value":1500,"type":101}]},{"attr":[{"value":1600,"type":7},{"value":2400,"type":72},{"value":1600,"type":21}],"lv":3,"consume":[{"id":10741,"count":8}],"attrEx":[{"value":2000,"type":101}]},{"attr":[{"value":2000,"type":7},{"value":3000,"type":72},{"value":2000,"type":21}],"lv":4,"consume":[{"id":10741,"count":15}],"attrEx":[{"value":2500,"type":101}]},{"attr":[{"value":2400,"type":7},{"value":3600,"type":72},{"value":2400,"type":21}],"lv":5,"consume":[{"id":10741,"count":20}],"attrEx":[{"value":3000,"type":101}]},{"attr":[{"value":2800,"type":7},{"value":4200,"type":72},{"value":2800,"type":21}],"lv":6,"consume":[{"id":10741,"count":30}],"attrEx":[{"value":3500,"type":101}]},{"attr":[{"value":3200,"type":7},{"value":4800,"type":72},{"value":3200,"type":21}],"lv":7,"consume":[{"id":10741,"count":50}],"attrEx":[{"value":4000,"type":101}]},{"attr":[{"value":3600,"type":7},{"value":5400,"type":72},{"value":3600,"type":21}],"lv":8,"consume":[{"id":10741,"count":80}],"attrEx":[{"value":4500,"type":101}]},{"attr":[{"value":4000,"type":7},{"value":6000,"type":72},{"value":4000,"type":21}],"lv":9,"consume":[{"id":10741,"count":120}],"attrEx":[{"value":5000,"type":101}]}],"pos":10},{"id":10742,"list":[{"attr":[{"value":400,"type":8},{"value":600,"type":89},{"value":400,"type":19}],"lv":0,"consume":[{"id":10742,"count":1}],"attrEx":[{"value":5000,"type":103}]},{"attr":[{"value":800,"type":8},{"value":1200,"type":89},{"value":800,"type":19}],"lv":1,"consume":[{"id":10742,"count":2}],"attrEx":[{"value":10000,"type":103}]},{"attr":[{"value":1200,"type":8},{"value":1800,"type":89},{"value":1200,"type":19}],"lv":2,"consume":[{"id":10742,"count":4}],"attrEx":[{"value":15000,"type":103}]},{"attr":[{"value":1600,"type":8},{"value":2400,"type":89},{"value":1600,"type":19}],"lv":3,"consume":[{"id":10742,"count":8}],"attrEx":[{"value":20000,"type":103}]},{"attr":[{"value":2000,"type":8},{"value":3000,"type":89},{"value":2000,"type":19}],"lv":4,"consume":[{"id":10742,"count":15}],"attrEx":[{"value":25000,"type":103}]},{"attr":[{"value":2400,"type":8},{"value":3600,"type":89},{"value":2400,"type":19}],"lv":5,"consume":[{"id":10742,"count":20}],"attrEx":[{"value":30000,"type":103}]},{"attr":[{"value":2800,"type":8},{"value":4200,"type":89},{"value":2800,"type":19}],"lv":6,"consume":[{"id":10742,"count":30}],"attrEx":[{"value":35000,"type":103}]},{"attr":[{"value":3200,"type":8},{"value":4800,"type":89},{"value":3200,"type":19}],"lv":7,"consume":[{"id":10742,"count":50}],"attrEx":[{"value":40000,"type":103}]},{"attr":[{"value":3600,"type":8},{"value":5400,"type":89},{"value":3600,"type":19}],"lv":8,"consume":[{"id":10742,"count":80}],"attrEx":[{"value":45000,"type":103}]},{"attr":[{"value":4000,"type":8},{"value":6000,"type":89},{"value":4000,"type":19}],"lv":9,"consume":[{"id":10742,"count":120}],"attrEx":[{"value":50000,"type":103}]}],"pos":11},{"id":10743,"list":[{"attr":[{"value":400,"type":7},{"value":600,"type":72},{"value":400,"type":21}],"lv":0,"consume":[{"id":10743,"count":1}],"attrEx":[{"value":3000,"type":29}]},{"attr":[{"value":800,"type":7},{"value":1200,"type":72},{"value":800,"type":21}],"lv":1,"consume":[{"id":10743,"count":2}],"attrEx":[{"value":6000,"type":29}]},{"attr":[{"value":1200,"type":7},{"value":1800,"type":72},{"value":1200,"type":21}],"lv":2,"consume":[{"id":10743,"count":4}],"attrEx":[{"value":9000,"type":29}]},{"attr":[{"value":1600,"type":7},{"value":2400,"type":72},{"value":1600,"type":21}],"lv":3,"consume":[{"id":10743,"count":8}],"attrEx":[{"value":12000,"type":29}]},{"attr":[{"value":2000,"type":7},{"value":3000,"type":72},{"value":2000,"type":21}],"lv":4,"consume":[{"id":10743,"count":15}],"attrEx":[{"value":15000,"type":29}]},{"attr":[{"value":2400,"type":7},{"value":3600,"type":72},{"value":2400,"type":21}],"lv":5,"consume":[{"id":10743,"count":20}],"attrEx":[{"value":18000,"type":29}]},{"attr":[{"value":2800,"type":7},{"value":4200,"type":72},{"value":2800,"type":21}],"lv":6,"consume":[{"id":10743,"count":30}],"attrEx":[{"value":21000,"type":29}]},{"attr":[{"value":3200,"type":7},{"value":4800,"type":72},{"value":3200,"type":21}],"lv":7,"consume":[{"id":10743,"count":50}],"attrEx":[{"value":24000,"type":29}]},{"attr":[{"value":3600,"type":7},{"value":5400,"type":72},{"value":3600,"type":21}],"lv":8,"consume":[{"id":10743,"count":80}],"attrEx":[{"value":27000,"type":29}]},{"attr":[{"value":4000,"type":7},{"value":6000,"type":72},{"value":4000,"type":21}],"lv":9,"consume":[{"id":10743,"count":120}],"attrEx":[{"value":30000,"type":29}]}],"pos":12}],"free":1,"notice":"玩家<font color='#31B4F8'>%s</font>通过<font color = '#ff0502'>%s召唤</font>获得 %s <font color = '#2aff00'><a href='event:@@showWin,180'><u>前往召唤</u></a></font>","awardsPreview":[{"rate":85,"awards":[{"id":10008,"count":1},{"id":10031,"count":1},{"id":10002,"count":1},{"id":10500,"count":1},{"id":10005,"count":1},{"id":10010,"count":1},{"id":10007,"count":1},{"id":10032,"count":1},{"id":10009,"count":1},{"id":10058,"count":1},{"id":10028,"count":1},{"id":10004,"count":1},{"id":10019,"count":1},{"id":10018,"count":1},{"id":10017,"count":1},{"id":10016,"count":1},{"id":10030,"count":1},{"id":10072,"count":1}]},{"rate":12,"awards":[{"id":10033,"count":1},{"id":10034,"count":1},{"id":10026,"count":1},{"id":10027,"count":1},{"id":10020,"count":1},{"id":10025,"count":1},{"id":10024,"count":1},{"id":10023,"count":1},{"id":10022,"count":1},{"id":10021,"count":1},{"id":10700,"count":1},{"id":10701,"count":1},{"id":10702,"count":1},{"id":10703,"count":1},{"id":10704,"count":1},{"id":10705,"count":1},{"id":10706,"count":1},{"id":10707,"count":1}]},{"rate":3,"awards":[{"id":10708,"count":1},{"id":10709,"count":1},{"id":10710,"count":1},{"id":10711,"count":1},{"id":10712,"count":1},{"id":10713,"count":1},{"id":10714,"count":1},{"id":10715,"count":1},{"id":10716,"count":1},{"id":10717,"count":1},{"id":10718,"count":1},{"id":10719,"count":1},{"id":10720,"count":1},{"id":10721,"count":1},{"id":10722,"count":1},{"id":10723,"count":1},{"id":10724,"count":1},{"id":10725,"count":1},{"id":10726,"count":1},{"id":10727,"count":1},{"id":10728,"count":1},{"id":10729,"count":1},{"id":10730,"count":1},{"id":10731,"count":1},{"id":10732,"count":1},{"id":10733,"count":1},{"id":10734,"count":1},{"id":10735,"count":1},{"id":10736,"count":1},{"id":10737,"count":1},{"id":10738,"count":1},{"id":10739,"count":1},{"id":10740,"count":1},{"id":10741,"count":1},{"id":10742,"count":1},{"id":10743,"count":1}]}],"MaxLoopTimes":10,"showAwards":[{"id":10726,"count":1},{"id":10727,"count":1},{"id":10728,"count":1},{"id":10729,"count":1},{"id":10730,"count":1},{"id":10731,"count":1},{"id":10732,"count":1},{"id":10733,"count":1},{"id":10734,"count":1},{"id":10735,"count":1},{"id":10736,"count":1},{"id":10737,"count":1},{"id":10738,"count":1},{"id":10739,"count":1},{"id":10740,"count":1},{"id":10741,"count":1},{"id":10742,"count":1},{"id":10743,"count":1},{"id":10732,"count":1},{"id":10733,"count":1}],"awardsLib":[{"Maxlist":[{"awards":[{"id":10700,"count":1,"notice":1}],"pro":500},{"awards":[{"id":10701,"count":1,"notice":1}],"pro":500},{"awards":[{"id":10702,"count":1,"notice":1}],"pro":500},{"awards":[{"id":10703,"count":1,"notice":1}],"pro":500},{"awards":[{"id":10704,"count":1,"notice":1}],"pro":150},{"awards":[{"id":10705,"count":1,"notice":1}],"pro":150},{"awards":[{"id":10706,"count":1,"notice":1}],"pro":150},{"awards":[{"id":10707,"count":1,"notice":1}],"pro":150},{"awards":[{"id":10708,"count":1,"notice":1}],"pro":50},{"awards":[{"id":10709,"count":1,"notice":1}],"pro":50},{"awards":[{"id":10710,"count":1,"notice":1}],"pro":50},{"awards":[{"id":10711,"count":1,"notice":1}],"pro":50},{"awards":[{"id":10712,"count":1,"notice":1}],"pro":50},{"awards":[{"id":10713,"count":1,"notice":1}],"pro":50},{"awards":[{"id":10714,"count":1,"notice":1}],"pro":5},{"awards":[{"id":10715,"count":1,"notice":1}],"pro":5},{"awards":[{"id":10716,"count":1,"notice":1}],"pro":5},{"awards":[{"id":10717,"count":1,"notice":1}],"pro":5},{"awards":[{"id":10718,"count":1,"notice":1}],"pro":5},{"awards":[{"id":10719,"count":1,"notice":1}],"pro":5},{"awards":[{"id":10720,"count":1,"notice":1}],"pro":1},{"awards":[{"id":10721,"count":1,"notice":1}],"pro":1},{"awards":[{"id":10722,"count":1,"notice":1}],"pro":1},{"awards":[{"id":10723,"count":1,"notice":1}],"pro":1},{"awards":[{"id":10724,"count":1,"notice":1}],"pro":1},{"awards":[{"id":10725,"count":1,"notice":1}],"pro":1}],"list":[{"awards":[{"id":10005,"count":1}],"pro":1000},{"awards":[{"id":10010,"count":3}],"pro":1000},{"awards":[{"id":10031,"count":1}],"pro":1000},{"awards":[{"id":10030,"count":6}],"pro":1000},{"awards":[{"id":10008,"count":5}],"pro":1000},{"awards":[{"id":10007,"count":90}],"pro":1000},{"awards":[{"id":10032,"count":400}],"pro":1000},{"awards":[{"id":10033,"count":8}],"pro":1000},{"awards":[{"id":10034,"count":8}],"pro":1000},{"awards":[{"id":10035,"count":2}],"pro":1000},{"awards":[{"id":10002,"count":27000}],"pro":1000},{"awards":[{"id":10009,"count":50}],"pro":1000},{"awards":[{"id":10058,"count":50}],"pro":1000},{"awards":[{"id":10028,"count":20}],"pro":1000},{"awards":[{"id":10026,"count":12}],"pro":300},{"awards":[{"id":10027,"count":12}],"pro":300},{"awards":[{"id":10020,"count":35}],"pro":300},{"awards":[{"id":10025,"count":50}],"pro":300},{"awards":[{"id":10024,"count":50}],"pro":300},{"awards":[{"id":10023,"count":50}],"pro":300},{"awards":[{"id":10022,"count":50}],"pro":300},{"awards":[{"id":10021,"count":50}],"pro":300},{"awards":[{"id":10019,"count":100}],"pro":300},{"awards":[{"id":10018,"count":100}],"pro":300},{"awards":[{"id":10017,"count":100}],"pro":300},{"awards":[{"id":10016,"count":100}],"pro":300},{"awards":[{"id":10004,"count":100}],"pro":2000},{"awards":[{"id":10072,"count":20000}],"pro":4000},{"awards":[{"id":10500,"count":200}],"pro":3000},{"awards":[{"id":10700,"count":1,"notice":1}],"pro":100},{"awards":[{"id":10701,"count":1,"notice":1}],"pro":100},{"awards":[{"id":10702,"count":1,"notice":1}],"pro":100},{"awards":[{"id":10703,"count":1,"notice":1}],"pro":100},{"awards":[{"id":10704,"count":1,"notice":1}],"pro":50},{"awards":[{"id":10705,"count":1,"notice":1}],"pro":50},{"awards":[{"id":10706,"count":1,"notice":1}],"pro":50},{"awards":[{"id":10707,"count":1,"notice":1}],"pro":50},{"awards":[{"id":10708,"count":1,"notice":1}],"pro":20},{"awards":[{"id":10709,"count":1,"notice":1}],"pro":20},{"awards":[{"id":10710,"count":1,"notice":1}],"pro":20},{"awards":[{"id":10711,"count":1,"notice":1}],"pro":20},{"awards":[{"id":10712,"count":1,"notice":1}],"pro":20},{"awards":[{"id":10713,"count":1,"notice":1}],"pro":20},{"awards":[{"id":10714,"count":1,"notice":1}],"pro":1},{"awards":[{"id":10715,"count":1,"notice":1}],"pro":1},{"awards":[{"id":10716,"count":1,"notice":1}],"pro":1},{"awards":[{"id":10717,"count":1,"notice":1}],"pro":1},{"awards":[{"id":10718,"count":1,"notice":1}],"pro":1},{"awards":[{"id":10719,"count":1,"notice":1}],"pro":1}],"name":"普通","MaxTimes":29},{"Maxlist":[{"awards":[{"id":10704,"count":1,"notice":1}],"pro":5000},{"awards":[{"id":10705,"count":1,"notice":1}],"pro":5000},{"awards":[{"id":10706,"count":1,"notice":1}],"pro":5000},{"awards":[{"id":10707,"count":1,"notice":1}],"pro":5000},{"awards":[{"id":10708,"count":1,"notice":1}],"pro":1500},{"awards":[{"id":10709,"count":1,"notice":1}],"pro":1500},{"awards":[{"id":10710,"count":1,"notice":1}],"pro":1500},{"awards":[{"id":10711,"count":1,"notice":1}],"pro":1500},{"awards":[{"id":10712,"count":1,"notice":1}],"pro":1500},{"awards":[{"id":10713,"count":1,"notice":1}],"pro":1500},{"awards":[{"id":10714,"count":1,"notice":1}],"pro":500},{"awards":[{"id":10715,"count":1,"notice":1}],"pro":500},{"awards":[{"id":10716,"count":1,"notice":1}],"pro":500},{"awards":[{"id":10717,"count":1,"notice":1}],"pro":500},{"awards":[{"id":10718,"count":1,"notice":1}],"pro":500},{"awards":[{"id":10719,"count":1,"notice":1}],"pro":500},{"awards":[{"id":10720,"count":1,"notice":1}],"pro":50},{"awards":[{"id":10721,"count":1,"notice":1}],"pro":50},{"awards":[{"id":10722,"count":1,"notice":1}],"pro":50},{"awards":[{"id":10723,"count":1,"notice":1}],"pro":50},{"awards":[{"id":10724,"count":1,"notice":1}],"pro":50},{"awards":[{"id":10725,"count":1,"notice":1}],"pro":50},{"awards":[{"id":10726,"count":1,"notice":1}],"pro":10},{"awards":[{"id":10727,"count":1,"notice":1}],"pro":10},{"awards":[{"id":10728,"count":1,"notice":1}],"pro":10},{"awards":[{"id":10729,"count":1,"notice":1}],"pro":10},{"awards":[{"id":10730,"count":1,"notice":1}],"pro":10},{"awards":[{"id":10731,"count":1,"notice":1}],"pro":10},{"awards":[{"id":10732,"count":1,"notice":1}],"pro":1},{"awards":[{"id":10733,"count":1,"notice":1}],"pro":1},{"awards":[{"id":10734,"count":1,"notice":1}],"pro":1},{"awards":[{"id":10735,"count":1,"notice":1}],"pro":1},{"awards":[{"id":10736,"count":1,"notice":1}],"pro":1},{"awards":[{"id":10737,"count":1,"notice":1}],"pro":1},{"awards":[{"id":10738,"count":1,"notice":1}],"pro":1},{"awards":[{"id":10739,"count":1,"notice":1}],"pro":1},{"awards":[{"id":10740,"count":1,"notice":1}],"pro":1},{"awards":[{"id":10741,"count":1,"notice":1}],"pro":1},{"awards":[{"id":10742,"count":1,"notice":1}],"pro":1},{"awards":[{"id":10743,"count":1,"notice":1}],"pro":1}],"list":[{"awards":[{"id":10005,"count":1}],"pro":1000},{"awards":[{"id":10010,"count":3}],"pro":1000},{"awards":[{"id":10031,"count":1}],"pro":1000},{"awards":[{"id":10030,"count":6}],"pro":1000},{"awards":[{"id":10008,"count":5}],"pro":1000},{"awards":[{"id":10007,"count":90}],"pro":1000},{"awards":[{"id":10032,"count":400}],"pro":1000},{"awards":[{"id":10033,"count":8}],"pro":1000},{"awards":[{"id":10034,"count":8}],"pro":1000},{"awards":[{"id":10035,"count":2}],"pro":1000},{"awards":[{"id":10002,"count":27000}],"pro":1000},{"awards":[{"id":10009,"count":50}],"pro":1000},{"awards":[{"id":10058,"count":50}],"pro":1000},{"awards":[{"id":10028,"count":20}],"pro":1000},{"awards":[{"id":10026,"count":12}],"pro":300},{"awards":[{"id":10027,"count":12}],"pro":300},{"awards":[{"id":10020,"count":35}],"pro":300},{"awards":[{"id":10025,"count":50}],"pro":300},{"awards":[{"id":10024,"count":50}],"pro":300},{"awards":[{"id":10023,"count":50}],"pro":300},{"awards":[{"id":10022,"count":50}],"pro":300},{"awards":[{"id":10021,"count":50}],"pro":300},{"awards":[{"id":10019,"count":100}],"pro":300},{"awards":[{"id":10018,"count":100}],"pro":300},{"awards":[{"id":10017,"count":100}],"pro":300},{"awards":[{"id":10016,"count":100}],"pro":300},{"awards":[{"id":10004,"count":100}],"pro":2000},{"awards":[{"id":10072,"count":20000}],"pro":4000},{"awards":[{"id":10500,"count":200}],"pro":3000},{"awards":[{"id":10700,"count":1,"notice":1}],"pro":200},{"awards":[{"id":10701,"count":1,"notice":1}],"pro":200},{"awards":[{"id":10702,"count":1,"notice":1}],"pro":200},{"awards":[{"id":10703,"count":1,"notice":1}],"pro":200},{"awards":[{"id":10704,"count":1,"notice":1}],"pro":50},{"awards":[{"id":10705,"count":1,"notice":1}],"pro":50},{"awards":[{"id":10706,"count":1,"notice":1}],"pro":50},{"awards":[{"id":10707,"count":1,"notice":1}],"pro":50},{"awards":[{"id":10708,"count":1,"notice":1}],"pro":20},{"awards":[{"id":10709,"count":1,"notice":1}],"pro":20},{"awards":[{"id":10710,"count":1,"notice":1}],"pro":20},{"awards":[{"id":10711,"count":1,"notice":1}],"pro":20},{"awards":[{"id":10712,"count":1,"notice":1}],"pro":20},{"awards":[{"id":10713,"count":1,"notice":1}],"pro":20},{"awards":[{"id":10714,"count":1,"notice":1}],"pro":5},{"awards":[{"id":10715,"count":1,"notice":1}],"pro":5},{"awards":[{"id":10716,"count":1,"notice":1}],"pro":5},{"awards":[{"id":10717,"count":1,"notice":1}],"pro":5},{"awards":[{"id":10718,"count":1,"notice":1}],"pro":5},{"awards":[{"id":10719,"count":1,"notice":1}],"pro":5},{"awards":[{"id":10720,"count":1,"notice":1}],"pro":3},{"awards":[{"id":10721,"count":1,"notice":1}],"pro":3},{"awards":[{"id":10722,"count":1,"notice":1}],"pro":3},{"awards":[{"id":10723,"count":1,"notice":1}],"pro":3},{"awards":[{"id":10724,"count":1,"notice":1}],"pro":3},{"awards":[{"id":10725,"count":1,"notice":1}],"pro":3},{"awards":[{"id":10726,"count":1,"notice":1}],"pro":1},{"awards":[{"id":10727,"count":1,"notice":1}],"pro":1},{"awards":[{"id":10728,"count":1,"notice":1}],"pro":1},{"awards":[{"id":10729,"count":1,"notice":1}],"pro":1},{"awards":[{"id":10730,"count":1,"notice":1}],"pro":1},{"awards":[{"id":10731,"count":1,"notice":1}],"pro":1}],"name":"高级","MaxTimes":9}],"consume":[{"id":10003,"count":100}],"MaxTimes":30,"ItemCon":[{"id":10066,"count":1}],"GiftCfg":[{"bgIcon":50,"btnSkin":"Button05","limit":1,"itmeId":1900},{"bgIcon":43,"btnSkin":"Button07","limit":1,"itmeId":1901},{"bgIcon":42,"btnSkin":"Button04_1","limit":1,"itmeId":1902},{"bgIcon":41,"btnSkin":"Button06","limit":1,"itmeId":1903}],"AllCnt":50,"LogCnt":30}}