{"EquipValuation":[{"unitVal":50000,"attrId":1},{"unitVal":10000,"attrId":2},{"unitVal":40000,"attrId":3},{"unitVal":120000,"attrId":4},{"unitVal":20000,"attrId":5},{"unitVal":50000,"attrId":6},{"unitVal":50000,"attrId":7},{"unitVal":50000,"attrId":8},{"unitVal":50000,"attrId":9},{"unitVal":50000,"attrId":10},{"unitVal":25000,"attrId":11},{"unitVal":25000,"attrId":12},{"unitVal":25000,"attrId":13},{"unitVal":25000,"attrId":14},{"unitVal":25000,"attrId":15},{"unitVal":25000,"attrId":16},{"unitVal":20000,"attrId":17},{"unitVal":20000,"attrId":18},{"unitVal":20000,"attrId":19},{"unitVal":20000,"attrId":20},{"unitVal":20000,"attrId":21},{"unitVal":20000,"attrId":22},{"unitVal":20000,"attrId":23},{"unitVal":20000,"attrId":24},{"unitVal":1000,"attrId":25},{"unitVal":1000,"attrId":26},{"unitVal":1000,"attrId":27},{"unitVal":1000,"attrId":28},{"unitVal":1000,"attrId":29},{"unitVal":1000,"attrId":30},{"unitVal":1000,"attrId":31},{"unitVal":1000,"attrId":32},{"unitVal":10000,"attrId":33},{"unitVal":10000,"attrId":34},{"unitVal":10000,"attrId":35},{"unitVal":10000,"attrId":36},{"unitVal":10000,"attrId":37},{"unitVal":10000,"attrId":38},{"unitVal":10000,"attrId":39},{"unitVal":10000,"attrId":40},{"unitVal":10000,"attrId":41},{"unitVal":10000,"attrId":42},{"unitVal":10000,"attrId":43},{"unitVal":10000,"attrId":44},{"unitVal":10000,"attrId":45},{"unitVal":10000,"attrId":46},{"unitVal":10000,"attrId":47},{"unitVal":10000,"attrId":48},{"unitVal":10000,"attrId":49},{"unitVal":10000,"attrId":50},{"unitVal":10000,"attrId":51},{"unitVal":0,"attrId":52},{"unitVal":10000,"attrId":53},{"unitVal":0,"attrId":54},{"unitVal":0,"attrId":55},{"unitVal":0,"attrId":56},{"unitVal":0,"attrId":57},{"unitVal":0,"attrId":58},{"unitVal":0,"attrId":59},{"unitVal":0,"attrId":60},{"unitVal":0,"attrId":61},{"unitVal":0,"attrId":62},{"unitVal":0,"attrId":63},{"unitVal":0,"attrId":64},{"unitVal":0,"attrId":65},{"unitVal":0,"attrId":66},{"unitVal":0,"attrId":67},{"unitVal":0,"attrId":68},{"unitVal":0,"attrId":69},{"unitVal":0,"attrId":70},{"unitVal":50000,"attrId":71},{"unitVal":50000,"attrId":72},{"unitVal":50000,"attrId":73},{"unitVal":0,"attrId":74},{"unitVal":0,"attrId":75},{"unitVal":0,"attrId":76},{"unitVal":0,"attrId":77},{"unitVal":0,"attrId":78},{"unitVal":0,"attrId":79},{"unitVal":0,"attrId":80},{"unitVal":0,"attrId":81},{"unitVal":0,"attrId":82},{"unitVal":50000,"attrId":83},{"unitVal":25000,"attrId":84},{"unitVal":50000,"attrId":85},{"unitVal":50000,"attrId":86},{"unitVal":50000,"attrId":87},{"unitVal":50000,"attrId":88},{"unitVal":50000,"attrId":89},{"unitVal":50000,"attrId":95},{"unitVal":50000,"attrId":96},{"unitVal":50000,"attrId":97},{"unitVal":50000,"attrId":98},{"unitVal":50000,"attrId":99},{"unitVal":50000,"attrId":100},{"unitVal":50000,"attrId":101},{"unitVal":50000,"attrId":111},{"unitVal":50000,"attrId":112},{"unitVal":50000,"attrId":113},{"unitVal":50000,"attrId":114},{"unitVal":50000,"attrId":115},{"unitVal":100000,"attrId":123},{"unitVal":100000,"attrId":124},{"unitVal":4000,"attrId":186},{"unitVal":4000,"attrId":187},{"unitVal":4000,"attrId":188},{"unitVal":4000,"attrId":189},{"unitVal":4000,"attrId":190}]}