{"ExperimentTowerConfig":{"WeekAwardMailText":"试炼之塔排名奖励如下，请提取附件！","maxitemlevel":7,"restarttimes":3,"storey":5,"towerrank":"towerrank.txt","initHoleNum":3,"towerAward":[{"index":[1,1],"award":[{"id":10003,"count":200},{"id":10004,"count":100},{"id":10500,"count":40},{"id":10501,"count":15}]},{"index":[2,2],"award":[{"id":10003,"count":150},{"id":10004,"count":75},{"id":10500,"count":30},{"id":10501,"count":12}]},{"index":[3,3],"award":[{"id":10003,"count":100},{"id":10004,"count":20},{"id":10500,"count":20},{"id":10501,"count":10}]},{"index":[4,10],"award":[{"id":10003,"count":90},{"id":10004,"count":45},{"id":10500,"count":15},{"id":10501,"count":8}]},{"index":[11,20],"award":[{"id":10003,"count":60},{"id":10004,"count":40},{"id":10500,"count":12},{"id":10501,"count":6}]},{"index":[21,50],"award":[{"id":10003,"count":50},{"id":10004,"count":30},{"id":10500,"count":10},{"id":10501,"count":5}]},{"index":[51,100],"award":[{"id":10003,"count":35},{"id":10004,"count":25},{"id":10500,"count":8},{"id":10501,"count":4}]},{"index":[101,200],"award":[{"id":10003,"count":30},{"id":10004,"count":20},{"id":10500,"count":7},{"id":10501,"count":3}]},{"index":[201,500],"award":[{"id":10003,"count":25},{"id":10004,"count":15},{"id":10500,"count":6},{"id":10501,"count":2}]},{"index":[501,9999],"award":[{"id":10003,"count":20},{"id":10004,"count":10},{"id":10500,"count":5},{"id":10501,"count":1}]}],"allitems":[{"id":1,"type":1,"icon":10111,"addprop":[{"value":200,"type":7}]},{"id":2,"type":1,"icon":10112,"addprop":[{"value":400,"type":7}]},{"id":3,"type":1,"icon":10113,"addprop":[{"value":600,"type":7}]},{"id":4,"type":1,"icon":10114,"addprop":[{"value":800,"type":7}]},{"id":5,"type":1,"icon":10115,"addprop":[{"value":1000,"type":7}]},{"id":6,"type":2,"icon":10116,"addprop":[{"value":200,"type":6}]},{"id":7,"type":2,"icon":10117,"addprop":[{"value":400,"type":6}]},{"id":8,"type":2,"icon":10118,"addprop":[{"value":600,"type":6}]},{"id":9,"type":2,"icon":10119,"addprop":[{"value":800,"type":6}]},{"id":10,"type":2,"icon":10120,"addprop":[{"value":1000,"type":6}]},{"id":11,"type":3,"icon":10121,"addprop":[{"value":400,"type":5}]},{"id":12,"type":3,"icon":10122,"addprop":[{"value":600,"type":5}]},{"id":13,"type":3,"icon":10123,"addprop":[{"value":800,"type":5}]},{"id":14,"type":3,"icon":10124,"addprop":[{"value":1000,"type":5}]},{"id":15,"type":3,"icon":10125,"addprop":[{"value":1200,"type":5}]},{"id":16,"type":4,"icon":10126,"addprop":[{"value":200,"type":10}]},{"id":17,"type":4,"icon":10127,"addprop":[{"value":400,"type":10}]},{"id":18,"type":4,"icon":10128,"addprop":[{"value":600,"type":10}]},{"id":19,"type":4,"icon":10129,"addprop":[{"value":800,"type":10}]},{"id":20,"type":4,"icon":10130,"addprop":[{"value":1000,"type":10}]},{"id":21,"type":5,"icon":10131,"addprop":[{"value":200,"type":8}]},{"id":22,"type":5,"icon":10132,"addprop":[{"value":400,"type":8}]},{"id":23,"type":5,"icon":10133,"addprop":[{"value":600,"type":8}]},{"id":24,"type":5,"icon":10134,"addprop":[{"value":800,"type":8}]},{"id":25,"type":5,"icon":10135,"addprop":[{"value":1000,"type":8}]},{"id":26,"type":6,"icon":10136,"addprop":[{"value":400,"type":17}]},{"id":27,"type":6,"icon":10137,"addprop":[{"value":800,"type":17}]},{"id":28,"type":6,"icon":10138,"addprop":[{"value":1200,"type":17}]},{"id":29,"type":6,"icon":10139,"addprop":[{"value":1600,"type":17}]},{"id":30,"type":6,"icon":10140,"addprop":[{"value":2000,"type":17}]},{"id":31,"type":7,"icon":10141,"addprop":[{"value":200,"type":9}]},{"id":32,"type":7,"icon":10142,"addprop":[{"value":400,"type":9}]},{"id":33,"type":7,"icon":10143,"addprop":[{"value":600,"type":9}]},{"id":34,"type":7,"icon":10144,"addprop":[{"value":800,"type":9}]},{"id":35,"type":7,"icon":10145,"addprop":[{"value":1000,"type":9}]},{"id":36,"type":8,"icon":10146,"addprop":[{"value":200,"type":72}]},{"id":37,"type":8,"icon":10147,"addprop":[{"value":400,"type":72}]},{"id":38,"type":8,"icon":10148,"addprop":[{"value":600,"type":72}]},{"id":39,"type":8,"icon":10149,"addprop":[{"value":800,"type":72}]},{"id":40,"type":8,"icon":10150,"addprop":[{"value":1000,"type":72}]},{"id":41,"type":9,"icon":10151,"addprop":[{"value":200,"type":73}]},{"id":42,"type":9,"icon":10152,"addprop":[{"value":400,"type":73}]},{"id":43,"type":9,"icon":10153,"addprop":[{"value":600,"type":73}]},{"id":44,"type":9,"icon":10154,"addprop":[{"value":800,"type":73}]},{"id":45,"type":9,"icon":10155,"addprop":[{"value":1000,"type":73}]},{"id":46,"type":10,"icon":10156,"addprop":[{"value":200,"type":1}]},{"id":47,"type":10,"icon":10157,"addprop":[{"value":400,"type":1}]},{"id":48,"type":10,"icon":10158,"addprop":[{"value":600,"type":1}]},{"id":49,"type":10,"icon":10159,"addprop":[{"value":800,"type":1}]},{"id":50,"type":10,"icon":10160,"addprop":[{"value":1000,"type":1}]},{"id":51,"type":11,"icon":10161,"addprop":[{"value":200,"type":71}]},{"id":52,"type":11,"icon":10162,"addprop":[{"value":400,"type":71}]},{"id":53,"type":11,"icon":10163,"addprop":[{"value":600,"type":71}]},{"id":54,"type":11,"icon":10164,"addprop":[{"value":800,"type":71}]},{"id":55,"type":11,"icon":10165,"addprop":[{"value":1000,"type":71}]},{"id":56,"type":12,"icon":10166,"addprop":[{"value":200,"type":15}]},{"id":57,"type":12,"icon":10167,"addprop":[{"value":400,"type":15}]},{"id":58,"type":12,"icon":10168,"addprop":[{"value":600,"type":15}]},{"id":59,"type":12,"icon":10169,"addprop":[{"value":800,"type":15}]},{"id":60,"type":12,"icon":10170,"addprop":[{"value":1000,"type":15}]},{"id":61,"type":13,"icon":10171,"addprop":[{"value":400,"type":11}]},{"id":62,"type":13,"icon":10172,"addprop":[{"value":800,"type":11}]},{"id":63,"type":13,"icon":10173,"addprop":[{"value":1200,"type":11}]},{"id":64,"type":13,"icon":10174,"addprop":[{"value":1600,"type":11}]},{"id":65,"type":13,"icon":10175,"addprop":[{"value":2000,"type":11}]},{"id":66,"type":14,"icon":10176,"addprop":[{"value":200,"type":12}]},{"id":67,"type":14,"icon":10177,"addprop":[{"value":400,"type":12}]},{"id":68,"type":14,"icon":10178,"addprop":[{"value":600,"type":12}]},{"id":69,"type":14,"icon":10179,"addprop":[{"value":800,"type":12}]},{"id":70,"type":14,"icon":10180,"addprop":[{"value":1000,"type":12}]},{"id":71,"type":15,"icon":10181,"addprop":[{"value":200,"type":13}]},{"id":72,"type":15,"icon":10182,"addprop":[{"value":400,"type":13}]},{"id":73,"type":15,"icon":10183,"addprop":[{"value":600,"type":13}]},{"id":74,"type":15,"icon":10184,"addprop":[{"value":800,"type":13}]},{"id":75,"type":15,"icon":10185,"addprop":[{"value":1000,"type":13}]},{"id":76,"type":16,"icon":10186,"addprop":[{"value":200,"type":16}]},{"id":77,"type":16,"icon":10187,"addprop":[{"value":400,"type":16}]},{"id":78,"type":16,"icon":10188,"addprop":[{"value":600,"type":16}]},{"id":79,"type":16,"icon":10189,"addprop":[{"value":800,"type":16}]},{"id":80,"type":16,"icon":10190,"addprop":[{"value":1000,"type":16}]},{"id":81,"type":17,"icon":10191,"addprop":[{"value":200,"type":14}]},{"id":82,"type":17,"icon":10192,"addprop":[{"value":400,"type":14}]},{"id":83,"type":17,"icon":10193,"addprop":[{"value":600,"type":14}]},{"id":84,"type":17,"icon":10194,"addprop":[{"value":800,"type":14}]},{"id":85,"type":17,"icon":10195,"addprop":[{"value":1000,"type":14}]},{"id":86,"type":18,"icon":10196,"addprop":[{"value":300,"type":19}]},{"id":87,"type":18,"icon":10197,"addprop":[{"value":600,"type":19}]},{"id":88,"type":18,"icon":10198,"addprop":[{"value":900,"type":19}]},{"id":89,"type":18,"icon":10199,"addprop":[{"value":1200,"type":19}]},{"id":90,"type":18,"icon":10200,"addprop":[{"value":1500,"type":19}]},{"id":91,"type":19,"icon":10201,"addprop":[{"value":400,"type":18}]},{"id":92,"type":19,"icon":10202,"addprop":[{"value":800,"type":18}]},{"id":93,"type":19,"icon":10203,"addprop":[{"value":1200,"type":18}]},{"id":94,"type":19,"icon":10204,"addprop":[{"value":1600,"type":18}]},{"id":95,"type":19,"icon":10205,"addprop":[{"value":2000,"type":18}]},{"id":96,"type":20,"icon":10206,"addprop":[{"value":200,"type":20}]},{"id":97,"type":20,"icon":10207,"addprop":[{"value":400,"type":20}]},{"id":98,"type":20,"icon":10208,"addprop":[{"value":600,"type":20}]},{"id":99,"type":20,"icon":10209,"addprop":[{"value":800,"type":20}]},{"id":100,"type":20,"icon":10210,"addprop":[{"value":1000,"type":20}]},{"id":101,"type":21,"icon":10211,"addprop":[{"value":300,"type":22}]},{"id":102,"type":21,"icon":10212,"addprop":[{"value":600,"type":22}]},{"id":103,"type":21,"icon":10213,"addprop":[{"value":900,"type":22}]},{"id":104,"type":21,"icon":10214,"addprop":[{"value":1200,"type":22}]},{"id":105,"type":21,"icon":10215,"addprop":[{"value":1500,"type":22}]}],"can_mopup":50,"towers":{"rand":{"monster":[{"e":"3000  + 15 * lv ","type":5},{"e":"1800  + 10 * lv ","type":6},{"e":"1800  + 10 * lv ","type":7},{"e":"1800  + 10 * lv ","type":8},{"e":"1800  + 10 * lv ","type":9},{"e":"1800  + 10 * lv ","type":10}],"boss":[{"e":"4200  + 20 * lv ","type":5},{"e":"2800  + 15 * lv ","type":6},{"e":"2800  + 15 * lv ","type":7},{"e":"2800  + 15 * lv ","type":8},{"e":"2800  + 15 * lv ","type":9},{"e":"2800  + 15 * lv ","type":10}]},"lv":[{"desc":"第1关","name":"僵尸女童","appear":10017},{"desc":"第2关","name":"僵尸女仆","appear":10018},{"desc":"第3关","name":"僵尸女仆","appear":10019},{"desc":"第4关","name":"僵尸统领","appear":10020},{"desc":"第5关","name":"僵尸王将臣","appear":10021}],"spe_lib":[{"cnt":100,"lib":5},{"cnt":50,"lib":4},{"cnt":25,"lib":3}],"award":[{"monster":[{"id":10500,"count":1},{"id":21007,"count":10}],"boss":[{"id":10501,"count":1},{"id":10500,"count":1},{"id":21007,"count":20}],"lib":1,"first":[{"id":10501,"count":1}],"range":{"min":1,"max":100}},{"monster":[{"id":10500,"count":1},{"id":21007,"count":10}],"boss":[{"id":10501,"count":1},{"id":10500,"count":1},{"id":21007,"count":20}],"lib":2,"first":[{"id":10501,"count":1}],"range":{"min":101,"max":99999}}],"prop":{"monster":[{"e":"3080  + 10 * lv","type":1},{"e":"200000 + 1500 * lv + lv*lv*lv/16","type":2},{"e":"35000 + 250 * lv + lv*lv*lv/90","type":3},{"e":"7070  + 42 * lv + lv*lv*lv/520","type":4},{"e":"200   + 20 * lv ","type":11},{"e":"100   + 15 * lv ","type":12},{"e":"100   + 15 * lv ","type":13},{"e":"100   + 15 * lv ","type":14},{"e":"100   + 15 * lv ","type":15},{"e":"100   + 15 * lv ","type":16}],"boss":[{"e":"3380  + 11 * lv","type":1},{"e":"248280 + 1800 * lv + lv*lv*lv/12","type":2},{"e":"40001 + 300 * lv + lv*lv*lv/72","type":3},{"e":"7070  + 50 * lv + lv*lv*lv/432","type":4},{"e":"200   + 25 * lv ","type":11},{"e":"100   + 20 * lv ","type":12},{"e":"100   + 20 * lv ","type":13},{"e":"100   + 20 * lv ","type":14},{"e":"100   + 20 * lv ","type":15},{"e":"100   + 20 * lv ","type":16}]}},"WeekAwardMailHead":"试炼之塔排名奖励","openhole":[0,0,100,200,300,600,1200,2400],"FirstTitleId":12,"ranitemnum":3,"mopup":100}}