{"FieldBossConfig":{"maxLog":50,"levelConfigId":75,"bossDescHpMaxRate":8,"maxPlayerCount":8,"killProtectSec":60,"helpMaxCount":9,"reliveConsume":[{"id":10003,"count":10}],"recoverHp":[{"id":10107,"hpRate":0.05},{"id":10108,"hpRate":0.35}],"vestMaxCount":5,"buyVest":[[{"id":10003,"count":20}],[{"id":10003,"count":40}],[{"id":10003,"count":60}],[{"id":10003,"count":80}],[{"id":10003,"count":100}],[{"id":10003,"count":100}],[{"id":10003,"count":100}],[{"id":10003,"count":100}],[{"id":10003,"count":100}],[{"id":10003,"count":100}]],"bossList":[{"decHpParam1":1.65,"condition":[{"value":55,"type":20001}],"vestDecHp":1781,"unluckDesc":"角色等级55级","level":60,"size":1,"map":10000,"relive":600,"appear":10001,"allDecHpRate":0.01,"allDecHpVal":593,"decHpParam2":7492950,"bossId":1,"name":"尸王","showAwards":[{"id":11121,"count":1},{"id":50001,"count":1},{"id":50041,"count":1},{"id":50081,"count":1},{"id":50121,"count":1},{"id":50161,"count":1},{"id":50201,"count":1},{"id":50241,"count":1}],"decHpParam3":0.05},{"decHpParam1":1.65,"condition":[{"value":85,"type":20001}],"vestDecHp":2315,"unluckDesc":"角色等级85级","level":90,"size":1,"map":10000,"relive":900,"appear":10001,"allDecHpRate":0.01,"allDecHpVal":771,"decHpParam2":7699320,"bossId":2,"name":"尸王","showAwards":[{"id":11121,"count":1},{"id":50002,"count":1},{"id":50042,"count":1},{"id":50082,"count":1},{"id":50122,"count":1},{"id":50162,"count":1},{"id":50202,"count":1},{"id":50242,"count":1}],"decHpParam3":0.05},{"decHpParam1":1.65,"condition":[{"value":110,"type":20001}],"vestDecHp":3789,"unluckDesc":"角色等级110级","level":120,"size":1,"map":10000,"relive":1800,"appear":10001,"allDecHpRate":0.01,"allDecHpVal":1263,"decHpParam2":9275010,"bossId":3,"name":"尸王","showAwards":[{"id":11121,"count":1},{"id":50003,"count":1},{"id":50043,"count":1},{"id":50083,"count":1},{"id":50123,"count":1},{"id":50163,"count":1},{"id":50203,"count":1},{"id":50243,"count":1}],"decHpParam3":0.05},{"decHpParam1":1.65,"condition":[{"value":140,"type":20001}],"vestDecHp":7373,"unluckDesc":"角色等级140级","level":150,"size":1,"map":10001,"relive":1800,"appear":10011,"allDecHpRate":0.01,"allDecHpVal":2457,"decHpParam2":11803140,"bossId":4,"name":"沃玛教主","showAwards":[{"id":11121,"count":1},{"id":50004,"count":1},{"id":50044,"count":1},{"id":50084,"count":1},{"id":50124,"count":1},{"id":50164,"count":1},{"id":50204,"count":1},{"id":50244,"count":1}],"decHpParam3":0.05},{"decHpParam1":1.65,"condition":[{"value":170,"type":20001}],"vestDecHp":11016,"unluckDesc":"角色等级170级","level":180,"size":1,"map":10001,"relive":2700,"appear":10011,"allDecHpRate":0.01,"allDecHpVal":3672,"decHpParam2":13104615,"bossId":5,"name":"沃玛教主","showAwards":[{"id":11121,"count":1},{"id":50005,"count":1},{"id":50045,"count":1},{"id":50085,"count":1},{"id":50125,"count":1},{"id":50165,"count":1},{"id":50205,"count":1},{"id":50245,"count":1}],"decHpParam3":0.05},{"decHpParam1":1.65,"condition":[{"value":200,"type":20001}],"vestDecHp":22573,"unluckDesc":"角色等级200级","level":210,"size":1,"map":10001,"relive":2700,"appear":10011,"allDecHpRate":0.01,"allDecHpVal":7524,"decHpParam2":17684910,"bossId":6,"name":"沃玛教主","showAwards":[{"id":11121,"count":1},{"id":50006,"count":1},{"id":50046,"count":1},{"id":50086,"count":1},{"id":50126,"count":1},{"id":50166,"count":1},{"id":50206,"count":1},{"id":50246,"count":1}],"decHpParam3":0.05},{"decHpParam1":1.65,"condition":[{"value":230,"type":20001}],"vestDecHp":37360,"unluckDesc":"角色等级230级","level":240,"size":1,"map":10002,"relive":2700,"appear":10002,"allDecHpRate":0.01,"allDecHpVal":12453,"decHpParam2":23263360,"bossId":7,"name":"野猪王","showAwards":[{"id":11121,"count":1},{"id":50007,"count":1},{"id":50047,"count":1},{"id":50087,"count":1},{"id":50127,"count":1},{"id":50167,"count":1},{"id":50207,"count":1},{"id":50247,"count":1}],"decHpParam3":0.05},{"decHpParam1":1.65,"condition":[{"value":260,"type":20001}],"vestDecHp":59674,"unluckDesc":"角色等级260级","level":270,"size":1,"map":10002,"relive":2700,"appear":10002,"allDecHpRate":0.01,"allDecHpVal":19891,"decHpParam2":27734820,"bossId":8,"name":"野猪王","showAwards":[{"id":11121,"count":1},{"id":50008,"count":1},{"id":50048,"count":1},{"id":50088,"count":1},{"id":50128,"count":1},{"id":50168,"count":1},{"id":50208,"count":1},{"id":50248,"count":1}],"decHpParam3":0.05},{"decHpParam1":1.65,"condition":[{"value":290,"type":20001}],"vestDecHp":141402,"unluckDesc":"角色等级290级","level":300,"size":1,"map":10002,"relive":3600,"appear":10002,"allDecHpRate":0.01,"allDecHpVal":47134,"decHpParam2":54419095,"bossId":9,"name":"野猪王","showAwards":[{"id":11121,"count":1},{"id":50009,"count":1},{"id":50049,"count":1},{"id":50089,"count":1},{"id":50129,"count":1},{"id":50169,"count":1},{"id":50209,"count":1},{"id":50249,"count":1}],"decHpParam3":0.05},{"decHpParam1":1.65,"condition":[{"value":320,"type":20001}],"vestDecHp":296556,"unluckDesc":"角色等级320级","level":330,"size":1,"map":10003,"relive":3600,"appear":10003,"allDecHpRate":0.01,"allDecHpVal":98852,"decHpParam2":91006572,"bossId":10,"name":"祖玛教主","showAwards":[{"id":11121,"count":1},{"id":50010,"count":1},{"id":50050,"count":1},{"id":50090,"count":1},{"id":50130,"count":1},{"id":50170,"count":1},{"id":50210,"count":1},{"id":50250,"count":1}],"decHpParam3":0.05},{"decHpParam1":1.65,"condition":[{"value":350,"type":20001}],"vestDecHp":578887,"unluckDesc":"角色等级350级","level":360,"size":1,"map":10003,"relive":3600,"appear":10003,"allDecHpRate":0.01,"allDecHpVal":192962,"decHpParam2":132964371,"bossId":11,"name":"祖玛教主","showAwards":[{"id":11121,"count":1},{"id":50011,"count":1},{"id":50051,"count":1},{"id":50091,"count":1},{"id":50131,"count":1},{"id":50171,"count":1},{"id":50211,"count":1},{"id":50251,"count":1}],"decHpParam3":0.05},{"decHpParam1":1.65,"condition":[{"value":380,"type":20001}],"vestDecHp":1035365,"unluckDesc":"角色等级380级","level":390,"size":1,"map":10003,"relive":3600,"appear":10003,"allDecHpRate":0.01,"allDecHpVal":345121,"decHpParam2":158375038,"bossId":12,"name":"祖玛教主","showAwards":[{"id":11121,"count":1},{"id":50012,"count":1},{"id":50052,"count":1},{"id":50092,"count":1},{"id":50132,"count":1},{"id":50172,"count":1},{"id":50212,"count":1},{"id":50252,"count":1}],"decHpParam3":0.05},{"decHpParam1":1.65,"condition":[{"value":410,"type":20001}],"vestDecHp":1733305,"unluckDesc":"角色等级410级","level":420,"size":1,"map":10004,"relive":5400,"appear":10010,"allDecHpRate":0.01,"allDecHpVal":577768,"decHpParam2":264996036,"bossId":13,"name":"虹魔教主","showAwards":[{"id":11121,"count":1},{"id":50013,"count":1},{"id":50053,"count":1},{"id":50093,"count":1},{"id":50133,"count":1},{"id":50173,"count":1},{"id":50213,"count":1},{"id":50253,"count":1}],"decHpParam3":0.05},{"decHpParam1":1.65,"condition":[{"value":440,"type":20001}],"vestDecHp":2963382,"unluckDesc":"角色等级440级","level":450,"size":1,"map":10004,"relive":5400,"appear":10010,"allDecHpRate":0.01,"allDecHpVal":987794,"decHpParam2":452944474,"bossId":14,"name":"虹魔教主","showAwards":[{"id":11121,"count":1},{"id":50014,"count":1},{"id":50054,"count":1},{"id":50094,"count":1},{"id":50134,"count":1},{"id":50174,"count":1},{"id":50214,"count":1},{"id":50254,"count":1}],"decHpParam3":0.05},{"decHpParam1":1.65,"condition":[{"value":470,"type":20001}],"vestDecHp":4793967,"unluckDesc":"角色等级470级","level":480,"size":1,"map":10004,"relive":5400,"appear":10010,"allDecHpRate":0.01,"allDecHpVal":1597989,"decHpParam2":732737996,"bossId":15,"name":"虹魔教主","showAwards":[{"id":11121,"count":1},{"id":50015,"count":1},{"id":50055,"count":1},{"id":50095,"count":1},{"id":50135,"count":1},{"id":50175,"count":1},{"id":50215,"count":1},{"id":50255,"count":1}],"decHpParam3":0.05},{"decHpParam1":1.65,"condition":[{"value":500,"type":20001}],"vestDecHp":9361707,"unluckDesc":"角色等级500级","level":510,"size":1,"map":10005,"relive":5400,"appear":10004,"allDecHpRate":0.01,"allDecHpVal":3120569,"decHpParam2":1431268950,"bossId":16,"name":"牛魔王","showAwards":[{"id":11121,"count":1},{"id":50016,"count":1},{"id":50056,"count":1},{"id":50096,"count":1},{"id":50136,"count":1},{"id":50176,"count":1},{"id":50216,"count":1},{"id":50256,"count":1}],"decHpParam3":0.05},{"decHpParam1":1.65,"condition":[{"value":530,"type":20001}],"vestDecHp":19543898,"unluckDesc":"角色等级530级","level":540,"size":1,"map":10005,"relive":5400,"appear":10004,"allDecHpRate":0.01,"allDecHpVal":6514632,"decHpParam2":2989761182.00,"bossId":17,"name":"牛魔王","showAwards":[{"id":11121,"count":1},{"id":50017,"count":1},{"id":50057,"count":1},{"id":50097,"count":1},{"id":50137,"count":1},{"id":50177,"count":1},{"id":50217,"count":1},{"id":50257,"count":1}],"decHpParam3":0.05},{"decHpParam1":1.65,"condition":[{"value":560,"type":20001}],"vestDecHp":37053943,"unluckDesc":"角色等级560级","level":570,"size":1,"map":10005,"relive":5400,"appear":10004,"allDecHpRate":0.01,"allDecHpVal":12351314,"decHpParam2":5672676204.00,"bossId":18,"name":"牛魔王","showAwards":[{"id":11121,"count":1},{"id":50018,"count":1},{"id":50058,"count":1},{"id":50098,"count":1},{"id":50138,"count":1},{"id":50178,"count":1},{"id":50218,"count":1},{"id":50258,"count":1}],"decHpParam3":0.05},{"decHpParam1":1.65,"condition":[{"value":590,"type":20001}],"vestDecHp":47614834,"unluckDesc":"角色等级590级","level":600,"size":1,"map":10006,"relive":5400,"appear":10005,"allDecHpRate":0.01,"allDecHpVal":15871611,"decHpParam2":7292048156.00,"bossId":19,"name":"黄泉教主","showAwards":[{"id":11121,"count":1},{"id":50019,"count":1},{"id":50059,"count":1},{"id":50099,"count":1},{"id":50139,"count":1},{"id":50179,"count":1},{"id":50219,"count":1},{"id":50259,"count":1}],"decHpParam3":0.05},{"decHpParam1":1.65,"condition":[{"value":620,"type":20001}],"vestDecHp":60457695,"unluckDesc":"角色等级620级","level":630,"size":1,"map":10006,"relive":5400,"appear":10005,"allDecHpRate":0.01,"allDecHpVal":20152565,"decHpParam2":9262283314.00,"bossId":20,"name":"黄泉教主","showAwards":[{"id":11121,"count":1},{"id":50020,"count":1},{"id":50060,"count":1},{"id":50100,"count":1},{"id":50140,"count":1},{"id":50180,"count":1},{"id":50220,"count":1},{"id":50260,"count":1}],"decHpParam3":0.05},{"decHpParam1":1.65,"condition":[{"value":650,"type":20001}],"vestDecHp":75938458,"unluckDesc":"角色等级650级","level":660,"size":1,"map":10006,"relive":7200,"appear":10005,"allDecHpRate":0.01,"allDecHpVal":25312819,"decHpParam2":11638367822.00,"bossId":21,"name":"黄泉教主","showAwards":[{"id":11121,"count":1},{"id":50021,"count":1},{"id":50061,"count":1},{"id":50101,"count":1},{"id":50141,"count":1},{"id":50181,"count":1},{"id":50221,"count":1},{"id":50261,"count":1}],"decHpParam3":0.05},{"decHpParam1":1.65,"condition":[{"value":680,"type":20001}],"vestDecHp":94450118,"unluckDesc":"角色等级680级","level":690,"size":1,"map":10007,"relive":7200,"appear":10006,"allDecHpRate":0.01,"allDecHpVal":31483372,"decHpParam2":14481061216.00,"bossId":22,"name":"魔龙教主","showAwards":[{"id":11121,"count":1},{"id":50022,"count":1},{"id":50062,"count":1},{"id":50102,"count":1},{"id":50142,"count":1},{"id":50182,"count":1},{"id":50222,"count":1},{"id":50262,"count":1}],"decHpParam3":0.05},{"decHpParam1":1.65,"condition":[{"value":710,"type":20001}],"vestDecHp":124600245,"unluckDesc":"角色等级710级","level":720,"size":1,"map":10007,"relive":7200,"appear":10006,"allDecHpRate":0.01,"allDecHpVal":41533415,"decHpParam2":19113708216.00,"bossId":23,"name":"魔龙教主","showAwards":[{"id":11121,"count":1},{"id":50023,"count":1},{"id":50063,"count":1},{"id":50103,"count":1},{"id":50143,"count":1},{"id":50183,"count":1},{"id":50223,"count":1},{"id":50263,"count":1}],"decHpParam3":0.05},{"decHpParam1":1.65,"condition":[{"value":740,"type":20001}],"vestDecHp":162053168,"unluckDesc":"角色等级740级","level":750,"size":1,"map":10007,"relive":7200,"appear":10006,"allDecHpRate":0.01,"allDecHpVal":54017722,"decHpParam2":24872308756.00,"bossId":24,"name":"魔龙教主","showAwards":[{"id":11121,"count":1},{"id":50024,"count":1},{"id":50064,"count":1},{"id":50104,"count":1},{"id":50144,"count":1},{"id":50184,"count":1},{"id":50224,"count":1},{"id":50264,"count":1}],"decHpParam3":0.05},{"decHpParam1":1.65,"condition":[{"value":770,"type":20001}],"vestDecHp":208092015,"unluckDesc":"角色等级770级","level":780,"size":1,"map":10008,"relive":7200,"appear":10007,"allDecHpRate":0.01,"allDecHpVal":69364005,"decHpParam2":31955809832.00,"bossId":25,"name":"雪域魔王","showAwards":[{"id":11121,"count":1},{"id":50025,"count":1},{"id":50065,"count":1},{"id":50105,"count":1},{"id":50145,"count":1},{"id":50185,"count":1},{"id":50225,"count":1},{"id":50265,"count":1}],"decHpParam3":0.05},{"decHpParam1":1.65,"condition":[{"value":800,"type":20001}],"vestDecHp":264152445,"unluckDesc":"角色等级800级","level":810,"size":1,"map":10008,"relive":7200,"appear":10007,"allDecHpRate":0.01,"allDecHpVal":88050815,"decHpParam2":40587057852.00,"bossId":26,"name":"雪域魔王","showAwards":[{"id":11121,"count":1},{"id":50026,"count":1},{"id":50066,"count":1},{"id":50106,"count":1},{"id":50146,"count":1},{"id":50186,"count":1},{"id":50226,"count":1},{"id":50266,"count":1}],"decHpParam3":0.05},{"decHpParam1":1.65,"condition":[{"value":830,"type":20001}],"vestDecHp":331833641,"unluckDesc":"角色等级830级","level":840,"size":1,"map":10008,"relive":9000,"appear":10007,"allDecHpRate":0.01,"allDecHpVal":110611213,"decHpParam2":51014532170.00,"bossId":27,"name":"雪域魔王","showAwards":[{"id":11121,"count":1},{"id":50027,"count":1},{"id":50067,"count":1},{"id":50107,"count":1},{"id":50147,"count":1},{"id":50187,"count":1},{"id":50227,"count":1},{"id":50267,"count":1}],"decHpParam3":0.05},{"decHpParam1":1.65,"condition":[{"value":860,"type":20001}],"vestDecHp":412909771,"unluckDesc":"角色等级860级","level":870,"size":1,"map":10009,"relive":9000,"appear":10033,"allDecHpRate":0.01,"allDecHpVal":137636590,"decHpParam2":63514188846.00,"bossId":28,"name":"蛮荒统领","showAwards":[{"id":11121,"count":1},{"id":50028,"count":1},{"id":50068,"count":1},{"id":50108,"count":1},{"id":50148,"count":1},{"id":50188,"count":1},{"id":50228,"count":1},{"id":50268,"count":1}],"decHpParam3":0.05},{"decHpParam1":1.65,"condition":[{"value":890,"type":20001}],"vestDecHp":509341807,"unluckDesc":"角色等级890级","level":900,"size":1,"map":10009,"relive":9000,"appear":10033,"allDecHpRate":0.01,"allDecHpVal":169780602,"decHpParam2":78391353784.00,"bossId":29,"name":"蛮荒统领","showAwards":[{"id":11121,"count":1},{"id":50029,"count":1},{"id":50069,"count":1},{"id":50109,"count":1},{"id":50149,"count":1},{"id":50189,"count":1},{"id":50229,"count":1},{"id":50269,"count":1}],"decHpParam3":0.05},{"decHpParam1":1.65,"condition":[{"value":920,"type":20001}],"vestDecHp":623289837,"unluckDesc":"角色等级920级","level":930,"size":1,"map":10009,"relive":9000,"appear":10033,"allDecHpRate":0.01,"allDecHpVal":207763279,"decHpParam2":95982690166.00,"bossId":30,"name":"蛮荒统领","showAwards":[{"id":11121,"count":1},{"id":50030,"count":1},{"id":50070,"count":1},{"id":50110,"count":1},{"id":50150,"count":1},{"id":50190,"count":1},{"id":50230,"count":1},{"id":50270,"count":1}],"decHpParam3":0.05},{"decHpParam1":1.65,"condition":[{"value":950,"type":20001}],"vestDecHp":757125730,"unluckDesc":"角色等级950级","level":960,"size":1,"map":10010,"relive":10800,"appear":10008,"allDecHpRate":0.01,"allDecHpVal":252375243,"decHpParam2":95982690166.00,"bossId":31,"name":"蛮荒之王","showAwards":[{"id":11121,"count":1},{"id":50031,"count":1},{"id":50071,"count":1},{"id":50111,"count":1},{"id":50151,"count":1},{"id":50191,"count":1},{"id":50231,"count":1},{"id":50271,"count":1}],"decHpParam3":0.05},{"decHpParam1":1.65,"condition":[{"value":980,"type":20001}],"vestDecHp":913446353,"unluckDesc":"角色等级980级","level":990,"size":1,"map":10010,"relive":10800,"appear":10008,"allDecHpRate":0.01,"allDecHpVal":304482117,"decHpParam2":95982690166.00,"bossId":32,"name":"蛮荒之王","showAwards":[{"id":11121,"count":1},{"id":50032,"count":1},{"id":50072,"count":1},{"id":50112,"count":1},{"id":50152,"count":1},{"id":50192,"count":1},{"id":50232,"count":1},{"id":50272,"count":1}],"decHpParam3":0.05},{"decHpParam1":1.65,"condition":[{"value":1010,"type":20001}],"vestDecHp":1119723667,"unluckDesc":"角色等级1010级","level":1020,"size":1,"map":10010,"relive":10800,"appear":10008,"allDecHpRate":0.01,"allDecHpVal":373241222,"decHpParam2":95982690166.00,"bossId":33,"name":"蛮荒之王","showAwards":[{"id":11121,"count":1},{"id":50033,"count":1},{"id":50073,"count":1},{"id":50113,"count":1},{"id":50153,"count":1},{"id":50193,"count":1},{"id":50233,"count":1},{"id":50273,"count":1}],"decHpParam3":0.05}],"bossAtkSec":2,"bossDescHpSec":5,"logDesc":"玩家<font color='#31B4F8'>%s</font>击杀<font color='#fe0000'>%s</font>掉落:%s","useItemCd":2,"reliveTime":30,"changeLineSec":60}}