{"FirstRechargeCfg":[{"range":{"min":1,"max":9999},"data":[{"showMc":20012,"id":1,"equipAwards":5761,"itemsId":500,"name":"盾牌礼包","scale":1.25,"ny":-90,"nx":15,"awards":[{"id":20124,"count":24,"count1":1},{"id":10003,"count":120},{"id":10004,"count":30}],"condition":[{"value":1,"type":20001}]},{"showMc":0,"id":2,"equipAwards":5762,"itemsId":501,"name":"幻武礼包","scale":1.50,"ny":-65,"nx":-55,"awards":[{"id":10105,"count":1},{"id":10003,"count":600},{"id":10004,"count":150}],"condition":[{"value":1,"type":20001}]},{"showMc":20010,"id":3,"equipAwards":0,"itemsId":502,"name":"时装礼包","scale":1.50,"ny":-10,"nx":0,"awards":[{"id":10310,"count":1},{"id":10003,"count":1960},{"id":10007,"count":3000},{"id":68,"type":5,"count":1}],"condition":[{"value":1,"type":20001}]},{"showMc":9001,"id":4,"equipAwards":0,"itemsId":503,"name":"特戒礼包","scale":1,"ny":0,"nx":10,"awards":[{"id":10401,"count":1},{"id":20124,"count":24,"count1":1},{"id":20124,"count":24,"count1":1},{"id":10003,"count":1360},{"id":10002,"count":88888}],"condition":[{"value":1,"type":20001}]},{"showMc":9003,"id":5,"equipAwards":0,"itemsId":504,"name":"特戒礼包","scale":1,"ny":0,"nx":10,"awards":[{"id":10403,"count":2},{"id":10807,"count":1},{"id":10106,"count":1},{"id":10003,"count":6560}],"condition":[{"value":1,"type":20001}]},{"showMc":20011,"id":6,"equipAwards":0,"itemsId":505,"name":"时装礼包","scale":1.50,"ny":-10,"nx":0,"awards":[{"id":10311,"count":1},{"id":20124,"count":24,"count1":1},{"id":20124,"count":24,"count1":1},{"id":20124,"count":24,"count1":1},{"id":10402,"count":5},{"id":10003,"count":12960}],"condition":[{"value":1,"type":20001}]}]}]}