{"FishConfig":[{"attr":[{"value":250,"type":14},{"value":250,"type":11}],"type":2,"awards":[{"id":10012,"count":9}],"id":1,"nx":-50,"ny":0,"desc":"栖息于水体底层，性情温和，生命力旺盛，耐寒耐缺氧","name":"鲤鱼","len":{"min":4000,"max":4800},"pushBox":1,"quality":0,"icon":65,"size":1},{"attr":[{"value":500,"type":13},{"value":0,"type":1}],"type":2,"awards":[{"id":10012,"count":5}],"id":2,"nx":-56,"ny":0,"desc":"温水性鱼类，在水的底层活动","name":"大板鲫","len":{"min":2000,"max":2400},"pushBox":1,"quality":0,"icon":66,"size":1},{"attr":[{"value":500,"type":12},{"value":0,"type":1}],"type":2,"awards":[{"id":10012,"count":5}],"id":3,"nx":-60,"ny":0,"name":"草鱼","desc":"性活泼，游泳迅速，常成群觅食，为典型的草食性鱼类","len":{"min":6000,"max":7200},"quality":0,"icon":67,"size":1},{"attr":[{"value":5800,"type":2},{"value":0,"type":1}],"type":1,"awards":[{"id":10012,"count":8}],"id":4,"nx":-36,"ny":0,"name":"红金鱼","desc":"世界著名三大观赏鱼类之一","len":{"min":1243,"max":1500},"quality":0,"icon":57,"size":1},{"attr":[{"value":500,"type":5},{"value":0,"type":1}],"type":4,"awards":[{"id":10012,"count":8}],"id":5,"nx":-20,"ny":0,"name":"海星","desc":"分布于砂质海底，珊瑚礁及各种深度的海洋中","len":{"min":750,"max":900},"quality":0,"icon":40011,"size":1},{"attr":[{"value":500,"type":6},{"value":0,"type":1}],"type":4,"awards":[{"id":10012,"count":8}],"id":6,"nx":-10,"ny":0,"name":"海胆","desc":"分布在潮间带到几千米深的海底，最长寿的海洋生物之一","len":{"min":500,"max":600},"quality":0,"icon":40008,"size":1},{"attr":[{"value":1500,"type":3},{"value":0,"type":1}],"type":1,"awards":[{"id":10012,"count":6}],"id":7,"nx":-33,"ny":0,"name":"黑金鱼","desc":"世界著名三大观赏鱼类之一","len":{"min":1250,"max":1500},"quality":0,"icon":62,"size":1},{"attr":[{"value":500,"type":8},{"value":0,"type":1}],"type":4,"awards":[{"id":10012,"count":5}],"id":8,"nx":-31,"ny":0,"desc":"适应能力极强，在生态环境中形成绝对的竞争优势","name":"小龙虾","len":{"min":1000,"max":1200},"pushBox":1,"quality":0,"icon":40013,"size":0.70},{"attr":[{"value":600,"type":6},{"value":0,"type":1}],"type":4,"awards":[{"id":10012,"count":2}],"id":9,"nx":-35,"ny":0,"name":"蚌","desc":"大部分能在体内自然形成珍珠，肉可食","len":{"min":1500,"max":1750},"quality":1,"icon":40002,"size":0.80},{"attr":[{"value":600,"type":8},{"value":0,"type":1}],"type":4,"awards":[{"id":10012,"count":18}],"id":10,"nx":-17,"ny":0,"name":"海马","desc":"头部像马一样，身子像鱼一样，没有脚","len":{"min":2550,"max":2975},"quality":1,"icon":40010,"size":1},{"attr":[{"value":600,"type":7},{"value":0,"type":1}],"type":4,"awards":[{"id":10012,"count":15}],"id":11,"nx":-49,"ny":0,"name":"青蛙","desc":"青蛙常栖息于池塘水边的草丛，有时也能潜伏到水中","len":{"min":600,"max":700},"quality":1,"icon":40014,"size":0.80},{"attr":[{"value":5000,"type":2},{"value":500,"type":4}],"type":1,"awards":[{"id":10012,"count":15}],"id":12,"nx":-35,"ny":0,"name":"夜光鱼","desc":"将观赏鱼的品质提升到另一个境界","len":{"min":1000,"max":1200},"quality":1,"icon":18,"size":1},{"attr":[{"value":300,"type":15},{"value":300,"type":16}],"type":2,"awards":[{"id":10012,"count":15}],"id":13,"nx":-65,"ny":0,"desc":"生活在水生植物丛生的静水域或缓水流处","name":"鲶鱼","len":{"min":2700,"max":3150},"pushBox":1,"quality":1,"icon":10,"size":1},{"attr":[{"value":500,"type":4},{"value":500,"type":6}],"type":4,"awards":[{"id":10012,"count":20}],"id":14,"nx":-32,"ny":0,"name":"蜗牛","desc":"在热带岛屿比较常见，但有的也生存在寒冷地区","len":{"min":500,"max":700},"quality":2,"icon":40018,"size":0.80},{"attr":[{"value":1700,"type":3},{"value":500,"type":4}],"type":1,"awards":[{"id":10012,"count":23}],"id":15,"nx":-30,"ny":0,"name":"刺豚","desc":"生活在海洋底层的鱼类，它不太喜欢游泳","len":{"min":2500,"max":2950},"quality":2,"icon":30,"size":1},{"attr":[{"value":0,"type":1},{"value":0,"type":1}],"type":5,"awards":[{"id":10012,"count":1}],"id":16,"nx":-33,"ny":0,"name":"水草","desc":"像一棵海草随波飘摇","len":{"min":0,"max":0},"quality":0,"icon":50001,"size":1},{"attr":[{"value":0,"type":1},{"value":0,"type":1}],"type":5,"awards":[{"id":10012,"count":1}],"id":17,"nx":-70,"ny":0,"name":"树枝","desc":"枯木树枝，没什么价值","len":{"min":0,"max":0},"quality":0,"icon":50013,"size":1},{"attr":[{"value":0,"type":1},{"value":0,"type":1}],"type":5,"awards":[{"id":10012,"count":1}],"id":18,"nx":-5,"ny":0,"name":"骨头","desc":"不知道是什么动物的胫骨","len":{"min":0,"max":0},"quality":0,"icon":50003,"size":1},{"attr":[{"value":0,"type":1},{"value":0,"type":1}],"type":5,"awards":[{"id":10012,"count":2}],"id":19,"nx":-48,"ny":0,"name":"咸鱼","desc":"晒干过的海鱼","len":{"min":0,"max":0},"quality":0,"icon":50002,"size":1},{"attr":[{"value":0,"type":1},{"value":0,"type":1}],"type":5,"awards":[{"id":10012,"count":2}],"id":20,"nx":-75,"ny":0,"name":"空的宝箱","desc":"宝箱内空空如也","len":{"min":0,"max":0},"quality":0,"icon":50012,"size":1},{"attr":[{"value":0,"type":1},{"value":0,"type":1}],"type":5,"awards":[{"id":10012,"count":2}],"id":21,"nx":-20,"ny":0,"name":"断掉的剑","desc":"一个有故事的人，一把断掉的剑","len":{"min":0,"max":0},"quality":0,"icon":50006,"size":1},{"attr":[{"value":0,"type":1},{"value":0,"type":1}],"type":5,"awards":[{"id":10012,"count":3}],"id":22,"nx":-50,"ny":0,"name":"生锈的头盔","desc":"水下一定发生过什么","len":{"min":0,"max":0},"quality":0,"icon":50011,"size":1},{"attr":[{"value":0,"type":1},{"value":0,"type":1}],"type":5,"awards":[{"id":10012,"count":20}],"id":23,"nx":-52,"ny":0,"name":"贝壳","desc":"软体动物的外套壳","len":{"min":0,"max":0},"quality":1,"icon":50022,"size":1},{"attr":[{"value":0,"type":1},{"value":0,"type":1}],"type":5,"awards":[{"id":10012,"count":25}],"id":24,"nx":-42,"ny":0,"name":"珊瑚","desc":"珊瑚虫分泌出的外壳，主要是碳酸钙","len":{"min":0,"max":0},"quality":1,"icon":50004,"size":1},{"attr":[{"value":0,"type":1},{"value":0,"type":1}],"type":5,"awards":[{"id":10012,"count":36}],"id":25,"nx":-27,"ny":0,"name":"金条","desc":"一根标准重量的金条，重116.64克","len":{"min":0,"max":0},"quality":2,"icon":50021,"size":1},{"attr":[{"value":0,"type":1},{"value":0,"type":1}],"type":5,"awards":[{"id":10012,"count":50}],"id":26,"nx":-48,"ny":0,"name":"古董花瓶","desc":"一个古董花瓶，应该能卖个好价钱","len":{"min":0,"max":0},"quality":3,"icon":50020,"size":1},{"attr":[{"value":0,"type":1},{"value":0,"type":1}],"type":5,"awards":[{"id":10012,"count":70}],"id":27,"nx":-44,"ny":0,"isRecord":1,"name":"航海罗盘","desc":"利用磁石指极性制成的指南仪器","len":{"min":0,"max":0},"quality":4,"icon":50019,"size":1},{"attr":[{"value":600,"type":10},{"value":0,"type":1}],"type":4,"awards":[{"id":10012,"count":18}],"id":28,"nx":-58,"ny":0,"name":"海龟","desc":"为了适应水生生活，身体比较扁平，四肢都变成鳍状","len":{"min":15000,"max":17500},"quality":1,"icon":40009,"size":1},{"attr":[{"value":600,"type":13},{"value":0,"type":1}],"type":2,"awards":[{"id":10012,"count":18}],"id":29,"nx":-48,"ny":0,"name":"坦鲷","desc":"适合在具有丰富食物及狂暴的水域环境下生长","len":{"min":4200,"max":4900},"quality":1,"icon":16,"size":1},{"attr":[{"value":700,"type":72},{"value":0,"type":1}],"type":3,"awards":[{"id":10012,"count":16}],"id":30,"nx":-105,"ny":0,"name":"不知道什么鱼","desc":"不知道是什么鱼，体长能达到1米以上","len":{"min":10500,"max":12000},"quality":1,"icon":35,"size":1},{"attr":[{"value":300,"type":14},{"value":300,"type":16}],"type":2,"awards":[{"id":10012,"count":27}],"id":31,"nx":-50,"ny":-10,"name":"主刺盖鱼","desc":"喜欢栖住在潮流湍急的岬岩或崖壁的窑洞里","len":{"min":3000,"max":4000},"quality":2,"icon":11,"size":1},{"attr":[{"value":600,"type":9},{"value":0,"type":1}],"type":4,"awards":[{"id":10012,"count":25}],"id":32,"nx":-53,"ny":0,"name":"金钱龟","desc":"金钱龟是珍贵的动物资源，浑身都是宝，在野外已难觅其踪","len":{"min":1500,"max":2000},"quality":2,"icon":40019,"size":1},{"attr":[{"value":6000,"type":2},{"value":0,"type":1}],"type":1,"awards":[{"id":10012,"count":26}],"id":33,"nx":-42,"ny":-10,"desc":"分布在热带与亚热带之间的岩石或珊瑚礁多的浅海地区的鱼类","name":"青衣鱼","len":{"min":2400,"max":3200},"pushBox":1,"quality":2,"icon":20,"size":1},{"attr":[{"value":500,"type":72},{"value":500,"type":73}],"type":3,"awards":[{"id":10012,"count":25}],"id":34,"nx":-85,"ny":0,"name":"黄尾鱼","desc":"此鱼鳍与鱼尾分别呈青黄色与桔黄色","len":{"min":12500,"max":15000},"quality":2,"icon":3,"size":1},{"attr":[{"value":210,"type":1},{"value":700,"type":10}],"type":4,"awards":[{"id":10012,"count":36}],"id":35,"nx":-10,"ny":0,"name":"月光水母","desc":"一种非常漂亮的水生动物，它的身体外形就像一把透明伞","len":{"min":2100,"max":2700},"quality":3,"icon":40017,"size":1},{"attr":[{"value":350,"type":13},{"value":350,"type":15}],"type":2,"awards":[{"id":10012,"count":55}],"id":36,"nx":-57,"ny":0,"name":"金龙鱼","desc":"泛闪金属光泽，极名贵的观赏鱼之一","len":{"min":4550,"max":5200},"quality":4,"icon":49,"size":1},{"attr":[{"value":250,"type":1},{"value":750,"type":4}],"type":1,"awards":[{"id":10012,"count":75}],"id":37,"nx":-20,"ny":0,"desc":"神仙鱼游动，如同燕子翱翔，被誉为“热带鱼皇后”","name":"神仙鱼","len":{"min":1250,"max":1550},"pushBox":1,"quality":4,"icon":1,"size":1},{"attr":[{"value":2200,"type":3},{"value":660,"type":4}],"type":1,"awards":[{"id":10012,"count":80}],"id":38,"nx":-30,"ny":0,"name":"角蝶鱼","desc":"热带暖水域珊瑚礁区之中小型鱼类","len":{"min":1946,"max":2299},"quality":4,"icon":17,"size":1},{"attr":[{"value":0,"type":1},{"value":0,"type":1}],"type":5,"awards":[{"id":10012,"count":110}],"id":39,"nx":-70,"ny":0,"isRecord":1,"name":"航海日记《启程》","desc":"有收藏价值，但又好像没什么用","len":{"min":0,"max":0},"quality":4,"icon":50008,"size":1},{"attr":[{"value":1900,"type":3},{"value":660,"type":4}],"type":1,"awards":[{"id":10012,"count":47}],"id":40,"nx":-45,"ny":0,"desc":"红鲑鱼由于其深红色肉质而得名","name":"小红鲑鱼","len":{"min":1900,"max":2300},"pushBox":1,"quality":2,"icon":23,"size":1},{"attr":[{"value":7800,"type":2},{"value":1950,"type":3}],"type":1,"awards":[{"id":10012,"count":48}],"id":41,"nx":-33,"ny":0,"name":"蝴蝶鱼","desc":"蝴蝶鱼一般个体较小，数量较少，体色大部鲜艳美丽","len":{"min":1544,"max":1900},"quality":2,"icon":32,"size":1},{"attr":[{"value":350,"type":13},{"value":350,"type":15}],"type":2,"awards":[{"id":10012,"count":47}],"id":42,"nx":-60,"ny":0,"name":"六间鱼","desc":"长大至30厘米体长时，全身变黑，观赏性变差","len":{"min":2800,"max":3200},"quality":2,"icon":12,"size":1},{"attr":[{"value":7800,"type":2},{"value":650,"type":4}],"type":1,"awards":[{"id":10012,"count":53}],"id":43,"nx":-45,"ny":0,"name":"蓝色刺尾鲷鱼","desc":"近海底层鱼类，全身蓝色十分艳丽，肉质细嫩而味道鲜美","len":{"min":2600,"max":3200},"quality":2,"icon":33,"size":1},{"attr":[{"value":300,"type":14},{"value":300,"type":12}],"type":2,"awards":[{"id":10012,"count":48}],"id":44,"nx":-56,"ny":0,"name":"狮子鱼","desc":"夜行性，海水鱼，性格孤僻，喜独居","len":{"min":3450,"max":4600},"quality":2,"icon":15,"size":1},{"attr":[{"value":300,"type":11},{"value":300,"type":16}],"type":2,"awards":[{"id":10012,"count":48}],"id":45,"nx":-62,"ny":0,"name":"黑背鼻鱼","desc":"栖息于珊瑚礁、岩礁区或碎石底之泻湖区","len":{"min":6000,"max":8000},"quality":2,"icon":19,"size":1},{"attr":[{"value":400,"type":5},{"value":400,"type":8}],"type":4,"awards":[{"id":10012,"count":61}],"id":46,"nx":-65,"ny":0,"name":"蝾螈","desc":"蝾螈生活在丘陵沼泽地水坑，池塘或稻田及其附近","len":{"min":1200,"max":1500},"quality":3,"icon":40016,"size":1},{"attr":[{"value":400,"type":9},{"value":400,"type":10}],"type":4,"awards":[{"id":10012,"count":62}],"id":47,"nx":-21,"ny":0,"desc":"剧毒生物之一，被这种小章鱼咬上一口可能会致人死亡","name":"蓝环章鱼","len":{"min":2000,"max":2500},"pushBox":1,"quality":3,"icon":40021,"size":1},{"attr":[{"value":9000,"type":2},{"value":900,"type":72}],"type":3,"awards":[{"id":10012,"count":82}],"id":48,"nx":-115,"ny":0,"desc":"游速最快的鱼，速度可以超过每小时110KM","name":"枪鱼","len":{"min":40500,"max":54000},"pushBox":1,"quality":4,"icon":5,"size":1},{"attr":[{"value":9000,"type":2},{"value":900,"type":73}],"type":3,"awards":[{"id":10012,"count":82}],"id":49,"nx":-108,"ny":0,"name":"鳄雀鳝","desc":"属于外来入侵物种，危害性极强","len":{"min":13500,"max":18000},"quality":4,"icon":8,"size":1},{"attr":[{"value":450,"type":7},{"value":450,"type":9}],"type":4,"awards":[{"id":10012,"count":92}],"id":50,"nx":-38,"ny":0,"name":"蓝龙","desc":"常见于布列塔尼出产的大西洋和英伦海峡的龙虾","len":{"min":2700,"max":3300},"quality":4,"icon":40012,"size":1},{"attr":[{"value":0,"type":1},{"value":0,"type":1}],"type":5,"awards":[{"id":10012,"count":320}],"id":51,"nx":-49,"ny":0,"isRecord":1,"name":"航海日记《潜伏的影子》","desc":"伟大的航海家哥伦布的手记","len":{"min":0,"max":0},"quality":2,"icon":50010,"size":1},{"attr":[{"value":350,"type":5},{"value":350,"type":7}],"type":4,"awards":[{"id":10012,"count":40}],"id":52,"nx":-19,"ny":0,"name":"大青蟹","desc":"栖息于潮间带的泥沙海滩、红树林或沼泽地","len":{"min":700,"max":900},"quality":1,"icon":40015,"size":0.70},{"attr":[{"value":350,"type":12},{"value":350,"type":14}],"type":2,"awards":[{"id":10012,"count":40}],"id":53,"nx":-53,"ny":0,"name":"石斑鱼","desc":"富含营养，肉质鲜美，低脂肪，高蛋白","len":{"min":3500,"max":4500},"quality":1,"icon":24,"size":1},{"attr":[{"value":350,"type":11},{"value":350,"type":16}],"type":2,"awards":[{"id":10012,"count":39}],"id":54,"nx":-57,"ny":0,"name":"青鲷","desc":"有着吃进泥砂再吐出的习性","len":{"min":3500,"max":4500},"quality":1,"icon":25,"size":1},{"attr":[{"value":350,"type":12},{"value":350,"type":14}],"type":2,"awards":[{"id":10012,"count":41}],"id":55,"nx":-48,"ny":0,"name":"水虎鱼","desc":"鱼身粗胖，颚宽大，牙齿犹如剃刀","len":{"min":4200,"max":5400},"quality":1,"icon":29,"size":1},{"attr":[{"value":350,"type":11},{"value":350,"type":12}],"type":2,"awards":[{"id":10012,"count":40}],"id":56,"nx":-62,"ny":0,"name":"河鲈","desc":"鱼类中的珍品，流传有“尝罢河鲈不思鱼”之说","len":{"min":3850,"max":4950},"quality":1,"icon":81,"size":1},{"attr":[{"value":350,"type":12},{"value":350,"type":16}],"type":2,"awards":[{"id":10012,"count":39}],"id":57,"nx":-57,"ny":0,"name":"黄金猛","desc":"黄金猛的外观极具观赏价值","len":{"min":4200,"max":5400},"quality":1,"icon":79,"size":1},{"attr":[{"value":350,"type":12},{"value":350,"type":13}],"type":2,"awards":[{"id":10012,"count":39}],"id":58,"nx":-54,"ny":0,"name":"五道黑","desc":"肉味鲜嫩，爽滑少刺，营养价值高","len":{"min":3850,"max":4950},"quality":1,"icon":77,"size":1},{"attr":[{"value":400,"type":11},{"value":400,"type":14}],"type":2,"awards":[{"id":10012,"count":54}],"id":59,"nx":-55,"ny":0,"name":"炮弹鱼","desc":"这种鱼的外形很像一个炮弹","len":{"min":4000,"max":5000},"quality":2,"icon":27,"size":1},{"attr":[{"value":400,"type":14},{"value":400,"type":15}],"type":2,"awards":[{"id":10012,"count":55}],"id":60,"nx":-50,"ny":0,"name":"皇帝神仙鱼","desc":"厚实的蓝色身体上布满了黄色条纹","len":{"min":4000,"max":5000},"quality":2,"icon":37,"size":1},{"attr":[{"value":400,"type":12},{"value":400,"type":15}],"type":2,"awards":[{"id":10012,"count":55}],"id":61,"nx":-50,"ny":0,"name":"红腹食人鲳","desc":"因为“食人鱼”的名声而风靡全球","len":{"min":2400,"max":3000},"quality":2,"icon":41,"size":1},{"attr":[{"value":200,"type":1},{"value":2000,"type":3}],"type":1,"awards":[{"id":10012,"count":62}],"id":62,"nx":-38,"ny":0,"name":"小丑鱼","desc":"因脸上都有一条或两条白色条纹，好似京剧中的丑角而得名","len":{"min":1100,"max":1375},"quality":2,"icon":54,"size":1},{"attr":[{"value":2000,"type":3},{"value":600,"type":71}],"type":3,"awards":[{"id":10012,"count":61}],"id":63,"nx":-115,"ny":0,"name":"银背鳗","desc":"一种外观类似长条蛇形的鱼类，产于咸淡水交界海域","len":{"min":10000,"max":12500},"quality":2,"icon":4,"size":1},{"attr":[{"value":2400,"type":3},{"value":800,"type":4}],"type":1,"awards":[{"id":10012,"count":78}],"id":64,"nx":-32,"ny":0,"desc":"侧面看像空中飞翔的燕子","name":"燕鱼","len":{"min":1200,"max":1500},"pushBox":1,"quality":3,"icon":39,"size":1},{"attr":[{"value":7500,"type":2},{"value":2500,"type":3}],"type":1,"awards":[{"id":10012,"count":78}],"id":65,"nx":-48,"ny":0,"desc":"色彩艳丽，可作为观赏鱼","name":"草莓鱼","len":{"min":2500,"max":3000},"pushBox":1,"quality":3,"icon":42,"size":1},{"attr":[{"value":8000,"type":2},{"value":2000,"type":4}],"type":1,"awards":[{"id":10012,"count":86}],"id":66,"nx":-38,"ny":0,"name":"青蛙鱼","desc":"俗名七彩麒麟，在海洋水族馆很受欢迎","len":{"min":600,"max":750},"quality":3,"icon":45,"size":1},{"attr":[{"value":450,"type":5},{"value":450,"type":9}],"type":4,"awards":[{"id":10012,"count":76}],"id":67,"nx":-45,"ny":0,"desc":"生活在寒冷海域，外壳光滑，肉质嫩滑细致","name":"大龙虾","len":{"min":1800,"max":2800},"pushBox":1,"quality":3,"icon":40001,"size":1},{"attr":[{"value":450,"type":11},{"value":450,"type":16}],"type":2,"awards":[{"id":10012,"count":78}],"id":68,"nx":-65,"ny":0,"name":"锦鲤","desc":"风靡当今世界的一种高档观赏鱼","len":{"min":3600,"max":5600},"quality":3,"icon":36,"size":1},{"attr":[{"value":2200,"type":3},{"value":1100,"type":73}],"type":3,"awards":[{"id":10012,"count":80}],"id":69,"nx":-92,"ny":0,"name":"虎斑鲷","desc":"近海底层鱼类，栖息在沙砾海底","len":{"min":8800,"max":11200},"quality":3,"icon":34,"size":1},{"attr":[{"value":800,"type":4},{"value":800,"type":71}],"type":3,"awards":[{"id":10012,"count":85}],"id":70,"nx":-76,"ny":0,"name":"巨嘴怪鱼","desc":"牙齿锐利，下颚发达有刺，以凶猛闻名","len":{"min":11600,"max":15950},"quality":3,"icon":9,"size":1},{"attr":[{"value":2200,"type":3},{"value":1000,"type":72}],"type":3,"awards":[{"id":10012,"count":93}],"id":71,"nx":-86,"ny":0,"name":"岩石斑","desc":"纹若岩石，广泛分布于热带和亚热带海域","len":{"min":8000,"max":12000},"quality":4,"icon":14,"size":1},{"attr":[{"value":500,"type":8},{"value":500,"type":10}],"type":4,"awards":[{"id":10012,"count":93}],"id":72,"nx":-66,"ny":0,"name":"大王乌贼","desc":"体圆锥形，后部陡然瘦狭，肉鳍短小，位于外套后部，略呈桃形","len":{"min":90000,"max":108000},"quality":4,"icon":40020,"size":1},{"attr":[{"value":334,"type":1},{"value":1000,"type":72}],"type":3,"awards":[{"id":10012,"count":95}],"id":73,"nx":-89,"ny":0,"desc":"纹若虎斑，广泛分布于热带和亚热带海域","name":"虎石斑","len":{"min":8500,"max":12724},"pushBox":1,"quality":4,"icon":22,"size":1},{"attr":[{"value":1200,"type":4},{"value":1200,"type":72}],"type":3,"awards":[{"id":10012,"count":485}],"id":74,"nx":-101,"ny":0,"name":"红鳍金枪鱼","desc":"金枪鱼可在温暖海域中发现","len":{"min":21000,"max":28000},"quality":4,"icon":69,"size":1},{"attr":[{"value":500,"type":8},{"value":500,"type":9}],"type":4,"awards":[{"id":10012,"count":95}],"id":75,"nx":-38,"ny":0,"name":"澳龙","desc":"澳龙肉质Q弹紧致，烹煮后亮丽的色泽令人垂涎欲滴","len":{"min":2000,"max":2800},"quality":4,"icon":40003,"size":1},{"attr":[{"value":0,"type":1},{"value":0,"type":1}],"type":5,"awards":[{"id":10012,"count":150}],"id":76,"nx":-56,"ny":0,"name":"红宝石","desc":"一颗猩红的宝石","len":{"min":0,"max":0},"quality":3,"icon":50016,"size":1},{"attr":[{"value":0,"type":1},{"value":0,"type":1}],"type":5,"awards":[{"id":10012,"count":300}],"id":77,"nx":-55,"ny":0,"isRecord":1,"name":"海洋之心","desc":"具有鲜艳深蓝色的钻石，是稀世珍品","len":{"min":0,"max":0},"quality":4,"icon":50015,"size":1},{"attr":[{"value":0,"type":1},{"value":0,"type":1}],"type":5,"awards":[{"id":10012,"count":960}],"id":78,"nx":-56,"ny":0,"isRecord":1,"name":"航海日记《暴风雨之夜》","desc":"一本破旧的书，有收藏价值","len":{"min":0,"max":0},"quality":4,"icon":50009,"size":1},{"attr":[{"value":8000,"type":2},{"value":800,"type":4}],"type":1,"awards":[{"id":10012,"count":10}],"id":79,"nx":-47,"ny":0,"isRecord":1,"name":"斑点鲈鱼","desc":"近海及河口附近中上层凶猛鱼类","len":{"min":2000,"max":2375},"quality":0,"icon":55,"size":1},{"attr":[{"value":400,"type":12},{"value":400,"type":16}],"type":2,"awards":[{"id":10012,"count":40}],"id":80,"nx":-71,"ny":0,"name":"乌鳢","desc":"凶猛性鱼类，喜生活在沿岸泥底水草丛生的浅水区","len":{"min":2400,"max":3300},"quality":1,"icon":52,"size":1},{"attr":[{"value":400,"type":6},{"value":400,"type":9}],"type":4,"awards":[{"id":10012,"count":42}],"id":81,"nx":-50,"ny":0,"name":"八爪鱼","desc":"八爪鱼凶狠残忍，下海的人遇到十分危险","len":{"min":6000,"max":8250},"quality":1,"icon":40004,"size":1},{"attr":[{"value":500,"type":5},{"value":500,"type":10}],"type":4,"awards":[{"id":10012,"count":52}],"id":82,"nx":-54,"ny":0,"name":"海参","desc":"每天会坚持吃海参，累的时候两根，大部分时间都是一根","len":{"min":1500,"max":1800},"quality":2,"icon":40007,"size":0.80},{"attr":[{"value":500,"type":15},{"value":500,"type":16}],"type":2,"awards":[{"id":10012,"count":54}],"id":83,"nx":-55,"ny":0,"desc":"生活习性不明，可作为食用鱼、观赏鱼及养殖鱼","name":"帝王三间","len":{"min":3000,"max":3600},"pushBox":1,"quality":2,"icon":61,"size":1},{"attr":[{"value":500,"type":7},{"value":500,"type":8}],"type":4,"awards":[{"id":10012,"count":55}],"id":84,"nx":-67,"ny":0,"name":"乌龟","desc":"现存古老的爬行动物，长有非常坚固的甲壳","len":{"min":1000,"max":1200},"quality":2,"icon":40006,"size":1},{"attr":[{"value":700,"type":4},{"value":700,"type":73}],"type":3,"awards":[{"id":10012,"count":56}],"id":85,"nx":-106,"ny":0,"name":"白斑狗鱼","desc":"大型凶猛肉食性鱼类，食量大","len":{"min":10500,"max":15000},"quality":2,"icon":28,"size":1},{"attr":[{"value":500,"type":11},{"value":500,"type":14}],"type":2,"awards":[{"id":10012,"count":58}],"id":86,"nx":-61,"ny":0,"name":"豹点斑","desc":"广泛分布于热带和亚热带海域","len":{"min":4500,"max":5400},"quality":2,"icon":13,"size":1},{"attr":[{"value":350,"type":1},{"value":10500,"type":2}],"type":1,"awards":[{"id":10012,"count":75}],"id":87,"nx":-47,"ny":0,"name":"红绿灯鱼","desc":"全身笼罩着青绿色光彩，光彩夺目","len":{"min":350,"max":450},"quality":3,"icon":51,"size":1},{"attr":[{"value":12000,"type":2},{"value":2400,"type":3}],"type":1,"awards":[{"id":10012,"count":78}],"id":88,"nx":-36,"ny":0,"desc":"分布于近岸岩礁，红树林及海藻丛生的海域","name":"金钱鱼","len":{"min":1800,"max":2400},"pushBox":1,"quality":3,"icon":44,"size":1},{"attr":[{"value":400,"type":71},{"value":200,"type":72}],"type":3,"awards":[{"id":10012,"count":98}],"id":89,"nx":-92,"ny":0,"name":"石头鱼","desc":"毒性很强的一种鱼，拥有“致命一刺”","len":{"min":5000,"max":10000},"quality":4,"icon":75,"size":1},{"attr":[{"value":450,"type":1},{"value":3200,"type":3}],"type":1,"awards":[{"id":10012,"count":418}],"id":90,"nx":-42,"ny":0,"desc":"多栖息于温带靠海岸的岩礁或珊瑚礁内，也会在水草丛中","name":"龙须狮子鱼","len":{"min":1760,"max":2550},"pushBox":1,"quality":4,"icon":31,"size":1},{"attr":[{"value":3200,"type":3},{"value":1100,"type":4}],"type":1,"awards":[{"id":10012,"count":100}],"id":91,"nx":-56,"ny":0,"name":"孔雀鱼","desc":"体色绚烂多彩，体型优美","len":{"min":320,"max":450},"quality":4,"icon":50,"size":1},{"attr":[{"value":0,"type":1},{"value":0,"type":1}],"type":5,"awards":[{"id":10012,"count":26}],"id":92,"nx":-60,"ny":0,"name":"铁手镯","desc":"和生锈的头盔好像是同一套的","len":{"min":0,"max":0},"quality":0,"icon":50018,"size":1},{"attr":[{"value":0,"type":1},{"value":0,"type":1}],"type":5,"awards":[{"id":10012,"count":26}],"id":93,"nx":-66,"ny":0,"name":"鞋子","desc":"钓到一个无意义的东西","len":{"min":0,"max":0},"quality":0,"icon":50005,"size":1},{"attr":[{"value":0,"type":1},{"value":0,"type":1}],"type":5,"awards":[{"id":10012,"count":38}],"id":94,"nx":-70,"ny":0,"name":"一捆绳子","desc":"以为是鳗鱼， 其实只是一捆绳子","len":{"min":0,"max":0},"quality":1,"icon":50014,"size":1},{"attr":[{"value":0,"type":1},{"value":0,"type":1}],"type":5,"awards":[{"id":10012,"count":66}],"id":95,"nx":-62,"ny":0,"name":"铜镜","desc":"青铜铸造的镜子，一般都是王和贵族才能拥有","len":{"min":0,"max":0},"quality":2,"icon":50007,"size":1},{"attr":[{"value":0,"type":1},{"value":0,"type":1}],"type":5,"awards":[{"id":10012,"count":120}],"id":96,"nx":-53,"ny":0,"isRecord":1,"name":"铁斧子","desc":"这就是我掉的斧头","len":{"min":0,"max":0},"quality":2,"icon":50023,"size":1},{"attr":[{"value":0,"type":1},{"value":0,"type":1}],"type":5,"awards":[{"id":10012,"count":240}],"id":97,"nx":-53,"ny":0,"isRecord":1,"name":"银斧子","desc":"河神：这把银斧头是你掉的吗？","len":{"min":0,"max":0},"quality":3,"icon":50024,"size":1},{"attr":[{"value":0,"type":1},{"value":0,"type":1}],"type":5,"awards":[{"id":10012,"count":360}],"id":98,"nx":-53,"ny":0,"isRecord":1,"name":"金斧子","desc":"河神：这把金斧头是你掉的吗？","len":{"min":0,"max":0},"quality":4,"icon":50025,"size":1},{"attr":[{"value":0,"type":1},{"value":0,"type":1}],"type":5,"awards":[{"id":10012,"count":12}],"id":99,"nx":-40,"ny":0,"name":"皓月珍珠","desc":"一种古老的有机宝石，含碳酸钙的矿物珠粒","len":{"min":0,"max":0},"quality":4,"icon":50017,"size":1},{"attr":[{"value":14000,"type":2},{"value":1400,"type":4}],"type":1,"awards":[{"id":10012,"count":30}],"id":100,"nx":-49,"ny":0,"name":"马鲷鱼","desc":"非常艳丽的体色和金属光泽，外观十分漂亮","len":{"min":2100,"max":2700},"quality":2,"icon":40,"size":1},{"attr":[{"value":400,"type":12},{"value":400,"type":13}],"type":2,"awards":[{"id":10012,"count":70}],"id":101,"nx":-54,"ny":0,"name":"小丑皇","desc":"栖息在珊瑚礁与岩礁","len":{"min":4000,"max":7000},"quality":2,"icon":43,"size":1},{"attr":[{"value":400,"type":1},{"value":800,"type":4}],"type":1,"awards":[{"id":10012,"count":80}],"id":102,"nx":-47,"ny":0,"desc":"细长的银色小鱼，食用价值很高","name":"沙丁鱼","len":{"min":1500,"max":2250},"pushBox":1,"quality":2,"icon":38,"size":1},{"attr":[{"value":500,"type":15},{"value":500,"type":16}],"type":2,"awards":[{"id":10012,"count":250}],"id":103,"nx":-37,"ny":0,"name":"菠萝鱼","desc":"平时性情温和，只在繁殖期时变得凶猛","len":{"min":5000,"max":7500},"quality":3,"icon":2,"size":1},{"attr":[{"value":12000,"type":2},{"value":1200,"type":71}],"type":3,"awards":[{"id":10012,"count":280}],"id":104,"nx":-110,"ny":0,"name":"赤鳍狗鱼","desc":"分布于高寒地带，却属于亚冷水性鱼类","len":{"min":12000,"max":16000},"quality":3,"icon":46,"size":1},{"attr":[{"value":3000,"type":3},{"value":1000,"type":4}],"type":1,"awards":[{"id":10012,"count":32}],"id":105,"nx":-50,"ny":0,"desc":"栖息于热带和亚热带海域的礁缘砂泥底，潮间带","name":"北梭鱼","len":{"min":2100,"max":2800},"pushBox":1,"quality":0,"icon":68,"size":1},{"attr":[{"value":500,"type":6},{"value":500,"type":7}],"type":4,"awards":[{"id":10012,"count":350}],"id":106,"nx":-26,"ny":0,"desc":"帝王蟹主要分布在寒冷的海域，因体型巨大而得名","name":"帝王蟹","len":{"min":1750,"max":3150},"pushBox":1,"quality":4,"icon":40005,"size":1},{"attr":[{"value":500,"type":11},{"value":500,"type":15}],"type":2,"awards":[{"id":10012,"count":82}],"id":107,"nx":-45,"ny":0,"name":"虎鱼","desc":"栖息于近岸潮间带或底质为泥沙、岩礁的浅海区","len":{"min":5000,"max":7500},"quality":2,"icon":58,"size":1},{"attr":[{"value":500,"type":11},{"value":500,"type":13}],"type":2,"awards":[{"id":10012,"count":84}],"id":108,"nx":-62,"ny":0,"name":"大口黑鲈","desc":"生性凶猛，以鱼、虾、蟹及其他无脊椎动物为食","len":{"min":2500,"max":3750},"quality":2,"icon":47,"size":1},{"attr":[{"value":500,"type":12},{"value":500,"type":14}],"type":2,"awards":[{"id":10012,"count":40}],"id":109,"nx":-61,"ny":0,"name":"鲑鱼","desc":"冷水性鱼类，被美食界誉为“冰海之皇”","len":{"min":2500,"max":3500},"quality":1,"icon":48,"size":1},{"attr":[{"value":500,"type":14},{"value":500,"type":16}],"type":2,"awards":[{"id":10012,"count":275}],"id":110,"nx":-53,"ny":0,"name":"雪花豹","desc":"外形奇特，色彩美丽，可作为观赏鱼类","len":{"min":3000,"max":4800},"quality":3,"icon":7,"size":1},{"attr":[{"value":500,"type":71},{"value":500,"type":72}],"type":3,"awards":[{"id":10012,"count":370}],"id":111,"nx":-116,"ny":0,"name":"鲸鲨","desc":"主要分布于各热带和温带海域","len":{"min":65000,"max":195000},"quality":4,"icon":6,"size":1},{"attr":[{"value":500,"type":13},{"value":500,"type":16}],"type":2,"awards":[{"id":10012,"count":41}],"id":112,"nx":-60,"ny":0,"name":"褐石斑","desc":"沿海地区重要的养殖鱼类之一","len":{"min":3500,"max":4900},"quality":1,"icon":59,"size":1},{"attr":[{"value":500,"type":1},{"value":15000,"type":2}],"type":1,"awards":[{"id":10012,"count":375}],"id":113,"nx":-37,"ny":0,"name":"皇冠鱼","desc":"性情凶猛，吞食小鱼小虾","len":{"min":1250,"max":2250},"quality":4,"icon":56,"size":1}]}