{"GetMaterialCfg":[{"awardType":10004,"list":[{"evtText":"","conditions":[{"value":1,"type":20001}],"desc":"闯关首领掉落","iconId":6},{"evtText":"@@showWin,62","conditions":[{"value":200,"type":21041}],"desc":"从领地中采集","iconId":4},{"evtText":"@@showWin,16","conditions":[{"value":250,"type":21041}],"desc":"冒险挑战获取","iconId":7},{"evtText":"@@showWin,22","conditions":[{"value":350,"type":21041}],"desc":"击败个人首领","iconId":5},{"evtText":"@@showWin,115","conditions":[{"value":15,"type":20001}],"desc":"其他获取方式","iconId":6}],"desc":"可以通过以下方式获得打造次数"},{"awardType":10003,"list":[{"evtText":"@@showWin,49","conditions":[{"value":1,"type":20001}],"desc":"钻石商城购买","iconId":8},{"evtText":"@@showWin,62","conditions":[{"value":200,"type":21041}],"desc":"从领地中采集","iconId":9},{"evtText":"@@showWin,16","conditions":[{"value":250,"type":21041}],"desc":"冒险挑战获取","iconId":7},{"evtText":"@@showWin,115","conditions":[{"value":15,"type":20001}],"desc":"其他获取方式","iconId":6}],"desc":"可以通过以下方式获得钻石"},{"awardType":10002,"list":[{"evtText":"@@closeAll","conditions":[{"value":1,"type":20001}],"desc":"出售装备获得元宝","iconId":7},{"evtText":"@@showWin,49,1","conditions":[{"value":1,"type":20001}],"desc":"商城金库获取","iconId":10002}],"desc":"元宝不足，通过以下方式获得"},{"awardType":10012,"list":[{"evtText":"","conditions":[{"value":2,"type":30004},{"value":80,"type":20001}],"desc":"出售渔获获得贝币","iconId":10012}],"desc":"贝币不足，通过以下方式获得"},{"awardType":10067,"list":[{"evtText":"@@showWin,173","conditions":[{"value":15,"type":30004}],"desc":"参与巅峰竞技","iconId":10067}],"desc":"巅峰币不足，通过以下方式获得"},{"awardType":10301,"list":[{"evtText":"@@showWin,140,1","conditions":[{"value":80,"type":20001}],"desc":"城主奖励","iconId":10301}],"desc":"可以通过以下方式获得"},{"awardType":10310,"list":[{"evtText":"@@showWin,125","conditions":[{"value":5,"type":20001}],"desc":"新人福利礼包","iconId":10310}],"desc":"可以通过以下方式获得"},{"awardType":10311,"list":[{"evtText":"@@showWin,125","conditions":[{"value":5,"type":20001}],"desc":"新人福利礼包","iconId":10311}],"desc":"可以通过以下方式获得"},{"awardType":10308,"list":[{"evtText":"@@showWin,131","conditions":[{"value":90,"type":20001}],"desc":"航海商城兑换","iconId":10308}],"desc":"可以通过以下方式获得"},{"awardType":10309,"list":[{"evtText":"@@showWin,131","conditions":[{"value":90,"type":20001}],"desc":"航海商城兑换","iconId":10309}],"desc":"可以通过以下方式获得"},{"awardType":10302,"list":[{"evtText":"@@showWin,140,3","conditions":[{"value":80,"type":20001}],"desc":"沙城宝库","iconId":10302}],"desc":"可以通过以下方式获得"},{"awardType":10303,"list":[{"evtText":"@@showWin,149","conditions":[{"value":2,"type":30004}],"desc":"王者战令","iconId":10303}],"desc":"可以通过以下方式获得"},{"awardType":10306,"list":[{"evtText":"@@showWin,173","conditions":[{"value":15,"type":30004}],"desc":"巅峰商城","iconId":10306}],"desc":"可以通过以下方式获得"},{"awardType":10401,"list":[{"evtText":"@@showWin,140,3","conditions":[{"value":80,"type":20001}],"desc":"沙城宝库","iconId":10003},{"evtText":"@@showWin,125","conditions":[{"value":5,"type":20001}],"desc":"新人福利礼包","iconId":6},{"evtText":"@@showWin,126,3","conditions":[{"value":1,"type":20001},{"value":7,"type":30005}],"desc":"神秘商店","iconId":10005}],"desc":"可以通过以下方式获得"},{"awardType":10402,"list":[{"evtText":"@@showWin,140,3","conditions":[{"value":80,"type":20001}],"desc":"沙城宝库","iconId":10003},{"evtText":"@@showWin,125","conditions":[{"value":5,"type":20001}],"desc":"新人福利礼包","iconId":6},{"evtText":"@@showWin,126,3","conditions":[{"value":1,"type":20001},{"value":7,"type":30005}],"desc":"神秘商店","iconId":10005}],"desc":"可以通过以下方式获得"},{"awardType":10403,"list":[{"evtText":"@@showWin,140,3","conditions":[{"value":80,"type":20001}],"desc":"沙城宝库","iconId":10003},{"evtText":"@@showWin,125","conditions":[{"value":5,"type":20001}],"desc":"新人福利礼包","iconId":6},{"evtText":"@@showWin,126,3","conditions":[{"value":1,"type":20001},{"value":7,"type":30005}],"desc":"神秘商店","iconId":10005}],"desc":"可以通过以下方式获得"},{"awardType":10404,"list":[{"evtText":"@@showWin,131","conditions":[{"value":90,"type":20001}],"desc":"航海贸易","iconId":10004},{"evtText":"@@showWin,126,3","conditions":[{"value":1,"type":20001},{"value":7,"type":30005}],"desc":"神秘商店","iconId":10005}],"desc":"可以通过以下方式获得"},{"awardType":10405,"list":[{"evtText":"@@showWin,131","conditions":[{"value":90,"type":20001}],"desc":"航海贸易","iconId":10004},{"evtText":"@@showWin,126,3","conditions":[{"value":1,"type":20001},{"value":7,"type":30005}],"desc":"神秘商店","iconId":10005}],"desc":"可以通过以下方式获得"},{"awardType":10406,"list":[{"evtText":"@@showWin,131","conditions":[{"value":90,"type":20001}],"desc":"航海贸易","iconId":10004},{"evtText":"@@showWin,126,3","conditions":[{"value":1,"type":20001},{"value":7,"type":30005}],"desc":"神秘商店","iconId":10005}],"desc":"可以通过以下方式获得"},{"awardType":10065,"list":[{"evtText":"@@showWin,151","conditions":[{"value":4,"type":100200}],"desc":"宠物庆典","iconId":10065}],"desc":"可以通过以下方式获得"},{"list":[{"evtText":"@@showWin,193","conditions":[{"value":80,"type":20001},{"value":3,"type":30004}],"desc":"传世宝箱","iconId":10009}],"itemType":[10551,10552,10553,10554,10555,10556,10557,10558],"desc":"可以通过以下方式获得"},{"awardType":10312,"list":[{"evtText":"@@showWin,199","conditions":[{"value":1,"type":100200}],"desc":"合服活动","iconId":10312}],"desc":"可以通过以下方式获得"},{"awardType":10313,"list":[{"evtText":"@@showWin,199","conditions":[{"value":1,"type":100200}],"desc":"合服活动","iconId":10313}],"desc":"可以通过以下方式获得"},{"awardType":10314,"list":[{"evtText":"@@showWin,115","conditions":[{"value":15,"type":20001}],"desc":"连充福利","iconId":10314}],"desc":"可以通过以下方式获得"},{"awardType":10315,"list":[{"evtText":"@@changeScene,2","conditions":[{"value":5,"type":30004},{"value":90,"type":20001}],"desc":"矿洞宝库","iconId":10315}],"desc":"可以通过以下方式获得"},{"awardType":10316,"list":[{"evtText":"@@changeScene,2","conditions":[{"value":5,"type":30004},{"value":90,"type":20001}],"desc":"矿洞宝库","iconId":10316}],"desc":"可以通过以下方式获得"},{"awardType":10071,"list":[{"evtText":"@@showWin,202","conditions":[{"value":1,"type":20001}],"desc":"闯关奖励","iconId":10071},{"evtText":"@@showWin,154","conditions":[{"value":50,"type":21041}],"desc":"藏 书 阁","iconId":10071}],"desc":"可以通过以下方式获得"},{"awardType":10875,"list":[{"evtText":"@@showWin,202","conditions":[{"value":1,"type":20001}],"desc":"闯关奖励","iconId":10071},{"evtText":"@@showWin,154","conditions":[{"value":50,"type":21041}],"desc":"藏 书 阁","iconId":10071}],"desc":"可以通过以下方式获得"},{"awardType":10072,"list":[{"evtText":"@@showWin,202","conditions":[{"value":1,"type":20001}],"desc":"闯关奖励","iconId":10072}],"desc":"可以通过以下方式获得"},{"awardType":10500,"list":[{"evtText":"@@showWin,88","conditions":[{"value":1300,"type":21041}],"desc":"试炼之塔","iconId":10500}],"desc":"可以通过以下方式获得"},{"awardType":10501,"list":[{"evtText":"@@showWin,88","conditions":[{"value":1300,"type":21041}],"desc":"试炼之塔","iconId":10501}],"desc":"可以通过以下方式获得"},{"awardType":10503,"list":[{"evtText":"@@showWin,280","conditions":[{"value":4,"type":30004},{"value":90,"type":20001}],"desc":"通天塔","iconId":10503}],"desc":"可以通过以下方式获得"},{"awardType":10504,"list":[{"evtText":"@@showWin,280","conditions":[{"value":4,"type":30004},{"value":90,"type":20001}],"desc":"通天塔","iconId":10504}],"desc":"可以通过以下方式获得"},{"awardType":10505,"list":[{"evtText":"@@showWin,202","conditions":[{"value":1,"type":20001}],"desc":"闯关奖励","iconId":10071},{"evtText":"@@changeScene,2","conditions":[{"value":5,"type":30004},{"value":90,"type":20001}],"desc":"比奇矿洞","iconId":10505}],"desc":"可以通过以下方式获得"},{"list":[{"evtText":"@@showWin,115","conditions":[{"value":15,"type":20001}],"desc":"日常礼包","iconId":10028},{"evtText":"@@showWin,75","conditions":[{"value":750,"type":21041}],"desc":"寻    宝","iconId":10028},{"evtText":"@@showWin,88","conditions":[{"value":1300,"type":21041}],"desc":"试炼商城","iconId":10028},{"evtText":"@@showWin,62","conditions":[{"value":200,"type":21041}],"desc":"领地采集","iconId":10028}],"itemType":[10028],"desc":"可以通过以下方式获得"},{"list":[{"evtText":"@@showWin,115","conditions":[{"value":15,"type":20001}],"desc":"日常礼包","iconId":11},{"evtText":"@@showWin,30","conditions":[{"value":100,"type":21041}],"desc":"竞 技 场","iconId":11},{"evtText":"@@showWin,88","conditions":[{"value":1300,"type":21041}],"desc":"试炼商城","iconId":11}],"itemType":[10005],"desc":"可以通过以下方式获得"},{"list":[{"evtText":"@@showWin,115","conditions":[{"value":15,"type":20001}],"desc":"日常礼包","iconId":12},{"evtText":"@@showWin,16","conditions":[{"value":250,"type":21041}],"desc":"冒险挑战","iconId":12},{"evtText":"@@showWin,88","conditions":[{"value":1300,"type":21041}],"desc":"试炼商城","iconId":12},{"evtText":"@@showWin,62","conditions":[{"value":200,"type":21041}],"desc":"领地采集","iconId":12}],"itemType":[10010,10081],"desc":"可以通过以下方式获得"},{"list":[{"evtText":"@@showWin,115","conditions":[{"value":15,"type":20001}],"desc":"日常礼包","iconId":20007},{"evtText":"@@showWin,78,1","conditions":[{"value":150,"type":21041}],"desc":"宠物探索","iconId":20007},{"evtText":"@@showWin,88","conditions":[{"value":1300,"type":21041}],"desc":"试炼商城","iconId":20007},{"evtText":"@@showWin,40,2","conditions":[{"value":100,"type":21041}],"desc":"行会屠龙","iconId":20007}],"itemType":[10007],"desc":"可以通过以下方式获得"},{"list":[{"evtText":"@@showWin,88","conditions":[{"value":1300,"type":21041}],"desc":"试炼商城","iconId":20007},{"evtText":"@@showWin,49,0","conditions":[{"value":1,"type":20001}],"desc":"商城购买","iconId":20007},{"evtText":"@@showWin,62","conditions":[{"value":200,"type":21041}],"desc":"领地采集","iconId":20007},{"evtText":"@@showWin,40,2","conditions":[{"value":100,"type":21041}],"desc":"行会屠龙","iconId":20007}],"itemType":[10008],"desc":"可以通过以下方式获得"},{"list":[{"evtText":"@@showWin,303","conditions":[{"value":17,"type":30004},{"value":90,"type":20001}],"desc":"前往烹饪","iconId":20007}],"itemType":[10216,10217,10218,10219,10220,10221,10222,10223,10224],"desc":"可以通过以下方式获得"},{"list":[{"evtText":"@@showWin,30","conditions":[{"value":100,"type":21041}],"desc":"竞 技 场","iconId":13}],"itemType":[10006],"desc":"可以通过以下方式获得"},{"list":[{"evtText":"@@showWin,349","conditions":[{"value":40,"type":20001}],"desc":"分解生肖","iconId":5},{"evtText":"@@showWin,49,2","conditions":[{"value":40,"type":20001}],"desc":"购买钻石赠送","iconId":5}],"itemType":[11120],"desc":"可以通过以下方式获得"},{"list":[{"evtText":"@@showWin,22,1","conditions":[{"value":40,"type":20001}],"desc":"生肖首领","iconId":5},{"evtText":"@@showWin,49,3","conditions":[{"value":400,"type":21041}],"desc":"传奇商城","iconId":5},{"evtText":"@@showWin,341,0","conditions":[{"value":400,"type":21041}],"desc":"拍 卖 行","iconId":5}],"itemType":[11121],"desc":"可以通过以下方式获得"},{"list":[{"evtText":"@@showWin,22,1","conditions":[{"value":40,"type":20001}],"desc":"生肖首领","iconId":5},{"evtText":"@@showWin,49,3","conditions":[{"value":400,"type":21041}],"desc":"传奇商城","iconId":5},{"evtText":"@@showWin,341,0","conditions":[{"value":400,"type":21041}],"desc":"拍 卖 行","iconId":5}],"itemType":[50001],"desc":"可以通过以下方式获得"},{"list":[{"evtText":"@@showWin,22,1","conditions":[{"value":40,"type":20001}],"desc":"生肖首领","iconId":5},{"evtText":"@@showWin,49,3","conditions":[{"value":400,"type":21041}],"desc":"传奇商城","iconId":5},{"evtText":"@@showWin,341,0","conditions":[{"value":400,"type":21041}],"desc":"拍 卖 行","iconId":5}],"itemType":[50041],"desc":"可以通过以下方式获得"},{"list":[{"evtText":"@@showWin,22,1","conditions":[{"value":40,"type":20001}],"desc":"生肖首领","iconId":5},{"evtText":"@@showWin,49,3","conditions":[{"value":400,"type":21041}],"desc":"传奇商城","iconId":5},{"evtText":"@@showWin,341,0","conditions":[{"value":400,"type":21041}],"desc":"拍 卖 行","iconId":5}],"itemType":[50081],"desc":"可以通过以下方式获得"},{"list":[{"evtText":"@@showWin,22,1","conditions":[{"value":40,"type":20001}],"desc":"生肖首领","iconId":5},{"evtText":"@@showWin,49,3","conditions":[{"value":400,"type":21041}],"desc":"传奇商城","iconId":5},{"evtText":"@@showWin,341,0","conditions":[{"value":400,"type":21041}],"desc":"拍 卖 行","iconId":5}],"itemType":[50121],"desc":"可以通过以下方式获得"},{"list":[{"evtText":"@@showWin,22,1","conditions":[{"value":40,"type":20001}],"desc":"生肖首领","iconId":5},{"evtText":"@@showWin,49,3","conditions":[{"value":400,"type":21041}],"desc":"传奇商城","iconId":5},{"evtText":"@@showWin,341,0","conditions":[{"value":400,"type":21041}],"desc":"拍 卖 行","iconId":5}],"itemType":[50161],"desc":"可以通过以下方式获得"},{"list":[{"evtText":"@@showWin,22,1","conditions":[{"value":40,"type":20001}],"desc":"生肖首领","iconId":5},{"evtText":"@@showWin,49,3","conditions":[{"value":400,"type":21041}],"desc":"传奇商城","iconId":5},{"evtText":"@@showWin,341,0","conditions":[{"value":400,"type":21041}],"desc":"拍 卖 行","iconId":5}],"itemType":[50201],"desc":"可以通过以下方式获得"},{"list":[{"evtText":"@@showWin,22,1","conditions":[{"value":40,"type":20001}],"desc":"生肖首领","iconId":5},{"evtText":"@@showWin,49,3","conditions":[{"value":400,"type":21041}],"desc":"传奇商城","iconId":5},{"evtText":"@@showWin,341,0","conditions":[{"value":400,"type":21041}],"desc":"拍 卖 行","iconId":5}],"itemType":[50241],"desc":"可以通过以下方式获得"},{"list":[{"evtText":"@@showWin,22,1","conditions":[{"value":40,"type":20001}],"desc":"生肖首领","iconId":5},{"evtText":"@@showWin,49,3","conditions":[{"value":400,"type":21041}],"desc":"传奇商城","iconId":5},{"evtText":"@@showWin,341,0","conditions":[{"value":400,"type":21041}],"desc":"拍 卖 行","iconId":5}],"itemType":[50281],"desc":"可以通过以下方式获得"},{"list":[{"evtText":"@@showWin,22,1","conditions":[{"value":40,"type":20001}],"desc":"生肖首领","iconId":5},{"evtText":"@@showWin,49,3","conditions":[{"value":400,"type":21041}],"desc":"传奇商城","iconId":5},{"evtText":"@@showWin,341,0","conditions":[{"value":400,"type":21041}],"desc":"拍 卖 行","iconId":5}],"itemType":[50321],"desc":"可以通过以下方式获得"},{"list":[{"evtText":"@@showWin,22,1","conditions":[{"value":40,"type":20001}],"desc":"生肖首领","iconId":5},{"evtText":"@@showWin,49,3","conditions":[{"value":400,"type":21041}],"desc":"传奇商城","iconId":5},{"evtText":"@@showWin,341,0","conditions":[{"value":400,"type":21041}],"desc":"拍 卖 行","iconId":5}],"itemType":[50361],"desc":"可以通过以下方式获得"},{"list":[{"evtText":"@@showWin,22,1","conditions":[{"value":40,"type":20001}],"desc":"生肖首领","iconId":5},{"evtText":"@@showWin,49,3","conditions":[{"value":400,"type":21041}],"desc":"传奇商城","iconId":5},{"evtText":"@@showWin,341,0","conditions":[{"value":400,"type":21041}],"desc":"拍 卖 行","iconId":5}],"itemType":[50401],"desc":"可以通过以下方式获得"},{"list":[{"evtText":"@@showWin,22,1","conditions":[{"value":40,"type":20001}],"desc":"生肖首领","iconId":5},{"evtText":"@@showWin,49,3","conditions":[{"value":400,"type":21041}],"desc":"传奇商城","iconId":5},{"evtText":"@@showWin,341,0","conditions":[{"value":400,"type":21041}],"desc":"拍 卖 行","iconId":5}],"itemType":[50441],"desc":"可以通过以下方式获得"}]}