{"GiftConfig":{"ForeverCardCfg":{"dayAwards":[{"id":10003,"count":60}],"descs":[{"aw":[{"id":10003,"count":1980}],"dsc":"1、立即获得"},{"aw":[{"id":10003,"count":60}],"dsc":"2、每日登录都可领取"},{"aw":"","dsc":"3、永久跳过广告"},{"aw":"","dsc":"4、铭文自动制造"}],"awards":[{"id":10003,"count":1980}],"title":[13]},"DailyList":[[{"btnSkin":"Button05","rmbId":1001,"bgIcon":40},{"daylimit":4,"btnSkin":"Button05","rmbId":1002,"bgIcon":50},{"btnSkin":"Button07","rmbId":1003,"bgIcon":43},{"daylimit":4,"btnSkin":"Button04_1","rmbId":1004,"bgIcon":42},{"daylimit":4,"btnSkin":"Button06","rmbId":1005,"bgIcon":41},{"btnSkin":"Button07","rmbId":1006,"bgIcon":43},{"btnSkin":"Button04_1","rmbId":1007,"bgIcon":42},{"btnSkin":"Button06","rmbId":1008,"bgIcon":41}],[{"btnSkin":"Button05","rmbId":1050,"bgIcon":50},{"btnSkin":"Button04_1","rmbId":1051,"bgIcon":51},{"btnSkin":"Button06","rmbId":1052,"bgIcon":52},{"btnSkin":"Button05","rmbId":1053,"bgIcon":40}],[{"btnSkin":"Button05","rmbId":1050,"bgIcon":50}]],"KunMonCardCfg":{"descs":[{"aw":[{"id":10003,"count":680}],"dsc":"1、立即获得"},{"aw":"","dsc":"2、烹饪获得经验 +25%"},{"aw":"","dsc":"3、食物喂养经验 +25%"},{"aw":[{"id":10225,"count":5}],"dsc":"4、每日登录(30天)可领取"},{"aw":[{"id":10226,"count":5}],"dsc":"5、每日登录(30天)可领取"}],"awards":[{"id":10003,"count":680}],"nTime":2592000,"dayAwards":[{"id":10225,"count":5},{"id":10226,"count":5}],"feedExpAddRate":0.25,"cookExpAddRate":0.25},"BoxUpGiftCfg":[{"awardsEx":[{"id":10030,"count":88}],"conditions":[{"value":1,"type":20003}],"awards":[{"id":10004,"count":10}]},{"awardsEx":[{"id":10004,"count":880}],"conditions":[{"value":2,"type":20003}],"awards":[{"id":10004,"count":10}]},{"awardsEx":[{"id":10030,"count":12}],"conditions":[{"value":4,"type":20003}],"awards":[{"id":10004,"count":20}]},{"awardsEx":[{"id":10004,"count":120}],"conditions":[{"value":6,"type":20003}],"awards":[{"id":10004,"count":20}]},{"awardsEx":[{"id":10030,"count":30}],"conditions":[{"value":8,"type":20003}],"awards":[{"id":10004,"count":30}]},{"awardsEx":[{"id":10004,"count":300}],"conditions":[{"value":10,"type":20003}],"awards":[{"id":10004,"count":60}]},{"awardsEx":[{"id":10030,"count":100}],"conditions":[{"value":12,"type":20003}],"awards":[{"id":10004,"count":60}]},{"awardsEx":[{"id":10004,"count":1000}],"conditions":[{"value":14,"type":20003}],"awards":[{"id":10004,"count":80}]},{"awardsEx":[{"id":10030,"count":180}],"conditions":[{"value":16,"type":20003}],"awards":[{"id":10004,"count":80}]},{"awardsEx":[{"id":10004,"count":1800}],"conditions":[{"value":18,"type":20003}],"awards":[{"id":10004,"count":80}]},{"awardsEx":[{"id":10030,"count":260}],"conditions":[{"value":19,"type":20003}],"awards":[{"id":10004,"count":100}]},{"awardsEx":[{"id":10004,"count":2600}],"conditions":[{"value":20,"type":20003}],"awards":[{"id":10004,"count":100}]},{"awardsEx":[{"id":10030,"count":340}],"conditions":[{"value":21,"type":20003}],"awards":[{"id":10004,"count":100}]},{"awardsEx":[{"id":10004,"count":3400}],"conditions":[{"value":22,"type":20003}],"awards":[{"id":10004,"count":100}]},{"awardsEx":[{"id":10030,"count":550}],"conditions":[{"value":23,"type":20003}],"awards":[{"id":10004,"count":200}]},{"awardsEx":[{"id":10004,"count":5500}],"conditions":[{"value":24,"type":20003}],"awards":[{"id":10004,"count":200}]},{"awardsEx":[{"id":10030,"count":700}],"conditions":[{"value":25,"type":20003}],"awards":[{"id":10004,"count":200}]}],"GrowUpGiftCfg":[{"awardsEx":[{"id":10003,"count":880}],"conditions":[{"value":10,"type":20001}],"awards":[{"id":10003,"count":5}]},{"awardsEx":[{"id":10003,"count":50}],"conditions":[{"value":20,"type":20001}],"awards":[{"id":10003,"count":5}]},{"awardsEx":[{"id":10003,"count":80}],"conditions":[{"value":30,"type":20001}],"awards":[{"id":10003,"count":10}]},{"awardsEx":[{"id":10003,"count":80}],"conditions":[{"value":40,"type":20001}],"awards":[{"id":10003,"count":10}]},{"awardsEx":[{"id":10003,"count":100}],"conditions":[{"value":50,"type":20001}],"awards":[{"id":10003,"count":15}]},{"awardsEx":[{"id":10003,"count":100}],"conditions":[{"value":60,"type":20001}],"awards":[{"id":10003,"count":15}]},{"awardsEx":[{"id":10003,"count":120}],"conditions":[{"value":70,"type":20001}],"awards":[{"id":10003,"count":15}]},{"awardsEx":[{"id":10003,"count":160}],"conditions":[{"value":75,"type":20001}],"awards":[{"id":10003,"count":20}]},{"awardsEx":[{"id":10003,"count":200}],"conditions":[{"value":80,"type":20001}],"awards":[{"id":10003,"count":20}]},{"awardsEx":[{"id":10003,"count":400}],"conditions":[{"value":85,"type":20001}],"awards":[{"id":10003,"count":20}]},{"awardsEx":[{"id":10003,"count":600}],"conditions":[{"value":90,"type":20001}],"awards":[{"id":10003,"count":40}]},{"awardsEx":[{"id":10003,"count":800}],"conditions":[{"value":92,"type":20001}],"awards":[{"id":10003,"count":60}]},{"awardsEx":[{"id":10003,"count":1000}],"conditions":[{"value":94,"type":20001}],"awards":[{"id":10003,"count":80}]},{"awardsEx":[{"id":10003,"count":1200}],"conditions":[{"value":96,"type":20001}],"awards":[{"id":10003,"count":100}]},{"awardsEx":[{"id":10003,"count":1400}],"conditions":[{"value":98,"type":20001}],"awards":[{"id":10003,"count":120}]},{"awardsEx":[{"id":10003,"count":2400}],"conditions":[{"value":100,"type":20001}],"awards":[{"id":10003,"count":160}]}],"FishCardCfg":{"dayAwards":[{"id":10011,"count":60},{"id":10014,"count":5}],"descs":[{"aw":[{"id":10003,"count":680}],"dsc":"1、立即获得"},{"aw":"","dsc":"2、开启自动钓鱼功能"},{"aw":[{"id":10011,"count":60}],"dsc":"3、每日登录(30天)都可领取"},{"aw":[{"id":10014,"count":5}],"dsc":"4、每日登录(30天)都可领取"}],"awards":[{"id":10003,"count":680}],"nTime":2592000},"MonCardCfg":{"descs":[{"aw":[{"id":10003,"count":300}],"dsc":"1、立即获得"},{"dsc":"2、首领每日扫荡次数 +2"},{"dsc":"3、宠物探索位置 +1"},{"dsc":"4、宠物血脉自动修炼"},{"dsc":"5、打造开启加速模式"},{"dsc":"6、魂环升级经验 +20%"},{"aw":[{"id":10004,"count":100}],"dsc":"7、每日登录都可领取"}],"wingExpAdd":2,"nTime":2592000,"dayAwards":[{"id":10004,"count":100}],"horseAdd":1,"mailTitle":"月卡奖励","mailContent":"亲爱的玩家，由于您未及时领取月卡奖励，现通过邮件给您发送。","awards":[{"id":10003,"count":300}],"boss_cnt":2}}}