{"GodEquipConfig":{"steps":[{"name":"斩仙剑","rate":2000,"id":1,"quality":5,"award":[{"id":10036,"count":1}],"godid":20022},{"name":"紫金葫芦","rate":7000,"id":2,"quality":3,"award":[{"id":10037,"count":1}],"godid":20023},{"name":"好运翻2连","rate":1000,"id":3,"quality":1,"award":[{"id":10028,"count":20}],"itemId":26},{"name":"神龙杵","rate":7000,"id":4,"quality":2,"award":[{"id":10038,"count":1}],"godid":20024},{"name":"锁仙屏","rate":2000,"id":5,"quality":5,"award":[{"id":10039,"count":1}],"godid":20025},{"name":"昊天盾","rate":10000,"id":6,"quality":1,"award":[{"id":10040,"count":1}],"godid":20026},{"name":"山河扇","rate":7000,"id":7,"quality":2,"award":[{"id":10041,"count":1}],"godid":20027},{"name":"神农鼎","rate":10000,"id":8,"quality":1,"award":[{"id":10042,"count":1}],"godid":20028},{"name":"混元宝珠","rate":7000,"id":9,"quality":3,"award":[{"id":10043,"count":1}],"godid":20029},{"name":"混沌葫芦","rate":10000,"id":10,"quality":1,"award":[{"id":10044,"count":1}],"godid":20030},{"name":"巨阙剑","rate":7000,"id":11,"quality":3,"award":[{"id":10045,"count":1}],"godid":20031},{"name":"镇妖碑","rate":10000,"id":12,"quality":1,"award":[{"id":10046,"count":1}],"godid":20032},{"name":"万能碎片","rate":300,"id":13,"quality":6,"award":[{"id":10029,"count":3}],"itemId":27},{"name":"清风戒","rate":10000,"id":14,"quality":1,"award":[{"id":10047,"count":1}],"godid":20033},{"name":"乾坤圈","rate":7000,"id":15,"quality":3,"award":[{"id":10048,"count":1}],"godid":20034},{"name":"照妖镜","rate":10000,"id":16,"quality":1,"award":[{"id":10049,"count":1}],"godid":20035},{"name":"金刚镯","rate":7000,"id":17,"quality":2,"award":[{"id":10050,"count":1}],"godid":20036},{"name":"好运翻5连","rate":200,"id":18,"quality":3,"award":[{"id":10028,"count":50}],"itemId":26},{"name":"轮回幡","rate":7000,"id":19,"quality":3,"award":[{"id":10051,"count":1}],"godid":20037},{"name":"金刚杵","rate":10000,"id":20,"quality":1,"award":[{"id":10052,"count":1}],"godid":20038},{"name":"炼妖炉","rate":2000,"id":21,"quality":5,"award":[{"id":10053,"count":1}],"godid":20039},{"name":"两仪环","rate":7000,"id":22,"quality":2,"award":[{"id":10054,"count":1}],"godid":20040},{"name":"好运翻3连","rate":500,"id":23,"quality":2,"award":[{"id":10028,"count":30}],"itemId":26},{"name":"东皇钟","rate":7000,"id":24,"quality":2,"award":[{"id":10055,"count":1}],"godid":20041},{"name":"番天印","rate":2000,"id":25,"quality":5,"award":[{"id":10056,"count":1}],"godid":20042}],"steps_2idx":[],"maxLog":30,"freeTimes":3,"cnt":[1,5],"special":[{"id":6,"rate":2500},{"id":8,"rate":2500},{"id":10,"rate":2500},{"id":12,"rate":2500},{"id":14,"rate":2500},{"id":16,"rate":2500},{"id":20,"rate":2500}],"pushCost":[{"id":10028,"count":10}],"dayFreeTimes":2}}