{"GridZhuLing":{"materialEx":[{"consume":[{"id":10032,"count":75}],"awards":[{"id":10033,"count":1}]},{"consume":[{"id":10032,"count":75}],"awards":[{"id":10034,"count":1}]},{"consume":[{"id":10032,"count":300}],"awards":[{"id":10035,"count":1}]}],"posCfg":[{"id":1,"lvCfg":[{"attr":[{"value":5000,"type":32}],"consume":[{"id":10002,"count":2500},{"id":10032,"count":180},{"id":10033,"count":2},{"id":10034,"count":2},{"id":10035,"count":0}],"id":0,"addTime":10800,"upTime":20},{"attr":[{"value":6000,"type":32}],"consume":[{"id":10002,"count":2600},{"id":10032,"count":325},{"id":10033,"count":4},{"id":10034,"count":4},{"id":10035,"count":0}],"id":1,"addTime":10800,"upTime":20},{"attr":[{"value":7000,"type":32}],"consume":[{"id":10002,"count":2700},{"id":10032,"count":470},{"id":10033,"count":6},{"id":10034,"count":6},{"id":10035,"count":0}],"id":2,"addTime":10800,"upTime":20},{"attr":[{"value":8000,"type":32}],"consume":[{"id":10002,"count":2800},{"id":10032,"count":620},{"id":10033,"count":8},{"id":10034,"count":8},{"id":10035,"count":0}],"id":3,"addTime":10800,"upTime":20},{"attr":[{"value":9000,"type":32}],"consume":[{"id":10002,"count":2900},{"id":10032,"count":760},{"id":10033,"count":10},{"id":10034,"count":10},{"id":10035,"count":0}],"id":4,"addTime":10800,"upTime":20},{"attr":[{"value":10000,"type":32}],"consume":[{"id":10002,"count":3000},{"id":10032,"count":875},{"id":10033,"count":12},{"id":10034,"count":12},{"id":10035,"count":1}],"id":5,"addTime":10800,"upTime":20},{"attr":[{"value":11000,"type":32}],"consume":[{"id":10002,"count":3100},{"id":10032,"count":900},{"id":10033,"count":14},{"id":10034,"count":14},{"id":10035,"count":2}],"id":6,"addTime":10800,"upTime":20},{"attr":[{"value":12000,"type":32}],"consume":[{"id":10002,"count":3200},{"id":10032,"count":925},{"id":10033,"count":16},{"id":10034,"count":16},{"id":10035,"count":3}],"id":7,"addTime":10800,"upTime":20},{"attr":[{"value":13000,"type":32}],"consume":[{"id":10002,"count":3300},{"id":10032,"count":950},{"id":10033,"count":18},{"id":10034,"count":18},{"id":10035,"count":4}],"id":8,"addTime":10800,"upTime":20},{"attr":[{"value":14000,"type":32}],"consume":[{"id":10002,"count":3400},{"id":10032,"count":975},{"id":10033,"count":20},{"id":10034,"count":20},{"id":10035,"count":5}],"id":9,"addTime":10800,"upTime":20},{"attr":[{"value":15000,"type":32}],"consume":[{"id":10002,"count":3500},{"id":10032,"count":1000},{"id":10033,"count":22},{"id":10034,"count":22},{"id":10035,"count":6}],"id":10,"addTime":10800,"upTime":20},{"attr":[{"value":16000,"type":32}],"consume":[{"id":10002,"count":3600},{"id":10032,"count":1025},{"id":10033,"count":24},{"id":10034,"count":24},{"id":10035,"count":7}],"id":11,"addTime":10800,"upTime":20},{"attr":[{"value":17000,"type":32}],"consume":[{"id":10002,"count":3700},{"id":10032,"count":1050},{"id":10033,"count":26},{"id":10034,"count":26},{"id":10035,"count":8}],"id":12,"addTime":10800,"upTime":20},{"attr":[{"value":18000,"type":32}],"consume":[{"id":10002,"count":3800},{"id":10032,"count":1075},{"id":10033,"count":28},{"id":10034,"count":28},{"id":10035,"count":9}],"id":13,"addTime":10800,"upTime":20},{"attr":[{"value":19000,"type":32}],"consume":[{"id":10002,"count":3900},{"id":10032,"count":1100},{"id":10033,"count":30},{"id":10034,"count":30},{"id":10035,"count":10}],"id":14,"addTime":10800,"upTime":20},{"attr":[{"value":20000,"type":32}],"consume":[{"id":10002,"count":4000},{"id":10032,"count":1125},{"id":10033,"count":32},{"id":10034,"count":32},{"id":10035,"count":11}],"id":15,"addTime":10800,"upTime":20},{"attr":[{"value":21000,"type":32}],"consume":[{"id":10002,"count":4100},{"id":10032,"count":1150},{"id":10033,"count":34},{"id":10034,"count":34},{"id":10035,"count":12}],"id":16,"addTime":10800,"upTime":20},{"attr":[{"value":22000,"type":32}],"consume":[{"id":10002,"count":4200},{"id":10032,"count":1175},{"id":10033,"count":36},{"id":10034,"count":36},{"id":10035,"count":13}],"id":17,"addTime":10800,"upTime":20},{"attr":[{"value":23000,"type":32}],"consume":[{"id":10002,"count":4300},{"id":10032,"count":1200},{"id":10033,"count":38},{"id":10034,"count":38},{"id":10035,"count":14}],"id":18,"addTime":10800,"upTime":20},{"attr":[{"value":24000,"type":32}],"consume":[{"id":10002,"count":4400},{"id":10032,"count":1225},{"id":10033,"count":40},{"id":10034,"count":40},{"id":10035,"count":15}],"id":19,"addTime":10800,"upTime":20},{"attr":[{"value":25000,"type":32}],"consume":[{"id":10002,"count":4500},{"id":10032,"count":1250},{"id":10033,"count":42},{"id":10034,"count":42},{"id":10035,"count":16}],"id":20,"addTime":10800,"upTime":20},{"attr":[{"value":26000,"type":32}],"consume":[{"id":10002,"count":4600},{"id":10032,"count":1275},{"id":10033,"count":44},{"id":10034,"count":44},{"id":10035,"count":17}],"id":21,"addTime":10800,"upTime":20},{"attr":[{"value":27000,"type":32}],"consume":[{"id":10002,"count":4700},{"id":10032,"count":1300},{"id":10033,"count":46},{"id":10034,"count":46},{"id":10035,"count":18}],"id":22,"addTime":10800,"upTime":20},{"attr":[{"value":28000,"type":32}],"consume":[{"id":10002,"count":4800},{"id":10032,"count":1325},{"id":10033,"count":48},{"id":10034,"count":48},{"id":10035,"count":19}],"id":23,"addTime":10800,"upTime":20},{"attr":[{"value":29000,"type":32}],"consume":[{"id":10002,"count":4900},{"id":10032,"count":1350},{"id":10033,"count":50},{"id":10034,"count":50},{"id":10035,"count":20}],"id":24,"addTime":10800,"upTime":20},{"attr":[{"value":30000,"type":32}],"consume":[{"id":10002,"count":5000},{"id":10032,"count":1375},{"id":10033,"count":52},{"id":10034,"count":52},{"id":10035,"count":21}],"id":25,"addTime":10800,"upTime":20}]},{"id":2,"lvCfg":[{"attr":[{"value":5000,"type":26}],"consume":[{"id":10002,"count":2500},{"id":10032,"count":180},{"id":10033,"count":2},{"id":10034,"count":2},{"id":10035,"count":0}],"id":0,"addTime":10800,"upTime":20},{"attr":[{"value":6000,"type":26}],"consume":[{"id":10002,"count":2600},{"id":10032,"count":325},{"id":10033,"count":4},{"id":10034,"count":4},{"id":10035,"count":0}],"id":1,"addTime":10800,"upTime":20},{"attr":[{"value":7000,"type":26}],"consume":[{"id":10002,"count":2700},{"id":10032,"count":470},{"id":10033,"count":6},{"id":10034,"count":6},{"id":10035,"count":0}],"id":2,"addTime":10800,"upTime":20},{"attr":[{"value":8000,"type":26}],"consume":[{"id":10002,"count":2800},{"id":10032,"count":620},{"id":10033,"count":8},{"id":10034,"count":8},{"id":10035,"count":0}],"id":3,"addTime":10800,"upTime":20},{"attr":[{"value":9000,"type":26}],"consume":[{"id":10002,"count":2900},{"id":10032,"count":760},{"id":10033,"count":10},{"id":10034,"count":10},{"id":10035,"count":0}],"id":4,"addTime":10800,"upTime":20},{"attr":[{"value":10000,"type":26}],"consume":[{"id":10002,"count":3000},{"id":10032,"count":875},{"id":10033,"count":12},{"id":10034,"count":12},{"id":10035,"count":1}],"id":5,"addTime":10800,"upTime":20},{"attr":[{"value":11000,"type":26}],"consume":[{"id":10002,"count":3100},{"id":10032,"count":900},{"id":10033,"count":14},{"id":10034,"count":14},{"id":10035,"count":2}],"id":6,"addTime":10800,"upTime":20},{"attr":[{"value":12000,"type":26}],"consume":[{"id":10002,"count":3200},{"id":10032,"count":925},{"id":10033,"count":16},{"id":10034,"count":16},{"id":10035,"count":3}],"id":7,"addTime":10800,"upTime":20},{"attr":[{"value":13000,"type":26}],"consume":[{"id":10002,"count":3300},{"id":10032,"count":950},{"id":10033,"count":18},{"id":10034,"count":18},{"id":10035,"count":4}],"id":8,"addTime":10800,"upTime":20},{"attr":[{"value":14000,"type":26}],"consume":[{"id":10002,"count":3400},{"id":10032,"count":975},{"id":10033,"count":20},{"id":10034,"count":20},{"id":10035,"count":5}],"id":9,"addTime":10800,"upTime":20},{"attr":[{"value":15000,"type":26}],"consume":[{"id":10002,"count":3500},{"id":10032,"count":1000},{"id":10033,"count":22},{"id":10034,"count":22},{"id":10035,"count":6}],"id":10,"addTime":10800,"upTime":20},{"attr":[{"value":16000,"type":26}],"consume":[{"id":10002,"count":3600},{"id":10032,"count":1025},{"id":10033,"count":24},{"id":10034,"count":24},{"id":10035,"count":7}],"id":11,"addTime":10800,"upTime":20},{"attr":[{"value":17000,"type":26}],"consume":[{"id":10002,"count":3700},{"id":10032,"count":1050},{"id":10033,"count":26},{"id":10034,"count":26},{"id":10035,"count":8}],"id":12,"addTime":10800,"upTime":20},{"attr":[{"value":18000,"type":26}],"consume":[{"id":10002,"count":3800},{"id":10032,"count":1075},{"id":10033,"count":28},{"id":10034,"count":28},{"id":10035,"count":9}],"id":13,"addTime":10800,"upTime":20},{"attr":[{"value":19000,"type":26}],"consume":[{"id":10002,"count":3900},{"id":10032,"count":1100},{"id":10033,"count":30},{"id":10034,"count":30},{"id":10035,"count":10}],"id":14,"addTime":10800,"upTime":20},{"attr":[{"value":20000,"type":26}],"consume":[{"id":10002,"count":4000},{"id":10032,"count":1125},{"id":10033,"count":32},{"id":10034,"count":32},{"id":10035,"count":11}],"id":15,"addTime":10800,"upTime":20},{"attr":[{"value":21000,"type":26}],"consume":[{"id":10002,"count":4100},{"id":10032,"count":1150},{"id":10033,"count":34},{"id":10034,"count":34},{"id":10035,"count":12}],"id":16,"addTime":10800,"upTime":20},{"attr":[{"value":22000,"type":26}],"consume":[{"id":10002,"count":4200},{"id":10032,"count":1175},{"id":10033,"count":36},{"id":10034,"count":36},{"id":10035,"count":13}],"id":17,"addTime":10800,"upTime":20},{"attr":[{"value":23000,"type":26}],"consume":[{"id":10002,"count":4300},{"id":10032,"count":1200},{"id":10033,"count":38},{"id":10034,"count":38},{"id":10035,"count":14}],"id":18,"addTime":10800,"upTime":20},{"attr":[{"value":24000,"type":26}],"consume":[{"id":10002,"count":4400},{"id":10032,"count":1225},{"id":10033,"count":40},{"id":10034,"count":40},{"id":10035,"count":15}],"id":19,"addTime":10800,"upTime":20},{"attr":[{"value":25000,"type":26}],"consume":[{"id":10002,"count":4500},{"id":10032,"count":1250},{"id":10033,"count":42},{"id":10034,"count":42},{"id":10035,"count":16}],"id":20,"addTime":10800,"upTime":20},{"attr":[{"value":26000,"type":26}],"consume":[{"id":10002,"count":4600},{"id":10032,"count":1275},{"id":10033,"count":44},{"id":10034,"count":44},{"id":10035,"count":17}],"id":21,"addTime":10800,"upTime":20},{"attr":[{"value":27000,"type":26}],"consume":[{"id":10002,"count":4700},{"id":10032,"count":1300},{"id":10033,"count":46},{"id":10034,"count":46},{"id":10035,"count":18}],"id":22,"addTime":10800,"upTime":20},{"attr":[{"value":28000,"type":26}],"consume":[{"id":10002,"count":4800},{"id":10032,"count":1325},{"id":10033,"count":48},{"id":10034,"count":48},{"id":10035,"count":19}],"id":23,"addTime":10800,"upTime":20},{"attr":[{"value":29000,"type":26}],"consume":[{"id":10002,"count":4900},{"id":10032,"count":1350},{"id":10033,"count":50},{"id":10034,"count":50},{"id":10035,"count":20}],"id":24,"addTime":10800,"upTime":20},{"attr":[{"value":30000,"type":26}],"consume":[{"id":10002,"count":5000},{"id":10032,"count":1375},{"id":10033,"count":52},{"id":10034,"count":52},{"id":10035,"count":21}],"id":25,"addTime":10800,"upTime":20}]},{"id":3,"lvCfg":[{"attr":[{"value":500,"type":16}],"consume":[{"id":10002,"count":2500},{"id":10032,"count":180},{"id":10033,"count":2},{"id":10034,"count":2},{"id":10035,"count":0}],"id":0,"addTime":10800,"upTime":20},{"attr":[{"value":600,"type":16}],"consume":[{"id":10002,"count":2600},{"id":10032,"count":325},{"id":10033,"count":4},{"id":10034,"count":4},{"id":10035,"count":0}],"id":1,"addTime":10800,"upTime":20},{"attr":[{"value":700,"type":16}],"consume":[{"id":10002,"count":2700},{"id":10032,"count":470},{"id":10033,"count":6},{"id":10034,"count":6},{"id":10035,"count":0}],"id":2,"addTime":10800,"upTime":20},{"attr":[{"value":800,"type":16}],"consume":[{"id":10002,"count":2800},{"id":10032,"count":620},{"id":10033,"count":8},{"id":10034,"count":8},{"id":10035,"count":0}],"id":3,"addTime":10800,"upTime":20},{"attr":[{"value":900,"type":16}],"consume":[{"id":10002,"count":2900},{"id":10032,"count":760},{"id":10033,"count":10},{"id":10034,"count":10},{"id":10035,"count":0}],"id":4,"addTime":10800,"upTime":20},{"attr":[{"value":1000,"type":16}],"consume":[{"id":10002,"count":3000},{"id":10032,"count":875},{"id":10033,"count":12},{"id":10034,"count":12},{"id":10035,"count":1}],"id":5,"addTime":10800,"upTime":20},{"attr":[{"value":1100,"type":16}],"consume":[{"id":10002,"count":3100},{"id":10032,"count":900},{"id":10033,"count":14},{"id":10034,"count":14},{"id":10035,"count":2}],"id":6,"addTime":10800,"upTime":20},{"attr":[{"value":1200,"type":16}],"consume":[{"id":10002,"count":3200},{"id":10032,"count":925},{"id":10033,"count":16},{"id":10034,"count":16},{"id":10035,"count":3}],"id":7,"addTime":10800,"upTime":20},{"attr":[{"value":1300,"type":16}],"consume":[{"id":10002,"count":3300},{"id":10032,"count":950},{"id":10033,"count":18},{"id":10034,"count":18},{"id":10035,"count":4}],"id":8,"addTime":10800,"upTime":20},{"attr":[{"value":1400,"type":16}],"consume":[{"id":10002,"count":3400},{"id":10032,"count":975},{"id":10033,"count":20},{"id":10034,"count":20},{"id":10035,"count":5}],"id":9,"addTime":10800,"upTime":20},{"attr":[{"value":1500,"type":16}],"consume":[{"id":10002,"count":3500},{"id":10032,"count":1000},{"id":10033,"count":22},{"id":10034,"count":22},{"id":10035,"count":6}],"id":10,"addTime":10800,"upTime":20},{"attr":[{"value":1600,"type":16}],"consume":[{"id":10002,"count":3600},{"id":10032,"count":1025},{"id":10033,"count":24},{"id":10034,"count":24},{"id":10035,"count":7}],"id":11,"addTime":10800,"upTime":20},{"attr":[{"value":1700,"type":16}],"consume":[{"id":10002,"count":3700},{"id":10032,"count":1050},{"id":10033,"count":26},{"id":10034,"count":26},{"id":10035,"count":8}],"id":12,"addTime":10800,"upTime":20},{"attr":[{"value":1800,"type":16}],"consume":[{"id":10002,"count":3800},{"id":10032,"count":1075},{"id":10033,"count":28},{"id":10034,"count":28},{"id":10035,"count":9}],"id":13,"addTime":10800,"upTime":20},{"attr":[{"value":1900,"type":16}],"consume":[{"id":10002,"count":3900},{"id":10032,"count":1100},{"id":10033,"count":30},{"id":10034,"count":30},{"id":10035,"count":10}],"id":14,"addTime":10800,"upTime":20},{"attr":[{"value":2000,"type":16}],"consume":[{"id":10002,"count":4000},{"id":10032,"count":1125},{"id":10033,"count":32},{"id":10034,"count":32},{"id":10035,"count":11}],"id":15,"addTime":10800,"upTime":20},{"attr":[{"value":2100,"type":16}],"consume":[{"id":10002,"count":4100},{"id":10032,"count":1150},{"id":10033,"count":34},{"id":10034,"count":34},{"id":10035,"count":12}],"id":16,"addTime":10800,"upTime":20},{"attr":[{"value":2200,"type":16}],"consume":[{"id":10002,"count":4200},{"id":10032,"count":1175},{"id":10033,"count":36},{"id":10034,"count":36},{"id":10035,"count":13}],"id":17,"addTime":10800,"upTime":20},{"attr":[{"value":2300,"type":16}],"consume":[{"id":10002,"count":4300},{"id":10032,"count":1200},{"id":10033,"count":38},{"id":10034,"count":38},{"id":10035,"count":14}],"id":18,"addTime":10800,"upTime":20},{"attr":[{"value":2400,"type":16}],"consume":[{"id":10002,"count":4400},{"id":10032,"count":1225},{"id":10033,"count":40},{"id":10034,"count":40},{"id":10035,"count":15}],"id":19,"addTime":10800,"upTime":20},{"attr":[{"value":2500,"type":16}],"consume":[{"id":10002,"count":4500},{"id":10032,"count":1250},{"id":10033,"count":42},{"id":10034,"count":42},{"id":10035,"count":16}],"id":20,"addTime":10800,"upTime":20},{"attr":[{"value":2600,"type":16}],"consume":[{"id":10002,"count":4600},{"id":10032,"count":1275},{"id":10033,"count":44},{"id":10034,"count":44},{"id":10035,"count":17}],"id":21,"addTime":10800,"upTime":20},{"attr":[{"value":2700,"type":16}],"consume":[{"id":10002,"count":4700},{"id":10032,"count":1300},{"id":10033,"count":46},{"id":10034,"count":46},{"id":10035,"count":18}],"id":22,"addTime":10800,"upTime":20},{"attr":[{"value":2800,"type":16}],"consume":[{"id":10002,"count":4800},{"id":10032,"count":1325},{"id":10033,"count":48},{"id":10034,"count":48},{"id":10035,"count":19}],"id":23,"addTime":10800,"upTime":20},{"attr":[{"value":2900,"type":16}],"consume":[{"id":10002,"count":4900},{"id":10032,"count":1350},{"id":10033,"count":50},{"id":10034,"count":50},{"id":10035,"count":20}],"id":24,"addTime":10800,"upTime":20},{"attr":[{"value":3000,"type":16}],"consume":[{"id":10002,"count":5000},{"id":10032,"count":1375},{"id":10033,"count":52},{"id":10034,"count":52},{"id":10035,"count":21}],"id":25,"addTime":10800,"upTime":20}]},{"id":4,"lvCfg":[{"attr":[{"value":5000,"type":27}],"consume":[{"id":10002,"count":2500},{"id":10032,"count":180},{"id":10033,"count":2},{"id":10034,"count":2},{"id":10035,"count":0}],"id":0,"addTime":10800,"upTime":20},{"attr":[{"value":6000,"type":27}],"consume":[{"id":10002,"count":2600},{"id":10032,"count":325},{"id":10033,"count":4},{"id":10034,"count":4},{"id":10035,"count":0}],"id":1,"addTime":10800,"upTime":20},{"attr":[{"value":7000,"type":27}],"consume":[{"id":10002,"count":2700},{"id":10032,"count":470},{"id":10033,"count":6},{"id":10034,"count":6},{"id":10035,"count":0}],"id":2,"addTime":10800,"upTime":20},{"attr":[{"value":8000,"type":27}],"consume":[{"id":10002,"count":2800},{"id":10032,"count":620},{"id":10033,"count":8},{"id":10034,"count":8},{"id":10035,"count":0}],"id":3,"addTime":10800,"upTime":20},{"attr":[{"value":9000,"type":27}],"consume":[{"id":10002,"count":2900},{"id":10032,"count":760},{"id":10033,"count":10},{"id":10034,"count":10},{"id":10035,"count":0}],"id":4,"addTime":10800,"upTime":20},{"attr":[{"value":10000,"type":27}],"consume":[{"id":10002,"count":3000},{"id":10032,"count":875},{"id":10033,"count":12},{"id":10034,"count":12},{"id":10035,"count":1}],"id":5,"addTime":10800,"upTime":20},{"attr":[{"value":11000,"type":27}],"consume":[{"id":10002,"count":3100},{"id":10032,"count":900},{"id":10033,"count":14},{"id":10034,"count":14},{"id":10035,"count":2}],"id":6,"addTime":10800,"upTime":20},{"attr":[{"value":12000,"type":27}],"consume":[{"id":10002,"count":3200},{"id":10032,"count":925},{"id":10033,"count":16},{"id":10034,"count":16},{"id":10035,"count":3}],"id":7,"addTime":10800,"upTime":20},{"attr":[{"value":13000,"type":27}],"consume":[{"id":10002,"count":3300},{"id":10032,"count":950},{"id":10033,"count":18},{"id":10034,"count":18},{"id":10035,"count":4}],"id":8,"addTime":10800,"upTime":20},{"attr":[{"value":14000,"type":27}],"consume":[{"id":10002,"count":3400},{"id":10032,"count":975},{"id":10033,"count":20},{"id":10034,"count":20},{"id":10035,"count":5}],"id":9,"addTime":10800,"upTime":20},{"attr":[{"value":15000,"type":27}],"consume":[{"id":10002,"count":3500},{"id":10032,"count":1000},{"id":10033,"count":22},{"id":10034,"count":22},{"id":10035,"count":6}],"id":10,"addTime":10800,"upTime":20},{"attr":[{"value":16000,"type":27}],"consume":[{"id":10002,"count":3600},{"id":10032,"count":1025},{"id":10033,"count":24},{"id":10034,"count":24},{"id":10035,"count":7}],"id":11,"addTime":10800,"upTime":20},{"attr":[{"value":17000,"type":27}],"consume":[{"id":10002,"count":3700},{"id":10032,"count":1050},{"id":10033,"count":26},{"id":10034,"count":26},{"id":10035,"count":8}],"id":12,"addTime":10800,"upTime":20},{"attr":[{"value":18000,"type":27}],"consume":[{"id":10002,"count":3800},{"id":10032,"count":1075},{"id":10033,"count":28},{"id":10034,"count":28},{"id":10035,"count":9}],"id":13,"addTime":10800,"upTime":20},{"attr":[{"value":19000,"type":27}],"consume":[{"id":10002,"count":3900},{"id":10032,"count":1100},{"id":10033,"count":30},{"id":10034,"count":30},{"id":10035,"count":10}],"id":14,"addTime":10800,"upTime":20},{"attr":[{"value":20000,"type":27}],"consume":[{"id":10002,"count":4000},{"id":10032,"count":1125},{"id":10033,"count":32},{"id":10034,"count":32},{"id":10035,"count":11}],"id":15,"addTime":10800,"upTime":20},{"attr":[{"value":21000,"type":27}],"consume":[{"id":10002,"count":4100},{"id":10032,"count":1150},{"id":10033,"count":34},{"id":10034,"count":34},{"id":10035,"count":12}],"id":16,"addTime":10800,"upTime":20},{"attr":[{"value":22000,"type":27}],"consume":[{"id":10002,"count":4200},{"id":10032,"count":1175},{"id":10033,"count":36},{"id":10034,"count":36},{"id":10035,"count":13}],"id":17,"addTime":10800,"upTime":20},{"attr":[{"value":23000,"type":27}],"consume":[{"id":10002,"count":4300},{"id":10032,"count":1200},{"id":10033,"count":38},{"id":10034,"count":38},{"id":10035,"count":14}],"id":18,"addTime":10800,"upTime":20},{"attr":[{"value":24000,"type":27}],"consume":[{"id":10002,"count":4400},{"id":10032,"count":1225},{"id":10033,"count":40},{"id":10034,"count":40},{"id":10035,"count":15}],"id":19,"addTime":10800,"upTime":20},{"attr":[{"value":25000,"type":27}],"consume":[{"id":10002,"count":4500},{"id":10032,"count":1250},{"id":10033,"count":42},{"id":10034,"count":42},{"id":10035,"count":16}],"id":20,"addTime":10800,"upTime":20},{"attr":[{"value":26000,"type":27}],"consume":[{"id":10002,"count":4600},{"id":10032,"count":1275},{"id":10033,"count":44},{"id":10034,"count":44},{"id":10035,"count":17}],"id":21,"addTime":10800,"upTime":20},{"attr":[{"value":27000,"type":27}],"consume":[{"id":10002,"count":4700},{"id":10032,"count":1300},{"id":10033,"count":46},{"id":10034,"count":46},{"id":10035,"count":18}],"id":22,"addTime":10800,"upTime":20},{"attr":[{"value":28000,"type":27}],"consume":[{"id":10002,"count":4800},{"id":10032,"count":1325},{"id":10033,"count":48},{"id":10034,"count":48},{"id":10035,"count":19}],"id":23,"addTime":10800,"upTime":20},{"attr":[{"value":29000,"type":27}],"consume":[{"id":10002,"count":4900},{"id":10032,"count":1350},{"id":10033,"count":50},{"id":10034,"count":50},{"id":10035,"count":20}],"id":24,"addTime":10800,"upTime":20},{"attr":[{"value":30000,"type":27}],"consume":[{"id":10002,"count":5000},{"id":10032,"count":1375},{"id":10033,"count":52},{"id":10034,"count":52},{"id":10035,"count":21}],"id":25,"addTime":10800,"upTime":20}]},{"id":5,"lvCfg":[{"attr":[{"value":5000,"type":28}],"consume":[{"id":10002,"count":2500},{"id":10032,"count":180},{"id":10033,"count":2},{"id":10034,"count":2},{"id":10035,"count":0}],"id":0,"addTime":10800,"upTime":20},{"attr":[{"value":6000,"type":28}],"consume":[{"id":10002,"count":2600},{"id":10032,"count":325},{"id":10033,"count":4},{"id":10034,"count":4},{"id":10035,"count":0}],"id":1,"addTime":10800,"upTime":20},{"attr":[{"value":7000,"type":28}],"consume":[{"id":10002,"count":2700},{"id":10032,"count":470},{"id":10033,"count":6},{"id":10034,"count":6},{"id":10035,"count":0}],"id":2,"addTime":10800,"upTime":20},{"attr":[{"value":8000,"type":28}],"consume":[{"id":10002,"count":2800},{"id":10032,"count":620},{"id":10033,"count":8},{"id":10034,"count":8},{"id":10035,"count":0}],"id":3,"addTime":10800,"upTime":20},{"attr":[{"value":9000,"type":28}],"consume":[{"id":10002,"count":2900},{"id":10032,"count":760},{"id":10033,"count":10},{"id":10034,"count":10},{"id":10035,"count":0}],"id":4,"addTime":10800,"upTime":20},{"attr":[{"value":10000,"type":28}],"consume":[{"id":10002,"count":3000},{"id":10032,"count":875},{"id":10033,"count":12},{"id":10034,"count":12},{"id":10035,"count":1}],"id":5,"addTime":10800,"upTime":20},{"attr":[{"value":11000,"type":28}],"consume":[{"id":10002,"count":3100},{"id":10032,"count":900},{"id":10033,"count":14},{"id":10034,"count":14},{"id":10035,"count":2}],"id":6,"addTime":10800,"upTime":20},{"attr":[{"value":12000,"type":28}],"consume":[{"id":10002,"count":3200},{"id":10032,"count":925},{"id":10033,"count":16},{"id":10034,"count":16},{"id":10035,"count":3}],"id":7,"addTime":10800,"upTime":20},{"attr":[{"value":13000,"type":28}],"consume":[{"id":10002,"count":3300},{"id":10032,"count":950},{"id":10033,"count":18},{"id":10034,"count":18},{"id":10035,"count":4}],"id":8,"addTime":10800,"upTime":20},{"attr":[{"value":14000,"type":28}],"consume":[{"id":10002,"count":3400},{"id":10032,"count":975},{"id":10033,"count":20},{"id":10034,"count":20},{"id":10035,"count":5}],"id":9,"addTime":10800,"upTime":20},{"attr":[{"value":15000,"type":28}],"consume":[{"id":10002,"count":3500},{"id":10032,"count":1000},{"id":10033,"count":22},{"id":10034,"count":22},{"id":10035,"count":6}],"id":10,"addTime":10800,"upTime":20},{"attr":[{"value":16000,"type":28}],"consume":[{"id":10002,"count":3600},{"id":10032,"count":1025},{"id":10033,"count":24},{"id":10034,"count":24},{"id":10035,"count":7}],"id":11,"addTime":10800,"upTime":20},{"attr":[{"value":17000,"type":28}],"consume":[{"id":10002,"count":3700},{"id":10032,"count":1050},{"id":10033,"count":26},{"id":10034,"count":26},{"id":10035,"count":8}],"id":12,"addTime":10800,"upTime":20},{"attr":[{"value":18000,"type":28}],"consume":[{"id":10002,"count":3800},{"id":10032,"count":1075},{"id":10033,"count":28},{"id":10034,"count":28},{"id":10035,"count":9}],"id":13,"addTime":10800,"upTime":20},{"attr":[{"value":19000,"type":28}],"consume":[{"id":10002,"count":3900},{"id":10032,"count":1100},{"id":10033,"count":30},{"id":10034,"count":30},{"id":10035,"count":10}],"id":14,"addTime":10800,"upTime":20},{"attr":[{"value":20000,"type":28}],"consume":[{"id":10002,"count":4000},{"id":10032,"count":1125},{"id":10033,"count":32},{"id":10034,"count":32},{"id":10035,"count":11}],"id":15,"addTime":10800,"upTime":20},{"attr":[{"value":21000,"type":28}],"consume":[{"id":10002,"count":4100},{"id":10032,"count":1150},{"id":10033,"count":34},{"id":10034,"count":34},{"id":10035,"count":12}],"id":16,"addTime":10800,"upTime":20},{"attr":[{"value":22000,"type":28}],"consume":[{"id":10002,"count":4200},{"id":10032,"count":1175},{"id":10033,"count":36},{"id":10034,"count":36},{"id":10035,"count":13}],"id":17,"addTime":10800,"upTime":20},{"attr":[{"value":23000,"type":28}],"consume":[{"id":10002,"count":4300},{"id":10032,"count":1200},{"id":10033,"count":38},{"id":10034,"count":38},{"id":10035,"count":14}],"id":18,"addTime":10800,"upTime":20},{"attr":[{"value":24000,"type":28}],"consume":[{"id":10002,"count":4400},{"id":10032,"count":1225},{"id":10033,"count":40},{"id":10034,"count":40},{"id":10035,"count":15}],"id":19,"addTime":10800,"upTime":20},{"attr":[{"value":25000,"type":28}],"consume":[{"id":10002,"count":4500},{"id":10032,"count":1250},{"id":10033,"count":42},{"id":10034,"count":42},{"id":10035,"count":16}],"id":20,"addTime":10800,"upTime":20},{"attr":[{"value":26000,"type":28}],"consume":[{"id":10002,"count":4600},{"id":10032,"count":1275},{"id":10033,"count":44},{"id":10034,"count":44},{"id":10035,"count":17}],"id":21,"addTime":10800,"upTime":20},{"attr":[{"value":27000,"type":28}],"consume":[{"id":10002,"count":4700},{"id":10032,"count":1300},{"id":10033,"count":46},{"id":10034,"count":46},{"id":10035,"count":18}],"id":22,"addTime":10800,"upTime":20},{"attr":[{"value":28000,"type":28}],"consume":[{"id":10002,"count":4800},{"id":10032,"count":1325},{"id":10033,"count":48},{"id":10034,"count":48},{"id":10035,"count":19}],"id":23,"addTime":10800,"upTime":20},{"attr":[{"value":29000,"type":28}],"consume":[{"id":10002,"count":4900},{"id":10032,"count":1350},{"id":10033,"count":50},{"id":10034,"count":50},{"id":10035,"count":20}],"id":24,"addTime":10800,"upTime":20},{"attr":[{"value":30000,"type":28}],"consume":[{"id":10002,"count":5000},{"id":10032,"count":1375},{"id":10033,"count":52},{"id":10034,"count":52},{"id":10035,"count":21}],"id":25,"addTime":10800,"upTime":20}]},{"id":6,"lvCfg":[{"attr":[{"value":5000,"type":31}],"consume":[{"id":10002,"count":2500},{"id":10032,"count":180},{"id":10033,"count":2},{"id":10034,"count":2},{"id":10035,"count":0}],"id":0,"addTime":10800,"upTime":20},{"attr":[{"value":6000,"type":31}],"consume":[{"id":10002,"count":2600},{"id":10032,"count":325},{"id":10033,"count":4},{"id":10034,"count":4},{"id":10035,"count":0}],"id":1,"addTime":10800,"upTime":20},{"attr":[{"value":7000,"type":31}],"consume":[{"id":10002,"count":2700},{"id":10032,"count":470},{"id":10033,"count":6},{"id":10034,"count":6},{"id":10035,"count":0}],"id":2,"addTime":10800,"upTime":20},{"attr":[{"value":8000,"type":31}],"consume":[{"id":10002,"count":2800},{"id":10032,"count":620},{"id":10033,"count":8},{"id":10034,"count":8},{"id":10035,"count":0}],"id":3,"addTime":10800,"upTime":20},{"attr":[{"value":9000,"type":31}],"consume":[{"id":10002,"count":2900},{"id":10032,"count":760},{"id":10033,"count":10},{"id":10034,"count":10},{"id":10035,"count":0}],"id":4,"addTime":10800,"upTime":20},{"attr":[{"value":10000,"type":31}],"consume":[{"id":10002,"count":3000},{"id":10032,"count":875},{"id":10033,"count":12},{"id":10034,"count":12},{"id":10035,"count":1}],"id":5,"addTime":10800,"upTime":20},{"attr":[{"value":11000,"type":31}],"consume":[{"id":10002,"count":3100},{"id":10032,"count":900},{"id":10033,"count":14},{"id":10034,"count":14},{"id":10035,"count":2}],"id":6,"addTime":10800,"upTime":20},{"attr":[{"value":12000,"type":31}],"consume":[{"id":10002,"count":3200},{"id":10032,"count":925},{"id":10033,"count":16},{"id":10034,"count":16},{"id":10035,"count":3}],"id":7,"addTime":10800,"upTime":20},{"attr":[{"value":13000,"type":31}],"consume":[{"id":10002,"count":3300},{"id":10032,"count":950},{"id":10033,"count":18},{"id":10034,"count":18},{"id":10035,"count":4}],"id":8,"addTime":10800,"upTime":20},{"attr":[{"value":14000,"type":31}],"consume":[{"id":10002,"count":3400},{"id":10032,"count":975},{"id":10033,"count":20},{"id":10034,"count":20},{"id":10035,"count":5}],"id":9,"addTime":10800,"upTime":20},{"attr":[{"value":15000,"type":31}],"consume":[{"id":10002,"count":3500},{"id":10032,"count":1000},{"id":10033,"count":22},{"id":10034,"count":22},{"id":10035,"count":6}],"id":10,"addTime":10800,"upTime":20},{"attr":[{"value":16000,"type":31}],"consume":[{"id":10002,"count":3600},{"id":10032,"count":1025},{"id":10033,"count":24},{"id":10034,"count":24},{"id":10035,"count":7}],"id":11,"addTime":10800,"upTime":20},{"attr":[{"value":17000,"type":31}],"consume":[{"id":10002,"count":3700},{"id":10032,"count":1050},{"id":10033,"count":26},{"id":10034,"count":26},{"id":10035,"count":8}],"id":12,"addTime":10800,"upTime":20},{"attr":[{"value":18000,"type":31}],"consume":[{"id":10002,"count":3800},{"id":10032,"count":1075},{"id":10033,"count":28},{"id":10034,"count":28},{"id":10035,"count":9}],"id":13,"addTime":10800,"upTime":20},{"attr":[{"value":19000,"type":31}],"consume":[{"id":10002,"count":3900},{"id":10032,"count":1100},{"id":10033,"count":30},{"id":10034,"count":30},{"id":10035,"count":10}],"id":14,"addTime":10800,"upTime":20},{"attr":[{"value":20000,"type":31}],"consume":[{"id":10002,"count":4000},{"id":10032,"count":1125},{"id":10033,"count":32},{"id":10034,"count":32},{"id":10035,"count":11}],"id":15,"addTime":10800,"upTime":20},{"attr":[{"value":21000,"type":31}],"consume":[{"id":10002,"count":4100},{"id":10032,"count":1150},{"id":10033,"count":34},{"id":10034,"count":34},{"id":10035,"count":12}],"id":16,"addTime":10800,"upTime":20},{"attr":[{"value":22000,"type":31}],"consume":[{"id":10002,"count":4200},{"id":10032,"count":1175},{"id":10033,"count":36},{"id":10034,"count":36},{"id":10035,"count":13}],"id":17,"addTime":10800,"upTime":20},{"attr":[{"value":23000,"type":31}],"consume":[{"id":10002,"count":4300},{"id":10032,"count":1200},{"id":10033,"count":38},{"id":10034,"count":38},{"id":10035,"count":14}],"id":18,"addTime":10800,"upTime":20},{"attr":[{"value":24000,"type":31}],"consume":[{"id":10002,"count":4400},{"id":10032,"count":1225},{"id":10033,"count":40},{"id":10034,"count":40},{"id":10035,"count":15}],"id":19,"addTime":10800,"upTime":20},{"attr":[{"value":25000,"type":31}],"consume":[{"id":10002,"count":4500},{"id":10032,"count":1250},{"id":10033,"count":42},{"id":10034,"count":42},{"id":10035,"count":16}],"id":20,"addTime":10800,"upTime":20},{"attr":[{"value":26000,"type":31}],"consume":[{"id":10002,"count":4600},{"id":10032,"count":1275},{"id":10033,"count":44},{"id":10034,"count":44},{"id":10035,"count":17}],"id":21,"addTime":10800,"upTime":20},{"attr":[{"value":27000,"type":31}],"consume":[{"id":10002,"count":4700},{"id":10032,"count":1300},{"id":10033,"count":46},{"id":10034,"count":46},{"id":10035,"count":18}],"id":22,"addTime":10800,"upTime":20},{"attr":[{"value":28000,"type":31}],"consume":[{"id":10002,"count":4800},{"id":10032,"count":1325},{"id":10033,"count":48},{"id":10034,"count":48},{"id":10035,"count":19}],"id":23,"addTime":10800,"upTime":20},{"attr":[{"value":29000,"type":31}],"consume":[{"id":10002,"count":4900},{"id":10032,"count":1350},{"id":10033,"count":50},{"id":10034,"count":50},{"id":10035,"count":20}],"id":24,"addTime":10800,"upTime":20},{"attr":[{"value":30000,"type":31}],"consume":[{"id":10002,"count":5000},{"id":10032,"count":1375},{"id":10033,"count":52},{"id":10034,"count":52},{"id":10035,"count":21}],"id":25,"addTime":10800,"upTime":20}]},{"id":7,"lvCfg":[{"attr":[{"value":5000,"type":30}],"consume":[{"id":10002,"count":2500},{"id":10032,"count":180},{"id":10033,"count":2},{"id":10034,"count":2},{"id":10035,"count":0}],"id":0,"addTime":10800,"upTime":20},{"attr":[{"value":6000,"type":30}],"consume":[{"id":10002,"count":2600},{"id":10032,"count":325},{"id":10033,"count":4},{"id":10034,"count":4},{"id":10035,"count":0}],"id":1,"addTime":10800,"upTime":20},{"attr":[{"value":7000,"type":30}],"consume":[{"id":10002,"count":2700},{"id":10032,"count":470},{"id":10033,"count":6},{"id":10034,"count":6},{"id":10035,"count":0}],"id":2,"addTime":10800,"upTime":20},{"attr":[{"value":8000,"type":30}],"consume":[{"id":10002,"count":2800},{"id":10032,"count":620},{"id":10033,"count":8},{"id":10034,"count":8},{"id":10035,"count":0}],"id":3,"addTime":10800,"upTime":20},{"attr":[{"value":9000,"type":30}],"consume":[{"id":10002,"count":2900},{"id":10032,"count":760},{"id":10033,"count":10},{"id":10034,"count":10},{"id":10035,"count":0}],"id":4,"addTime":10800,"upTime":20},{"attr":[{"value":10000,"type":30}],"consume":[{"id":10002,"count":3000},{"id":10032,"count":875},{"id":10033,"count":12},{"id":10034,"count":12},{"id":10035,"count":1}],"id":5,"addTime":10800,"upTime":20},{"attr":[{"value":11000,"type":30}],"consume":[{"id":10002,"count":3100},{"id":10032,"count":900},{"id":10033,"count":14},{"id":10034,"count":14},{"id":10035,"count":2}],"id":6,"addTime":10800,"upTime":20},{"attr":[{"value":12000,"type":30}],"consume":[{"id":10002,"count":3200},{"id":10032,"count":925},{"id":10033,"count":16},{"id":10034,"count":16},{"id":10035,"count":3}],"id":7,"addTime":10800,"upTime":20},{"attr":[{"value":13000,"type":30}],"consume":[{"id":10002,"count":3300},{"id":10032,"count":950},{"id":10033,"count":18},{"id":10034,"count":18},{"id":10035,"count":4}],"id":8,"addTime":10800,"upTime":20},{"attr":[{"value":14000,"type":30}],"consume":[{"id":10002,"count":3400},{"id":10032,"count":975},{"id":10033,"count":20},{"id":10034,"count":20},{"id":10035,"count":5}],"id":9,"addTime":10800,"upTime":20},{"attr":[{"value":15000,"type":30}],"consume":[{"id":10002,"count":3500},{"id":10032,"count":1000},{"id":10033,"count":22},{"id":10034,"count":22},{"id":10035,"count":6}],"id":10,"addTime":10800,"upTime":20},{"attr":[{"value":16000,"type":30}],"consume":[{"id":10002,"count":3600},{"id":10032,"count":1025},{"id":10033,"count":24},{"id":10034,"count":24},{"id":10035,"count":7}],"id":11,"addTime":10800,"upTime":20},{"attr":[{"value":17000,"type":30}],"consume":[{"id":10002,"count":3700},{"id":10032,"count":1050},{"id":10033,"count":26},{"id":10034,"count":26},{"id":10035,"count":8}],"id":12,"addTime":10800,"upTime":20},{"attr":[{"value":18000,"type":30}],"consume":[{"id":10002,"count":3800},{"id":10032,"count":1075},{"id":10033,"count":28},{"id":10034,"count":28},{"id":10035,"count":9}],"id":13,"addTime":10800,"upTime":20},{"attr":[{"value":19000,"type":30}],"consume":[{"id":10002,"count":3900},{"id":10032,"count":1100},{"id":10033,"count":30},{"id":10034,"count":30},{"id":10035,"count":10}],"id":14,"addTime":10800,"upTime":20},{"attr":[{"value":20000,"type":30}],"consume":[{"id":10002,"count":4000},{"id":10032,"count":1125},{"id":10033,"count":32},{"id":10034,"count":32},{"id":10035,"count":11}],"id":15,"addTime":10800,"upTime":20},{"attr":[{"value":21000,"type":30}],"consume":[{"id":10002,"count":4100},{"id":10032,"count":1150},{"id":10033,"count":34},{"id":10034,"count":34},{"id":10035,"count":12}],"id":16,"addTime":10800,"upTime":20},{"attr":[{"value":22000,"type":30}],"consume":[{"id":10002,"count":4200},{"id":10032,"count":1175},{"id":10033,"count":36},{"id":10034,"count":36},{"id":10035,"count":13}],"id":17,"addTime":10800,"upTime":20},{"attr":[{"value":23000,"type":30}],"consume":[{"id":10002,"count":4300},{"id":10032,"count":1200},{"id":10033,"count":38},{"id":10034,"count":38},{"id":10035,"count":14}],"id":18,"addTime":10800,"upTime":20},{"attr":[{"value":24000,"type":30}],"consume":[{"id":10002,"count":4400},{"id":10032,"count":1225},{"id":10033,"count":40},{"id":10034,"count":40},{"id":10035,"count":15}],"id":19,"addTime":10800,"upTime":20},{"attr":[{"value":25000,"type":30}],"consume":[{"id":10002,"count":4500},{"id":10032,"count":1250},{"id":10033,"count":42},{"id":10034,"count":42},{"id":10035,"count":16}],"id":20,"addTime":10800,"upTime":20},{"attr":[{"value":26000,"type":30}],"consume":[{"id":10002,"count":4600},{"id":10032,"count":1275},{"id":10033,"count":44},{"id":10034,"count":44},{"id":10035,"count":17}],"id":21,"addTime":10800,"upTime":20},{"attr":[{"value":27000,"type":30}],"consume":[{"id":10002,"count":4700},{"id":10032,"count":1300},{"id":10033,"count":46},{"id":10034,"count":46},{"id":10035,"count":18}],"id":22,"addTime":10800,"upTime":20},{"attr":[{"value":28000,"type":30}],"consume":[{"id":10002,"count":4800},{"id":10032,"count":1325},{"id":10033,"count":48},{"id":10034,"count":48},{"id":10035,"count":19}],"id":23,"addTime":10800,"upTime":20},{"attr":[{"value":29000,"type":30}],"consume":[{"id":10002,"count":4900},{"id":10032,"count":1350},{"id":10033,"count":50},{"id":10034,"count":50},{"id":10035,"count":20}],"id":24,"addTime":10800,"upTime":20},{"attr":[{"value":30000,"type":30}],"consume":[{"id":10002,"count":5000},{"id":10032,"count":1375},{"id":10033,"count":52},{"id":10034,"count":52},{"id":10035,"count":21}],"id":25,"addTime":10800,"upTime":20}]},{"id":8,"lvCfg":[{"attr":[{"value":5000,"type":25}],"consume":[{"id":10002,"count":2500},{"id":10032,"count":180},{"id":10033,"count":2},{"id":10034,"count":2},{"id":10035,"count":0}],"id":0,"addTime":10800,"upTime":20},{"attr":[{"value":6000,"type":25}],"consume":[{"id":10002,"count":2600},{"id":10032,"count":325},{"id":10033,"count":4},{"id":10034,"count":4},{"id":10035,"count":0}],"id":1,"addTime":10800,"upTime":20},{"attr":[{"value":7000,"type":25}],"consume":[{"id":10002,"count":2700},{"id":10032,"count":470},{"id":10033,"count":6},{"id":10034,"count":6},{"id":10035,"count":0}],"id":2,"addTime":10800,"upTime":20},{"attr":[{"value":8000,"type":25}],"consume":[{"id":10002,"count":2800},{"id":10032,"count":620},{"id":10033,"count":8},{"id":10034,"count":8},{"id":10035,"count":0}],"id":3,"addTime":10800,"upTime":20},{"attr":[{"value":9000,"type":25}],"consume":[{"id":10002,"count":2900},{"id":10032,"count":760},{"id":10033,"count":10},{"id":10034,"count":10},{"id":10035,"count":0}],"id":4,"addTime":10800,"upTime":20},{"attr":[{"value":10000,"type":25}],"consume":[{"id":10002,"count":3000},{"id":10032,"count":875},{"id":10033,"count":12},{"id":10034,"count":12},{"id":10035,"count":1}],"id":5,"addTime":10800,"upTime":20},{"attr":[{"value":11000,"type":25}],"consume":[{"id":10002,"count":3100},{"id":10032,"count":900},{"id":10033,"count":14},{"id":10034,"count":14},{"id":10035,"count":2}],"id":6,"addTime":10800,"upTime":20},{"attr":[{"value":12000,"type":25}],"consume":[{"id":10002,"count":3200},{"id":10032,"count":925},{"id":10033,"count":16},{"id":10034,"count":16},{"id":10035,"count":3}],"id":7,"addTime":10800,"upTime":20},{"attr":[{"value":13000,"type":25}],"consume":[{"id":10002,"count":3300},{"id":10032,"count":950},{"id":10033,"count":18},{"id":10034,"count":18},{"id":10035,"count":4}],"id":8,"addTime":10800,"upTime":20},{"attr":[{"value":14000,"type":25}],"consume":[{"id":10002,"count":3400},{"id":10032,"count":975},{"id":10033,"count":20},{"id":10034,"count":20},{"id":10035,"count":5}],"id":9,"addTime":10800,"upTime":20},{"attr":[{"value":15000,"type":25}],"consume":[{"id":10002,"count":3500},{"id":10032,"count":1000},{"id":10033,"count":22},{"id":10034,"count":22},{"id":10035,"count":6}],"id":10,"addTime":10800,"upTime":20},{"attr":[{"value":16000,"type":25}],"consume":[{"id":10002,"count":3600},{"id":10032,"count":1025},{"id":10033,"count":24},{"id":10034,"count":24},{"id":10035,"count":7}],"id":11,"addTime":10800,"upTime":20},{"attr":[{"value":17000,"type":25}],"consume":[{"id":10002,"count":3700},{"id":10032,"count":1050},{"id":10033,"count":26},{"id":10034,"count":26},{"id":10035,"count":8}],"id":12,"addTime":10800,"upTime":20},{"attr":[{"value":18000,"type":25}],"consume":[{"id":10002,"count":3800},{"id":10032,"count":1075},{"id":10033,"count":28},{"id":10034,"count":28},{"id":10035,"count":9}],"id":13,"addTime":10800,"upTime":20},{"attr":[{"value":19000,"type":25}],"consume":[{"id":10002,"count":3900},{"id":10032,"count":1100},{"id":10033,"count":30},{"id":10034,"count":30},{"id":10035,"count":10}],"id":14,"addTime":10800,"upTime":20},{"attr":[{"value":20000,"type":25}],"consume":[{"id":10002,"count":4000},{"id":10032,"count":1125},{"id":10033,"count":32},{"id":10034,"count":32},{"id":10035,"count":11}],"id":15,"addTime":10800,"upTime":20},{"attr":[{"value":21000,"type":25}],"consume":[{"id":10002,"count":4100},{"id":10032,"count":1150},{"id":10033,"count":34},{"id":10034,"count":34},{"id":10035,"count":12}],"id":16,"addTime":10800,"upTime":20},{"attr":[{"value":22000,"type":25}],"consume":[{"id":10002,"count":4200},{"id":10032,"count":1175},{"id":10033,"count":36},{"id":10034,"count":36},{"id":10035,"count":13}],"id":17,"addTime":10800,"upTime":20},{"attr":[{"value":23000,"type":25}],"consume":[{"id":10002,"count":4300},{"id":10032,"count":1200},{"id":10033,"count":38},{"id":10034,"count":38},{"id":10035,"count":14}],"id":18,"addTime":10800,"upTime":20},{"attr":[{"value":24000,"type":25}],"consume":[{"id":10002,"count":4400},{"id":10032,"count":1225},{"id":10033,"count":40},{"id":10034,"count":40},{"id":10035,"count":15}],"id":19,"addTime":10800,"upTime":20},{"attr":[{"value":25000,"type":25}],"consume":[{"id":10002,"count":4500},{"id":10032,"count":1250},{"id":10033,"count":42},{"id":10034,"count":42},{"id":10035,"count":16}],"id":20,"addTime":10800,"upTime":20},{"attr":[{"value":26000,"type":25}],"consume":[{"id":10002,"count":4600},{"id":10032,"count":1275},{"id":10033,"count":44},{"id":10034,"count":44},{"id":10035,"count":17}],"id":21,"addTime":10800,"upTime":20},{"attr":[{"value":27000,"type":25}],"consume":[{"id":10002,"count":4700},{"id":10032,"count":1300},{"id":10033,"count":46},{"id":10034,"count":46},{"id":10035,"count":18}],"id":22,"addTime":10800,"upTime":20},{"attr":[{"value":28000,"type":25}],"consume":[{"id":10002,"count":4800},{"id":10032,"count":1325},{"id":10033,"count":48},{"id":10034,"count":48},{"id":10035,"count":19}],"id":23,"addTime":10800,"upTime":20},{"attr":[{"value":29000,"type":25}],"consume":[{"id":10002,"count":4900},{"id":10032,"count":1350},{"id":10033,"count":50},{"id":10034,"count":50},{"id":10035,"count":20}],"id":24,"addTime":10800,"upTime":20},{"attr":[{"value":30000,"type":25}],"consume":[{"id":10002,"count":5000},{"id":10032,"count":1375},{"id":10033,"count":52},{"id":10034,"count":52},{"id":10035,"count":21}],"id":25,"addTime":10800,"upTime":20}]},{"id":9,"lvCfg":[{"attr":[{"value":500,"type":15}],"consume":[{"id":10002,"count":2500},{"id":10032,"count":180},{"id":10033,"count":2},{"id":10034,"count":2},{"id":10035,"count":0}],"id":0,"addTime":10800,"upTime":20},{"attr":[{"value":600,"type":15}],"consume":[{"id":10002,"count":2600},{"id":10032,"count":325},{"id":10033,"count":4},{"id":10034,"count":4},{"id":10035,"count":0}],"id":1,"addTime":10800,"upTime":20},{"attr":[{"value":700,"type":15}],"consume":[{"id":10002,"count":2700},{"id":10032,"count":470},{"id":10033,"count":6},{"id":10034,"count":6},{"id":10035,"count":0}],"id":2,"addTime":10800,"upTime":20},{"attr":[{"value":800,"type":15}],"consume":[{"id":10002,"count":2800},{"id":10032,"count":620},{"id":10033,"count":8},{"id":10034,"count":8},{"id":10035,"count":0}],"id":3,"addTime":10800,"upTime":20},{"attr":[{"value":900,"type":15}],"consume":[{"id":10002,"count":2900},{"id":10032,"count":760},{"id":10033,"count":10},{"id":10034,"count":10},{"id":10035,"count":0}],"id":4,"addTime":10800,"upTime":20},{"attr":[{"value":1000,"type":15}],"consume":[{"id":10002,"count":3000},{"id":10032,"count":875},{"id":10033,"count":12},{"id":10034,"count":12},{"id":10035,"count":1}],"id":5,"addTime":10800,"upTime":20},{"attr":[{"value":1100,"type":15}],"consume":[{"id":10002,"count":3100},{"id":10032,"count":900},{"id":10033,"count":14},{"id":10034,"count":14},{"id":10035,"count":2}],"id":6,"addTime":10800,"upTime":20},{"attr":[{"value":1200,"type":15}],"consume":[{"id":10002,"count":3200},{"id":10032,"count":925},{"id":10033,"count":16},{"id":10034,"count":16},{"id":10035,"count":3}],"id":7,"addTime":10800,"upTime":20},{"attr":[{"value":1300,"type":15}],"consume":[{"id":10002,"count":3300},{"id":10032,"count":950},{"id":10033,"count":18},{"id":10034,"count":18},{"id":10035,"count":4}],"id":8,"addTime":10800,"upTime":20},{"attr":[{"value":1400,"type":15}],"consume":[{"id":10002,"count":3400},{"id":10032,"count":975},{"id":10033,"count":20},{"id":10034,"count":20},{"id":10035,"count":5}],"id":9,"addTime":10800,"upTime":20},{"attr":[{"value":1500,"type":15}],"consume":[{"id":10002,"count":3500},{"id":10032,"count":1000},{"id":10033,"count":22},{"id":10034,"count":22},{"id":10035,"count":6}],"id":10,"addTime":10800,"upTime":20},{"attr":[{"value":1600,"type":15}],"consume":[{"id":10002,"count":3600},{"id":10032,"count":1025},{"id":10033,"count":24},{"id":10034,"count":24},{"id":10035,"count":7}],"id":11,"addTime":10800,"upTime":20},{"attr":[{"value":1700,"type":15}],"consume":[{"id":10002,"count":3700},{"id":10032,"count":1050},{"id":10033,"count":26},{"id":10034,"count":26},{"id":10035,"count":8}],"id":12,"addTime":10800,"upTime":20},{"attr":[{"value":1800,"type":15}],"consume":[{"id":10002,"count":3800},{"id":10032,"count":1075},{"id":10033,"count":28},{"id":10034,"count":28},{"id":10035,"count":9}],"id":13,"addTime":10800,"upTime":20},{"attr":[{"value":1900,"type":15}],"consume":[{"id":10002,"count":3900},{"id":10032,"count":1100},{"id":10033,"count":30},{"id":10034,"count":30},{"id":10035,"count":10}],"id":14,"addTime":10800,"upTime":20},{"attr":[{"value":2000,"type":15}],"consume":[{"id":10002,"count":4000},{"id":10032,"count":1125},{"id":10033,"count":32},{"id":10034,"count":32},{"id":10035,"count":11}],"id":15,"addTime":10800,"upTime":20},{"attr":[{"value":2100,"type":15}],"consume":[{"id":10002,"count":4100},{"id":10032,"count":1150},{"id":10033,"count":34},{"id":10034,"count":34},{"id":10035,"count":12}],"id":16,"addTime":10800,"upTime":20},{"attr":[{"value":2200,"type":15}],"consume":[{"id":10002,"count":4200},{"id":10032,"count":1175},{"id":10033,"count":36},{"id":10034,"count":36},{"id":10035,"count":13}],"id":17,"addTime":10800,"upTime":20},{"attr":[{"value":2300,"type":15}],"consume":[{"id":10002,"count":4300},{"id":10032,"count":1200},{"id":10033,"count":38},{"id":10034,"count":38},{"id":10035,"count":14}],"id":18,"addTime":10800,"upTime":20},{"attr":[{"value":2400,"type":15}],"consume":[{"id":10002,"count":4400},{"id":10032,"count":1225},{"id":10033,"count":40},{"id":10034,"count":40},{"id":10035,"count":15}],"id":19,"addTime":10800,"upTime":20},{"attr":[{"value":2500,"type":15}],"consume":[{"id":10002,"count":4500},{"id":10032,"count":1250},{"id":10033,"count":42},{"id":10034,"count":42},{"id":10035,"count":16}],"id":20,"addTime":10800,"upTime":20},{"attr":[{"value":2600,"type":15}],"consume":[{"id":10002,"count":4600},{"id":10032,"count":1275},{"id":10033,"count":44},{"id":10034,"count":44},{"id":10035,"count":17}],"id":21,"addTime":10800,"upTime":20},{"attr":[{"value":2700,"type":15}],"consume":[{"id":10002,"count":4700},{"id":10032,"count":1300},{"id":10033,"count":46},{"id":10034,"count":46},{"id":10035,"count":18}],"id":22,"addTime":10800,"upTime":20},{"attr":[{"value":2800,"type":15}],"consume":[{"id":10002,"count":4800},{"id":10032,"count":1325},{"id":10033,"count":48},{"id":10034,"count":48},{"id":10035,"count":19}],"id":23,"addTime":10800,"upTime":20},{"attr":[{"value":2900,"type":15}],"consume":[{"id":10002,"count":4900},{"id":10032,"count":1350},{"id":10033,"count":50},{"id":10034,"count":50},{"id":10035,"count":20}],"id":24,"addTime":10800,"upTime":20},{"attr":[{"value":3000,"type":15}],"consume":[{"id":10002,"count":5000},{"id":10032,"count":1375},{"id":10033,"count":52},{"id":10034,"count":52},{"id":10035,"count":21}],"id":25,"addTime":10800,"upTime":20}]},{"id":10,"lvCfg":[{"attr":[{"value":500,"type":14}],"consume":[{"id":10002,"count":2500},{"id":10032,"count":180},{"id":10033,"count":2},{"id":10034,"count":2},{"id":10035,"count":0}],"id":0,"addTime":10800,"upTime":20},{"attr":[{"value":600,"type":14}],"consume":[{"id":10002,"count":2600},{"id":10032,"count":325},{"id":10033,"count":4},{"id":10034,"count":4},{"id":10035,"count":0}],"id":1,"addTime":10800,"upTime":20},{"attr":[{"value":700,"type":14}],"consume":[{"id":10002,"count":2700},{"id":10032,"count":470},{"id":10033,"count":6},{"id":10034,"count":6},{"id":10035,"count":0}],"id":2,"addTime":10800,"upTime":20},{"attr":[{"value":800,"type":14}],"consume":[{"id":10002,"count":2800},{"id":10032,"count":620},{"id":10033,"count":8},{"id":10034,"count":8},{"id":10035,"count":0}],"id":3,"addTime":10800,"upTime":20},{"attr":[{"value":900,"type":14}],"consume":[{"id":10002,"count":2900},{"id":10032,"count":760},{"id":10033,"count":10},{"id":10034,"count":10},{"id":10035,"count":0}],"id":4,"addTime":10800,"upTime":20},{"attr":[{"value":1000,"type":14}],"consume":[{"id":10002,"count":3000},{"id":10032,"count":875},{"id":10033,"count":12},{"id":10034,"count":12},{"id":10035,"count":1}],"id":5,"addTime":10800,"upTime":20},{"attr":[{"value":1100,"type":14}],"consume":[{"id":10002,"count":3100},{"id":10032,"count":900},{"id":10033,"count":14},{"id":10034,"count":14},{"id":10035,"count":2}],"id":6,"addTime":10800,"upTime":20},{"attr":[{"value":1200,"type":14}],"consume":[{"id":10002,"count":3200},{"id":10032,"count":925},{"id":10033,"count":16},{"id":10034,"count":16},{"id":10035,"count":3}],"id":7,"addTime":10800,"upTime":20},{"attr":[{"value":1300,"type":14}],"consume":[{"id":10002,"count":3300},{"id":10032,"count":950},{"id":10033,"count":18},{"id":10034,"count":18},{"id":10035,"count":4}],"id":8,"addTime":10800,"upTime":20},{"attr":[{"value":1400,"type":14}],"consume":[{"id":10002,"count":3400},{"id":10032,"count":975},{"id":10033,"count":20},{"id":10034,"count":20},{"id":10035,"count":5}],"id":9,"addTime":10800,"upTime":20},{"attr":[{"value":1500,"type":14}],"consume":[{"id":10002,"count":3500},{"id":10032,"count":1000},{"id":10033,"count":22},{"id":10034,"count":22},{"id":10035,"count":6}],"id":10,"addTime":10800,"upTime":20},{"attr":[{"value":1600,"type":14}],"consume":[{"id":10002,"count":3600},{"id":10032,"count":1025},{"id":10033,"count":24},{"id":10034,"count":24},{"id":10035,"count":7}],"id":11,"addTime":10800,"upTime":20},{"attr":[{"value":1700,"type":14}],"consume":[{"id":10002,"count":3700},{"id":10032,"count":1050},{"id":10033,"count":26},{"id":10034,"count":26},{"id":10035,"count":8}],"id":12,"addTime":10800,"upTime":20},{"attr":[{"value":1800,"type":14}],"consume":[{"id":10002,"count":3800},{"id":10032,"count":1075},{"id":10033,"count":28},{"id":10034,"count":28},{"id":10035,"count":9}],"id":13,"addTime":10800,"upTime":20},{"attr":[{"value":1900,"type":14}],"consume":[{"id":10002,"count":3900},{"id":10032,"count":1100},{"id":10033,"count":30},{"id":10034,"count":30},{"id":10035,"count":10}],"id":14,"addTime":10800,"upTime":20},{"attr":[{"value":2000,"type":14}],"consume":[{"id":10002,"count":4000},{"id":10032,"count":1125},{"id":10033,"count":32},{"id":10034,"count":32},{"id":10035,"count":11}],"id":15,"addTime":10800,"upTime":20},{"attr":[{"value":2100,"type":14}],"consume":[{"id":10002,"count":4100},{"id":10032,"count":1150},{"id":10033,"count":34},{"id":10034,"count":34},{"id":10035,"count":12}],"id":16,"addTime":10800,"upTime":20},{"attr":[{"value":2200,"type":14}],"consume":[{"id":10002,"count":4200},{"id":10032,"count":1175},{"id":10033,"count":36},{"id":10034,"count":36},{"id":10035,"count":13}],"id":17,"addTime":10800,"upTime":20},{"attr":[{"value":2300,"type":14}],"consume":[{"id":10002,"count":4300},{"id":10032,"count":1200},{"id":10033,"count":38},{"id":10034,"count":38},{"id":10035,"count":14}],"id":18,"addTime":10800,"upTime":20},{"attr":[{"value":2400,"type":14}],"consume":[{"id":10002,"count":4400},{"id":10032,"count":1225},{"id":10033,"count":40},{"id":10034,"count":40},{"id":10035,"count":15}],"id":19,"addTime":10800,"upTime":20},{"attr":[{"value":2500,"type":14}],"consume":[{"id":10002,"count":4500},{"id":10032,"count":1250},{"id":10033,"count":42},{"id":10034,"count":42},{"id":10035,"count":16}],"id":20,"addTime":10800,"upTime":20},{"attr":[{"value":2600,"type":14}],"consume":[{"id":10002,"count":4600},{"id":10032,"count":1275},{"id":10033,"count":44},{"id":10034,"count":44},{"id":10035,"count":17}],"id":21,"addTime":10800,"upTime":20},{"attr":[{"value":2700,"type":14}],"consume":[{"id":10002,"count":4700},{"id":10032,"count":1300},{"id":10033,"count":46},{"id":10034,"count":46},{"id":10035,"count":18}],"id":22,"addTime":10800,"upTime":20},{"attr":[{"value":2800,"type":14}],"consume":[{"id":10002,"count":4800},{"id":10032,"count":1325},{"id":10033,"count":48},{"id":10034,"count":48},{"id":10035,"count":19}],"id":23,"addTime":10800,"upTime":20},{"attr":[{"value":2900,"type":14}],"consume":[{"id":10002,"count":4900},{"id":10032,"count":1350},{"id":10033,"count":50},{"id":10034,"count":50},{"id":10035,"count":20}],"id":24,"addTime":10800,"upTime":20},{"attr":[{"value":3000,"type":14}],"consume":[{"id":10002,"count":5000},{"id":10032,"count":1375},{"id":10033,"count":52},{"id":10034,"count":52},{"id":10035,"count":21}],"id":25,"addTime":10800,"upTime":20}]},{"id":11,"lvCfg":[{"attr":[{"value":500,"type":12}],"consume":[{"id":10002,"count":2500},{"id":10032,"count":180},{"id":10033,"count":2},{"id":10034,"count":2},{"id":10035,"count":0}],"id":0,"addTime":10800,"upTime":20},{"attr":[{"value":600,"type":12}],"consume":[{"id":10002,"count":2600},{"id":10032,"count":325},{"id":10033,"count":4},{"id":10034,"count":4},{"id":10035,"count":0}],"id":1,"addTime":10800,"upTime":20},{"attr":[{"value":700,"type":12}],"consume":[{"id":10002,"count":2700},{"id":10032,"count":470},{"id":10033,"count":6},{"id":10034,"count":6},{"id":10035,"count":0}],"id":2,"addTime":10800,"upTime":20},{"attr":[{"value":800,"type":12}],"consume":[{"id":10002,"count":2800},{"id":10032,"count":620},{"id":10033,"count":8},{"id":10034,"count":8},{"id":10035,"count":0}],"id":3,"addTime":10800,"upTime":20},{"attr":[{"value":900,"type":12}],"consume":[{"id":10002,"count":2900},{"id":10032,"count":760},{"id":10033,"count":10},{"id":10034,"count":10},{"id":10035,"count":0}],"id":4,"addTime":10800,"upTime":20},{"attr":[{"value":1000,"type":12}],"consume":[{"id":10002,"count":3000},{"id":10032,"count":875},{"id":10033,"count":12},{"id":10034,"count":12},{"id":10035,"count":1}],"id":5,"addTime":10800,"upTime":20},{"attr":[{"value":1100,"type":12}],"consume":[{"id":10002,"count":3100},{"id":10032,"count":900},{"id":10033,"count":14},{"id":10034,"count":14},{"id":10035,"count":2}],"id":6,"addTime":10800,"upTime":20},{"attr":[{"value":1200,"type":12}],"consume":[{"id":10002,"count":3200},{"id":10032,"count":925},{"id":10033,"count":16},{"id":10034,"count":16},{"id":10035,"count":3}],"id":7,"addTime":10800,"upTime":20},{"attr":[{"value":1300,"type":12}],"consume":[{"id":10002,"count":3300},{"id":10032,"count":950},{"id":10033,"count":18},{"id":10034,"count":18},{"id":10035,"count":4}],"id":8,"addTime":10800,"upTime":20},{"attr":[{"value":1400,"type":12}],"consume":[{"id":10002,"count":3400},{"id":10032,"count":975},{"id":10033,"count":20},{"id":10034,"count":20},{"id":10035,"count":5}],"id":9,"addTime":10800,"upTime":20},{"attr":[{"value":1500,"type":12}],"consume":[{"id":10002,"count":3500},{"id":10032,"count":1000},{"id":10033,"count":22},{"id":10034,"count":22},{"id":10035,"count":6}],"id":10,"addTime":10800,"upTime":20},{"attr":[{"value":1600,"type":12}],"consume":[{"id":10002,"count":3600},{"id":10032,"count":1025},{"id":10033,"count":24},{"id":10034,"count":24},{"id":10035,"count":7}],"id":11,"addTime":10800,"upTime":20},{"attr":[{"value":1700,"type":12}],"consume":[{"id":10002,"count":3700},{"id":10032,"count":1050},{"id":10033,"count":26},{"id":10034,"count":26},{"id":10035,"count":8}],"id":12,"addTime":10800,"upTime":20},{"attr":[{"value":1800,"type":12}],"consume":[{"id":10002,"count":3800},{"id":10032,"count":1075},{"id":10033,"count":28},{"id":10034,"count":28},{"id":10035,"count":9}],"id":13,"addTime":10800,"upTime":20},{"attr":[{"value":1900,"type":12}],"consume":[{"id":10002,"count":3900},{"id":10032,"count":1100},{"id":10033,"count":30},{"id":10034,"count":30},{"id":10035,"count":10}],"id":14,"addTime":10800,"upTime":20},{"attr":[{"value":2000,"type":12}],"consume":[{"id":10002,"count":4000},{"id":10032,"count":1125},{"id":10033,"count":32},{"id":10034,"count":32},{"id":10035,"count":11}],"id":15,"addTime":10800,"upTime":20},{"attr":[{"value":2100,"type":12}],"consume":[{"id":10002,"count":4100},{"id":10032,"count":1150},{"id":10033,"count":34},{"id":10034,"count":34},{"id":10035,"count":12}],"id":16,"addTime":10800,"upTime":20},{"attr":[{"value":2200,"type":12}],"consume":[{"id":10002,"count":4200},{"id":10032,"count":1175},{"id":10033,"count":36},{"id":10034,"count":36},{"id":10035,"count":13}],"id":17,"addTime":10800,"upTime":20},{"attr":[{"value":2300,"type":12}],"consume":[{"id":10002,"count":4300},{"id":10032,"count":1200},{"id":10033,"count":38},{"id":10034,"count":38},{"id":10035,"count":14}],"id":18,"addTime":10800,"upTime":20},{"attr":[{"value":2400,"type":12}],"consume":[{"id":10002,"count":4400},{"id":10032,"count":1225},{"id":10033,"count":40},{"id":10034,"count":40},{"id":10035,"count":15}],"id":19,"addTime":10800,"upTime":20},{"attr":[{"value":2500,"type":12}],"consume":[{"id":10002,"count":4500},{"id":10032,"count":1250},{"id":10033,"count":42},{"id":10034,"count":42},{"id":10035,"count":16}],"id":20,"addTime":10800,"upTime":20},{"attr":[{"value":2600,"type":12}],"consume":[{"id":10002,"count":4600},{"id":10032,"count":1275},{"id":10033,"count":44},{"id":10034,"count":44},{"id":10035,"count":17}],"id":21,"addTime":10800,"upTime":20},{"attr":[{"value":2700,"type":12}],"consume":[{"id":10002,"count":4700},{"id":10032,"count":1300},{"id":10033,"count":46},{"id":10034,"count":46},{"id":10035,"count":18}],"id":22,"addTime":10800,"upTime":20},{"attr":[{"value":2800,"type":12}],"consume":[{"id":10002,"count":4800},{"id":10032,"count":1325},{"id":10033,"count":48},{"id":10034,"count":48},{"id":10035,"count":19}],"id":23,"addTime":10800,"upTime":20},{"attr":[{"value":2900,"type":12}],"consume":[{"id":10002,"count":4900},{"id":10032,"count":1350},{"id":10033,"count":50},{"id":10034,"count":50},{"id":10035,"count":20}],"id":24,"addTime":10800,"upTime":20},{"attr":[{"value":3000,"type":12}],"consume":[{"id":10002,"count":5000},{"id":10032,"count":1375},{"id":10033,"count":52},{"id":10034,"count":52},{"id":10035,"count":21}],"id":25,"addTime":10800,"upTime":20}]},{"id":12,"lvCfg":[{"attr":[{"value":5000,"type":29}],"consume":[{"id":10002,"count":2500},{"id":10032,"count":180},{"id":10033,"count":2},{"id":10034,"count":2},{"id":10035,"count":0}],"id":0,"addTime":10800,"upTime":20},{"attr":[{"value":6000,"type":29}],"consume":[{"id":10002,"count":2600},{"id":10032,"count":325},{"id":10033,"count":4},{"id":10034,"count":4},{"id":10035,"count":0}],"id":1,"addTime":10800,"upTime":20},{"attr":[{"value":7000,"type":29}],"consume":[{"id":10002,"count":2700},{"id":10032,"count":470},{"id":10033,"count":6},{"id":10034,"count":6},{"id":10035,"count":0}],"id":2,"addTime":10800,"upTime":20},{"attr":[{"value":8000,"type":29}],"consume":[{"id":10002,"count":2800},{"id":10032,"count":620},{"id":10033,"count":8},{"id":10034,"count":8},{"id":10035,"count":0}],"id":3,"addTime":10800,"upTime":20},{"attr":[{"value":9000,"type":29}],"consume":[{"id":10002,"count":2900},{"id":10032,"count":760},{"id":10033,"count":10},{"id":10034,"count":10},{"id":10035,"count":0}],"id":4,"addTime":10800,"upTime":20},{"attr":[{"value":10000,"type":29}],"consume":[{"id":10002,"count":3000},{"id":10032,"count":875},{"id":10033,"count":12},{"id":10034,"count":12},{"id":10035,"count":1}],"id":5,"addTime":10800,"upTime":20},{"attr":[{"value":11000,"type":29}],"consume":[{"id":10002,"count":3100},{"id":10032,"count":900},{"id":10033,"count":14},{"id":10034,"count":14},{"id":10035,"count":2}],"id":6,"addTime":10800,"upTime":20},{"attr":[{"value":12000,"type":29}],"consume":[{"id":10002,"count":3200},{"id":10032,"count":925},{"id":10033,"count":16},{"id":10034,"count":16},{"id":10035,"count":3}],"id":7,"addTime":10800,"upTime":20},{"attr":[{"value":13000,"type":29}],"consume":[{"id":10002,"count":3300},{"id":10032,"count":950},{"id":10033,"count":18},{"id":10034,"count":18},{"id":10035,"count":4}],"id":8,"addTime":10800,"upTime":20},{"attr":[{"value":14000,"type":29}],"consume":[{"id":10002,"count":3400},{"id":10032,"count":975},{"id":10033,"count":20},{"id":10034,"count":20},{"id":10035,"count":5}],"id":9,"addTime":10800,"upTime":20},{"attr":[{"value":15000,"type":29}],"consume":[{"id":10002,"count":3500},{"id":10032,"count":1000},{"id":10033,"count":22},{"id":10034,"count":22},{"id":10035,"count":6}],"id":10,"addTime":10800,"upTime":20},{"attr":[{"value":16000,"type":29}],"consume":[{"id":10002,"count":3600},{"id":10032,"count":1025},{"id":10033,"count":24},{"id":10034,"count":24},{"id":10035,"count":7}],"id":11,"addTime":10800,"upTime":20},{"attr":[{"value":17000,"type":29}],"consume":[{"id":10002,"count":3700},{"id":10032,"count":1050},{"id":10033,"count":26},{"id":10034,"count":26},{"id":10035,"count":8}],"id":12,"addTime":10800,"upTime":20},{"attr":[{"value":18000,"type":29}],"consume":[{"id":10002,"count":3800},{"id":10032,"count":1075},{"id":10033,"count":28},{"id":10034,"count":28},{"id":10035,"count":9}],"id":13,"addTime":10800,"upTime":20},{"attr":[{"value":19000,"type":29}],"consume":[{"id":10002,"count":3900},{"id":10032,"count":1100},{"id":10033,"count":30},{"id":10034,"count":30},{"id":10035,"count":10}],"id":14,"addTime":10800,"upTime":20},{"attr":[{"value":20000,"type":29}],"consume":[{"id":10002,"count":4000},{"id":10032,"count":1125},{"id":10033,"count":32},{"id":10034,"count":32},{"id":10035,"count":11}],"id":15,"addTime":10800,"upTime":20},{"attr":[{"value":21000,"type":29}],"consume":[{"id":10002,"count":4100},{"id":10032,"count":1150},{"id":10033,"count":34},{"id":10034,"count":34},{"id":10035,"count":12}],"id":16,"addTime":10800,"upTime":20},{"attr":[{"value":22000,"type":29}],"consume":[{"id":10002,"count":4200},{"id":10032,"count":1175},{"id":10033,"count":36},{"id":10034,"count":36},{"id":10035,"count":13}],"id":17,"addTime":10800,"upTime":20},{"attr":[{"value":23000,"type":29}],"consume":[{"id":10002,"count":4300},{"id":10032,"count":1200},{"id":10033,"count":38},{"id":10034,"count":38},{"id":10035,"count":14}],"id":18,"addTime":10800,"upTime":20},{"attr":[{"value":24000,"type":29}],"consume":[{"id":10002,"count":4400},{"id":10032,"count":1225},{"id":10033,"count":40},{"id":10034,"count":40},{"id":10035,"count":15}],"id":19,"addTime":10800,"upTime":20},{"attr":[{"value":25000,"type":29}],"consume":[{"id":10002,"count":4500},{"id":10032,"count":1250},{"id":10033,"count":42},{"id":10034,"count":42},{"id":10035,"count":16}],"id":20,"addTime":10800,"upTime":20},{"attr":[{"value":26000,"type":29}],"consume":[{"id":10002,"count":4600},{"id":10032,"count":1275},{"id":10033,"count":44},{"id":10034,"count":44},{"id":10035,"count":17}],"id":21,"addTime":10800,"upTime":20},{"attr":[{"value":27000,"type":29}],"consume":[{"id":10002,"count":4700},{"id":10032,"count":1300},{"id":10033,"count":46},{"id":10034,"count":46},{"id":10035,"count":18}],"id":22,"addTime":10800,"upTime":20},{"attr":[{"value":28000,"type":29}],"consume":[{"id":10002,"count":4800},{"id":10032,"count":1325},{"id":10033,"count":48},{"id":10034,"count":48},{"id":10035,"count":19}],"id":23,"addTime":10800,"upTime":20},{"attr":[{"value":29000,"type":29}],"consume":[{"id":10002,"count":4900},{"id":10032,"count":1350},{"id":10033,"count":50},{"id":10034,"count":50},{"id":10035,"count":20}],"id":24,"addTime":10800,"upTime":20},{"attr":[{"value":30000,"type":29}],"consume":[{"id":10002,"count":5000},{"id":10032,"count":1375},{"id":10033,"count":52},{"id":10034,"count":52},{"id":10035,"count":21}],"id":25,"addTime":10800,"upTime":20}]}],"maxTimes":3}}