{"GuildBossConfig":{"guildRank":[{"awardsEx":[{"id":10003,"count":100},{"id":10034,"count":3}],"awards":[{"id":10003,"count":200},{"id":10033,"count":12},{"id":10034,"count":12}],"range":{"min":1,"max":2},"desc":"1"},{"awardsEx":[{"id":10003,"count":80},{"id":10034,"count":3}],"awards":[{"id":10003,"count":150},{"id":10033,"count":10},{"id":10034,"count":10}],"range":{"min":2,"max":3},"desc":"2"},{"awardsEx":[{"id":10003,"count":60},{"id":10034,"count":2}],"awards":[{"id":10003,"count":120},{"id":10033,"count":8},{"id":10034,"count":8}],"range":{"min":3,"max":4},"desc":"3"},{"awardsEx":[{"id":10003,"count":50},{"id":10034,"count":2}],"awards":[{"id":10003,"count":100},{"id":10033,"count":7},{"id":10034,"count":7}],"range":{"min":4,"max":5},"desc":"4"},{"awardsEx":[{"id":10003,"count":40},{"id":10034,"count":1}],"awards":[{"id":10003,"count":80},{"id":10033,"count":6},{"id":10034,"count":6}],"range":{"min":5,"max":6},"desc":"5"},{"awardsEx":[{"id":10003,"count":35},{"id":10034,"count":1}],"awards":[{"id":10003,"count":70},{"id":10033,"count":5},{"id":10034,"count":5}],"range":{"min":6,"max":7},"desc":"6"},{"awardsEx":[{"id":10003,"count":30},{"id":10034,"count":1}],"awards":[{"id":10003,"count":60},{"id":10033,"count":4},{"id":10034,"count":4}],"range":{"min":7,"max":11},"desc":"7-10"},{"awardsEx":[{"id":10003,"count":25},{"id":10034,"count":1}],"awards":[{"id":10003,"count":50},{"id":10033,"count":3},{"id":10034,"count":3}],"range":{"min":11,"max":9999},"desc":"10+"}],"guildContent":"恭喜！贵方行会在本次行会屠龙中获得<font color='#fe0000'>第%s名</font>！以下是行会奖励，请查收！","monsterCfg":{"name":"火龙王","appear":10009,"monType":1,"list":[{"awards":[{"id":10004,"count":10,"pro":60000},{"id":10002,"count":20,"pro":1000},{"id":10030,"count":1,"pro":1000},{"id":10003,"count":2,"pro":1000},{"id":10007,"count":100,"pro":1000},{"id":10008,"count":1,"pro":100}],"lv":1,"range":30000,"attrRate":1},{"awards":[{"id":10004,"count":10,"pro":1000},{"id":10002,"count":20,"pro":60000},{"id":10030,"count":1,"pro":1000},{"id":10003,"count":2,"pro":1000},{"id":10007,"count":100,"pro":1000},{"id":10008,"count":1,"pro":100}],"lv":2,"range":42000,"attrRate":1.50},{"awards":[{"id":10004,"count":5,"pro":6000},{"id":10002,"count":20,"pro":1000},{"id":10030,"count":1,"pro":60000},{"id":10003,"count":2,"pro":1000},{"id":10007,"count":100,"pro":1000},{"id":10008,"count":1,"pro":100}],"lv":3,"range":59000,"attrRate":1.50},{"awards":[{"id":10004,"count":5,"pro":6000},{"id":10002,"count":20,"pro":1000},{"id":10030,"count":1,"pro":1000},{"id":10003,"count":2,"pro":1000},{"id":10007,"count":100,"pro":600000},{"id":10008,"count":3,"pro":100}],"lv":4,"range":83000,"attrRate":1.50},{"awards":[{"id":10004,"count":5,"pro":6000},{"id":10002,"count":20,"pro":1000},{"id":10030,"count":1,"pro":1000},{"id":10003,"count":2,"pro":600000},{"id":10007,"count":100,"pro":400},{"id":10008,"count":1,"pro":300}],"lv":5,"range":116000,"attrRate":1.50},{"awards":[{"id":10004,"count":5,"pro":100},{"id":10002,"count":20,"pro":1000},{"id":10030,"count":1,"pro":60000},{"id":10003,"count":2,"pro":1000},{"id":10007,"count":100,"pro":400},{"id":10008,"count":1,"pro":300}],"lv":6,"range":162000,"attrRate":1.50},{"awards":[{"id":10004,"count":5,"pro":100},{"id":10002,"count":20,"pro":1000},{"id":10030,"count":1,"pro":500},{"id":10003,"count":2,"pro":1000},{"id":10007,"count":100,"pro":300},{"id":10008,"count":1,"pro":300}],"lv":7,"range":227000,"attrRate":1.50},{"awards":[{"id":10004,"count":5,"pro":100},{"id":10002,"count":30,"pro":1000},{"id":10030,"count":1,"pro":500},{"id":10003,"count":2,"pro":1000},{"id":10007,"count":100,"pro":300},{"id":10008,"count":1,"pro":100}],"lv":8,"range":318000,"attrRate":1.50},{"awards":[{"id":10004,"count":5,"pro":100},{"id":10002,"count":30,"pro":1000},{"id":10030,"count":1,"pro":500},{"id":10003,"count":2,"pro":1000},{"id":10007,"count":100,"pro":200},{"id":10008,"count":1,"pro":100}],"lv":9,"range":445000,"attrRate":1.50},{"awards":[{"id":10004,"count":5,"pro":100},{"id":10002,"count":30,"pro":1000},{"id":10030,"count":1,"pro":500},{"id":10003,"count":2,"pro":1000},{"id":10007,"count":100,"pro":200},{"id":10008,"count":1,"pro":100}],"lv":10,"range":623000,"attrRate":1.50},{"awards":[{"id":10004,"count":5,"pro":100},{"id":10002,"count":30,"pro":1000},{"id":10030,"count":1,"pro":10000},{"id":10003,"count":2,"pro":100},{"id":10007,"count":100,"pro":200},{"id":10008,"count":1,"pro":100}],"lv":11,"range":872000,"attrRate":1.50},{"awards":[{"id":10004,"count":5,"pro":100},{"id":10002,"count":30,"pro":1000},{"id":10030,"count":1,"pro":10000},{"id":10003,"count":2,"pro":100},{"id":10007,"count":100,"pro":200},{"id":10008,"count":1,"pro":100}],"lv":12,"range":1221000,"attrRate":1.50},{"awards":[{"id":10004,"count":5,"pro":100},{"id":10002,"count":30,"pro":2000},{"id":10030,"count":1,"pro":10000},{"id":10003,"count":2,"pro":100},{"id":10007,"count":100,"pro":200},{"id":10008,"count":1,"pro":50}],"lv":13,"range":1709000,"attrRate":1.50},{"awards":[{"id":10004,"count":5,"pro":3000},{"id":10002,"count":30,"pro":2000},{"id":10030,"count":1,"pro":100},{"id":10003,"count":2,"pro":100},{"id":10007,"count":100,"pro":200},{"id":10008,"count":1,"pro":50}],"lv":14,"range":2393000,"attrRate":1.50},{"awards":[{"id":10004,"count":5,"pro":3000},{"id":10002,"count":40,"pro":2000},{"id":10030,"count":1,"pro":100},{"id":10003,"count":2,"pro":100},{"id":10007,"count":100,"pro":200},{"id":10008,"count":1,"pro":50}],"lv":15,"range":3350000,"attrRate":1.50},{"awards":[{"id":10004,"count":2,"pro":3000},{"id":10002,"count":40,"pro":2000},{"id":10030,"count":1,"pro":100},{"id":10003,"count":2,"pro":100},{"id":10007,"count":100,"pro":100},{"id":10008,"count":1,"pro":50}],"lv":16,"range":4690000,"attrRate":1.50},{"awards":[{"id":10004,"count":2,"pro":3000},{"id":10002,"count":40,"pro":2000},{"id":10030,"count":1,"pro":100},{"id":10003,"count":2,"pro":100},{"id":10007,"count":100,"pro":100},{"id":10008,"count":1,"pro":50}],"lv":17,"range":6566000,"attrRate":1.50},{"awards":[{"id":10004,"count":2,"pro":3000},{"id":10002,"count":40,"pro":2000},{"id":10030,"count":1,"pro":100},{"id":10003,"count":2,"pro":100},{"id":10007,"count":100,"pro":100},{"id":10008,"count":1,"pro":50}],"lv":18,"range":9192000,"attrRate":1.50},{"awards":[{"id":10004,"count":2,"pro":3000},{"id":10002,"count":40,"pro":3000},{"id":10030,"count":1,"pro":100},{"id":10003,"count":2,"pro":100},{"id":10007,"count":100,"pro":100},{"id":10008,"count":1,"pro":50}],"lv":19,"range":12869000,"attrRate":1.50},{"awards":[{"id":10004,"count":2,"pro":3000},{"id":10002,"count":40,"pro":3000},{"id":10030,"count":1,"pro":100},{"id":10003,"count":2,"pro":100},{"id":10007,"count":100,"pro":100},{"id":10008,"count":1,"pro":1}],"lv":20,"range":18017000,"attrRate":1.50},{"awards":[{"id":10004,"count":2,"pro":3000},{"id":10002,"count":40,"pro":3000},{"id":10030,"count":1,"pro":100},{"id":10003,"count":2,"pro":100},{"id":10007,"count":100,"pro":100},{"id":10008,"count":1,"pro":1}],"lv":21,"range":25224000,"attrRate":1.50},{"awards":[{"id":10004,"count":2,"pro":3000},{"id":10002,"count":40,"pro":3000},{"id":10030,"count":1,"pro":100},{"id":10003,"count":2,"pro":100},{"id":10007,"count":100,"pro":100},{"id":10008,"count":1,"pro":1}],"lv":22,"range":35314000,"attrRate":1.50},{"awards":[{"id":10004,"count":2,"pro":3000},{"id":10002,"count":40,"pro":3000},{"id":10030,"count":1,"pro":100},{"id":10003,"count":2,"pro":100},{"id":10007,"count":100,"pro":100},{"id":10008,"count":1,"pro":1}],"lv":23,"range":49440000,"attrRate":1.50},{"awards":[{"id":10004,"count":2,"pro":3000},{"id":10002,"count":40,"pro":3000},{"id":10030,"count":1,"pro":100},{"id":10003,"count":2,"pro":100},{"id":10007,"count":100,"pro":100},{"id":10008,"count":1,"pro":1}],"lv":24,"range":69216000,"attrRate":1.50},{"awards":[{"id":10004,"count":2,"pro":3000},{"id":10002,"count":50,"pro":3000},{"id":10030,"count":1,"pro":100},{"id":10003,"count":2,"pro":100},{"id":10007,"count":100,"pro":100},{"id":10008,"count":1,"pro":1}],"lv":25,"range":96902000,"attrRate":1.50},{"awards":[{"id":10004,"count":2,"pro":3000},{"id":10002,"count":50,"pro":3000},{"id":10030,"count":1,"pro":100},{"id":10003,"count":2,"pro":100},{"id":10007,"count":100,"pro":100},{"id":10008,"count":1,"pro":1}],"lv":26,"range":135663000,"attrRate":1.50},{"awards":[{"id":10004,"count":2,"pro":3000},{"id":10002,"count":50,"pro":3000},{"id":10030,"count":1,"pro":100},{"id":10003,"count":2,"pro":100},{"id":10007,"count":100,"pro":100},{"id":10008,"count":1,"pro":1}],"lv":27,"range":189928000,"attrRate":1.50},{"awards":[{"id":10004,"count":2,"pro":3000},{"id":10002,"count":50,"pro":3000},{"id":10030,"count":1,"pro":100},{"id":10003,"count":2,"pro":100},{"id":10007,"count":100,"pro":100},{"id":10008,"count":1,"pro":1}],"lv":28,"range":265899000,"attrRate":1.50},{"awards":[{"id":10004,"count":2,"pro":3000},{"id":10002,"count":50,"pro":3000},{"id":10030,"count":1,"pro":100},{"id":10003,"count":2,"pro":100},{"id":10007,"count":100,"pro":100},{"id":10008,"count":1,"pro":1}],"lv":29,"range":372259000,"attrRate":1.50},{"awards":[{"id":10004,"count":2,"pro":3000},{"id":10002,"count":50,"pro":3000},{"id":10030,"count":1,"pro":100},{"id":10003,"count":2,"pro":100},{"id":10007,"count":100,"pro":100},{"id":10008,"count":1,"pro":1}],"lv":30,"range":521163000,"attrRate":1.50},{"awards":[{"id":10004,"count":2,"pro":3000},{"id":10002,"count":50,"pro":3000},{"id":10030,"count":1,"pro":100},{"id":10003,"count":2,"pro":100},{"id":10007,"count":100,"pro":100},{"id":10008,"count":1,"pro":1}],"lv":31,"range":729628000,"attrRate":1.50},{"awards":[{"id":10004,"count":2,"pro":3000},{"id":10002,"count":50,"pro":3000},{"id":10030,"count":1,"pro":100},{"id":10003,"count":2,"pro":100},{"id":10007,"count":100,"pro":200},{"id":10008,"count":1,"pro":1}],"lv":32,"range":1021479000,"attrRate":1.50},{"awards":[{"id":10004,"count":2,"pro":3000},{"id":10002,"count":50,"pro":3000},{"id":10030,"count":1,"pro":100},{"id":10003,"count":2,"pro":100},{"id":10007,"count":100,"pro":200},{"id":10008,"count":1,"pro":1}],"lv":33,"range":1430071000,"attrRate":1.50},{"awards":[{"id":10004,"count":2,"pro":3000},{"id":10002,"count":50,"pro":3000},{"id":10030,"count":1,"pro":100},{"id":10003,"count":2,"pro":100},{"id":10007,"count":100,"pro":200},{"id":10008,"count":1,"pro":1}],"lv":34,"range":2002099000,"attrRate":1.50},{"awards":[{"id":10004,"count":2,"pro":3000},{"id":10002,"count":50,"pro":3000},{"id":10030,"count":1,"pro":100},{"id":10003,"count":2,"pro":100},{"id":10007,"count":100,"pro":200},{"id":10008,"count":1,"pro":1}],"lv":35,"range":2802939000.00,"attrRate":1.50},{"awards":[{"id":10004,"count":2,"pro":3000},{"id":10002,"count":50,"pro":3000},{"id":10030,"count":1,"pro":100},{"id":10003,"count":2,"pro":100},{"id":10007,"count":100,"pro":100},{"id":10008,"count":1,"pro":1}],"lv":36,"range":3924115000.00,"attrRate":1.50},{"awards":[{"id":10004,"count":2,"pro":3000},{"id":10002,"count":50,"pro":3000},{"id":10030,"count":1,"pro":100},{"id":10003,"count":2,"pro":100},{"id":10007,"count":100,"pro":100},{"id":10008,"count":1,"pro":1}],"lv":37,"range":5493761000.00,"attrRate":1.50},{"awards":[{"id":10004,"count":2,"pro":3000},{"id":10002,"count":50,"pro":3000},{"id":10030,"count":1,"pro":100},{"id":10003,"count":2,"pro":100},{"id":10007,"count":100,"pro":100},{"id":10008,"count":1,"pro":1}],"lv":38,"range":7691265000.00,"attrRate":1.50},{"awards":[{"id":10004,"count":2,"pro":3000},{"id":10002,"count":50,"pro":3000},{"id":10030,"count":1,"pro":100},{"id":10003,"count":2,"pro":100},{"id":10007,"count":100,"pro":100},{"id":10008,"count":1,"pro":1}],"lv":39,"range":10767771000.00,"attrRate":1.50},{"awards":[{"id":10004,"count":2,"pro":3000},{"id":10002,"count":50,"pro":3000},{"id":10030,"count":1,"pro":100},{"id":10003,"count":2,"pro":100},{"id":10007,"count":100,"pro":100},{"id":10008,"count":1,"pro":1}],"lv":40,"range":15074879000.00,"attrRate":1.50},{"awards":[{"id":10004,"count":2,"pro":3000},{"id":10002,"count":50,"pro":3000},{"id":10030,"count":1,"pro":100},{"id":10003,"count":2,"pro":100},{"id":10007,"count":100,"pro":100},{"id":10008,"count":1,"pro":1}],"lv":41,"range":21104831000.00,"attrRate":1.50},{"awards":[{"id":10004,"count":2,"pro":3000},{"id":10002,"count":50,"pro":3000},{"id":10030,"count":1,"pro":100},{"id":10003,"count":2,"pro":100},{"id":10007,"count":100,"pro":100},{"id":10008,"count":1,"pro":1}],"lv":42,"range":29546763000.00,"attrRate":1.50},{"awards":[{"id":10004,"count":2,"pro":3000},{"id":10002,"count":50,"pro":3000},{"id":10030,"count":1,"pro":100},{"id":10003,"count":2,"pro":100},{"id":10007,"count":100,"pro":100},{"id":10008,"count":1,"pro":1}],"lv":43,"range":41365468000.00,"attrRate":1.50},{"awards":[{"id":10004,"count":2,"pro":3000},{"id":10002,"count":50,"pro":3000},{"id":10030,"count":1,"pro":100},{"id":10003,"count":2,"pro":100},{"id":10007,"count":100,"pro":100},{"id":10008,"count":1,"pro":1}],"lv":44,"range":57911655000.00,"attrRate":1.50},{"awards":[{"id":10004,"count":2,"pro":3000},{"id":10002,"count":50,"pro":3000},{"id":10030,"count":1,"pro":100},{"id":10003,"count":2,"pro":100},{"id":10007,"count":100,"pro":100},{"id":10008,"count":1,"pro":1}],"lv":45,"range":81076317000.00,"attrRate":1.50},{"awards":[{"id":10004,"count":2,"pro":3000},{"id":10002,"count":50,"pro":3000},{"id":10030,"count":1,"pro":100},{"id":10003,"count":2,"pro":100},{"id":10007,"count":100,"pro":100},{"id":10008,"count":1,"pro":1}],"lv":46,"range":113506844000.00,"attrRate":1.50},{"awards":[{"id":10004,"count":2,"pro":3000},{"id":10002,"count":50,"pro":3000},{"id":10030,"count":1,"pro":100},{"id":10003,"count":2,"pro":100},{"id":10007,"count":100,"pro":100},{"id":10008,"count":1,"pro":1}],"lv":47,"range":158909582000.00,"attrRate":1.50},{"awards":[{"id":10004,"count":2,"pro":3000},{"id":10002,"count":50,"pro":3000},{"id":10030,"count":1,"pro":100},{"id":10003,"count":2,"pro":100},{"id":10007,"count":100,"pro":100},{"id":10008,"count":1,"pro":1}],"lv":48,"range":222473415000.00,"attrRate":1.50},{"awards":[{"id":10004,"count":2,"pro":3000},{"id":10002,"count":50,"pro":3000},{"id":10030,"count":1,"pro":100},{"id":10003,"count":2,"pro":100},{"id":10007,"count":100,"pro":100},{"id":10008,"count":1,"pro":1}],"lv":49,"range":311462781000.00,"attrRate":1.50},{"awards":[{"id":10004,"count":2,"pro":3000},{"id":10002,"count":50,"pro":3000},{"id":10030,"count":1,"pro":100},{"id":10003,"count":2,"pro":100},{"id":10007,"count":100,"pro":100},{"id":10008,"count":1,"pro":1}],"lv":50,"range":436047893000.00,"attrRate":1.50},{"awards":[{"id":10004,"count":2,"pro":3000},{"id":10002,"count":50,"pro":3000},{"id":10030,"count":1,"pro":100},{"id":10003,"count":2,"pro":100},{"id":10007,"count":100,"pro":100},{"id":10008,"count":1,"pro":1}],"lv":51,"range":610467050000.00,"attrRate":1.50}],"prop_tab":[{"value":1000,"type":1},{"value":610467050000.00,"type":2},{"value":2500,"type":3},{"value":1000,"type":4},{"value":99990000,"type":11},{"value":99990000,"type":12},{"value":99990000,"type":13},{"value":99990000,"type":14},{"value":99990000,"type":15},{"value":99990000,"type":16}],"showAward":[{"id":10003,"count":1},{"id":10002,"count":1},{"id":10008,"count":1},{"id":10007,"count":1},{"id":10004,"count":1},{"id":10030,"count":1}]},"killConsume":[{"id":10003,"count":50}],"DailyInter":6,"InterNum":5,"RefreshConsume":[{"id":10003,"count":20}],"HurtChange":1000,"PersonContent":"恭喜！您在本次行会屠龙中个人积分排名获得<font color='#fe0000'>第%s名</font>！以下是排名奖励，请查收！","MaxInterBuy":5,"RankCount":50,"killCd":7200,"MaxKillTimes":4,"killRate":0.10,"DailyBuyTimes":5,"guildTitle":"行会屠龙行会奖励","InterConsume":[{"id":10003,"count":50}],"personRank":[{"awards":[{"id":10003,"count":300},{"id":10008,"count":12},{"id":10007,"count":600},{"id":10004,"count":300}],"range":{"min":1,"max":2},"desc":"1"},{"awards":[{"id":10003,"count":200},{"id":10008,"count":8},{"id":10007,"count":400},{"id":10004,"count":200}],"range":{"min":2,"max":3},"desc":"2"},{"awards":[{"id":10003,"count":100},{"id":10008,"count":4},{"id":10007,"count":200},{"id":10004,"count":100}],"range":{"min":3,"max":4},"desc":"3"},{"awards":[{"id":10003,"count":90},{"id":10008,"count":4},{"id":10007,"count":180},{"id":10004,"count":90}],"range":{"min":4,"max":5},"desc":"4"},{"awards":[{"id":10003,"count":80},{"id":10008,"count":3},{"id":10007,"count":160},{"id":10004,"count":80}],"range":{"min":5,"max":11},"desc":"5-10"},{"awards":[{"id":10003,"count":70},{"id":10008,"count":3},{"id":10007,"count":140},{"id":10004,"count":70}],"range":{"min":11,"max":21},"desc":"11-20"},{"awards":[{"id":10003,"count":60},{"id":10008,"count":2},{"id":10007,"count":120},{"id":10004,"count":60}],"range":{"min":21,"max":51},"desc":"21-50"},{"awards":[{"id":10003,"count":50},{"id":10008,"count":2},{"id":10007,"count":100},{"id":10004,"count":50}],"range":{"min":51,"max":101},"desc":"51-100"},{"awards":[{"id":10003,"count":40},{"id":10008,"count":2},{"id":10007,"count":80},{"id":10004,"count":40}],"range":{"min":101,"max":99999},"desc":"100+"}],"weekRelults":[4,7],"personTitle":"行会屠龙个人奖励","BroCastNum":15,"RankNum":25,"notice":"<font color='#31B4F8'>%s</font>阻击了<font color='#fe0000'>%s</font>获得<font color='#2aff00'>%d积分</font>","MaxRecordNum":10}}