{
    "HelpConfig": [
        {
            "style": 1,
            "title": "装备注灵",
            "desc": "1、出售装备时可以切换成分解装备。\n2、分解装备可以获得注灵材料。\n3、消耗注灵材料给装备注灵激活属性，激活次数增加注灵的等级和效果会提高。\n4、注灵提高的忽略属性是直接提升。\n5、注灵强化的各种属性根据当前位置装备所具有的该属性值计算。\n6、若当前位置的装备不具有对应强化所需的属性，注灵不产生效果。\n7、注灵和注灵等级绑定部位而不是装备，切换装备注灵依然生效。"
        },
        {
            "title": "竞技场",
            "desc": "1、主动挑战和复仇均需要消耗挑战券。\n2、挑战券可以通过打造装备或者在商城中购买获得。\n3、玩家挑战胜利，根据玩家挑战前积分获得奖励。\n4、优先匹配积分相近的玩家。"
        },
        {
            "title": "详细属性",
            "desc": "速  度：速度高的玩家先发起攻击\n生  命：生命值为0时，角色死亡\n攻  击：提高造成的伤害\n防  御：减少受到的伤害\n吸  血：第一属性,造成的伤害按比例吸血\n反  击：第一属性,被攻击时反击概率\n连  击：第一属性,再次发动攻击概率\n闪  避：第一属性,闪避对方攻击概率\n暴  击：第一属性,造成双倍伤害概率\n击  晕：第一属性,使对方晕眩的概率\n忽略吸血：忽略对方吸血概率\n忽略反击：忽略对方反击概率\n忽略连击：忽略对方连击概率\n忽略闪避：忽略对方闪避概率\n忽略暴击：忽略对方暴击概率\n忽略击晕：忽略对方击晕概率\n暴    怒：提高暴击造成伤害\n仁    爱：减少对方暴击伤害\n迟    缓：减少对方先发速度\n禁    疗：减少对方治疗效果\n回    复：第五回合回复生命\n欺    凌：对方低于半血增伤\n贪    婪：增加挑战胜利金币\n斗    神：增加挑战卷的上限\n嗜    血：吸血小于0时，提高自身吸血概率直至战斗结束。\n无    双：每回合未反击,则提高自身反击概率(可叠加)，触发反击后加成消失。\n神    隐：每回合未闪避,则提高自身闪避概率(可叠加)，触发闪避后加成消失。\n神    锋：每回合未连击,则提高自身连击概率(可叠加)，触发连击后加成消失。\n震    旦：每回合未击晕,则提高自身击晕概率(可叠加)，触发击晕后加成消失。\n狂    暴：每回合未暴击,则提高自身暴击概率(可叠加)，触发暴击后加成消失。\n敏    锐：被闪避时，提高自身忽视闪避概率(可叠加)，直到不被闪避。\n敏    捷：被连击时，提高自身忽视连击概率(可叠加)，直到不被连击。\n坚    韧：被击晕时，提高自身忽视击晕概率(可叠加)，直到不被击晕。\n铁    壁：被暴击时，提高自身忽视暴击概率(可叠加)，直到不被暴击。\n抵    御：被反击时，提高自身忽视反击概率(可叠加)，直到不被反击。\n圣    血：被吸血值大于50%时，提高自身忽视吸血概率，直至战斗结束。\n破    甲：百分比忽略目标防御"
        },
        {
            "title": "打造升级",
            "desc": "1、出售装备获得元宝，消耗元宝购买打造经验。\n2、打造经验购买达到100%可以升级打造，倒计时结束打造升级成功。\n3、可以通过播放广告和消耗加速卷减少打造升级时间。"
        },
        {
            "title": "神器",
            "desc": "\n1、天降神器消耗神器天降石。\n2、每天赠送3次天降神器，赠送限当天使用。\n3、所有神器基础属性叠加，可出战一个神器激活出战属性。\n4、可用万能神器仙石直接升级已解锁神器。"
        },
        {
            "title": "寻宝之旅",
            "desc": "1、投掷骰子，棋子会根据掷出点数顺时针移动。\n2、超级翻倍：棋盘中随机一格物品数量获得超级翻倍格显示数字的倍数加成。\n3、欢乐时光：掷一个骰子，获得与点数相等的免费掷骰次数。\n4、神秘奖励：获得随机道具奖励。\n5、概率公式：起点    7.418%\n打造次数    6.189%\n魂环灵魂    0.982%\n打造次数    5.685%\n神秘奖励  5.666%\n万能神器仙石  1.006%\n打造次数    6.644%\n食物    5.754%\n超级翻倍  2.932%\n打造次数    7.545%\n凤凰神羽    5.062%\n宠物内丹    1.464%\n欢乐时光  1.868%\n打造次数    7.346%\n打造次数    7.873%\n钻石    0.829%\n神秘奖励  6.413%\n加速券   1.928%\n打造次数    7.674%\n宝石券   1.143%\n超级翻倍  3.571%\n打造次数    5.007%\n6、神秘奖励内容物品：钻石、打造次数、万能神器仙石、加速券、魂环灵魂、挑战券、凤凰神羽、宠物内丹、宝石兑换券、食物、注灵石、注灵魔石、注灵仙石、注灵神石、万能神器仙石"
        },
        {
            "title": "宠物",
            "desc": "1、获取宠物：可使用凤凰神羽捕捉刷新出的宠物。\n2、宠物探索：宠物派出探索获得宠物内丹。\n3、培养宠物：宠物可使用宠物内丹进行升级每级增加基础属性，每个阶段增加随机属性。\n4、宠物放生：放生宠物可返还升级材料的50%\n5、宠物达到40级开启血脉 (需要金宠才能提升到40级)"
        },
        {
            "title": "详细属性",
            "desc": "大鱼概率：提高钓到鱼的长度\n垂钓速度：提高钓鱼速度\n慧眼：降低钓到杂物的概率\n专注：降低钓鱼逃跑的概率\n幸运：钓一些特殊的收藏品\n精通：提高钓鱼不消耗饵料的概率\n渔夫：提高出售鱼获得的贝币\n强度：降低大鱼断线的概率\n高效：提高鱼饵属性加成\n拾荒：提高钓到杂物的概率\n生物学家：提高钓到水中生物的概率\n小型鱼猎手：提高钓到小型鱼的概率\n中型鱼猎手：提高钓到中型鱼的概率\n大型鱼猎手：提高钓到大型鱼的概率\n小型鱼克星：降低钓到小型鱼的概率\n中型鱼克星：降低钓到中型鱼的概率\n大型鱼克星：降低钓到大型鱼的概率\n清道夫(唯一)：杂物出售价格翻倍\n饲养员(唯一)：水族箱属性额外增加\n精力旺盛(唯一)：钓鱼有概率不消耗体力\n赏金钓客(唯一)：钓鱼赏金奖励增加\n姜太公(唯一)：小型鱼属性增加\n无双鱼佬(唯一)：中型鱼属性增加\n放长线(唯一)：大型鱼属性增加\n寻宝人(唯一)：水中生物属性增加\n          注：唯一属性不叠加"
        },
        {
            "title": "详细属性",
            "desc": "大鱼概率：提高钓到鱼的长度\n垂钓速度：提高钓鱼速度\n慧眼：降低钓到杂物的概率\n专注：降低钓鱼逃跑的概率\n幸运：钓一些特殊的收藏品\n精通：提高钓鱼不消耗饵料的概率\n渔夫：提高出售鱼获得的贝币\n强度：降低大鱼断线的概率\n高效：提高鱼饵属性加成\n拾荒：提高钓到杂物的概率\n生物学家：提高钓到水中生物的概率\n小型鱼猎手：提高钓到小型鱼的概率\n中型鱼猎手：提高钓到中型鱼的概率\n大型鱼猎手：提高钓到大型鱼的概率\n小型鱼克星：降低钓到小型鱼的概率\n中型鱼克星：降低钓到中型鱼的概率\n大型鱼克星：降低钓到大型鱼的概率\n清道夫(唯一)：杂物出售价格翻倍\n饲养员：水族箱属性额外增加\n精力旺盛(唯一)：钓鱼有概率不消耗体力\n赏金钓客(唯一)：钓鱼赏金奖励增加\n姜太公(唯一)：小型鱼属性增加\n无双鱼佬(唯一)：中型鱼属性增加\n放长线(唯一)：大型鱼属性增加\n寻宝人(唯一)：水中生物属性增加\n          注：唯一属性不叠加"
        },
        {
            "title": "水族箱",
            "desc": "1、可以把钓到的鱼放入水族箱。\n2、放入水族箱的鱼可以为角色提供战斗属性加成。\n3、水族箱中某种类型的鱼满时无法放入相同类型的鱼。\n4、升级水族箱可以扩容放入鱼的数量。"
        },
        {
            "title": "水箱升级",
            "desc": "1、出售渔货获得贝币，消耗贝币购买水族箱经验。\n2、水族箱经验购买达到100%可以升级水族箱倒计时结束水族箱升级成功。\n3、可以通过播放广告和消耗加速卷减少水族箱升级时间。"
        },
        {
            "title": "称号说明",
            "desc": "1、获得称号自动激活佩戴并获得对应属性。\n2、称号属性叠加，切换称号不影响属性。"
        },
        {
            "title": "传奇之路",
            "desc": "1、完成传奇成就获得额外属性。\n2、完成3个传奇成就进阶传奇头衔。\n3、传奇头衔提升装备出售元宝加成。"
        },
        {
            "title": "航海贸易",
            "desc": "1、活动期间可以参与3轮，每轮活动将持续30分钟。\n2、参与活动与全服玩家随机匹配组成10人小队，并发放10000初始贸易币本金。\n3、活动期间每1分钟会有商船携带4-6种货物可以通过观察小道消息，低价买入高价卖出赚取贸易币。\n4、可以消耗贸易币扩充仓库，每次扩容100格至多扩容5次。\n5、小道消息不一定是真实消息，贸易币将在活动结束后进行回收。\n6、每一轮结束后根据贸易币持有数额进行排名，根据排名领取贸易奖章，贸易奖章可在贸易商店兑换道具。\n7、如果仓库内有未售出的货物，按买入价格换算成贸易币，扩容仓库消耗的贸易币不会计算在资产之内。\n8、贸易商店内的商品购买次数将在每次航海贸易活动开启时重置。"
        },
        {
            "title": "沙巴克",
            "desc": "1、活动开启后有9处资源点。\n2、有人占领的会触发战斗，成功占领可获得60秒的保护时间，期间不能被占领。\n3、无人占领的资源点可以直接占领，但不享有保护时间。\n4、已占领资源点时，再去抢占其他资源点，如果抢占成功则自动放弃原资源点。\n5、不同资源点对应不同积分加成，积分在每次活动结束后清零。\n6、活动期间有4处怪物刷新点，击杀怪物可获得道具和积分奖励。\n7、活动期间统计行会总积分、个人总积分，根据排名情况在活动结束后邮件发送奖励。"
        },
        {
            "title": "铭文",
            "desc": "1.铭文通过消耗天外陨石制作获得。\n2.其中太阳、太阴、少阴、少阳 4 种铭文携带特技。\n3.装备同种特技铭文数量越多，效果就越好。\n4.回收铭文可以境界经验提示境界等级，境界等级越高制作的铭文等级越高。\n5.铭文达到5/11/21/41级时，可分别解锁一条新属性。\n6.《天工开物·残》提升制作的专精等级。专精等级越高，制作的铭文品质越好。\n\n连击增伤：\nLv.1 连击伤害提升8%， 直到战斗结束(1/1)\nLv.2 连击伤害提升12%，直到战斗结束(2/2)\nLv.3 连击伤害提升16%，直到战斗结束(3/3)\nLv.4 连击伤害提升20%，直到战斗结束(4/4)\n\n暴击增伤：\nLv.1 暴击伤害提升12%，直到战斗结束(1/1)\nLv.2 暴击伤害提升17%，直到战斗结束(2/2)\nLv.3 暴击伤害提升22%，直到战斗结束(3/3)\nLv.4 暴击伤害提升27%，直到战斗结束(4/4)\n\n反击增伤：\nLv.1 反击伤害提升20%，直到战斗结束(1/1)\nLv.2 反击伤害提升30%，直到战斗结束(2/2)\nLv.3 反击伤害提升40%，直到战斗结束(3/3)\nLv.4 反击伤害提升50%，直到战斗结束(4/4)\n\n吸血加成：\nLv.1 血量低于50%时，吸血提升20%(1/1)\nLv.2 血量低于50%时，吸血提升30%(2/2)\nLv.3 血量低于50%时，吸血提升40%(3/3)\nLv.4 血量低于50%时，吸血提升50%(4/4)\n\n击晕增伤：\nLv.1 击晕伤害提升12%，直到战斗结束(1/1)\nLv.2 击晕伤害提升17%，直到战斗结束(2/2)\nLv.3 击晕伤害提升22%，直到战斗结束(3/3)\nLv.4 击晕伤害提升27%，直到战斗结束(4/4)\n\n闪避增伤：\nLv.1 闪避后下一次攻击，伤害提升20%(1/1)\nLv.2 闪避后下一次攻击，伤害提升30%(2/2)\nLv.3 闪避后下一次攻击，伤害提升40%(3/3)\nLv.4 闪避后下一次攻击，伤害提升50%(4/4)"
        },
        {
            "title": "行会屠龙",
            "desc": "1、行会屠龙每周开启2次，周一 ~ 周四，周五 ~ 周日\n2、活动期间有4次屠龙次数，次数不满时，每2小时恢复1次，每天可购买5次\n3、屠龙伤害按1000:1转化为屠龙积分，积分用于个人排名和行会排名(0积分不参与排名)\n4、排名奖励在活动结束时邮件发放\n5、每次屠龙造成伤害累计可获得掉落奖励\n6、阻击：每天有6次阻击其他行会玩家，每天可购买5次\n7、阻击成功掠夺对方10%积分\n8、可在日志列表复仇阻击过我的玩家，复仇消耗阻击次数，复仇成功掠夺对方10%积分"
        },
        {
            "title": "试炼",
            "desc": "1. 试炼包含吸血、反击、连击、闪避、暴击、击晕6个不同主题玩法，每7天为一个周期。\n2. 通过试炼可获得升级技能所需的金币与技能书页。\n3. 试炼还有挂机奖励，无论在线或离线，每满1分钟可获得奖励，最多累计8个小时。\n4. 试炼号角乃闯关神器，能加速会劈雷最重要是可自动挑战BOSS，彻底解放双手。\n5. 每隔7天结算一次试炼排行，可通过『试炼豪礼』查看排名情况，奖励通过邮件发放。\n6. 每次战斗需在30个回合内将对方击败，否则判定失败。"
        },
        {
            "title": "宠物庆典",
            "desc": "鞭炮来源说明：\n操作下列行为的时候都有机率获得鞭炮~\n1、当你在打造装备的时候有机率获得鞭炮\n2、当你在领地采集资源完成的时候有机率获得鞭炮\n3、当你在钓鱼起杆的时候有机率获得鞭炮"
        },
        {
            "title": "装备附魂",
            "desc": "1.装备附魂后获得魂器属性和特效\n2.附魂获得魂器属性绑定装备部位，不会因为装备替换消失\n3.专属加成附魂在指定部位时生效\n4.相同魂器只能存在一个，获得相同魂器将作为升级材料提升魂器星级，魂器满星10星\n5.未获得魂器点击打开详情可查看满星属性\n6.魂器可以通过召唤龙魂，或3V3巅峰赛获得"
        },
        {
            "title": "3V3巅峰赛",
            "desc": "1.3V3巅峰赛为跨服战区战队赛，可创建3人战队或加入战队参与活动\n2.巅峰赛赛季持续时间：一周\n3.积分赛：每日活动开启可匹配5次\n  周一 ~ 周六 19:00-20:00\n4.淘汰赛：积分赛前16名战队进入淘汰赛，积分赛结束16强队伍无法变更成员，淘汰赛奖励邮件发放\n  周日 19:00-19:10 16进08(准备确认)\n  周日 19:10-19:20  8进4 (准备确认)\n  周日 19:20-19:30  4进2 (准备确认)\n  周日 19:30-19:40 冠军赛(准备确认)\n5.战队匹配所有成员必须确认准备，未准备的成员视为放弃参与巅峰赛\n6.战斗数据将在战斗开始前1分钟传送到跨服服务器，请提前做好阵容调整\n7.巅峰赛活动期间无法变更战队\n8.竞  猜：积分赛结束到淘汰赛开始之前开启竞猜，预测淘汰赛16强中的冠军队伍"
        },
        {
            "title": "领地说明",
            "desc": "1.领地每隔一段时间会随机出现新资源\n2.升级领地随机出现的资源等级越高\n3.领地资源需要购买苦力采集获得，领地资源等级/品质越高采集时间越长\n4.采集次数越多疲劳度越大影响苦力采集速度\n5.可以刷新邻居领地掠夺他人资源\n6.掠夺他人自身基础属性(速度,血,攻,防)会随着疲劳度百分比衰减，在自己领地不衰减"
        },
        {
            "title": "传世宝箱说明",
            "desc": "1.传世宝箱由16块宝箱碎片组成，集齐后打开传世宝箱必得一件传世装备。\n2.可通过打造装备、钓鱼和领地来资源获取宝箱碎片。\n3.当某块碎片拥有10块以上，可消耗10块对未获得的碎片进行激活。\n4.点击想激活的碎片按提示操作即可激活。\n5.注意：开启传世宝箱后将清除当前拥有的所有宝箱碎片！"
        },
        {
            "title": "合服活动",
            "desc": "点金圣手来源说明：\n操作下列行为的时候都有机率获得点金圣手~\n1、当你开启宝箱的时候有机率获得点金圣手\n2、当你领地采集资源完成的时候有机率获得\n3、当你钓鱼起杆的时候有机率获得点金圣手"
        },
        {
            "title": "合服活动",
            "desc": "点金游戏规则：\n每次点金扣除一个点金圣手~\n1、敲碎石块显示数字表示周围相连石块中有几个金疙瘩，如果周围相连石块没有金疙瘩将全部敲碎\n2、当前关卡金疙瘩全部找出后进入下一关\n3、达成指定关卡可领取关卡奖励"
        },
        {
            "title": "王权之塔",
            "desc": "1、王权之塔每日可挑战3次，次数为0后每2小时恢复一次，每日可恢复3次，每次挑战都能获得挑战奖励。\n2、王权之塔共有5层，层数越高挑战奖励越丰厚，攻击BOSS造成的伤害会按比例转化为积分，根据积分排名决定玩家次日挑战层数和发放周赛奖励。\n3、挑战层数规则：\n  层数    上一层    不变    退一层\n  01层    前 50%    其余      无\n  02层    前 25%    其余    后 25%\n  03层    前 25%    其余    后 25%\n  04层    前 25%    其余    后 25%\n  05层      无      其余    后 50%\n4、可掠夺或复仇其他玩家3次，掠夺或复仇成功获得其10%积分。每日可购买5次，掠夺次数＜3次，跨天恢复成3次，掠夺次数≥3，跨天不掉次数。"
        },
        {
            "title": "邻居玩法说明",
            "desc": "1.可对界面显示的玩家发起挑战，挑战成功可成为对方霸主。\n2.碰到头像左上角有显示其他玩家小头像，则表明该玩家已被其他玩家征服。\n3.发起挑战则是和对方的馆主进行战斗，挑战成功可从对方手中夺得霸主之位。\n4.可通过刷新功能重置一批玩家，每次刷新有5分钟的冷却时间，最多刷出6名玩家。"
        },
        {
            "title": "闯关霸主",
            "desc": "1.可在『邻居』界面对任意玩家发起挑战，挑战成功可占领对方成为他的霸主。\n2.对方领取离线收益时，作为霸主的你可获得10%收益。\n3.当挑战的玩家已拥有霸主时，挑战的对手则是对方霸主，战胜对方霸主可从其手中夺得霸主之位！\n4.每人最多可占领5位玩家，若觉得占领的玩家上缴收益偏低，可将其放走，去征服闯关更高关卡数的玩家，闯的关卡数越高收益就更多"
        },
        {
            "title": "技能玩法说明",
            "desc": "1.技能新增了道术、火焰、冰霜、召唤、闪电、物理共6种特性。\n2.装备3或5件同特性技能可激活羁绊属性，两者同时激活只取5件套的羁绊属性。可到技能面板查看详情。\n3.每个技能最少拥有1种特性，最多拥有2种。单个技能特性越多，意味着合理搭配可激活多个羁绊属性。\n4.特性最重要的是能提升技能效果，别小看每回合只累加几点特性值，配合多个技能叠加几个回合下来可获得近百点!技能等级越高叠加就越多。\n5.每人最多可装备5个技能出战，出战后按照顺序每回合自动释放一个技能，每5回合循环再次从第一个开始使用。\n6.众多技能可衍生多套流派玩法，比如防御流可搭配寒冰之体+神圣战甲术+治愈术+精神战法+野蛮冲撞，皮厚+反弹+恢复最后来发野蛮冲撞打出多倍伤害！还有像雷电的叠伤、道术的debuff，更多主流玩法等你来发掘。\n7.除了技能本身可搭配多套玩法，再根据你自身的流派来选择说不定会有意外惊喜噢。\n8.如果实在不想研究，只想闭眼抄作业，那么比武馆里每层关卡的师傅所携带的技能可以作为参考。"
        },
        {
            "title": "宠物血脉",
            "desc": "1、宠物血脉有青龙,白虎,朱雀,玄武,腾蛇,勾陈6种类型，能激活不同特技。\n2、消耗宠物内丹修炼血脉，血脉丹穿戴增加宠物属性，吞噬可获得修炼经验提升修炼血脉丹的等级。\n3、消耗凤凰神羽提升悟性，悟性可以提升修炼血脉丹的品质。\n4、血脉丹等级越高属性条目越多，最多可获得5条属性。\n5、血脉觉醒：觉醒道具只在特殊活动产出。"
        },
        {
            "title": "将魂说明",
            "desc": "\n1、所有将魂基础属性全加成，出战技能需要出战生效。\n2、出战将魂如果满足阵法要求还可生效组合技。\n3、将魂每提升5级，出战技能提升1级。阵法内的将魂全员等级提升可提升组合技等级。\n4、将魂也可自由搭配出战技能，独立出战。"
        },
        {
            "title": "升星",
            "desc": "1、每件装备都能进行升星，可额外提升装备属性。\n2、更换装备不会改变装备的升星属性效果。\n3、每件装备升星完会自动跳到下一件装备，不能改变要升星的装备部位。\n4、当所有装备升满5星时，就可以对全体装备进行突破升阶。\n5、升星和突破升阶所需的材料，可参与通天塔玩法获得。"
        },
        {
            "title": "强化",
            "desc": "1、每件装备都能进行强化，可额外提升装备属性。\n2、不能改变要强化的装备部位。\n4、当所有装备每强化10级时，可获得强化大师属性加成。\n5、强化需要消耗强化石，可参与矿洞玩法获得。"
        },
        {
            "title": "矿洞说明",
            "desc": "1、矿洞共有3层，完成指定任务或使用小飞鞋可以前往下一层。\n2、矿洞探索会随机遇到怪物，瑞兽金龟，神秘宝库，行脚商人，其他玩家(只出现在第三层)等事件。\n3、遇到其他玩家并击败可获得积分，被击败不会掉落积分\n4、矿洞探索消耗体力，体力通过时间回复。\n5、击杀怪物或者通过奖励获得猎魔积分参与矿洞排名，每周日24点结算排名奖励。\n6、狂暴之神租赁状态每周日24点清空，请留意租赁剩余时间。"
        },
        {
            "title": "鲲灵说明",
            "desc": "1、喂养指定的食物可以激活和升级鲲灵。\n2、鲲灵每5级增加一次第一属性，每10级增加一次专精属性。\n3、鲲灵的基础属性和专精属性都是永久加成的。\n4、鲲灵挑战：鲲灵好感度达到要求可发起鲲灵挑战获得奖励。\n5、鲲灵食物：钓鱼获得的渔获可放入鱼箱作为鲲灵食物烹饪材料。"
        },
        {
            "title": "幻影说明",
            "desc": "1、消耗幻影本体可以激活、升阶幻影，获得大量属性加成。\n2、幻影激活后可附身，幻影附身后可在战斗中协助主角，使主角的攻击附带额外元素伤害。玩家只能同时附身一只幻影。\n3、幻影可以激活、升阶、精炼。所有幻影的激活、升阶属性会同时生效。幻影的技能效果和精炼属性附身后生效。"
        },
        {
            "title": "幻影精炼说明",
            "desc": "1、消耗精炼石可对幻影进行精炼，获得精炼属性，每消耗10个精炼石可获得1点幸运值，幸运值越高，精炼获得的高属性的概率越高。\n2、根据幻影的品质开启不同数量的精炼格子，绿色品质幻影开启4个精炼格子。蓝色品质幻影开启5个精炼格子。紫色品质幻影开启6个精炼格子。金色品质幻影开启7个精炼格子。红色品质幻影开启8个精炼格子。\n3、精炼主属性固定为生命，副属性为1-3条随机属性，幻影的品质越高精炼时获得的副属性越多。绿色品质幻影精炼时可获得1条随机副属性。蓝色品质幻影精炼时可获得2条随机副属性。紫色、金色、红色幻影精炼时可获得3条随机副属性。\n4、精炼时有概率获得不同品质的星级，星级品质越高，精炼的属性加成越高。\n5、若对当前的精炼属性不满意，可以选择任意精炼属性进行回退，回退将移除对应属性，回退后可以重新进行精炼。"
        },
        {
            "title": "幻影合成说明",
            "desc": "1、放入相同品质的幻影有概率合成更高品质的幻影。放入的幻影数量越多，成功率越高。\n2、合成失败时，将返还一定数量的精炼石，放入的幻影越多返还的精炼石越多。\n3、合成成功时，将消耗放入的幻影，并且获得更高一级品质的随机幻影。"
        },
        {
            "title": "悬赏探宝",
            "desc": "1、完成悬赏可以获得悬赏金叶，用于悬赏探宝，越高品质悬赏获得金叶越多。\n2、悬赏自动接取，领奖时扣除完成次数，可以通过刷新获得高品质悬赏。\n3、悬赏完成次数不足10次时每2小时恢复1次，恢复不超过10次。\n4、探宝活动倒计时结束将会重置奖励和奖励层数。"
        },
        {
            "title": "宠物吞噬",
            "desc": "1、同品质的宠物可以进行吞噬，吞噬宠物可提升宠物基础属性。\n2、吞噬一定数量的宠物可提升宠物星级，宠物星级提升时，可获得新的天赋技能或随机提升一项已有的天赋技能。\n3、上阵中、探索中、已上锁的宠物不能被吞噬。\n4、吞噬等级大于1的宠物，将返还提升到该等级所消耗的80%宠物内丹。吞噬星级大于0的宠物，溢出的星级将转换为对应的吞噬经验"
        },
        {
            "title": "宠物洗练",
            "desc": "1、星级达到5星的宠物可以对天赋技能进行洗练。\n2、洗练时需要消耗道具【引魂草】，洗练后所有天赋技能将发生改变，玩家可以选择保留新的天赋技能或还原洗练前的天赋技能。\n3、洗练时可以锁定洗练中不想变更的天赋技能，需要消耗道具【往生花】，锁定的技能越多，需要消耗的往生花越多。"
        },
        {
            "title": "宠物孵化",
            "desc": "1、达到一定孵化时间，玩家可孵化出宠物蛋，点击宠物蛋可以开启各种品质的宠物。\n2、每种品质的宠物蛋最多存放20个。\n3、玩家可消耗道具【凤凰神羽】直接购买宠物蛋。"
        },
        {
            "title": "跨服首领",
            "desc": "1、跨服首领死亡后4小时刷新。\n2、每人每天可挑战6次，重复进入相同首领不扣次数。\n3、跨服首领血量下降到80%，60%，40%，20%时都会掉落一次奖励。\n4、跨服掉落将进入临时背包，临时背包中的物品被其他玩家击杀时有几率掉落。\n5、跨服首领死亡时根据玩家伤害排名获得不同的参与度掉落奖励。\n6、抢夺：击败本线其他玩家可以获得其5%的伤害积分，击败归属者可以抢夺跨服BOSS的归属权。\n7、榜首：归属次数最多的玩家可以获得榜首称号。"
        },
        {
            "title": "幻影庆典",
            "desc": "1、每天打造装备、钓鱼、领地采集、领取离线挂机奖励有概率获得碎石锤。\n2、玩家可点击迷阵中的宝石，消耗1个碎石锤，敲碎颜色相同的相连宝石。敲碎宝石可获得幸运星，幸运星可用于兑换奖品。\n3、获得幸运星的同时获得等额的积分，积分达到一定数量可以领取丰厚奖励。\n4、敲碎多个相连的宝石有概率获得额外奖励，相连的宝石越多，奖励越丰厚。\n5、消耗1个窜天猴可一键敲碎全部宝石。\n6、随着积分提升，宝石迷阵中宝石种类也会变多。\n7、活动结束时，积分清空，幸运星、碎石锤、窜天猴不清空。"
        },
        {
            "title": "生肖首领",
            "desc": "1、击杀生肖首领可获得归属奖励，协助击杀可获得协助奖励。\n2、每人每天可获得5次归属奖励 (可购买10次)，9次协助奖励。\n3、归属者死亡将失去首领归属，也可通过挑战归属者掠夺首领归属。\n4、在生肖首领中死亡没有死亡惩罚。\n5、首领复活提醒：可勾选适合难度的首领，在首领复活时获得挑战提示。"
        },
        {
            "title": "新服竞技",
            "desc": "1、野外首领死亡后4小时刷新。\n2、每人每天可挑战6次，重复进入相同首领不扣次数。\n3、野外首领血量下降到80%，60%，40%，20%时都会掉落一次奖励。\n4、野外掉落将进入临时背包，临时背包中的物品被其他玩家击杀时有几率掉落。\n5、野外首领死亡时根据玩家伤害排名获得不同的参与度掉落奖励。\n6、抢夺：击败本线其他玩家可以获得其5%的伤害积分，击败归属者可以抢夺跨服BOSS的归属权。\n7、榜首：归属次数最多的玩家可以获得榜首称号。"
        },
        {
            "title": "生肖",
            "desc": "1、可通过挑战生肖BOSS获得不同阶数的生肖装备。\n2、每件生肖随机携带一条第一属性(连击/反击/暴击/击晕/闪避/吸血)。\n3、穿戴6件相同第一属性的生肖，可激活对应的『生肖达人』套装，免疫属性只在前两回合生效，不可叠加。\n4、穿满12件生肖可激活『生肖大师』套装。\n5、生肖阶数越高，套装属性就越好。\n6、通过消耗『传奇币』和『至尊宝石』让生肖进化，可解锁每件生肖独有的特殊属性。\n7、传奇币通过『背包』进行分解生肖获得，至尊宝石则从生肖BOSS掉落获取。"
        },
        {
            "title": "拍卖行",
            "desc": "1、拍卖行将使用【传奇币】作为交易货币，【传奇币】可通过生肖首领掉落的生肖装备分解获得。2、击杀生肖首领不管是获得协助奖或归属奖都有几率获得神秘拍品。\n3、每件拍品的一口价将根据拍品价值由系统自动定价，起拍价可由系统定价或自由修改价格，起拍价不能超过一口价。\n4、拍卖中可点击【一口价】直接消耗指定数量传奇币购买拍品；竞价拍品在对应拍卖时间结束后价高者得。\n5、卖出、购入、过期拍品在拍卖记录中领取卖出收益和获得拍品。\n6、拍品竞价被超过竞价将会直接返还到角色身上。\n7、使用【传奇币】每日可限量兑换1000钻石。"
        }
    ]
}