{"IntroduceConfig":[{"awards":[{"id":10004,"count":10}],"introduce":[[{"dsc":"<font color ='#FFFBCF'>   完成<font color ='#2AFF00'>03级</font>打造   开放<font color ='#2AFF00'>自动打造</font></font>"},{"dsc":"<font color ='#FFFBCF'>   完成<font color ='#2AFF00'>05级</font>主线   开放<font color ='#2AFF00'>装备锻造</font></font>"},{"dsc":"<font color ='#FFFBCF'>   突破<font color ='#2AFF00'>10关</font>闯关   开放<font color ='#2AFF00'>技能&藏书阁</font></font>"},{"dsc":"<font color ='#FFFBCF'>   突破<font color ='#2AFF00'>20关</font>闯关   开放<font color ='#2AFF00'>行会&竞技场</font></font>"},{"dsc":"<font color ='#FFFBCF'>   突破<font color ='#2AFF00'>30关</font>闯关   开放<font color ='#2AFF00'>战宠</font></font>"},{"dsc":"<font color ='#FFFBCF'>   突破<font color ='#2AFF00'>40关</font>闯关   开放<font color ='#2AFF00'>领地采集</font></font>"},{"dsc":"<font color ='#FFFBCF'>   突破<font color ='#2AFF00'>50关</font>闯关   开放<font color ='#2AFF00'>冒险挑战</font></font>"},{"dsc":"<font color ='#FFFBCF'>   突破<font color ='#2AFF00'>60关</font>闯关   开放<font color ='#2AFF00'>头衔</font></font>"},{"dsc":"<font color ='#FFFBCF'>   突破<font color ='#2AFF00'>70关</font>闯关   开放<font color ='#2AFF00'>个人首领</font></font>"},{"dsc":"<font color ='#FFFBCF'>   完成<font color ='#2AFF00'>80级</font>主线   开放<font color ='#2AFF00'>沙巴克争夺</font></font>"},{"dsc":"<font color ='#FFFBCF'>   突破<font color ='#2AFF00'>80关</font>闯关   开放<font color ='#2AFF00'>生肖首领&装备</font></font>"},{"dsc":"<font color ='#FFFBCF'>   <font color ='#2AFF00'>            </font>   开放<font color ='#2AFF00'>拍卖行</font></font>"},{"dsc":"<font color ='#FFFBCF'>  突破<font color ='#2AFF00'>120关</font>闯关   开放<font color ='#2AFF00'>神器</font></font>"},{"dsc":"<font color ='#FFFBCF'>  突破<font color ='#2AFF00'>150关</font>闯关   开放<font color ='#2AFF00'>免费寻宝</font></font>"},{"dsc":"<font color ='#FFFBCF'>  突破<font color ='#2AFF00'>260关</font>闯关   开放<font color ='#2AFF00'>铭文镶嵌</font></font>"},{"dsc":"<font color ='#FFFBCF'>  <font color ='#2AFF00'>            </font>    开放<font color ='#2AFF00'>试炼挑战</font></font>"},{"dsc":"<font color ='#FFFBCF'>    创角第<font color ='#2AFF00'>02</font>天    开放<font color ='#2AFF00'>王者战令</font><font color ='#ff0000'>(30倍返利)</font></font>"},{"dsc":"<font color ='#FFFBCF'>    开服第<font color ='#2AFF00'>02</font>天    开放<font color ='#2AFF00'>钓鱼玩法</font></font>"},{"dsc":"<font color ='#FFFBCF'>    <font color ='#2AFF00'>          </font>    开放<font color ='#2AFF00'>航海贸易</font><font color ='#fe7800'>(跨服)</font></font>"},{"dsc":"<font color ='#FFFBCF'>    <font color ='#2AFF00'>          </font>    开放<font color ='#2AFF00'>王权之塔</font><font color ='#fe7800'>(跨服)</font></font>"},{"dsc":"<font color ='#FFFBCF'>    开服第<font color ='#2AFF00'>03</font>天    开放<font color ='#2AFF00'>装备升星</font></font>"},{"dsc":"<font color ='#FFFBCF'>    <font color ='#2AFF00'>          </font>    开放<font color ='#2AFF00'>通天塔</font></font>"},{"dsc":"<font color ='#FFFBCF'>    开服第<font color ='#2AFF00'>04</font>天    开放<font color ='#2AFF00'>宝石镶嵌</font></font>"},{"dsc":"<font color ='#FFFBCF'>    开服第<font color ='#2AFF00'>05</font>天    开放<font color ='#2AFF00'>藏宝阁收藏</font></font>"},{"dsc":"<font color ='#FFFBCF'>    <font color ='#2AFF00'>          </font>    开放<font color ='#2AFF00'>矿洞探索</font></font>"},{"dsc":"<font color ='#FFFBCF'>    开服第<font color ='#2AFF00'>08</font>天    开放<font color ='#2AFF00'>庆典狂欢</font><font color ='#ff0000'>(狂送福利)</font></font>"},{"dsc":"<font color ='#FFFBCF'>    开服第<font color ='#2AFF00'>10</font>天    开放<font color ='#2AFF00'>幻影&悬赏</font></font>"},{"dsc":"<font color ='#FFFBCF'>    开服第<font color ='#2AFF00'>15</font>天    开放<font color ='#2AFF00'>将魂组合</font></font>"},{"dsc":"<font color ='#FFFBCF'>    <font color ='#2AFF00'>          </font>    开放<font color ='#2AFF00'>3v3巅峰赛</font><font color ='#fe7800'>(跨服)</font></font>"},{"dsc":"<font color ='#ff0000'>    (未完待续)</font>"}]]},{"awards":[{"id":10004,"count":10}],"introduce":[[{"dsc":"<font color ='#FFC600' size = 24>平民攻略</font>"},{"dsc":"<font color ='#FFFBCF'>1、角色<font color ='#2AFF00'>升级</font>，<font color ='#2AFF00'>装备</font>获取<font color ='#2AFF00'>全靠打造</font>，角色等级越高打造的装备属性就越高。</font>"},{"dsc":"<font color ='#FFFBCF'>2、角色5级开启新人福利，建议先来个<font color ='#2AFF00'>盾牌礼包</font>和<font color ='#2AFF00'>幻武礼包</font>建立新服优势！</font>"},{"dsc":"<font color ='#FFFBCF'>3、建议再买个<font color ='#2AFF00'>月卡</font>，奖励：<font color ='#2AFF00'>装备打造+100/天</font>，<font color ='#2AFF00'>300钻石</font>，最重要的是升级<font color ='#2AFF00'>魂环经验+25%/次</font>，相当于双倍收益！</font>"},{"dsc":"<font color ='#FFFBCF'>4、第3天开启王者战令，<font color ='#2AFF00'>进阶战令</font>闭眼必入！<font color ='#2AFF00'>王者战令</font>可酌情购买，战令性价比是T0级别，最高可达<font color ='#2AFF00'>20倍返利</font>！</font>"},{"dsc":"<font color ='#FFFBCF'>5、游戏还有诸多玩法：<font color ='#2AFF00'>GM送红包、闯关、竞技场、领地、野外首领、试炼之塔、钓鱼、免费寻宝</font>等，都可获得丰厚奖励，快速提升人物战力！</font>"},{"dsc":"<font color ='#FFC600' size = 24>小资攻略</font>"},{"dsc":"<font color ='#FFFBCF'>1、必购新人福利<font color ='#2AFF00'>特戒礼包</font>和<font color ='#2AFF00'>时装礼包</font>获得强力特戒，炫丽外观，建立头部优势！</font>"},{"dsc":"<font color ='#FFFBCF'>2、必购<font color ='#2AFF00'>角色成长礼包</font>和<font color ='#2AFF00'>打造升级礼包</font>，超值!超值！超值！<font color ='#2AFF00'>1000%成长回馈</font>！</font>"},{"dsc":"<font color ='#FFFBCF'>3、角色62级开启钓鱼，必购<font color ='#2AFF00'>钓鱼委托</font>尊享权益：<font color ='#2AFF00'>680钻石</font>，<font color ='#2AFF00'>钓鱼+60次/天</font>，最重要的是开启<font color ='#2AFF00'>自动钓鱼</font>！挂机就飙涨属性！</font>"}],[{"dsc":"<font color ='#FFFBCF'>4、必购<font color ='#2AFF00'>进阶战令</font>和<font color ='#2AFF00'>王者战令</font>战令性价比是T0级别，最高可达<font color ='#2AFF00'>20倍返利</font>！</font>"},{"dsc":"<font color ='#FFFBCF'>5、必购<font color ='#2AFF00'>终生卡</font>，奖励：<font color ='#2AFF00'>1980钻石+60钻/天</font>终生可领，<font color ='#2AFF00'>[称号:一掷千金]</font>新服领跑属性！</font>"},{"dsc":"<font color ='#FFC600' size = 1>\n  </font><font color ='#FFC600' size = 24>土豪攻略</font><font color ='#FFC600' size = 1>\n  </font>"},{"dsc":"<font color ='#FFFBCF'>必拿霸榜称号<font color ='#2AFF00'>[试炼塔主]</font>和<font color ='#2AFF00'>[第一战神]</font>，称号属性累加！非常高！属性T0级别的称号！</font>"},{"dsc":"<font color ='#FFFBCF'>土豪：只有小孩才做选择，我全都要。</font>"},{"dsc":"<font color ='#FFFBCF'>所有<font color ='#2AFF00'>礼包都超值</font>，推荐</font><font color ='#2AFF00'>马上全部入手</font>，可早日霸服！</font>"}]]},{"awards":[{"id":10004,"count":10}],"introduce":[[{"dsc":"<font color ='#FFC600' size = 24>我要打造</font><font color ='#FFC600' size = 1>\n  </font>"},{"dsc":"<font color ='#FFFBCF'>①挑战闯关：每通关一个关卡都能获得装备打造次数</font>"},{"dsc":"<font color ='#FFFBCF'>②领地采集：领地采集可获得打造次数</font>"},{"dsc":"<font color ='#FFFBCF'>③野外首领：<font color ='#2AFF00'>挑战/扫荡</font>首领获得打造次数</font>"},{"dsc":"<font color ='#FFFBCF'>④活动寻宝：寻宝可获得打造次数和<font color ='#2AFF00'>稀有材料</font></font>"},{"dsc":"<font color ='#FFFBCF'>⑤打造升级礼包：提升打造等级领取奖励，<font color ='#2AFF00'>超\n  值成长回馈</font>解锁后获得<font color ='#2AFF00'>10倍打造次数</font>！</font>"},{"dsc":"<font color ='#FFC600' size = 1>\n  </font><font color ='#FFC600' size = 24>我要元宝</font><font color ='#FFC600' size = 1>\n  </font>"},{"dsc":"<font color ='#FFFBCF'>①出售装备：<font color ='#2AFF00'>出售装备</font>是获得元宝的<font color ='#2AFF00'>主要途径</font></font>"},{"dsc":"<font color ='#FFFBCF'>②航海商城：参加<font color ='#2AFF00'>航海贸易</font>获得贸易奖章兑换</font>"},{"dsc":"<font color ='#FFFBCF'>③金库商城：金库商城使用<font color ='#2AFF00'>钻石兑换</font>元宝</font>"},{"dsc":"<font color ='#FFC600' size = 1>\n  </font><font color ='#FFC600' size = 24>我要钻石</font><font color ='#FFC600' size = 1>\n  </font>"},{"dsc":"<font color ='#FFFBCF'>①挑战闯关：每通关一个章节都有钻石奖励</font>"},{"dsc":"<font color ='#FFFBCF'>②好友邀请：邀请新玩家进游戏奖励大量钻石</font>"},{"dsc":"<font color ='#FFFBCF'>③活动寻宝：寻宝可获得钻石和其他<font color ='#2AFF00'>稀有材料</font></font>"},{"dsc":"<font color ='#FFFBCF'>④商城购买：商城每档位<font color ='#2AFF00'>首次</font>购买<font color ='#2AFF00'>双倍钻石</font></font>"},{"dsc":"<font color ='#FFFBCF'>⑤GM送红包：<font color ='#2AFF00'>20钻石/5分钟</font>，每日可领取<font color ='#2AFF00'>5次</font></font>"},{"dsc":"<font color ='#FFFBCF'>⑥王者战令：战令钻石返利T0级别，最高可达<font color ='#2AFF00'>\n  20倍钻石返利</font>！</font>"},{"dsc":"<font color ='#FFFBCF'>⑦角色成长礼包：提升角色等级领取奖励，<font color ='#2AFF00'>超\n  值成长回馈</font>解锁后获得<font color ='#2AFF00'>10倍钻石奖励</font>！</font>"}],[{"dsc":"<font color ='#FFC600' size = 1>\n  </font><font color ='#FFC600' size = 24>领地资源</font><font color ='#FFC600' size = 1>\n  </font>"},{"dsc":"<font color ='#FFFBCF'>领地每<font color ='#2AFF00'>6小时</font>自动刷新资源，每日<font color ='#2AFF00'>5次</font>免费刷新领地。领地概率出现：<font color ='#2AFF00'>打造次数，食物，凤凰神羽，钻石，元宝，宝石兑换券，领地石料，神器天降石等</font>，领地等级越高出现的资源等级越高！</font>"},{"dsc":"<font color ='#FFC600' size = 1>\n  </font><font color ='#FFC600' size = 24>活动寻宝</font><font color ='#FFC600' size = 1>\n  </font>"},{"dsc":"<font color ='#FFFBCF'>每日免费获得<font color ='#2AFF00'>3次</font>寻宝机会。寻宝有概率获得:<font color ='#2AFF00'>打造次数，食物，宠物内丹，凤凰神羽，钻石加速券，魂环灵魄，神器天降石，万能神器仙石等</font>，还有机会获得<font color ='#2AFF00'>翻倍奖励</font>，<font color ='#2AFF00'>免费次数</font>等，寻宝收益大，性价比高，元宝除了升级打造可用于寻宝！</font>"}]]},{"awards":[{"id":10004,"count":10}],"introduce":[[{"dsc":"<font color ='#FFC600' size = 10>\n</font><font color ='#FFFBCF' size = 24>变强策略①：</font><font color ='#FFC600' size = 24>连击流派</font><font color ='#FFC600' size = 1>\n  </font>"},{"dsc":"<font color ='#2AFF00'>1.宝石：</font><font color ='#FFFBCF'>宝石图纸选择使用连击属性的图纸</font>"},{"dsc":"<font color ='#FFFBCF'>        宝石选择镶嵌代表连击属性颜色多的</font>"},{"dsc":"<font color ='#FFFBCF'>        优先使用654镶嵌满解锁下一槽位</font>"},{"dsc":"<font color ='#2AFF00'>2.神器：</font><font color ='#FFFBCF'>穿戴【神器：山河扇】</font>"},{"dsc":"<font color ='#FFFBCF'>        反击转化为连击，更容易堆高连击</font>"},{"dsc":"<font color ='#2AFF00'>3.其他：</font><font color ='#FFFBCF'>装备/宠物/神器/水族箱等</font>"},{"dsc":"<font color ='#FFFBCF'>        优先选择连击属性</font>"},{"dsc":"<font color ='#2AFF00'>4.注灵：</font><font color ='#FFFBCF'>推荐部位：战鼓/衣服/勋章</font>"},{"dsc":"<font color ='#2AFF00'>5.扩展：</font><font color ='#FFFBCF'>连击+暴击/连击+击晕等</font>"},{"dsc":"<font color ='#FFC600' size = 20>\n</font><font color ='#FFFBCF' size = 24>变强策略②：</font><font color ='#FFC600' size = 24>反击流派</font><font color ='#FFC600' size = 1>\n  </font>"},{"dsc":"<font color ='#2AFF00'>1.宝石：</font><font color ='#FFFBCF'>宝石图纸选择使用反击属性的图纸</font>"},{"dsc":"<font color ='#FFFBCF'>        宝石选择镶嵌代表反击属性颜色多的</font>"},{"dsc":"<font color ='#FFFBCF'>        优先使用654镶嵌满解锁下一槽位</font>"},{"dsc":"<font color ='#2AFF00'>2.神器：</font><font color ='#FFFBCF'>穿戴【神器：混元宝珠】</font>"},{"dsc":"<font color ='#FFFBCF'>        被击晕也会触发反击</font>"},{"dsc":"<font color ='#2AFF00'>3.其他：</font><font color ='#FFFBCF'>装备/宠物/神器/水族箱等</font>"},{"dsc":"<font color ='#FFFBCF'>        优先选择反击属性</font>"},{"dsc":"<font color ='#2AFF00'>4.注灵：</font><font color ='#FFFBCF'>推荐部位：手镯/衣服/头盔</font>"},{"dsc":"<font color ='#2AFF00'>5.扩展：</font><font color ='#FFFBCF'>反击+吸血/反击+暴击等</font>"}],[{"dsc":"<font color ='#FFC600' size = 10>\n</font><font color ='#FFFBCF' size = 24>变强策略③：</font><font color ='#FFC600' size = 24>闪避流派</font><font color ='#FFC600' size = 1>\n  </font>"},{"dsc":"<font color ='#2AFF00'>1.宝石：</font><font color ='#FFFBCF'>宝石图纸选择使用闪避属性的图纸</font>"},{"dsc":"<font color ='#FFFBCF'>        宝石选择镶嵌代表闪避属性颜色多的</font>"},{"dsc":"<font color ='#FFFBCF'>        优先使用654镶嵌满解锁下一槽位</font>"},{"dsc":"<font color ='#2AFF00'>2.神器：</font><font color ='#FFFBCF'>穿戴【神器：东皇钟】</font>"},{"dsc":"<font color ='#FFFBCF'>        按生命上限的百分比忽略伤害</font>"},{"dsc":"<font color ='#2AFF00'>3.其他：</font><font color ='#FFFBCF'>装备/宠物/神器/水族箱等</font>"},{"dsc":"<font color ='#FFFBCF'>        优先选择闪避属性</font>"},{"dsc":"<font color ='#2AFF00'>4.注灵：</font><font color ='#FFFBCF'>推荐部位：腰带/衣服/盾牌</font>"},{"dsc":"<font color ='#2AFF00'>5.扩展：</font><font color ='#FFFBCF'>闪避+反击/闪避+连击等</font>"},{"dsc":"<font color ='#FFC600' size = 20>\n</font><font color ='#FFFBCF' size = 24>变强策略④：</font><font color ='#FFC600' size = 24>暴击流派</font><font color ='#FFC600' size = 1>\n  </font>"},{"dsc":"<font color ='#2AFF00'>1.宝石：</font><font color ='#FFFBCF'>宝石图纸选择使用暴击属性的图纸</font>"},{"dsc":"<font color ='#FFFBCF'>        宝石选择镶嵌代表暴击属性颜色多的</font>"},{"dsc":"<font color ='#FFFBCF'>        优先使用654镶嵌满解锁下一槽位</font>"},{"dsc":"<font color ='#2AFF00'>2.神器：</font><font color ='#FFFBCF'>穿戴【神器：神龙杵】</font>"},{"dsc":"<font color ='#FFFBCF'>        未暴击则暴击百分比提升</font>"},{"dsc":"<font color ='#2AFF00'>3.其他：</font><font color ='#FFFBCF'>装备/宠物/神器/水族箱等</font>"},{"dsc":"<font color ='#FFFBCF'>        优先选择暴击属性</font>"},{"dsc":"<font color ='#2AFF00'>4.注灵：</font><font color ='#FFFBCF'>推荐部位：戒指/衣服/项链</font>"},{"dsc":"<font color ='#2AFF00'>5.扩展：</font><font color ='#FFFBCF'>暴击+吸血/暴击+连击等</font>"}],[{"dsc":"<font color ='#FFFBCF' size = 24>变强策略⑤：</font><font color ='#FFC600' size = 24>击晕流派</font><font color ='#FFC600' size = 1>\n  </font>"},{"dsc":"<font color ='#2AFF00'>1.宝石：</font><font color ='#FFFBCF'>宝石图纸选择使用击晕属性的图纸</font>"},{"dsc":"<font color ='#FFFBCF'>        宝石选择镶嵌代表击晕属性颜色多的</font>"},{"dsc":"<font color ='#FFFBCF'>        优先使用654镶嵌满解锁下一槽位</font>"},{"dsc":"<font color ='#2AFF00'>2.神器：</font><font color ='#FFFBCF'>穿戴【神器：金刚镯】</font>"},{"dsc":"<font color ='#FFFBCF'>        击晕时，额外造成百分比伤害</font>"},{"dsc":"<font color ='#2AFF00'>3.其他：</font><font color ='#FFFBCF'>装备/宠物/神器/水族箱等</font>"},{"dsc":"<font color ='#FFFBCF'>        优先选择击晕属性</font>"},{"dsc":"<font color ='#2AFF00'>4.注灵：</font><font color ='#FFFBCF'>推荐部位：武器/衣服/斗笠</font>"},{"dsc":"<font color ='#2AFF00'>5.扩展：</font><font color ='#FFFBCF'>击晕+连击/击晕+闪避等</font>"},{"dsc":"<font color ='#FFC600' size = 1>\n</font><font color ='#FFFBCF' size = 24>变强策略⑥：</font><font color ='#FFC600' size = 24>吸血流派</font><font color ='#FFC600' size = 1>\n  </font>"},{"dsc":"<font color ='#2AFF00'>1.宝石：</font><font color ='#FFFBCF'>宝石图纸选择使用吸血属性的图纸</font>"},{"dsc":"<font color ='#FFFBCF'>        宝石选择镶嵌代表吸血属性颜色多的</font>"},{"dsc":"<font color ='#FFFBCF'>        优先使用654镶嵌满解锁下一槽位</font>"},{"dsc":"<font color ='#2AFF00'>2.神器：</font><font color ='#FFFBCF'>穿戴【神器：紫金葫芦】</font>"},{"dsc":"<font color ='#FFFBCF'>        生命低于对手，吸血百分比提升</font>"},{"dsc":"<font color ='#2AFF00'>3.其他：</font><font color ='#FFFBCF'>装备/宠物/神器/水族箱等</font>"},{"dsc":"<font color ='#FFFBCF'>        优先选择吸血属性</font>"},{"dsc":"<font color ='#2AFF00'>4.注灵：</font><font color ='#FFFBCF'>推荐部位：项链/衣服/戒指</font>"},{"dsc":"<font color ='#2AFF00'>5.扩展：</font><font color ='#FFFBCF'>吸血+连击/吸血+暴击等</font>"}]]}]}