{"JewelConfig":{"JewelCfg":[{"all":[{"shape":[1,1,1,0,1,1,0,0,1],"pro":1000},{"shape":[1,1,1,1,1,0,1,0,0],"pro":1000},{"shape":[1,0,0,1,1,0,1,1,1],"pro":1000},{"shape":[0,0,1,0,1,1,1,1,1],"pro":1000},{"shape":[0,1,1,1,1,1,0,1,0],"pro":1000},{"shape":[1,1,0,1,1,1,0,1,0],"pro":1000},{"shape":[0,1,0,1,1,1,1,1,0],"pro":1000},{"shape":[0,1,0,1,1,1,0,1,1],"pro":1000},{"shape":[1,1,0,1,1,1,1,0,0],"pro":1000},{"shape":[0,1,1,1,1,1,0,0,1],"pro":1000},{"shape":[1,1,1,1,1,0,0,1,0],"pro":1000},{"shape":[0,1,0,1,1,0,1,1,1],"pro":1000},{"shape":[1,0,0,1,1,1,1,1,0],"pro":1000},{"shape":[0,0,1,1,1,1,0,1,1],"pro":1000},{"shape":[0,1,0,0,1,1,1,1,1],"pro":1000},{"shape":[1,1,1,0,1,1,0,1,0],"pro":1000}],"type":1},{"all":[{"shape":[0,0,0,0,1,1,1,1,1],"pro":1000},{"shape":[0,0,0,1,1,0,1,1,1],"pro":1000},{"shape":[0,0,1,0,1,1,0,1,1],"pro":1000},{"shape":[0,1,1,0,1,1,0,0,1],"pro":1000},{"shape":[1,1,1,1,1,0,0,0,0],"pro":1000},{"shape":[1,1,1,0,1,1,0,0,0],"pro":1000},{"shape":[1,0,0,1,1,0,1,1,0],"pro":1000},{"shape":[1,1,0,1,1,0,1,0,0],"pro":1000},{"shape":[0,0,0,1,0,1,1,1,1],"pro":1000},{"shape":[0,1,1,0,0,1,0,1,1],"pro":1000},{"shape":[1,1,1,1,0,1,0,0,0],"pro":1000},{"shape":[1,0,0,1,1,1,0,1,0],"pro":1000},{"shape":[0,1,1,1,1,0,1,0,0],"pro":1000},{"shape":[1,1,0,0,1,1,0,0,1],"pro":1000},{"shape":[1,0,0,1,1,0,0,1,1],"pro":1000},{"shape":[0,0,1,0,1,1,1,1,0],"pro":1000},{"shape":[0,1,0,1,1,1,0,1,0],"pro":1000}],"type":2},{"all":[{"shape":[1,1,1,1,0,0,0,0,0],"pro":1000},{"shape":[1,1,1,0,0,1,0,0,0],"pro":1000},{"shape":[0,1,1,0,0,1,0,0,1],"pro":1000},{"shape":[0,0,1,0,0,1,0,1,1],"pro":1000},{"shape":[0,0,0,1,0,0,1,1,1],"pro":1000},{"shape":[0,0,0,0,0,1,1,1,1],"pro":1000},{"shape":[1,1,0,1,0,0,1,0,0],"pro":1000},{"shape":[1,0,0,1,0,0,1,1,0],"pro":1000},{"shape":[1,1,1,0,1,0,0,0,0],"pro":1000},{"shape":[0,0,0,0,1,0,1,1,1],"pro":1000},{"shape":[1,0,0,1,1,0,1,0,0],"pro":1000},{"shape":[0,0,1,0,1,1,0,0,1],"pro":1000},{"shape":[1,1,0,0,1,1,0,0,0],"pro":1000},{"shape":[0,1,1,1,1,0,0,0,0],"pro":1000},{"shape":[1,0,0,1,1,0,0,1,0],"pro":1000},{"shape":[0,0,1,0,1,1,0,1,0],"pro":1000},{"shape":[1,1,1,1,0,0,0,0,0],"pro":1000}],"type":3},{"all":[{"shape":[1,1,0,1,0,0,0,0,0],"pro":1000},{"shape":[0,1,1,0,0,1,0,0,0],"pro":1000},{"shape":[0,0,0,1,0,0,1,1,0],"pro":1000},{"shape":[0,0,0,0,0,1,0,1,1],"pro":1000},{"shape":[1,1,1,0,0,0,0,0,0],"pro":1000},{"shape":[1,0,0,1,0,0,1,0,0],"pro":1000}],"type":4},{"all":[{"shape":[1,1,0,0,0,0,0,0,0],"pro":1000},{"shape":[1,0,0,1,0,0,0,0,0],"pro":1000}],"type":5},{"all":[{"shape":[1,0,0,0,0,0,0,0,0],"pro":1000}],"type":6}],"MaxPlan":10,"MaxJewelCnt":360,"JewelSynCfg":[{"id":2,"pro":10000},{"id":3,"pro":10000},{"id":4,"pro":8000},{"id":5,"pro":6000},{"id":6,"pro":10000}],"buyJewelCfg":[{"id":1,"award":[{"pro":10000,"type":1}],"consume":[{"id":10010,"count":1}],"showAw":[{"id":10080,"count":1}]},{"id":2,"award":[{"pro":10000,"type":1}],"consume":[{"id":10003,"count":30}],"showAw":[{"id":10080,"count":1}]},{"id":3,"award":[{"pro":10000,"type":4}],"consume":[{"id":10003,"count":810}],"showAw":[{"id":10081,"count":1}]},{"id":4,"award":[{"pro":10000,"type":4}],"consume":[{"id":10081,"count":1}],"showAw":[{"id":10081,"count":1}]}],"UnlockMap":1,"mapCfg":[{"attr":[],"id":1,"signalattr":[],"consume":[],"attrAdd":[{"id":1,"type":3,"value":200},{"id":2,"type":4,"value":50},{"id":3,"type":1,"value":10},{"id":4,"type":2,"value":1000}],"minType":1,"showAw":[{"id":10082,"count":1}],"name":"野猪王","quality":1},{"attr":[],"id":2,"signalattr":[],"consume":[],"attrAdd":[{"id":1,"type":4,"value":50},{"id":2,"type":1,"value":10},{"id":3,"type":2,"value":1000},{"id":4,"type":3,"value":200}],"minType":1,"showAw":[{"id":10083,"count":1}],"name":"祖玛教主","quality":1},{"attr":[],"id":3,"signalattr":[],"consume":[],"attrAdd":[{"id":1,"type":1,"value":10},{"id":2,"type":2,"value":1000},{"id":3,"type":3,"value":200},{"id":4,"type":4,"value":50}],"minType":1,"showAw":[{"id":10084,"count":1}],"name":"玛雅教主","quality":1},{"attr":[{"value":400,"type":10}],"id":4,"signalattr":[],"consume":[{"id":10003,"count":168}],"attrAdd":[{"id":1,"type":71,"value":10},{"id":2,"type":1,"value":20},{"id":3,"type":72,"value":10},{"id":4,"type":73,"value":10}],"minType":1,"showAw":[{"id":10085,"count":1}],"name":"古城教主","quality":2},{"attr":[{"value":400,"type":9}],"id":5,"signalattr":[],"consume":[{"id":10003,"count":168}],"attrAdd":[{"id":1,"type":73,"value":10},{"id":2,"type":72,"value":10},{"id":3,"type":1,"value":20},{"id":4,"type":71,"value":10}],"minType":1,"showAw":[{"id":10086,"count":1}],"name":"虹魔教主","quality":2},{"attr":[{"value":400,"type":5}],"id":6,"signalattr":[],"consume":[{"id":10003,"count":168}],"attrAdd":[{"id":1,"type":1,"value":20},{"id":2,"type":73,"value":10},{"id":3,"type":72,"value":10},{"id":4,"type":71,"value":10}],"minType":1,"showAw":[{"id":10087,"count":1}],"name":"火龙神","quality":2},{"attr":[{"value":400,"type":8}],"id":7,"signalattr":[],"consume":[{"id":10003,"count":168}],"attrAdd":[{"id":1,"type":71,"value":10},{"id":2,"type":72,"value":10},{"id":3,"type":1,"value":20},{"id":4,"type":73,"value":10}],"minType":1,"showAw":[{"id":10088,"count":1}],"name":"魔龙教主","quality":2},{"attr":[{"value":400,"type":7}],"id":8,"signalattr":[],"consume":[{"id":10003,"count":168}],"attrAdd":[{"id":1,"type":71,"value":10},{"id":2,"type":73,"value":10},{"id":3,"type":72,"value":10},{"id":4,"type":1,"value":20}],"minType":1,"showAw":[{"id":10089,"count":1}],"name":"邪恶触龙神","quality":2},{"attr":[{"value":400,"type":9}],"id":9,"signalattr":[],"consume":[{"id":10003,"count":168}],"attrAdd":[{"id":1,"type":72,"value":10},{"id":2,"type":1,"value":20},{"id":3,"type":73,"value":10},{"id":4,"type":71,"value":10}],"minType":1,"showAw":[{"id":10090,"count":1}],"name":"牛魔王","quality":2},{"attr":[{"value":400,"type":7}],"id":10,"signalattr":[],"consume":[{"id":10003,"count":168}],"attrAdd":[{"id":1,"type":71,"value":10},{"id":2,"type":72,"value":10},{"id":3,"type":1,"value":20},{"id":4,"type":73,"value":10}],"minType":1,"showAw":[{"id":10091,"count":1}],"name":"万劫魔尊","quality":2},{"attr":[{"value":400,"type":6}],"id":11,"signalattr":[],"consume":[{"id":10003,"count":168}],"attrAdd":[{"id":1,"type":1,"value":20},{"id":2,"type":72,"value":10},{"id":3,"type":71,"value":10},{"id":4,"type":73,"value":10}],"minType":1,"showAw":[{"id":10092,"count":1}],"name":"东海龙王","quality":2},{"attr":[{"value":400,"type":6}],"id":12,"signalattr":[],"consume":[{"id":10003,"count":168}],"attrAdd":[{"id":1,"type":72,"value":10},{"id":2,"type":73,"value":10},{"id":3,"type":1,"value":20},{"id":4,"type":71,"value":10}],"minType":1,"showAw":[{"id":10093,"count":1}],"name":"天宫之主","quality":2},{"attr":[{"value":400,"type":10}],"id":13,"signalattr":[],"consume":[{"id":10003,"count":168}],"attrAdd":[{"id":1,"type":71,"value":10},{"id":2,"type":73,"value":10},{"id":3,"type":1,"value":20},{"id":4,"type":72,"value":10}],"minType":1,"showAw":[{"id":10094,"count":1}],"name":"水晶蛛后","quality":2},{"attr":[{"value":400,"type":5}],"id":14,"signalattr":[],"consume":[{"id":10003,"count":168}],"attrAdd":[{"id":1,"type":71,"value":10},{"id":2,"type":1,"value":20},{"id":3,"type":73,"value":10},{"id":4,"type":72,"value":10}],"minType":1,"showAw":[{"id":10095,"count":1}],"name":"雪域魔王","quality":2},{"attr":[{"value":400,"type":8}],"id":15,"signalattr":[],"consume":[{"id":10003,"count":168}],"attrAdd":[{"id":1,"type":1,"value":20},{"id":2,"type":72,"value":10},{"id":3,"type":71,"value":10},{"id":4,"type":73,"value":10}],"minType":1,"showAw":[{"id":10096,"count":1}],"name":"幽灵海魔","quality":2},{"attr":[],"id":16,"signalattr":[{"value":100,"type":16}],"consume":[{"id":10003,"count":288}],"attrAdd":[{"id":1,"type":7,"value":50},{"id":2,"type":10,"value":50},{"id":3,"type":6,"value":50},{"id":4,"type":9,"value":50}],"minType":4,"showAw":[{"id":10097,"count":1}],"name":"九幽天魔","quality":5},{"attr":[],"id":17,"signalattr":[{"value":100,"type":15}],"consume":[{"id":10003,"count":288}],"attrAdd":[{"id":1,"type":5,"value":50},{"id":2,"type":8,"value":50},{"id":3,"type":7,"value":50},{"id":4,"type":6,"value":50}],"minType":4,"showAw":[{"id":10098,"count":1}],"name":"铁血魔王","quality":5},{"attr":[],"id":18,"signalattr":[{"value":100,"type":14}],"consume":[{"id":10003,"count":288}],"attrAdd":[{"id":1,"type":8,"value":50},{"id":2,"type":7,"value":50},{"id":3,"type":6,"value":50},{"id":4,"type":10,"value":50}],"minType":4,"showAw":[{"id":10099,"count":1}],"name":"天空教主","quality":5},{"attr":[],"id":19,"signalattr":[{"value":100,"type":11}],"consume":[{"id":10003,"count":288}],"attrAdd":[{"id":1,"type":10,"value":50},{"id":2,"type":9,"value":50},{"id":3,"type":8,"value":50},{"id":4,"type":6,"value":50}],"minType":4,"showAw":[{"id":10100,"count":1}],"name":"王佛圣祖","quality":5},{"attr":[],"id":20,"signalattr":[{"value":100,"type":12}],"consume":[{"id":10003,"count":288}],"attrAdd":[{"id":1,"type":8,"value":50},{"id":2,"type":10,"value":50},{"id":3,"type":9,"value":50},{"id":4,"type":7,"value":50}],"minType":4,"showAw":[{"id":10101,"count":1}],"name":"深渊蛇皇","quality":5},{"attr":[],"id":21,"signalattr":[{"value":100,"type":13}],"consume":[{"id":10003,"count":288}],"attrAdd":[{"id":1,"type":9,"value":50},{"id":2,"type":5,"value":50},{"id":3,"type":10,"value":50},{"id":4,"type":7,"value":50}],"minType":4,"showAw":[{"id":10102,"count":1}],"name":"诸天神皇","quality":5},{"attr":[],"id":22,"signalattr":[{"value":200,"type":17}],"consume":[{"id":10003,"count":288}],"attrAdd":[{"id":1,"type":7,"value":50},{"id":2,"type":9,"value":50},{"id":3,"type":6,"value":50},{"id":4,"type":5,"value":50}],"minType":4,"showAw":[{"id":10103,"count":1}],"name":"轩辕至尊","quality":5},{"attr":[],"id":23,"signalattr":[{"value":200,"type":18}],"consume":[{"id":10003,"count":288}],"attrAdd":[{"id":1,"type":10,"value":50},{"id":2,"type":5,"value":50},{"id":3,"type":8,"value":50},{"id":4,"type":6,"value":50}],"minType":4,"showAw":[{"id":10104,"count":1}],"name":"魔界之主","quality":5}]}}