{"LandChallegeConfig":{"lv":[{"name":"牛魔王","appear":10001,"prop_tab":[{"value":4076,"type":1},{"value":224213,"type":2},{"value":49155,"type":3},{"value":18791,"type":4},{"value":6600,"type":5},{"value":1040,"type":6},{"value":880,"type":7},{"value":5600,"type":8},{"value":1800,"type":9},{"value":2800,"type":10},{"value":2940,"type":11},{"value":2940,"type":12},{"value":2940,"type":13},{"value":2940,"type":14},{"value":2940,"type":15},{"value":2940,"type":16}],"award":[{"id":10004,"count":5},{"id":10058,"count":40},{"id":21009,"count":1,"isShow":0},{"id":21010,"count":1}],"desc":"领地首领1"},{"name":"野猪王","appear":10006,"prop_tab":[{"value":4989,"type":1},{"value":329448,"type":2},{"value":73439,"type":3},{"value":39154,"type":4},{"value":8100,"type":5},{"value":1280,"type":6},{"value":1040,"type":7},{"value":6720,"type":8},{"value":2450,"type":9},{"value":3360,"type":10},{"value":3940,"type":11},{"value":3940,"type":12},{"value":3940,"type":13},{"value":3940,"type":14},{"value":3940,"type":15},{"value":3940,"type":16}],"award":[{"id":10004,"count":10},{"id":10058,"count":80},{"id":21009,"count":1,"isShow":0},{"id":21010,"count":1}],"desc":"领地首领2"},{"name":"蛮荒之王","appear":10003,"prop_tab":[{"value":7150,"type":1},{"value":660945,"type":2},{"value":150487,"type":3},{"value":65395,"type":4},{"value":10000,"type":5},{"value":1440,"type":6},{"value":1200,"type":7},{"value":7680,"type":8},{"value":1440,"type":9},{"value":3840,"type":10},{"value":5040,"type":11},{"value":5040,"type":12},{"value":5040,"type":13},{"value":5040,"type":14},{"value":5040,"type":15},{"value":5040,"type":16}],"award":[{"id":10003,"count":15},{"id":10058,"count":120},{"id":21009,"count":1,"isShow":0},{"id":21010,"count":1}],"desc":"领地首领3"},{"name":"雪域魔王","appear":10007,"prop_tab":[{"value":9084,"type":1},{"value":1081496,"type":2},{"value":249066,"type":3},{"value":105120,"type":4},{"value":11400,"type":5},{"value":1760,"type":6},{"value":1520,"type":7},{"value":9360,"type":8},{"value":3680,"type":9},{"value":4640,"type":10},{"value":6290,"type":11},{"value":6290,"type":12},{"value":6290,"type":13},{"value":6290,"type":14},{"value":6290,"type":15},{"value":6290,"type":16}],"award":[{"id":10004,"count":20},{"id":10058,"count":160},{"id":21009,"count":1,"isShow":0},{"id":21010,"count":1}],"desc":"领地首领4"},{"name":"黄泉教主","appear":10004,"prop_tab":[{"value":11275,"type":1},{"value":1713359,"type":2},{"value":397824,"type":3},{"value":251358,"type":4},{"value":13200,"type":5},{"value":2080,"type":6},{"value":1760,"type":7},{"value":10800,"type":8},{"value":4320,"type":9},{"value":5360,"type":10},{"value":7390,"type":11},{"value":7390,"type":12},{"value":7390,"type":13},{"value":7390,"type":14},{"value":7390,"type":15},{"value":7390,"type":16}],"award":[{"id":10004,"count":25},{"id":10058,"count":200},{"id":21009,"count":1,"isShow":0},{"id":21010,"count":1}],"desc":"领地首领5"},{"name":"牛魔王","appear":10008,"prop_tab":[{"value":16526,"type":1},{"value":4014165,"type":2},{"value":942682,"type":3},{"value":529535,"type":4},{"value":15300,"type":5},{"value":2400,"type":6},{"value":2000,"type":7},{"value":12480,"type":8},{"value":2400,"type":9},{"value":6240,"type":10},{"value":8640,"type":11},{"value":8640,"type":12},{"value":8640,"type":13},{"value":8640,"type":14},{"value":8640,"type":15},{"value":8640,"type":16}],"award":[{"id":10003,"count":30},{"id":10058,"count":240},{"id":21009,"count":1,"isShow":0},{"id":21010,"count":1}],"desc":"领地首领6"},{"name":"牛魔王","appear":10004,"prop_tab":[{"value":23024,"type":1},{"value":8373931,"type":2},{"value":1977043,"type":3},{"value":1036822,"type":4},{"value":17700,"type":5},{"value":2800,"type":6},{"value":2320,"type":7},{"value":14400,"type":8},{"value":6600,"type":9},{"value":7200,"type":10},{"value":10140,"type":11},{"value":10140,"type":12},{"value":10140,"type":13},{"value":10140,"type":14},{"value":10140,"type":15},{"value":10140,"type":16}],"award":[{"id":10004,"count":35},{"id":10058,"count":280},{"id":21009,"count":1,"isShow":0},{"id":21010,"count":1}],"desc":"领地首领7"},{"name":"祖玛教主","appear":10001,"prop_tab":[{"value":30859,"type":1},{"value":16288310,"type":2},{"value":3859247,"type":3},{"value":1856501,"type":4},{"value":19800,"type":5},{"value":3120,"type":6},{"value":2640,"type":7},{"value":16080,"type":8},{"value":3120,"type":9},{"value":8000,"type":10},{"value":11390,"type":11},{"value":11390,"type":12},{"value":11390,"type":13},{"value":11390,"type":14},{"value":11390,"type":15},{"value":11390,"type":16}],"award":[{"id":10003,"count":40},{"id":10058,"count":320},{"id":21009,"count":1,"isShow":0},{"id":21010,"count":1}],"desc":"领地首领8"},{"name":"尸王","appear":10007,"prop_tab":[{"value":40149,"type":1},{"value":29099030,"type":2},{"value":6902433,"type":3},{"value":3108256,"type":4},{"value":21600,"type":5},{"value":3440,"type":6},{"value":2880,"type":7},{"value":17520,"type":8},{"value":8200,"type":9},{"value":8720,"type":10},{"value":12390,"type":11},{"value":12390,"type":12},{"value":12390,"type":13},{"value":12390,"type":14},{"value":12390,"type":15},{"value":12390,"type":16}],"award":[{"id":10004,"count":45},{"id":10058,"count":360},{"id":21009,"count":1,"isShow":0},{"id":21010,"count":1}],"desc":"领地首领9"},{"name":"雪域魔王","appear":10007,"prop_tab":[{"value":50985,"type":1},{"value":48722557,"type":2},{"value":11555366,"type":3},{"value":5310409,"type":4},{"value":23400,"type":5},{"value":3680,"type":6},{"value":3120,"type":7},{"value":18960,"type":8},{"value":11280,"type":9},{"value":9440,"type":10},{"value":13490,"type":11},{"value":13490,"type":12},{"value":13490,"type":13},{"value":13490,"type":14},{"value":13490,"type":15},{"value":13490,"type":16}],"award":[{"id":10004,"count":50},{"id":10058,"count":400},{"id":21009,"count":1,"isShow":0},{"id":21010,"count":1}],"desc":"领地首领10"},{"name":"黄泉教主","appear":10006,"prop_tab":[{"value":65749,"type":1},{"value":83395064,"type":2},{"value":19755880,"type":3},{"value":8580353,"type":4},{"value":25200,"type":5},{"value":4000,"type":6},{"value":3360,"type":7},{"value":20400,"type":8},{"value":12600,"type":9},{"value":10160,"type":10},{"value":14590,"type":11},{"value":14590,"type":12},{"value":14590,"type":13},{"value":14590,"type":14},{"value":14590,"type":15},{"value":14590,"type":16}],"award":[{"id":10004,"count":55},{"id":10058,"count":440},{"id":21009,"count":1,"isShow":0},{"id":21010,"count":1}],"desc":"领地首领11"},{"name":"牛魔王","appear":10007,"prop_tab":[{"value":82922,"type":1},{"value":135151044,"type":2},{"value":31959777,"type":3},{"value":16712465,"type":4},{"value":27300,"type":5},{"value":4320,"type":6},{"value":3600,"type":7},{"value":22080,"type":8},{"value":14160,"type":9},{"value":11040,"type":10},{"value":15840,"type":11},{"value":15840,"type":12},{"value":15840,"type":13},{"value":15840,"type":14},{"value":15840,"type":15},{"value":15840,"type":16}],"award":[{"id":10004,"count":60},{"id":10058,"count":480},{"id":21009,"count":1,"isShow":0},{"id":21010,"count":1}],"desc":"领地首领12"},{"name":"祖玛教主","appear":10006,"prop_tab":[{"value":115227,"type":1},{"value":264863248,"type":2},{"value":62411378,"type":3},{"value":34750385,"type":4},{"value":29400,"type":5},{"value":4640,"type":6},{"value":3920,"type":7},{"value":23760,"type":8},{"value":15480,"type":9},{"value":11840,"type":10},{"value":17090,"type":11},{"value":17090,"type":12},{"value":17090,"type":13},{"value":17090,"type":14},{"value":17090,"type":15},{"value":17090,"type":16}],"award":[{"id":10004,"count":65},{"id":10058,"count":520},{"id":21009,"count":1,"isShow":0},{"id":21010,"count":1}],"desc":"领地首领13"},{"name":"野猪王","appear":10007,"prop_tab":[{"value":166623,"type":1},{"value":555872248,"type":2},{"value":130292652,"type":3},{"value":65590402,"type":4},{"value":31500,"type":5},{"value":5040,"type":6},{"value":4160,"type":7},{"value":25440,"type":8},{"value":17040,"type":9},{"value":12720,"type":10},{"value":18340,"type":11},{"value":18340,"type":12},{"value":18340,"type":13},{"value":18340,"type":14},{"value":18340,"type":15},{"value":18340,"type":16}],"award":[{"id":10004,"count":70},{"id":10058,"count":560},{"id":21009,"count":1,"isShow":0},{"id":21010,"count":1}],"desc":"领地首领14"},{"name":"野猪王","appear":10006,"prop_tab":[{"value":230786,"type":1},{"value":1059994200,"type":2},{"value":247026287,"type":3},{"value":84114898,"type":4},{"value":33900,"type":5},{"value":5360,"type":6},{"value":4480,"type":7},{"value":27360,"type":8},{"value":18360,"type":9},{"value":13680,"type":10},{"value":19840,"type":11},{"value":19840,"type":12},{"value":19840,"type":13},{"value":19840,"type":14},{"value":19840,"type":15},{"value":19840,"type":16}],"award":[{"id":10004,"count":75},{"id":10058,"count":600},{"id":21009,"count":1,"isShow":0},{"id":21010,"count":1}],"desc":"领地首领15"},{"name":"魔龙教主","appear":10007,"prop_tab":[{"value":262517,"type":1},{"value":1365603805,"type":2},{"value":317432228,"type":3},{"value":106582688,"type":4},{"value":45300,"type":5},{"value":7200,"type":6},{"value":6000,"type":7},{"value":36480,"type":8},{"value":7200,"type":9},{"value":18240,"type":10},{"value":26640,"type":11},{"value":26640,"type":12},{"value":26640,"type":13},{"value":26640,"type":14},{"value":26640,"type":15},{"value":26640,"type":16}],"award":[{"id":10003,"count":80},{"id":10058,"count":640},{"id":21009,"count":1,"isShow":0},{"id":21010,"count":1}],"desc":"领地首领16"},{"name":"雪域魔王","appear":10007,"prop_tab":[{"value":296928,"type":1},{"value":1738459573,"type":2},{"value":403051297,"type":3},{"value":133593183,"type":4},{"value":8100,"type":5},{"value":12960,"type":6},{"value":7760,"type":7},{"value":6480,"type":8},{"value":21360,"type":9},{"value":39120,"type":10},{"value":28590,"type":11},{"value":28590,"type":12},{"value":28590,"type":13},{"value":28590,"type":14},{"value":28590,"type":15},{"value":28590,"type":16}],"award":[{"id":10004,"count":85},{"id":10058,"count":680},{"id":21009,"count":1,"isShow":0},{"id":21010,"count":1}],"desc":"领地首领17"},{"name":"黄泉教主","appear":10007,"prop_tab":[{"value":334145,"type":1},{"value":2189369454.00,"type":2},{"value":506256384,"type":3},{"value":165805050,"type":4},{"value":10200,"type":5},{"value":40880,"type":6},{"value":20480,"type":7},{"value":13680,"type":8},{"value":22800,"type":9},{"value":8160,"type":10},{"value":30090,"type":11},{"value":30090,"type":12},{"value":30090,"type":13},{"value":30090,"type":14},{"value":30090,"type":15},{"value":30090,"type":16}],"award":[{"id":10004,"count":90},{"id":10058,"count":720},{"id":21009,"count":1,"isShow":0},{"id":21010,"count":1}],"desc":"领地首领18"},{"name":"尸王","appear":10004,"prop_tab":[{"value":374277,"type":1},{"value":2730328807.00,"type":2},{"value":629667454,"type":3},{"value":218101197,"type":4},{"value":26400,"type":5},{"value":7040,"type":6},{"value":42400,"type":7},{"value":21200,"type":8},{"value":23760,"type":9},{"value":14160,"type":10},{"value":31190,"type":11},{"value":31190,"type":12},{"value":31190,"type":13},{"value":31190,"type":14},{"value":31190,"type":15},{"value":31190,"type":16}],"award":[{"id":10004,"count":95},{"id":10058,"count":760},{"id":21009,"count":1,"isShow":0},{"id":21010,"count":1}],"desc":"领地首领19"},{"name":"祖玛教主","appear":10004,"prop_tab":[{"value":432475,"type":1},{"value":3614804157.00,"type":2},{"value":830668303,"type":3},{"value":282827401,"type":4},{"value":11200,"type":5},{"value":22560,"type":6},{"value":15040,"type":7},{"value":9040,"type":8},{"value":22560,"type":9},{"value":7520,"type":10},{"value":33290,"type":11},{"value":33290,"type":12},{"value":33290,"type":13},{"value":33290,"type":14},{"value":33290,"type":15},{"value":33290,"type":16}],"award":[{"id":10003,"count":100},{"id":10058,"count":800},{"id":21009,"count":1,"isShow":0},{"id":21010,"count":1}],"desc":"领地首领20"},{"name":"蛮荒之王","appear":10008,"prop_tab":[{"value":496257,"type":1},{"value":4718326469.00,"type":2},{"value":1080354453,"type":3},{"value":362099368,"type":4},{"value":60900,"type":5},{"value":9680,"type":6},{"value":8080,"type":7},{"value":8160,"type":8},{"value":9680,"type":9},{"value":48960,"type":10},{"value":36040,"type":11},{"value":36040,"type":12},{"value":36040,"type":13},{"value":36040,"type":14},{"value":36040,"type":15},{"value":36040,"type":16}],"award":[{"id":10003,"count":30},{"id":10058,"count":240},{"id":21009,"count":1,"isShow":0},{"id":21010,"count":1}],"desc":"领地首领21"},{"name":"魔龙教主","appear":10004,"prop_tab":[{"value":565870,"type":1},{"value":6080762750.00,"type":2},{"value":1387280100,"type":3},{"value":458270362,"type":4},{"value":11000,"type":5},{"value":26560,"type":6},{"value":10560,"type":7},{"value":8880,"type":8},{"value":7000,"type":9},{"value":53280,"type":10},{"value":40940,"type":11},{"value":40940,"type":12},{"value":40940,"type":13},{"value":40940,"type":14},{"value":40940,"type":15},{"value":40940,"type":16}],"award":[{"id":10004,"count":35},{"id":10058,"count":280},{"id":21009,"count":1,"isShow":0},{"id":21010,"count":1}],"desc":"领地首领22"},{"name":"蛮荒之王","appear":10001,"prop_tab":[{"value":641594,"type":1},{"value":7747011408.00,"type":2},{"value":1761016301,"type":3},{"value":573945412,"type":4},{"value":12200,"type":5},{"value":19600,"type":6},{"value":11760,"type":7},{"value":9840,"type":8},{"value":19600,"type":9},{"value":59040,"type":10},{"value":48540,"type":11},{"value":48540,"type":12},{"value":48540,"type":13},{"value":48540,"type":14},{"value":48540,"type":15},{"value":48540,"type":16}],"award":[{"id":10003,"count":40},{"id":10058,"count":320},{"id":21009,"count":1,"isShow":0},{"id":21010,"count":1}],"desc":"领地首领23"},{"name":"牛魔王","appear":10007,"prop_tab":[{"value":723681,"type":1},{"value":9767405656.00,"type":2},{"value":2212224270.00,"type":3},{"value":711997410,"type":4},{"value":26800,"type":5},{"value":64640,"type":6},{"value":32320,"type":7},{"value":21600,"type":8},{"value":8700,"type":9},{"value":12960,"type":10},{"value":47940,"type":11},{"value":47940,"type":12},{"value":47940,"type":13},{"value":47940,"type":14},{"value":47940,"type":15},{"value":47940,"type":16}],"award":[{"id":10004,"count":45},{"id":10058,"count":360},{"id":21009,"count":1,"isShow":0},{"id":21010,"count":1}],"desc":"领地首领24"},{"name":"蛮荒之王","appear":10007,"prop_tab":[{"value":812345,"type":1},{"value":12198136554.00,"type":2},{"value":2752731806.00,"type":3},{"value":875582924,"type":4},{"value":14600,"type":5},{"value":23440,"type":6},{"value":14000,"type":7},{"value":11760,"type":8},{"value":11880,"type":9},{"value":70560,"type":10},{"value":58140,"type":11},{"value":58140,"type":12},{"value":58140,"type":13},{"value":58140,"type":14},{"value":58140,"type":15},{"value":58140,"type":16}],"award":[{"id":10004,"count":50},{"id":10058,"count":400},{"id":21009,"count":1,"isShow":0},{"id":21010,"count":1}],"desc":"领地首领25"},{"name":"野猪王","appear":10006,"prop_tab":[{"value":907836,"type":1},{"value":15101694440.00,"type":2},{"value":3395612046.00,"type":3},{"value":1068158349,"type":4},{"value":47500,"type":5},{"value":12640,"type":6},{"value":76240,"type":7},{"value":38160,"type":8},{"value":13080,"type":9},{"value":25440,"type":10},{"value":52240,"type":11},{"value":52240,"type":12},{"value":52240,"type":13},{"value":52240,"type":14},{"value":52240,"type":15},{"value":52240,"type":16}],"award":[{"id":10004,"count":55},{"id":10058,"count":440},{"id":21009,"count":1,"isShow":0},{"id":21010,"count":1}],"desc":"领地首领26"},{"name":"蛮荒之王","appear":10007,"prop_tab":[{"value":1010400,"type":1},{"value":18547330571.00,"type":2},{"value":4155265581.00,"type":3},{"value":1293496965,"type":4},{"value":21900,"type":5},{"value":43840,"type":6},{"value":29200,"type":7},{"value":17520,"type":8},{"value":14760,"type":9},{"value":14640,"type":10},{"value":67940,"type":11},{"value":67940,"type":12},{"value":67940,"type":13},{"value":67940,"type":14},{"value":67940,"type":15},{"value":67940,"type":16}],"award":[{"id":10004,"count":60},{"id":10058,"count":480},{"id":21009,"count":1,"isShow":0},{"id":21010,"count":1}],"desc":"领地首领27"},{"name":"牛魔王","appear":10006,"prop_tab":[{"value":1120323,"type":1},{"value":22611534602.00,"type":2},{"value":5047504864.00,"type":3},{"value":1555705895,"type":4},{"value":116700,"type":5},{"value":18640,"type":6},{"value":15520,"type":7},{"value":93600,"type":8},{"value":15960,"type":9},{"value":46800,"type":10},{"value":87040,"type":11},{"value":87040,"type":12},{"value":87040,"type":13},{"value":87040,"type":14},{"value":87040,"type":15},{"value":87040,"type":16}],"award":[{"id":10004,"count":65},{"id":10058,"count":520},{"id":21009,"count":1,"isShow":0},{"id":21010,"count":1}],"desc":"领地首领28"},{"name":"蛮荒之王","appear":10007,"prop_tab":[{"value":1237855,"type":1},{"value":27378536696.00,"type":2},{"value":6089642353.00,"type":3},{"value":1900479560,"type":4},{"value":19600,"type":5},{"value":31440,"type":6},{"value":18800,"type":7},{"value":15680,"type":8},{"value":17640,"type":9},{"value":94560,"type":10},{"value":78140,"type":11},{"value":78140,"type":12},{"value":78140,"type":13},{"value":78140,"type":14},{"value":78140,"type":15},{"value":78140,"type":16}],"award":[{"id":10004,"count":70},{"id":10058,"count":560},{"id":21009,"count":1,"isShow":0},{"id":21010,"count":1}],"desc":"领地首领29"}]}}