{"LegendaryRoadCfg":{"default":1000,"lv":[{"achieve":[],"title":1000,"award":[]},{"achieve":[4001,4037,4073],"title":1001,"award":[]},{"achieve":[4002,4038,4074],"title":1002,"award":[]},{"achieve":[4003,4039,4075],"title":1003,"award":[]},{"achieve":[4004,4040,4076],"title":1004,"award":[]},{"achieve":[4005,4041,4077],"title":1005,"award":[]},{"achieve":[4006,4042,4078],"title":1006,"award":[]},{"achieve":[4007,4043,4079],"title":1007,"award":[]},{"achieve":[4008,4044,4080],"title":1008,"award":[]},{"achieve":[4009,4045,4081],"title":1009,"award":[]},{"achieve":[4010,4046,4082],"title":1010,"award":[]},{"achieve":[4011,4047,4083],"title":1011,"award":[]},{"achieve":[4012,4048,4084],"title":1012,"award":[]},{"achieve":[4013,4049,4085],"title":1013,"award":[]},{"achieve":[4014,4050,4086],"title":1014,"award":[]},{"achieve":[4015,4051,4087],"title":1015,"award":[]},{"achieve":[4016,4052,4088],"title":1016,"award":[]},{"achieve":[4017,4053,4089],"title":1017,"award":[]},{"achieve":[4018,4054,4090],"title":1018,"award":[]},{"achieve":[4019,4055,4091],"title":1019,"award":[]},{"achieve":[4020,4056,4092],"title":1020,"award":[]},{"achieve":[4021,4057,4093],"title":1021,"award":[]},{"achieve":[4022,4058,4094],"title":1022,"award":[]},{"achieve":[4023,4059,4095],"title":1023,"award":[]},{"achieve":[4024,4060,4096],"title":1024,"award":[]},{"achieve":[4025,4061,4097],"title":1025,"award":[]},{"achieve":[4026,4062,4098],"title":1026,"award":[]},{"achieve":[4027,4063,4099],"title":1027,"award":[]},{"achieve":[4028,4064,4100],"title":1028,"award":[]},{"achieve":[4029,4065,4101],"title":1029,"award":[]},{"achieve":[4030,4066,4102],"title":1030,"award":[]},{"achieve":[4031,4067,4103],"title":1031,"award":[]},{"achieve":[4032,4068,4104],"title":1032,"award":[]},{"achieve":[4033,4069,4105],"title":1033,"award":[]},{"achieve":[4034,4070,4106],"title":1034,"award":[]},{"achieve":[4035,4071,4107],"title":1035,"award":[]},{"achieve":[4036,4072,4108],"title":1036,"award":[]}]}}