{"LevelCfg":[{"id":1,"conditions":[{"value":1,"type":20001}],"tipsDesc":"角色1级开启"},{"id":2,"conditions":[{"value":1,"type":20001}],"tipsDesc":"角色1级开启"},{"id":3,"conditions":[{"value":1,"type":20001}],"tipsDesc":"角色1级开启"},{"id":4,"conditions":[{"value":2,"type":30004},{"value":80,"type":20001}],"tipsDesc":"开服第2天,角色80级开启"},{"id":5,"conditions":[{"value":1,"type":20001}],"tipsDesc":"角色1级开启"},{"id":6,"conditions":[{"value":200,"type":21041}],"tipsDesc":"突破第40关开启"},{"id":7,"conditions":[{"value":5,"type":20001},{"value":1,"type":1000020}],"tipsDesc":"角色5级开启"},{"id":8,"conditions":[{"value":1,"type":20001},{"value":1,"type":30004},{"value":10,"type":30005},{"value":0,"type":1000022}],"tipsDesc":"角色1级开启"},{"id":9,"conditions":[{"value":15,"type":20001},{"value":1,"type":1000020}],"tipsDesc":"角色15级开启"},{"id":10,"conditions":[{"value":12,"type":20001}],"tipsDesc":"角色12级开启"},{"id":11,"conditions":[{"value":350,"type":21041}],"tipsDesc":"突破第70关开启"},{"id":12,"conditions":[{"value":100,"type":21041}],"tipsDesc":"突破第20关开启"},{"id":13,"conditions":[{"value":1000,"type":21041}],"tipsDesc":"突破第200关开启"},{"id":14,"conditions":[{"value":600,"type":21041}],"tipsDesc":"突破第120关开启"},{"id":15,"conditions":[{"value":750,"type":21041}],"tipsDesc":"突破第150关开启"},{"id":16,"conditions":[{"value":150,"type":21041}],"tipsDesc":"突破第30关开启"},{"id":17,"conditions":[{"value":5,"type":20001}],"tipsDesc":"角色5级开启"},{"id":18,"conditions":[{"value":2,"type":30004},{"value":80,"type":20001},{"value":16,"type":30005},{"value":1,"type":1000020}],"tipsDesc":"开服第2天,角色80级开启"},{"id":19,"conditions":[{"value":2,"type":30004},{"value":80,"type":20001}],"tipsDesc":"开服第2天,角色80级开启"},{"id":20,"conditions":[{"value":100,"type":21041}],"tipsDesc":"突破第20关开启"},{"id":21,"conditions":[{"value":4,"type":30004},{"value":90,"type":20001}],"tipsDesc":"开服第4天,角色90级开启"},{"id":22,"conditions":[{"value":1300,"type":21041}],"tipsDesc":"突破第260关开启"},{"id":23,"conditions":[{"value":10,"type":20001}],"tipsDesc":"角色10级开放"},{"id":24,"conditions":[{"value":100,"type":21041}],"tipsDesc":"突破第20关开启"},{"id":25,"conditions":[{"value":12,"type":20001}],"tipsDesc":"角色12级开放"},{"id":26,"conditions":[{"value":5,"type":20001}],"tipsDesc":"角色5级开启"},{"id":27,"conditions":[{"value":5,"type":20001}],"tipsDesc":"角色5级开启"},{"id":28,"conditions":[{"value":1,"type":20001},{"value":1,"type":30004},{"value":10,"type":30005},{"value":1,"type":1000020}],"tipsDesc":"角色达到8级，开服前10天开启"},{"id":29,"conditions":[{"value":1,"type":20001},{"value":1,"type":30004},{"value":7,"type":30005}],"tipsDesc":"活动已结束"},{"id":30,"conditions":[{"value":1,"type":20001},{"value":1,"type":30004},{"value":7,"type":30005},{"value":1,"type":1000020}],"tipsDesc":"活动已结束","isCondShow":1},{"id":31,"conditions":[{"value":1,"type":20001},{"value":1,"type":30004},{"value":7,"type":30005}],"tipsDesc":"活动已结束"},{"id":32,"conditions":[{"value":1,"type":20001}],"tipsDesc":"后台开启"},{"id":33,"conditions":[{"value":1,"type":20001}],"tipsDesc":"后台开启"},{"id":34,"conditions":[{"value":1,"type":20001},{"value":1,"type":1000020}],"tipsDesc":"角色1级开启"},{"id":35,"conditions":[{"value":80,"type":20001}],"tipsDesc":"角色80级开启"},{"id":36,"conditions":[{"value":2,"type":30004},{"value":80,"type":20001}],"tipsDesc":"开服第2天,角色80级开启"},{"id":37,"conditions":[{"value":45,"type":20056}],"tipsDesc":"完成前置任务后可前往主城"},{"id":38,"conditions":[{"value":3,"type":20003,"ro":1},{"value":1,"type":29002}],"tipsDesc":"打造3级或首充任意金额开启自动打造"},{"id":39,"conditions":[{"value":2,"type":30004},{"value":80,"type":20001},{"value":1,"type":1000020}],"tipsDesc":"开服第2天,角色80级开启"},{"id":40,"conditions":[{"value":300,"type":21041}],"tipsDesc":"突破第60关开启"},{"id":41,"conditions":[{"value":200,"type":21041},{"value":1,"type":1000020}],"tipsDesc":"突破第40关开启"},{"id":42,"conditions":[{"value":1,"type":1000020}],"tipsDesc":"完成前置任务,开启"},{"id":43,"conditions":[{"value":1300,"type":21041}],"tipsDesc":"突破第260关开启"},{"id":44,"conditions":[{"value":2,"type":1000025},{"value":999,"type":1000026},{"value":1,"type":1000020}],"tipsDesc":"创角第2天开启"},{"id":45,"conditions":[{"value":1,"type":20001},{"value":1,"type":30004}],"tipsDesc":"角色1级开启"},{"id":46,"conditions":[{"value":1,"type":30004},{"value":2,"type":30005}],"tipsDesc":"开服前2天开启"},{"id":47,"conditions":[{"value":1,"type":20001},{"value":1,"type":1000020}],"tipsDesc":"角色1级开启"},{"id":48,"conditions":[{"value":1,"type":20001},{"value":1,"type":1000020}],"tipsDesc":"角色1级开启"},{"id":49,"conditions":[{"value":15,"type":30004},{"value":90,"type":20001}],"tipsDesc":"开服第15天,角色90级开启"},{"id":50,"conditions":[{"value":15,"type":30004},{"value":90,"type":20001},{"value":1,"type":21062}],"tipsDesc":"开服第15天,角色90级开启"},{"id":51,"conditions":[{"value":70,"type":20001},{"value":0,"type":20073}],"tipsDesc":"角色70级开启"},{"id":52,"conditions":[{"value":80,"type":20001},{"value":3,"type":30004},{"value":1,"type":1000020}],"tipsDesc":"开服第3天,角色80级开启"},{"id":53,"conditions":[{"value":80,"type":20001},{"value":3,"type":30004}],"tipsDesc":"开服第3天,角色80级开启"},{"id":54,"conditions":[{"value":1,"type":1000020},{"value":1,"type":1000024}],"tipsDesc":""},{"id":55,"conditions":[{"value":50,"type":21041}],"tipsDesc":"突破第10关开启"},{"id":56,"conditions":[{"value":2,"type":30004},{"value":80,"type":20001},{"value":1,"type":21062}],"tipsDesc":"开服第2天,角色80级开启"},{"id":57,"conditions":[{"value":70,"type":20001},{"value":1,"type":20073}],"tipsDesc":"角色70级开启"},{"id":58,"conditions":[{"value":50,"type":21041}],"tipsDesc":"突破第10关开启"},{"id":59,"conditions":[{"value":199,"type":20104}],"tipsDesc":"宠物200级开启"},{"id":60,"conditions":[{"value":1300,"type":21041},{"value":1,"type":1000020}],"tipsDesc":"突破第260关开启"},{"id":61,"conditions":[{"value":15,"type":30004},{"value":90,"type":20001}],"tipsDesc":"开服第15天,角色90级开启"},{"id":62,"conditions":[{"value":1,"type":1000020}],"tipsDesc":""},{"id":63,"conditions":[{"value":1,"type":1000020}],"tipsDesc":""},{"id":64,"conditions":[{"value":3,"type":30004},{"value":90,"type":20001}],"tipsDesc":"开服第3天,角色90级开启"},{"id":65,"conditions":[{"value":3,"type":30004},{"value":90,"type":20001},{"value":1,"type":1000020}],"tipsDesc":"开服第3天,角色90级开启"},{"id":66,"conditions":[{"value":5,"type":20001}],"tipsDesc":"角色5级开启"},{"id":67,"conditions":[{"value":5,"type":30004},{"value":90,"type":20001},{"value":36000,"type":1000027},{"value":79200,"type":1000028}],"tipsDesc":"开服第5天,角色90级开启","tipsDescOpen":"开放时间：10:00-22:00"},{"id":68,"conditions":[{"value":5,"type":30004},{"value":90,"type":20001}],"tipsDesc":"开服第5天,角色90级开启"},{"id":69,"conditions":[{"value":17,"type":30004},{"value":80,"type":20001}],"tipsDesc":"开服第17天,角色80级开启"},{"id":70,"conditions":[{"value":1,"type":1000020}],"tipsDesc":"还没达到条件"},{"id":71,"conditions":[{"value":10,"type":30004},{"value":90,"type":20001},{"value":1,"type":1000020}],"tipsDesc":"开服第10天,角色90级开启"},{"id":72,"conditions":[{"value":10,"type":30004},{"value":90,"type":20001}],"tipsDesc":"开服第10天,角色90级开启"},{"id":73,"conditions":[{"value":136,"type":20056},{"value":15,"type":30004},{"value":90,"type":20001}],"tipsDesc":"开服第15天,角色90级开启"},{"id":74,"conditions":[{"value":250,"type":21041}],"tipsDesc":"突破第50关开启"},{"id":75,"conditions":[{"value":400,"type":21041}],"tipsDesc":"突破第80关开启"},{"id":76,"conditions":[{"value":150,"type":21041}],"tipsDesc":"突破第30关开启"},{"id":77,"conditions":[{"value":400,"type":21041}],"tipsDesc":"突破第80关开启"},{"id":78,"conditions":[{"value":400,"type":21041}],"tipsDesc":"突破第80关开启"},{"id":79,"conditions":[{"value":400,"type":21041}],"tipsDesc":"突破第80关开启"}]}