{"LoopActConfig":{"acts_2idx":[],"acts":[{"achieve":102,"id":102,"rmb_item":[3001,3002,3003,3004,3005,3006,3007],"free_gift":[[{"id":10500,"count":10},{"id":10030,"count":1}],[{"id":10500,"count":10},{"id":10030,"count":1}]],"point_award":[{"point":100,"award":[{"id":10004,"count":20},{"id":10002,"count":1000}]},{"consume":[{"id":10003,"count":5}],"point":150,"award":[{"id":10500,"count":10},{"id":10030,"count":1}]},{"point":200,"award":[{"id":10500,"count":10},{"id":10003,"count":18}]},{"point":300,"award":[{"id":10010,"count":5},{"id":10058,"count":1}]},{"point":400,"award":[{"id":10005,"count":2},{"id":10875,"count":1}]},{"point":500,"award":[{"id":10004,"count":20},{"id":10032,"count":10}]},{"point":600,"award":[{"id":10028,"count":20},{"id":10033,"count":1}]},{"point":700,"award":[{"id":10500,"count":10},{"id":10034,"count":1}]},{"point":800,"award":[{"id":10010,"count":5},{"id":10020,"count":5}]},{"point":900,"award":[{"id":10005,"count":2},{"id":10002,"count":1200}]},{"point":1000,"award":[{"id":10500,"count":10},{"id":10003,"count":22}]},{"point":1200,"award":[{"id":10004,"count":30},{"id":10011,"count":5}]},{"consume":[{"id":10003,"count":688}],"point":1300,"award":[{"id":10028,"count":100},{"id":10875,"count":5}]},{"point":1400,"award":[{"id":10028,"count":30},{"id":10875,"count":1}]},{"point":1600,"award":[{"id":10010,"count":10},{"id":10032,"count":10}]},{"point":1800,"award":[{"id":10875,"count":3},{"id":10033,"count":1}]},{"point":2000,"award":[{"id":10401,"count":1},{"id":10034,"count":1}]},{"point":2200,"award":[{"id":10005,"count":3},{"id":10025,"count":10}]},{"point":2400,"award":[{"id":10004,"count":30},{"id":10002,"count":1400}]},{"point":2600,"award":[{"id":10028,"count":40},{"id":10003,"count":22}]},{"point":2800,"award":[{"id":10010,"count":10},{"id":10058,"count":2}]},{"consume":[{"id":10003,"count":1588}],"point":2900,"award":[{"id":10010,"count":58},{"id":10875,"count":5}]},{"point":3000,"award":[{"id":10403,"count":1},{"id":10875,"count":1}]},{"point":3200,"award":[{"id":10004,"count":30},{"id":10032,"count":10}]},{"point":3400,"award":[{"id":10875,"count":3},{"id":10033,"count":1}]},{"point":3600,"award":[{"id":10010,"count":10},{"id":10034,"count":1}]},{"point":3800,"award":[{"id":10005,"count":3},{"id":10024,"count":10}]},{"point":4000,"award":[{"id":26003,"count":1},{"id":10002,"count":1600}]},{"consume":[{"id":10003,"count":2588}],"point":4150,"award":[{"id":10500,"count":128},{"id":10875,"count":5}]},{"point":4300,"award":[{"id":10500,"count":20},{"id":10003,"count":28}]},{"point":4600,"award":[{"id":10028,"count":40},{"id":10058,"count":2}]},{"point":4900,"award":[{"id":10004,"count":30},{"id":10875,"count":1}]},{"point":5200,"award":[{"id":10404,"count":1},{"id":10032,"count":10}]},{"point":5500,"award":[{"id":10402,"count":1},{"id":10033,"count":1}]},{"point":5800,"award":[{"id":10028,"count":40},{"id":10034,"count":1}]},{"point":6100,"award":[{"id":10004,"count":30},{"id":10023,"count":10}]},{"consume":[{"id":10003,"count":3588}],"point":6250,"award":[{"id":10028,"count":425},{"id":10005,"count":30}]},{"point":6400,"award":[{"id":10005,"count":4},{"id":10002,"count":1800}]},{"point":6700,"award":[{"id":10500,"count":20},{"id":10003,"count":28}]},{"point":7000,"award":[{"id":10004,"count":30},{"id":10058,"count":2}]},{"point":7300,"award":[{"id":10028,"count":40},{"id":10875,"count":1}]},{"point":7600,"award":[{"id":10500,"count":20},{"id":10032,"count":10}]},{"point":7900,"award":[{"id":10005,"count":4},{"id":10033,"count":1}]},{"consume":[{"id":10003,"count":4588}],"point":8050,"award":[{"id":10007,"count":4200},{"id":10010,"count":50}]},{"point":8200,"award":[{"id":26002,"count":1},{"id":10034,"count":1}]},{"point":8500,"award":[{"id":10875,"count":4},{"id":10027,"count":5}]},{"point":9000,"award":[{"id":10004,"count":50},{"id":10002,"count":2000}]},{"point":9500,"award":[{"id":10028,"count":50},{"id":10003,"count":38}]},{"point":10000,"award":[{"id":10405,"count":1},{"id":10058,"count":3}]},{"point":10500,"award":[{"id":10004,"count":50},{"id":10875,"count":1}]},{"point":11000,"award":[{"id":10005,"count":4},{"id":10032,"count":10}]},{"point":11500,"award":[{"id":10500,"count":30},{"id":10033,"count":1}]},{"consume":[{"id":10003,"count":6888}],"point":11750,"award":[{"id":10514,"count":2},{"id":10005,"count":60}]},{"point":12000,"award":[{"id":26001,"count":1},{"id":10034,"count":1}]},{"point":12500,"award":[{"id":10028,"count":50},{"id":10026,"count":10}]},{"point":13000,"award":[{"id":10406,"count":1},{"id":10002,"count":3000}]},{"point":13500,"award":[{"id":10806,"count":1},{"id":10003,"count":38}]},{"point":14000,"award":[{"id":10006,"count":5},{"id":10058,"count":3}]},{"point":14500,"award":[{"id":10029,"count":5},{"id":10875,"count":1}]},{"point":15000,"award":[{"id":10028,"count":300},{"id":10032,"count":20}]},{"point":15500,"award":[{"id":10807,"count":1},{"id":10033,"count":2}]},{"point":16000,"award":[{"id":26000,"count":1},{"id":10034,"count":2}]}]},{"achieve":103,"id":103,"rmb_item":[3101,3102,3103,3104,3105,3106,3107],"free_gift":[[{"id":20106,"count":1},{"id":10030,"count":1}],[{"id":20106,"count":1},{"id":10030,"count":1}]],"point_award":[{"point":100,"award":[{"id":20106,"count":1},{"id":10752,"count":1}]},{"consume":[{"id":10003,"count":5}],"point":150,"award":[{"id":20106,"count":1},{"id":10030,"count":1}]},{"point":200,"award":[{"id":20106,"count":1},{"id":10752,"count":1}]},{"point":300,"award":[{"id":20106,"count":1},{"id":10752,"count":1}]},{"point":400,"award":[{"id":20106,"count":1},{"id":10752,"count":1}]},{"point":500,"award":[{"id":20106,"count":1},{"id":10752,"count":1}]},{"point":600,"award":[{"id":20106,"count":1},{"id":10752,"count":1}]},{"point":700,"award":[{"id":20106,"count":1},{"id":10752,"count":1}]},{"point":800,"award":[{"id":20106,"count":1},{"id":10752,"count":1}]},{"point":900,"award":[{"id":20106,"count":1},{"id":10752,"count":1}]},{"point":1000,"award":[{"id":20106,"count":2},{"id":10752,"count":1}]},{"point":1200,"award":[{"id":20106,"count":2},{"id":10752,"count":2}]},{"consume":[{"id":10003,"count":688}],"point":1300,"award":[{"id":20106,"count":4},{"id":10756,"count":2}]},{"point":1400,"award":[{"id":20106,"count":2},{"id":10752,"count":2}]},{"point":1600,"award":[{"id":20106,"count":2},{"id":10752,"count":2}]},{"point":1800,"award":[{"id":20106,"count":2},{"id":10752,"count":2}]},{"point":2000,"award":[{"id":20106,"count":5},{"id":10749,"count":10}]},{"point":2200,"award":[{"id":20106,"count":2},{"id":10752,"count":2}]},{"point":2400,"award":[{"id":20106,"count":2},{"id":10752,"count":2}]},{"point":2600,"award":[{"id":20106,"count":2},{"id":10752,"count":2}]},{"point":2800,"award":[{"id":20106,"count":2},{"id":10752,"count":2}]},{"consume":[{"id":10003,"count":1588}],"point":2900,"award":[{"id":20106,"count":8},{"id":10755,"count":4}]},{"point":3000,"award":[{"id":20106,"count":2},{"id":10752,"count":2}]},{"point":3200,"award":[{"id":20106,"count":2},{"id":10752,"count":2}]},{"point":3400,"award":[{"id":20106,"count":2},{"id":10752,"count":2}]},{"point":3600,"award":[{"id":20106,"count":2},{"id":10752,"count":2}]},{"point":3800,"award":[{"id":20106,"count":2},{"id":10752,"count":2}]},{"point":4000,"award":[{"id":20106,"count":2},{"id":10752,"count":2}]},{"consume":[{"id":10003,"count":2588}],"point":4150,"award":[{"id":20106,"count":13},{"id":10754,"count":5}]},{"point":4300,"award":[{"id":20106,"count":3},{"id":10752,"count":3}]},{"point":4600,"award":[{"id":20106,"count":3},{"id":10752,"count":3}]},{"point":4900,"award":[{"id":20106,"count":5},{"id":10749,"count":30}]},{"point":5200,"award":[{"id":20106,"count":3},{"id":10752,"count":3}]},{"point":5500,"award":[{"id":20106,"count":3},{"id":10752,"count":3}]},{"point":5800,"award":[{"id":20106,"count":3},{"id":10752,"count":3}]},{"point":6100,"award":[{"id":20106,"count":3},{"id":10752,"count":3}]},{"consume":[{"id":10003,"count":3588}],"point":6250,"award":[{"id":20106,"count":18},{"id":10753,"count":8}]},{"point":6400,"award":[{"id":20106,"count":3},{"id":10752,"count":3}]},{"point":6700,"award":[{"id":20106,"count":3},{"id":10752,"count":3}]},{"point":7000,"award":[{"id":20106,"count":3},{"id":10752,"count":3}]},{"point":7300,"award":[{"id":20106,"count":3},{"id":10752,"count":3}]},{"point":7600,"award":[{"id":20106,"count":5},{"id":10749,"count":20}]},{"point":7900,"award":[{"id":20106,"count":3},{"id":10752,"count":3}]},{"consume":[{"id":10003,"count":4588}],"point":8050,"award":[{"id":20106,"count":23},{"id":10752,"count":10}]},{"point":8200,"award":[{"id":20106,"count":3},{"id":10752,"count":3}]},{"point":8500,"award":[{"id":20106,"count":3},{"id":10749,"count":5}]},{"point":9000,"award":[{"id":20106,"count":5},{"id":10749,"count":5}]},{"point":9500,"award":[{"id":20106,"count":5},{"id":10749,"count":5}]},{"point":10000,"award":[{"id":20106,"count":8},{"id":10749,"count":30}]},{"point":10500,"award":[{"id":20106,"count":5},{"id":10749,"count":5}]},{"point":11000,"award":[{"id":20106,"count":5},{"id":10749,"count":5}]},{"point":11500,"award":[{"id":20106,"count":5},{"id":10749,"count":5}]},{"consume":[{"id":10003,"count":6888}],"point":11750,"award":[{"id":20106,"count":35},{"id":10749,"count":10}]},{"point":12000,"award":[{"id":20106,"count":5},{"id":10749,"count":5}]},{"point":12500,"award":[{"id":20106,"count":5},{"id":10749,"count":5}]},{"point":13000,"award":[{"id":20106,"count":5},{"id":10749,"count":20}]},{"point":13500,"award":[{"id":20106,"count":5},{"id":10749,"count":5}]},{"point":14000,"award":[{"id":20106,"count":5},{"id":10749,"count":5}]},{"point":14500,"award":[{"id":20106,"count":5},{"id":10749,"count":5}]},{"point":15000,"award":[{"id":20106,"count":5},{"id":10749,"count":5}]},{"point":15500,"award":[{"id":20106,"count":5},{"id":10749,"count":5}]},{"point":16000,"award":[{"id":20106,"count":10},{"id":10749,"count":30}]}]}],"act_order":[{"id":4,"live":7,"params":[1,2,3,4,5]},{"id":103,"live":7},{"id":102,"live":7}],"open_day":8}}