{"MapConfig":{"chapterList":[{"chapter":1,"mapId":1,"round":[{"monsters":[{"pos":[320,704],"appear":122},{"pos":[512,704],"appear":122},{"pos":[320,832],"appear":122}],"index":1,"toPos":[416,768]},{"monsters":[{"pos":[800,384],"appear":40},{"pos":[992,384],"appear":40},{"pos":[992,512],"appear":40}],"index":2,"toPos":[896,448]},{"monsters":[{"pos":[1280,832],"appear":41},{"pos":[1472,832],"appear":41},{"pos":[1472,704],"appear":41}],"index":3,"toPos":[1376,768]},{"monsters":[{"pos":[800,1024],"appear":42},{"pos":[992,1152],"appear":42},{"pos":[800,1152],"appear":42}],"index":4,"toPos":[896,1088]},{"monsters":[{"pos":[320,704],"appear":10070}],"index":5,"toPos":[416,768]}],"initPos":[416,768],"bossMapId":2},{"chapter":2,"mapId":2,"round":[{"monsters":[{"pos":[320,704],"appear":43},{"pos":[512,704],"appear":43},{"pos":[320,832],"appear":43},{"pos":[512,832],"appear":43},{"pos":[608,640],"appear":43},{"pos":[608,896],"appear":43}],"index":1,"toPos":[416,768]},{"monsters":[{"pos":[800,384],"appear":44},{"pos":[992,384],"appear":44},{"pos":[992,512],"appear":44},{"pos":[704,320],"appear":44},{"pos":[800,512],"appear":44},{"pos":[1088,576],"appear":44}],"index":2,"toPos":[896,448]},{"monsters":[{"pos":[1280,704],"appear":45},{"pos":[1280,832],"appear":45},{"pos":[1472,832],"appear":45},{"pos":[1472,704],"appear":45},{"pos":[1184,640],"appear":45},{"pos":[1184,896],"appear":45}],"index":3,"toPos":[1376,768]},{"monsters":[{"pos":[800,1024],"appear":46},{"pos":[800,1152],"appear":46},{"pos":[992,1152],"appear":46},{"pos":[800,1152],"appear":46},{"pos":[704,960],"appear":46},{"pos":[704,1216],"appear":46}],"index":4,"toPos":[896,1088]},{"monsters":[{"pos":[1300,1045],"appear":10071}],"index":5,"toPos":[1030,995]}],"initPos":[416,768],"bossMapId":2},{"chapter":3,"mapId":3,"round":[{"monsters":[{"pos":[320,704],"appear":47},{"pos":[512,704],"appear":47},{"pos":[320,832],"appear":47},{"pos":[512,832],"appear":47},{"pos":[608,640],"appear":47},{"pos":[608,896],"appear":47}],"index":1,"toPos":[416,768]},{"monsters":[{"pos":[800,384],"appear":48},{"pos":[992,384],"appear":48},{"pos":[992,512],"appear":48},{"pos":[704,320],"appear":48},{"pos":[800,512],"appear":48},{"pos":[1088,576],"appear":48}],"index":2,"toPos":[896,448]},{"monsters":[{"pos":[1280,704],"appear":49},{"pos":[1280,832],"appear":49},{"pos":[1472,832],"appear":49},{"pos":[1472,704],"appear":49},{"pos":[1184,640],"appear":49},{"pos":[1184,896],"appear":49}],"index":3,"toPos":[1376,768]},{"monsters":[{"pos":[800,1024],"appear":50},{"pos":[800,1152],"appear":50},{"pos":[992,1152],"appear":50},{"pos":[800,1152],"appear":50},{"pos":[704,960],"appear":50},{"pos":[704,1216],"appear":50}],"index":4,"toPos":[896,1088]},{"monsters":[{"pos":[1300,1045],"appear":10001}],"index":5,"toPos":[1030,995]}],"initPos":[416,768],"bossMapId":2},{"chapter":4,"mapId":4,"round":[{"monsters":[{"pos":[320,704],"appear":51},{"pos":[512,704],"appear":51},{"pos":[320,832],"appear":51},{"pos":[512,832],"appear":51},{"pos":[608,640],"appear":51},{"pos":[608,896],"appear":51}],"index":1,"toPos":[416,768]},{"monsters":[{"pos":[800,384],"appear":52},{"pos":[992,384],"appear":52},{"pos":[992,512],"appear":52},{"pos":[704,320],"appear":52},{"pos":[800,512],"appear":52},{"pos":[1088,576],"appear":52}],"index":2,"toPos":[896,448]},{"monsters":[{"pos":[1280,704],"appear":53},{"pos":[1280,832],"appear":53},{"pos":[1472,832],"appear":53},{"pos":[1472,704],"appear":53},{"pos":[1184,640],"appear":53},{"pos":[1184,896],"appear":53}],"index":3,"toPos":[1376,768]},{"monsters":[{"pos":[800,1024],"appear":54},{"pos":[800,1152],"appear":54},{"pos":[992,1152],"appear":54},{"pos":[800,1152],"appear":54},{"pos":[704,960],"appear":54},{"pos":[704,1216],"appear":54}],"index":4,"toPos":[896,1088]},{"monsters":[{"pos":[1300,1045],"appear":10011}],"index":5,"toPos":[1030,995]}],"initPos":[416,768],"bossMapId":2},{"chapter":5,"mapId":5,"round":[{"monsters":[{"pos":[320,704],"appear":58},{"pos":[512,704],"appear":58},{"pos":[320,832],"appear":58},{"pos":[512,832],"appear":58},{"pos":[608,640],"appear":58},{"pos":[608,896],"appear":58}],"index":1,"toPos":[416,768]},{"monsters":[{"pos":[800,384],"appear":59},{"pos":[992,384],"appear":59},{"pos":[992,512],"appear":59},{"pos":[704,320],"appear":59},{"pos":[800,512],"appear":59},{"pos":[1088,576],"appear":59}],"index":2,"toPos":[896,448]},{"monsters":[{"pos":[1280,704],"appear":60},{"pos":[1280,832],"appear":60},{"pos":[1472,832],"appear":60},{"pos":[1472,704],"appear":60},{"pos":[1184,640],"appear":60},{"pos":[1184,896],"appear":60}],"index":3,"toPos":[1376,768]},{"monsters":[{"pos":[800,1024],"appear":61},{"pos":[800,1152],"appear":61},{"pos":[992,1152],"appear":61},{"pos":[800,1152],"appear":61},{"pos":[704,960],"appear":61},{"pos":[704,1216],"appear":61}],"index":4,"toPos":[896,1088]},{"monsters":[{"pos":[1300,1045],"appear":10072}],"index":5,"toPos":[1030,995]}],"initPos":[416,768],"bossMapId":2},{"chapter":6,"mapId":6,"round":[{"monsters":[{"pos":[320,704],"appear":55},{"pos":[512,704],"appear":55},{"pos":[320,832],"appear":55},{"pos":[512,832],"appear":55},{"pos":[608,640],"appear":55},{"pos":[608,896],"appear":55}],"index":1,"toPos":[416,768]},{"monsters":[{"pos":[800,384],"appear":56},{"pos":[992,384],"appear":56},{"pos":[992,512],"appear":56},{"pos":[704,320],"appear":56},{"pos":[800,512],"appear":56},{"pos":[1088,576],"appear":56}],"index":2,"toPos":[896,448]},{"monsters":[{"pos":[1280,704],"appear":57},{"pos":[1280,832],"appear":57},{"pos":[1472,832],"appear":57},{"pos":[1472,704],"appear":57},{"pos":[1184,640],"appear":57},{"pos":[1184,896],"appear":57}],"index":3,"toPos":[1376,768]},{"monsters":[{"pos":[800,1024],"appear":9},{"pos":[800,1152],"appear":9},{"pos":[992,1152],"appear":9},{"pos":[800,1152],"appear":9},{"pos":[704,960],"appear":9},{"pos":[704,1216],"appear":9}],"index":4,"toPos":[896,1088]},{"monsters":[{"pos":[1300,1045],"appear":10002}],"index":5,"toPos":[1030,995]}],"initPos":[416,768],"bossMapId":2},{"chapter":7,"mapId":7,"round":[{"monsters":[{"pos":[320,704],"appear":62},{"pos":[512,704],"appear":62},{"pos":[320,832],"appear":62},{"pos":[512,832],"appear":62},{"pos":[608,640],"appear":62},{"pos":[608,896],"appear":62}],"index":1,"toPos":[416,768]},{"monsters":[{"pos":[800,384],"appear":63},{"pos":[992,384],"appear":63},{"pos":[992,512],"appear":63},{"pos":[704,320],"appear":63},{"pos":[800,512],"appear":63},{"pos":[1088,576],"appear":63}],"index":2,"toPos":[896,448]},{"monsters":[{"pos":[1280,704],"appear":64},{"pos":[1280,832],"appear":64},{"pos":[1472,832],"appear":64},{"pos":[1472,704],"appear":64},{"pos":[1184,640],"appear":64},{"pos":[1184,896],"appear":64}],"index":3,"toPos":[1376,768]},{"monsters":[{"pos":[800,1024],"appear":65},{"pos":[800,1152],"appear":65},{"pos":[992,1152],"appear":65},{"pos":[800,1152],"appear":65},{"pos":[704,960],"appear":65},{"pos":[704,1216],"appear":65}],"index":4,"toPos":[896,1088]},{"monsters":[{"pos":[1300,1045],"appear":10003}],"index":5,"toPos":[1030,995]}],"initPos":[416,768],"bossMapId":2},{"chapter":8,"mapId":8,"round":[{"monsters":[{"pos":[320,704],"appear":66},{"pos":[512,704],"appear":66},{"pos":[320,832],"appear":66},{"pos":[512,832],"appear":66},{"pos":[608,640],"appear":66},{"pos":[608,896],"appear":66}],"index":1,"toPos":[416,768]},{"monsters":[{"pos":[800,384],"appear":42},{"pos":[992,384],"appear":42},{"pos":[992,512],"appear":42},{"pos":[704,320],"appear":42},{"pos":[800,512],"appear":42},{"pos":[1088,576],"appear":42}],"index":2,"toPos":[896,448]},{"monsters":[{"pos":[1280,704],"appear":68},{"pos":[1280,832],"appear":68},{"pos":[1472,832],"appear":68},{"pos":[1472,704],"appear":68},{"pos":[1184,640],"appear":68},{"pos":[1184,896],"appear":68}],"index":3,"toPos":[1376,768]},{"monsters":[{"pos":[800,1024],"appear":69},{"pos":[800,1152],"appear":69},{"pos":[992,1152],"appear":69},{"pos":[800,1152],"appear":69},{"pos":[704,960],"appear":69},{"pos":[704,1216],"appear":69}],"index":4,"toPos":[896,1088]},{"monsters":[{"pos":[1300,1045],"appear":10011}],"index":5,"toPos":[1030,995]}],"initPos":[416,768],"bossMapId":2},{"chapter":9,"mapId":9,"round":[{"monsters":[{"pos":[320,704],"appear":70},{"pos":[512,704],"appear":70},{"pos":[320,832],"appear":70},{"pos":[512,832],"appear":70},{"pos":[608,640],"appear":70},{"pos":[608,896],"appear":70}],"index":1,"toPos":[416,768]},{"monsters":[{"pos":[800,384],"appear":71},{"pos":[992,384],"appear":71},{"pos":[992,512],"appear":71},{"pos":[704,320],"appear":71},{"pos":[800,512],"appear":71},{"pos":[1088,576],"appear":71}],"index":2,"toPos":[896,448]},{"monsters":[{"pos":[1280,704],"appear":8},{"pos":[1280,832],"appear":8},{"pos":[1472,832],"appear":8},{"pos":[1472,704],"appear":8},{"pos":[1184,640],"appear":8},{"pos":[1184,896],"appear":8}],"index":3,"toPos":[1376,768]},{"monsters":[{"pos":[800,1024],"appear":10},{"pos":[800,1152],"appear":10},{"pos":[992,1152],"appear":10},{"pos":[800,1152],"appear":10},{"pos":[704,960],"appear":10},{"pos":[704,1216],"appear":10}],"index":4,"toPos":[896,1088]},{"monsters":[{"pos":[1300,1045],"appear":10073}],"index":5,"toPos":[1030,995]}],"initPos":[416,768],"bossMapId":2},{"chapter":10,"mapId":10,"round":[{"monsters":[{"pos":[320,704],"appear":76},{"pos":[512,704],"appear":76},{"pos":[320,832],"appear":76},{"pos":[512,832],"appear":76},{"pos":[608,640],"appear":76},{"pos":[608,896],"appear":76}],"index":1,"toPos":[416,768]},{"monsters":[{"pos":[800,384],"appear":77},{"pos":[992,384],"appear":77},{"pos":[992,512],"appear":77},{"pos":[704,320],"appear":77},{"pos":[800,512],"appear":77},{"pos":[1088,576],"appear":77}],"index":2,"toPos":[896,448]},{"monsters":[{"pos":[1280,704],"appear":78},{"pos":[1280,832],"appear":78},{"pos":[1472,832],"appear":78},{"pos":[1472,704],"appear":78},{"pos":[1184,640],"appear":78},{"pos":[1184,896],"appear":78}],"index":3,"toPos":[1376,768]},{"monsters":[{"pos":[800,1024],"appear":79},{"pos":[800,1152],"appear":79},{"pos":[992,1152],"appear":79},{"pos":[800,1152],"appear":79},{"pos":[704,960],"appear":79},{"pos":[704,1216],"appear":79}],"index":4,"toPos":[896,1088]},{"monsters":[{"pos":[1300,1045],"appear":10005}],"index":5,"toPos":[1030,995]}],"initPos":[416,768],"bossMapId":2},{"chapter":11,"mapId":11,"round":[{"monsters":[{"pos":[320,704],"appear":72},{"pos":[512,704],"appear":72},{"pos":[320,832],"appear":72},{"pos":[512,832],"appear":72},{"pos":[608,640],"appear":72},{"pos":[608,896],"appear":72}],"index":1,"toPos":[416,768]},{"monsters":[{"pos":[800,384],"appear":73},{"pos":[992,384],"appear":73},{"pos":[992,512],"appear":73},{"pos":[704,320],"appear":73},{"pos":[800,512],"appear":73},{"pos":[1088,576],"appear":73}],"index":2,"toPos":[896,448]},{"monsters":[{"pos":[1280,704],"appear":74},{"pos":[1280,832],"appear":74},{"pos":[1472,832],"appear":74},{"pos":[1472,704],"appear":74},{"pos":[1184,640],"appear":74},{"pos":[1184,896],"appear":74}],"index":3,"toPos":[1376,768]},{"monsters":[{"pos":[800,1024],"appear":75},{"pos":[800,1152],"appear":75},{"pos":[992,1152],"appear":75},{"pos":[800,1152],"appear":75},{"pos":[704,960],"appear":75},{"pos":[704,1216],"appear":75}],"index":4,"toPos":[896,1088]},{"monsters":[{"pos":[1300,1045],"appear":10004}],"index":5,"toPos":[1030,995]}],"initPos":[416,768],"bossMapId":2},{"chapter":12,"mapId":12,"round":[{"monsters":[{"pos":[320,704],"appear":80},{"pos":[512,704],"appear":80},{"pos":[320,832],"appear":80},{"pos":[512,832],"appear":80},{"pos":[608,640],"appear":80},{"pos":[608,896],"appear":80}],"index":1,"toPos":[416,768]},{"monsters":[{"pos":[800,384],"appear":81},{"pos":[992,384],"appear":81},{"pos":[992,512],"appear":81},{"pos":[704,320],"appear":81},{"pos":[800,512],"appear":81},{"pos":[1088,576],"appear":81}],"index":2,"toPos":[896,448]},{"monsters":[{"pos":[1280,704],"appear":82},{"pos":[1280,832],"appear":82},{"pos":[1472,832],"appear":82},{"pos":[1472,704],"appear":82},{"pos":[1184,640],"appear":82},{"pos":[1184,896],"appear":82}],"index":3,"toPos":[1376,768]},{"monsters":[{"pos":[800,1024],"appear":12},{"pos":[800,1152],"appear":12},{"pos":[992,1152],"appear":12},{"pos":[800,1152],"appear":12},{"pos":[704,960],"appear":12},{"pos":[704,1216],"appear":12}],"index":4,"toPos":[896,1088]},{"monsters":[{"pos":[1300,1045],"appear":10006}],"index":5,"toPos":[1030,995]}],"initPos":[416,768],"bossMapId":2},{"chapter":13,"mapId":13,"round":[{"monsters":[{"pos":[320,704],"appear":83},{"pos":[512,704],"appear":83},{"pos":[320,832],"appear":83},{"pos":[512,832],"appear":83},{"pos":[608,640],"appear":83},{"pos":[608,896],"appear":83}],"index":1,"toPos":[416,768]},{"monsters":[{"pos":[800,384],"appear":84},{"pos":[992,384],"appear":84},{"pos":[992,512],"appear":84},{"pos":[704,320],"appear":84},{"pos":[800,512],"appear":84},{"pos":[1088,576],"appear":84}],"index":2,"toPos":[896,448]},{"monsters":[{"pos":[1280,704],"appear":85},{"pos":[1280,832],"appear":85},{"pos":[1472,832],"appear":85},{"pos":[1472,704],"appear":85},{"pos":[1184,640],"appear":85},{"pos":[1184,896],"appear":85}],"index":3,"toPos":[1376,768]},{"monsters":[{"pos":[800,1024],"appear":11},{"pos":[800,1152],"appear":11},{"pos":[992,1152],"appear":11},{"pos":[800,1152],"appear":11},{"pos":[704,960],"appear":11},{"pos":[704,1216],"appear":11}],"index":4,"toPos":[896,1088]},{"monsters":[{"pos":[1300,1045],"appear":10007}],"index":5,"toPos":[1030,995]}],"initPos":[416,768],"bossMapId":2},{"chapter":14,"mapId":14,"round":[{"monsters":[{"pos":[320,704],"appear":86},{"pos":[512,704],"appear":86},{"pos":[320,832],"appear":86},{"pos":[512,832],"appear":86},{"pos":[608,640],"appear":86},{"pos":[608,896],"appear":86}],"index":1,"toPos":[416,768]},{"monsters":[{"pos":[800,384],"appear":87},{"pos":[992,384],"appear":87},{"pos":[992,512],"appear":87},{"pos":[704,320],"appear":87},{"pos":[800,512],"appear":87},{"pos":[1088,576],"appear":87}],"index":2,"toPos":[896,448]},{"monsters":[{"pos":[1280,704],"appear":88},{"pos":[1280,832],"appear":88},{"pos":[1472,832],"appear":88},{"pos":[1472,704],"appear":88},{"pos":[1184,640],"appear":88},{"pos":[1184,896],"appear":88}],"index":3,"toPos":[1376,768]},{"monsters":[{"pos":[800,1024],"appear":89},{"pos":[800,1152],"appear":89},{"pos":[992,1152],"appear":89},{"pos":[800,1152],"appear":89},{"pos":[704,960],"appear":89},{"pos":[704,1216],"appear":89}],"index":4,"toPos":[896,1088]},{"monsters":[{"pos":[1300,1045],"appear":10074}],"index":5,"toPos":[1030,995]}],"initPos":[416,768],"bossMapId":2},{"chapter":15,"mapId":15,"round":[{"monsters":[{"pos":[320,704],"appear":90},{"pos":[512,704],"appear":90},{"pos":[320,832],"appear":90},{"pos":[512,832],"appear":90},{"pos":[608,640],"appear":90},{"pos":[608,896],"appear":90}],"index":1,"toPos":[416,768]},{"monsters":[{"pos":[800,384],"appear":91},{"pos":[992,384],"appear":91},{"pos":[992,512],"appear":91},{"pos":[704,320],"appear":91},{"pos":[800,512],"appear":91},{"pos":[1088,576],"appear":91}],"index":2,"toPos":[896,448]},{"monsters":[{"pos":[1280,704],"appear":92},{"pos":[1280,832],"appear":92},{"pos":[1472,832],"appear":92},{"pos":[1472,704],"appear":92},{"pos":[1184,640],"appear":92},{"pos":[1184,896],"appear":92}],"index":3,"toPos":[1376,768]},{"monsters":[{"pos":[800,1024],"appear":93},{"pos":[800,1152],"appear":93},{"pos":[992,1152],"appear":93},{"pos":[800,1152],"appear":93},{"pos":[704,960],"appear":93},{"pos":[704,1216],"appear":93}],"index":4,"toPos":[896,1088]},{"monsters":[{"pos":[1300,1045],"appear":10009}],"index":5,"toPos":[1030,995]}],"initPos":[416,768],"bossMapId":2},{"chapter":16,"mapId":16,"round":[{"monsters":[{"pos":[320,704],"appear":94},{"pos":[512,704],"appear":94},{"pos":[320,832],"appear":94},{"pos":[512,832],"appear":94},{"pos":[608,640],"appear":94},{"pos":[608,896],"appear":94}],"index":1,"toPos":[416,768]},{"monsters":[{"pos":[800,384],"appear":95},{"pos":[992,384],"appear":95},{"pos":[992,512],"appear":95},{"pos":[704,320],"appear":95},{"pos":[800,512],"appear":95},{"pos":[1088,576],"appear":95}],"index":2,"toPos":[896,448]},{"monsters":[{"pos":[1280,704],"appear":96},{"pos":[1280,832],"appear":96},{"pos":[1472,832],"appear":96},{"pos":[1472,704],"appear":96},{"pos":[1184,640],"appear":96},{"pos":[1184,896],"appear":96}],"index":3,"toPos":[1376,768]},{"monsters":[{"pos":[800,1024],"appear":97},{"pos":[800,1152],"appear":97},{"pos":[992,1152],"appear":97},{"pos":[800,1152],"appear":97},{"pos":[704,960],"appear":97},{"pos":[704,1216],"appear":97}],"index":4,"toPos":[896,1088]},{"monsters":[{"pos":[1300,1045],"appear":10061}],"index":5,"toPos":[1030,995]}],"initPos":[416,768],"bossMapId":2},{"chapter":17,"mapId":17,"round":[{"monsters":[{"pos":[320,704],"appear":98},{"pos":[512,704],"appear":98},{"pos":[320,832],"appear":98},{"pos":[512,832],"appear":98},{"pos":[608,640],"appear":98},{"pos":[608,896],"appear":98}],"index":1,"toPos":[416,768]},{"monsters":[{"pos":[800,384],"appear":99},{"pos":[992,384],"appear":99},{"pos":[992,512],"appear":99},{"pos":[704,320],"appear":99},{"pos":[800,512],"appear":99},{"pos":[1088,576],"appear":99}],"index":2,"toPos":[896,448]},{"monsters":[{"pos":[1280,704],"appear":100},{"pos":[1280,832],"appear":100},{"pos":[1472,832],"appear":100},{"pos":[1472,704],"appear":100},{"pos":[1184,640],"appear":100},{"pos":[1184,896],"appear":100}],"index":3,"toPos":[1376,768]},{"monsters":[{"pos":[800,1024],"appear":101},{"pos":[800,1152],"appear":101},{"pos":[992,1152],"appear":101},{"pos":[800,1152],"appear":101},{"pos":[704,960],"appear":101},{"pos":[704,1216],"appear":101}],"index":4,"toPos":[896,1088]},{"monsters":[{"pos":[1300,1045],"appear":10075}],"index":5,"toPos":[1030,995]}],"initPos":[416,768],"bossMapId":2},{"chapter":18,"mapId":18,"round":[{"monsters":[{"pos":[320,704],"appear":102},{"pos":[512,704],"appear":102},{"pos":[320,832],"appear":102},{"pos":[512,832],"appear":102},{"pos":[608,640],"appear":102},{"pos":[608,896],"appear":102}],"index":1,"toPos":[416,768]},{"monsters":[{"pos":[800,384],"appear":103},{"pos":[992,384],"appear":103},{"pos":[992,512],"appear":103},{"pos":[704,320],"appear":103},{"pos":[800,512],"appear":103},{"pos":[1088,576],"appear":103}],"index":2,"toPos":[896,448]},{"monsters":[{"pos":[1280,704],"appear":104},{"pos":[1280,832],"appear":104},{"pos":[1472,832],"appear":104},{"pos":[1472,704],"appear":104},{"pos":[1184,640],"appear":104},{"pos":[1184,896],"appear":104}],"index":3,"toPos":[1376,768]},{"monsters":[{"pos":[800,1024],"appear":105},{"pos":[800,1152],"appear":105},{"pos":[992,1152],"appear":105},{"pos":[800,1152],"appear":105},{"pos":[704,960],"appear":105},{"pos":[704,1216],"appear":105}],"index":4,"toPos":[896,1088]},{"monsters":[{"pos":[1300,1045],"appear":10076}],"index":5,"toPos":[1030,995]}],"initPos":[416,768],"bossMapId":2},{"chapter":19,"mapId":19,"round":[{"monsters":[{"pos":[320,704],"appear":106},{"pos":[512,704],"appear":106},{"pos":[320,832],"appear":106},{"pos":[512,832],"appear":106},{"pos":[608,640],"appear":106},{"pos":[608,896],"appear":106}],"index":1,"toPos":[416,768]},{"monsters":[{"pos":[800,384],"appear":107},{"pos":[992,384],"appear":107},{"pos":[992,512],"appear":107},{"pos":[704,320],"appear":107},{"pos":[800,512],"appear":107},{"pos":[1088,576],"appear":107}],"index":2,"toPos":[896,448]},{"monsters":[{"pos":[1280,704],"appear":108},{"pos":[1280,832],"appear":108},{"pos":[1472,832],"appear":108},{"pos":[1472,704],"appear":108},{"pos":[1184,640],"appear":108},{"pos":[1184,896],"appear":108}],"index":3,"toPos":[1376,768]},{"monsters":[{"pos":[800,1024],"appear":109},{"pos":[800,1152],"appear":109},{"pos":[992,1152],"appear":109},{"pos":[800,1152],"appear":109},{"pos":[704,960],"appear":109},{"pos":[704,1216],"appear":109}],"index":4,"toPos":[896,1088]},{"monsters":[{"pos":[1300,1045],"appear":10077}],"index":5,"toPos":[1030,995]}],"initPos":[416,768],"bossMapId":2},{"chapter":20,"mapId":20,"round":[{"monsters":[{"pos":[320,704],"appear":110},{"pos":[512,704],"appear":110},{"pos":[320,832],"appear":110},{"pos":[512,832],"appear":110},{"pos":[608,640],"appear":110},{"pos":[608,896],"appear":110}],"index":1,"toPos":[416,768]},{"monsters":[{"pos":[800,384],"appear":111},{"pos":[992,384],"appear":111},{"pos":[992,512],"appear":111},{"pos":[704,320],"appear":111},{"pos":[800,512],"appear":111},{"pos":[1088,576],"appear":111}],"index":2,"toPos":[896,448]},{"monsters":[{"pos":[1280,704],"appear":112},{"pos":[1280,832],"appear":112},{"pos":[1472,832],"appear":112},{"pos":[1472,704],"appear":112},{"pos":[1184,640],"appear":112},{"pos":[1184,896],"appear":112}],"index":3,"toPos":[1376,768]},{"monsters":[{"pos":[800,1024],"appear":113},{"pos":[800,1152],"appear":113},{"pos":[992,1152],"appear":113},{"pos":[800,1152],"appear":113},{"pos":[704,960],"appear":113},{"pos":[704,1216],"appear":113}],"index":4,"toPos":[896,1088]},{"monsters":[{"pos":[1300,1045],"appear":10078}],"index":5,"toPos":[1030,995]}],"initPos":[416,768],"bossMapId":2},{"chapter":21,"mapId":21,"round":[{"monsters":[{"pos":[320,704],"appear":114},{"pos":[512,704],"appear":114},{"pos":[320,832],"appear":114},{"pos":[512,832],"appear":114},{"pos":[608,640],"appear":114},{"pos":[608,896],"appear":114}],"index":1,"toPos":[416,768]},{"monsters":[{"pos":[800,384],"appear":115},{"pos":[992,384],"appear":115},{"pos":[992,512],"appear":115},{"pos":[704,320],"appear":115},{"pos":[800,512],"appear":115},{"pos":[1088,576],"appear":115}],"index":2,"toPos":[896,448]},{"monsters":[{"pos":[1280,704],"appear":116},{"pos":[1280,832],"appear":116},{"pos":[1472,832],"appear":116},{"pos":[1472,704],"appear":116},{"pos":[1184,640],"appear":116},{"pos":[1184,896],"appear":116}],"index":3,"toPos":[1376,768]},{"monsters":[{"pos":[800,1024],"appear":117},{"pos":[800,1152],"appear":117},{"pos":[992,1152],"appear":117},{"pos":[800,1152],"appear":117},{"pos":[704,960],"appear":117},{"pos":[704,1216],"appear":117}],"index":4,"toPos":[896,1088]},{"monsters":[{"pos":[1300,1045],"appear":10079}],"index":5,"toPos":[1030,995]}],"initPos":[416,768],"bossMapId":2},{"chapter":22,"mapId":22,"round":[{"monsters":[{"pos":[320,704],"appear":118},{"pos":[512,704],"appear":118},{"pos":[320,832],"appear":118},{"pos":[512,832],"appear":118},{"pos":[608,640],"appear":118},{"pos":[608,896],"appear":118}],"index":1,"toPos":[416,768]},{"monsters":[{"pos":[800,384],"appear":119},{"pos":[992,384],"appear":119},{"pos":[992,512],"appear":119},{"pos":[704,320],"appear":119},{"pos":[800,512],"appear":119},{"pos":[1088,576],"appear":119}],"index":2,"toPos":[896,448]},{"monsters":[{"pos":[1280,704],"appear":120},{"pos":[1280,832],"appear":120},{"pos":[1472,832],"appear":120},{"pos":[1472,704],"appear":120},{"pos":[1184,640],"appear":120},{"pos":[1184,896],"appear":120}],"index":3,"toPos":[1376,768]},{"monsters":[{"pos":[800,1024],"appear":121},{"pos":[800,1152],"appear":121},{"pos":[992,1152],"appear":121},{"pos":[800,1152],"appear":121},{"pos":[704,960],"appear":121},{"pos":[704,1216],"appear":121}],"index":4,"toPos":[896,1088]},{"monsters":[{"pos":[1300,1045],"appear":10080}],"index":5,"toPos":[1030,995]}],"initPos":[416,768],"bossMapId":2}],"dropList":[{"min":1,"p":"awardsPos1","dropCount":3,"max":6},{"min":7,"p":"awardsPos2","dropCount":5,"max":10},{"min":11,"p":"awardsPos3","dropCount":9,"max":15},{"min":16,"p":"awardsPos4","dropCount":13,"max":20},{"min":21,"p":"awardsPos5","dropCount":25,"max":999999}],"chapterRandom":[{"chapter":[1,5],"monRange":[1,1]},{"chapter":[6,15],"monRange":[1,2]},{"chapter":[16,25],"monRange":[2,3]},{"chapter":[26,50],"monRange":[2,4]},{"chapter":[51,99999],"monRange":[3,5]}],"normalChapter":[1,1,1,1,1,1,1,1,1,1,2,2,2,2,2,2,2,2,2,2,3,3,3,3,3,3,3,3,3,3,4,4,4,4,4,4,4,4,4,4,5,5,5,5,5,5,5,5,5,5,6,6,6,6,6,6,6,6,6,6,7,7,7,7,7,7,7,7,7,7,8,8,8,8,8,8,8,8,8,8,9,9,9,9,9,9,9,9,9,9,10,10,10,10,10,10,10,10,10,10,11,11,11,11,11,11,11,11,11,11,12,12,12,12,12,12,12,12,12,12,13,13,13,13,13,13,13,13,13,13,14,14,14,14,14,14,14,14,14,14,15,15,15,15,15,15,15,15,15,15,16,16,16,16,16,16,16,16,16,16,17,17,17,17,17,17,17,17,17,17,18,18,18,18,18,18,18,18,18,18,19,19,19,19,19,19,19,19,19,19,20,20,20,20,20,20,20,20,20,20,21,21,21,21,21,21,21,21,21,21,22,22,22,22,22,22,22,22,22,22],"circleChapter":[3,3,3,3,3,3,3,3,3,3,5,5,5,5,5,5,5,5,5,5,6,6,6,6,6,6,6,6,6,6,8,8,8,8,8,8,8,8,8,8,10,10,10,10,10,10,10,10,10,10,11,11,11,11,11,11,11,11,11,11,13,13,13,13,13,13,13,13,13,13,17,17,17,17,17,17,17,17,17,17,18,18,18,18,18,18,18,18,18,18,19,19,19,19,19,19,19,19,19,19,20,20,20,20,20,20,20,20,20,20,21,21,21,21,21,21,21,21,21,21,22,22,22,22,22,22,22,22,22,22],"list":[{"mapHeight":48,"cellWidth":48,"id":1,"mapWidth":37,"cellHeight":32},{"mapHeight":48,"cellWidth":48,"id":2,"mapWidth":37,"cellHeight":32},{"mapHeight":48,"cellWidth":48,"id":3,"mapWidth":37,"cellHeight":32},{"mapHeight":48,"cellWidth":48,"id":4,"mapWidth":37,"cellHeight":32},{"mapHeight":48,"cellWidth":48,"id":5,"mapWidth":37,"cellHeight":32},{"mapHeight":48,"cellWidth":48,"id":6,"mapWidth":37,"cellHeight":32},{"mapHeight":48,"cellWidth":48,"id":7,"mapWidth":37,"cellHeight":32},{"mapHeight":48,"cellWidth":48,"id":8,"mapWidth":37,"cellHeight":32},{"mapHeight":48,"cellWidth":48,"id":9,"mapWidth":37,"cellHeight":32},{"mapHeight":48,"cellWidth":48,"id":10,"mapWidth":37,"cellHeight":32},{"mapHeight":48,"cellWidth":48,"id":11,"mapWidth":37,"cellHeight":32},{"mapHeight":48,"cellWidth":48,"id":12,"mapWidth":37,"cellHeight":32},{"mapHeight":48,"cellWidth":48,"id":13,"mapWidth":37,"cellHeight":32},{"mapHeight":48,"cellWidth":48,"id":14,"mapWidth":37,"cellHeight":32},{"mapHeight":48,"cellWidth":48,"id":15,"mapWidth":37,"cellHeight":32},{"mapHeight":48,"cellWidth":48,"id":16,"mapWidth":37,"cellHeight":32},{"mapHeight":48,"cellWidth":48,"id":17,"mapWidth":37,"cellHeight":32},{"mapHeight":48,"cellWidth":48,"id":18,"mapWidth":37,"cellHeight":32},{"mapHeight":48,"cellWidth":48,"id":19,"mapWidth":37,"cellHeight":32},{"mapHeight":48,"cellWidth":48,"id":20,"mapWidth":37,"cellHeight":32},{"mapHeight":48,"cellWidth":48,"id":21,"mapWidth":37,"cellHeight":32},{"mapHeight":48,"cellWidth":48,"id":22,"mapWidth":37,"cellHeight":32}]}}