{"MiningCaveCfg":{"log":{"page2":[{"awards":[{"id":22023,"count":1},{"id":22008,"count":2},{"id":10901,"count":2},{"id":10505,"count":6}],"name":"野猪王","appear":10002,"scale":0.90,"iconId":-1,"nx":-20,"ny":-10},{"awards":[{"id":22027,"count":1},{"id":22008,"count":2},{"id":10010,"count":2},{"id":10503,"count":4}],"name":"虹魔教主","appear":10010,"scale":1,"iconId":-1,"nx":-20,"ny":-5},{"awards":[{"id":22008,"count":9},{"id":10505,"count":30},{"id":10902,"count":30},{"id":10903,"count":30}],"name":"瑞兽金龟","appear":10000,"scale":0.80,"iconId":-1,"nx":-25,"ny":10},{"awards":[{"id":10315,"count":1},{"id":10316,"count":1},{"id":10077,"count":1},{"id":10807,"count":1}],"name":"神秘宝库","appear":29,"scale":0.50,"iconId":-1,"nx":-70,"ny":60}],"page1":[{"awards":[{"id":22022,"count":1},{"id":22008,"count":1},{"id":10901,"count":1},{"id":10505,"count":3}],"name":"兽人战士","appear":12,"scale":1.30,"iconId":-1,"nx":-20,"ny":10},{"awards":[{"id":22025,"count":1},{"id":22008,"count":1},{"id":10010,"count":1},{"id":10503,"count":2}],"name":"尸王","appear":10001,"scale":1.30,"iconId":-1,"nx":-20,"ny":-10},{"awards":[{"id":22008,"count":9},{"id":10505,"count":30},{"id":10902,"count":30},{"id":10903,"count":30}],"name":"瑞兽金龟","appear":10000,"scale":0.80,"iconId":-1,"nx":-25,"ny":10},{"awards":[{"id":10315,"count":1},{"id":10316,"count":1},{"id":10077,"count":1},{"id":10807,"count":1}],"name":"神秘宝库","appear":29,"scale":0.50,"iconId":-1,"nx":-70,"ny":60}],"page3":[{"awards":[{"id":22024,"count":1},{"id":22008,"count":3},{"id":10901,"count":3},{"id":10505,"count":9}],"name":"黄泉教主","appear":10005,"scale":0.90,"iconId":-1,"nx":-20,"ny":0},{"awards":[{"id":22029,"count":1},{"id":22008,"count":3},{"id":10010,"count":3},{"id":10503,"count":6}],"name":"火龙王","appear":10009,"scale":1,"iconId":-1,"nx":-30,"ny":20},{"awards":[{"id":22008,"count":9},{"id":10505,"count":30},{"id":10902,"count":30},{"id":10903,"count":30}],"name":"瑞兽金龟","appear":10000,"scale":0.80,"iconId":-1,"nx":-25,"ny":10},{"awards":[{"id":10315,"count":1},{"id":10316,"count":1},{"id":10077,"count":1},{"id":10807,"count":1}],"name":"神秘宝库","appear":29,"scale":0.50,"iconId":-1,"nx":-70,"ny":60},{"awards":[{"id":22005,"count":1},{"id":22022,"count":1},{"id":22025,"count":1},{"id":22028,"count":1}],"name":"其他玩家","appear":-1,"scale":1,"iconId":168,"nx":0,"ny":0}]},"buff":{"attr":[{"value":2500,"type":182}],"award":[{"id":22008,"count":5},{"id":10991,"count":5}],"titleId":25,"mining_attr":[{"value":2500,"type":155}],"relive_coin":3,"rmbId":1028,"pro1":[{"title":"复活币携带上限提升到","content":"8"},{"title":"精魄属性效果","content":"+25%"},{"title":"体力回复速度","content":"+25%"},{"count":5,"content":"","title":"每日可领取","itemId":22008},{"count":5,"content":"","title":"每日可领取","itemId":10991}]},"rec_time":900,"skip_score":5000,"hour":[10,22],"gift":[{"limit":1,"award":[{"id":10004,"count":20}]},{"limit":3,"award":[{"id":22000,"count":10}]}],"fight_cd":3600,"rank_award":[{"award":[{"id":10995,"count":15},{"id":10505,"count":60},{"id":10004,"count":100}],"range":{"min":1,"max":2},"desc":"1"},{"award":[{"id":10995,"count":10},{"id":10505,"count":40},{"id":10004,"count":75}],"range":{"min":2,"max":3},"desc":"2"},{"award":[{"id":10995,"count":8},{"id":10505,"count":30},{"id":10004,"count":50}],"range":{"min":3,"max":4},"desc":"3"},{"award":[{"id":10994,"count":8},{"id":10505,"count":20},{"id":10004,"count":45}],"range":{"min":4,"max":11},"desc":"4-10"},{"award":[{"id":10993,"count":7},{"id":10505,"count":18},{"id":10004,"count":40}],"range":{"min":11,"max":21},"desc":"11-20"},{"award":[{"id":10993,"count":5},{"id":10505,"count":15},{"id":10004,"count":35}],"range":{"min":21,"max":51},"desc":"21-50"},{"award":[{"id":10992,"count":5},{"id":10505,"count":12},{"id":10004,"count":30}],"range":{"min":51,"max":101},"desc":"51-100"},{"award":[{"id":10991,"count":5},{"id":10505,"count":10},{"id":10004,"count":25}],"range":{"min":101,"max":9999},"desc":"100+"}],"gifts":[{"id":1,"limit":3600,"itemid":1009,"pro":1000},{"id":2,"limit":3600,"itemid":1010,"pro":1000},{"id":3,"limit":3600,"itemid":1011,"pro":1000},{"id":4,"limit":3600,"itemid":1012,"pro":1000},{"id":5,"limit":3600,"itemid":1013,"pro":1000},{"id":6,"limit":3600,"itemid":1014,"pro":1000},{"id":7,"limit":3600,"itemid":1015,"pro":1000},{"id":8,"limit":3600,"itemid":1016,"pro":1000},{"id":9,"limit":3600,"itemid":1017,"pro":1000},{"id":10,"limit":3600,"itemid":1018,"pro":1000},{"id":11,"limit":3600,"itemid":1019,"pro":1000},{"id":12,"limit":3600,"itemid":1020,"pro":1000}],"drug":[{"id":22021,"rate":100},{"id":22022,"rate":150},{"id":22023,"rate":200},{"id":22024,"rate":300},{"id":22025,"rate":400},{"id":22026,"rate":500},{"id":22027,"rate":600},{"id":22028,"rate":800},{"id":22029,"rate":1000}],"max_point":30,"max_send_rank":50,"libs":{"list":[{"id":1,"items":[{"id":10030,"tag":0,"count":2,"pro":2000},{"id":10030,"tag":0,"count":3,"pro":2000},{"id":10030,"tag":0,"count":4,"pro":2000},{"id":10031,"tag":0,"count":1,"pro":1000},{"id":10071,"tag":0,"count":100,"pro":3000},{"id":10072,"tag":0,"count":10000,"pro":3000},{"id":10010,"tag":0,"count":1,"pro":1000},{"id":10028,"tag":0,"count":10,"pro":1000},{"id":10028,"tag":0,"count":20,"pro":1000},{"id":10500,"tag":0,"count":10,"pro":1000},{"id":10500,"tag":0,"count":20,"pro":1000},{"id":10505,"tag":0,"count":10,"pro":1000},{"id":10503,"tag":0,"count":5,"pro":3000},{"id":10002,"tag":0,"count":1000,"pro":1000},{"id":10003,"tag":0,"count":66,"pro":1000},{"id":10032,"tag":0,"count":50,"pro":1000},{"id":10033,"tag":0,"count":5,"pro":1000},{"id":10034,"tag":0,"count":2,"pro":1000},{"id":10035,"tag":0,"count":1,"pro":1000},{"id":10007,"tag":0,"count":30,"pro":1000},{"id":10008,"tag":0,"count":2,"pro":1000},{"id":10991,"tag":0,"count":1,"pro":2000},{"id":10901,"tag":0,"count":5,"pro":1000},{"id":10004,"tag":0,"count":20,"pro":1000},{"id":10004,"tag":0,"count":40,"pro":1000},{"id":10992,"tag":0,"count":2,"pro":500},{"id":10902,"tag":0,"count":5,"pro":1000},{"id":10504,"tag":0,"count":2,"pro":1000},{"id":10501,"tag":0,"count":5,"pro":1000},{"id":10906,"tag":0,"count":1,"pro":1000},{"id":10906,"tag":0,"count":2,"pro":1000}],"limit":0,"pro":1000},{"id":2,"items":[{"id":10030,"tag":0,"count":2,"pro":2000},{"id":10030,"tag":0,"count":3,"pro":2000},{"id":10030,"tag":0,"count":4,"pro":2000},{"id":10031,"tag":0,"count":1,"pro":1000},{"id":10071,"tag":0,"count":100,"pro":3000},{"id":10072,"tag":0,"count":10000,"pro":3000},{"id":10010,"tag":0,"count":1,"pro":1000},{"id":10028,"tag":0,"count":10,"pro":1000},{"id":10028,"tag":0,"count":20,"pro":1000},{"id":10500,"tag":0,"count":10,"pro":1000},{"id":10500,"tag":0,"count":20,"pro":1000},{"id":10505,"tag":0,"count":10,"pro":1000},{"id":10503,"tag":0,"count":5,"pro":3000},{"id":10002,"tag":0,"count":1000,"pro":1000},{"id":10003,"tag":0,"count":66,"pro":1000},{"id":10032,"tag":0,"count":50,"pro":1000},{"id":10033,"tag":0,"count":5,"pro":1000},{"id":10034,"tag":0,"count":2,"pro":1000},{"id":10035,"tag":0,"count":1,"pro":1000},{"id":10007,"tag":0,"count":30,"pro":1000},{"id":10008,"tag":0,"count":2,"pro":1000},{"id":10991,"tag":0,"count":1,"pro":2000},{"id":10901,"tag":0,"count":5,"pro":1000},{"id":10004,"tag":0,"count":20,"pro":1000},{"id":10004,"tag":0,"count":40,"pro":1000},{"id":10992,"tag":0,"count":2,"pro":500},{"id":10902,"tag":0,"count":5,"pro":1000},{"id":10504,"tag":0,"count":2,"pro":1000},{"id":10501,"tag":0,"count":5,"pro":1000},{"id":10906,"tag":0,"count":1,"pro":1000},{"id":10906,"tag":0,"count":2,"pro":1000}],"limit":0,"pro":1000},{"id":3,"items":[{"id":10005,"tag":0,"count":2,"pro":2000},{"id":10030,"tag":0,"count":3,"pro":1000},{"id":10030,"tag":0,"count":4,"pro":2000},{"id":10030,"tag":0,"count":5,"pro":3000},{"id":10031,"tag":0,"count":2,"pro":1000},{"id":10071,"tag":0,"count":200,"pro":2000},{"id":10072,"tag":0,"count":20000,"pro":2000},{"id":10010,"tag":0,"count":2,"pro":1000},{"id":10028,"tag":0,"count":10,"pro":1000},{"id":10028,"tag":0,"count":20,"pro":1000},{"id":10028,"tag":0,"count":30,"pro":1000},{"id":10028,"tag":0,"count":40,"pro":1000},{"id":10500,"tag":0,"count":10,"pro":1000},{"id":10500,"tag":0,"count":20,"pro":1000},{"id":10500,"tag":0,"count":40,"pro":1000},{"id":10500,"tag":0,"count":60,"pro":1000},{"id":10505,"tag":0,"count":10,"pro":1000},{"id":10503,"tag":0,"count":5,"pro":1000},{"id":10002,"tag":0,"count":1000,"pro":1000},{"id":10003,"tag":0,"count":66,"pro":1000},{"id":10032,"tag":0,"count":50,"pro":1000},{"id":10033,"tag":0,"count":5,"pro":1000},{"id":10034,"tag":0,"count":2,"pro":1000},{"id":10035,"tag":1,"count":1,"pro":1000},{"id":10007,"tag":0,"count":30,"pro":1000},{"id":10008,"tag":0,"count":2,"pro":1000},{"id":10991,"tag":0,"count":2,"pro":3000},{"id":10901,"tag":0,"count":5,"pro":1000},{"id":10004,"tag":0,"count":20,"pro":1000},{"id":10004,"tag":0,"count":40,"pro":1000},{"id":10004,"tag":0,"count":60,"pro":1000},{"id":10992,"tag":0,"count":2,"pro":500},{"id":10902,"tag":0,"count":5,"pro":1000},{"id":10504,"tag":0,"count":3,"pro":1000},{"id":10501,"tag":0,"count":5,"pro":1000},{"id":10906,"tag":0,"count":1,"pro":1000},{"id":10906,"tag":0,"count":2,"pro":1000},{"id":10906,"tag":0,"count":3,"pro":1000},{"id":10906,"tag":0,"count":4,"pro":1000},{"id":10005,"tag":0,"count":3,"pro":1000}],"limit":2,"pro":1000},{"id":4,"items":[{"id":10005,"tag":0,"count":2,"pro":2000},{"id":10030,"tag":0,"count":3,"pro":1000},{"id":10030,"tag":0,"count":4,"pro":2000},{"id":10030,"tag":0,"count":5,"pro":3000},{"id":10031,"tag":0,"count":2,"pro":1000},{"id":10071,"tag":0,"count":200,"pro":2000},{"id":10072,"tag":0,"count":20000,"pro":2000},{"id":10010,"tag":0,"count":2,"pro":1000},{"id":10028,"tag":0,"count":10,"pro":1000},{"id":10028,"tag":0,"count":20,"pro":1000},{"id":10028,"tag":0,"count":30,"pro":1000},{"id":10028,"tag":0,"count":40,"pro":1000},{"id":10500,"tag":0,"count":10,"pro":1000},{"id":10500,"tag":0,"count":20,"pro":1000},{"id":10500,"tag":0,"count":40,"pro":1000},{"id":10500,"tag":0,"count":60,"pro":1000},{"id":10505,"tag":0,"count":10,"pro":1000},{"id":10503,"tag":0,"count":5,"pro":1000},{"id":10002,"tag":0,"count":1000,"pro":1000},{"id":10003,"tag":0,"count":66,"pro":1000},{"id":10032,"tag":0,"count":50,"pro":1000},{"id":10033,"tag":0,"count":5,"pro":1000},{"id":10034,"tag":0,"count":2,"pro":1000},{"id":10035,"tag":1,"count":1,"pro":1000},{"id":10007,"tag":0,"count":30,"pro":1000},{"id":10008,"tag":0,"count":2,"pro":1000},{"id":10991,"tag":0,"count":2,"pro":3000},{"id":10901,"tag":0,"count":5,"pro":1000},{"id":10004,"tag":0,"count":20,"pro":1000},{"id":10004,"tag":0,"count":40,"pro":1000},{"id":10004,"tag":0,"count":60,"pro":1000},{"id":10992,"tag":0,"count":2,"pro":500},{"id":10902,"tag":0,"count":5,"pro":1000},{"id":10504,"tag":0,"count":3,"pro":1000},{"id":10501,"tag":0,"count":5,"pro":1000},{"id":10906,"tag":0,"count":1,"pro":1000},{"id":10906,"tag":0,"count":2,"pro":1000},{"id":10906,"tag":0,"count":3,"pro":1000},{"id":10906,"tag":0,"count":4,"pro":1000},{"id":10005,"tag":0,"count":3,"pro":1000}],"limit":2,"pro":1000},{"id":5,"items":[{"id":10030,"tag":0,"count":5,"pro":2000},{"id":10030,"tag":0,"count":10,"pro":3000},{"id":10030,"tag":0,"count":15,"pro":4000},{"id":10875,"tag":0,"count":3,"pro":1000},{"id":10875,"tag":0,"count":4,"pro":1000},{"id":10875,"tag":0,"count":5,"pro":1000},{"id":10081,"tag":2,"count":1,"pro":500},{"id":10028,"tag":0,"count":30,"pro":1000},{"id":10028,"tag":0,"count":40,"pro":1000},{"id":10028,"tag":0,"count":50,"pro":1000},{"id":10028,"tag":0,"count":60,"pro":1000},{"id":10500,"tag":0,"count":30,"pro":1000},{"id":10500,"tag":0,"count":40,"pro":1000},{"id":10500,"tag":0,"count":50,"pro":1000},{"id":10514,"tag":1,"count":1,"pro":1000},{"id":10505,"tag":0,"count":50,"pro":1000},{"id":10503,"tag":0,"count":30,"pro":1000},{"id":10002,"tag":0,"count":5000,"pro":1000},{"id":10003,"tag":0,"count":128,"pro":1000},{"id":10401,"tag":1,"count":1,"pro":500},{"id":10403,"tag":1,"count":1,"pro":500},{"id":10402,"tag":1,"count":1,"pro":500},{"id":10404,"tag":1,"count":1,"pro":500},{"id":10007,"tag":0,"count":100,"pro":1000},{"id":10008,"tag":0,"count":5,"pro":1000},{"id":10991,"tag":0,"count":3,"pro":3000},{"id":10901,"tag":0,"count":10,"pro":1000},{"id":10004,"tag":0,"count":40,"pro":1000},{"id":10004,"tag":0,"count":60,"pro":1000},{"id":10004,"tag":0,"count":80,"pro":1000},{"id":10992,"tag":0,"count":1,"pro":2000},{"id":10902,"tag":0,"count":5,"pro":1000},{"id":10993,"tag":0,"count":3,"pro":200},{"id":10903,"tag":0,"count":5,"pro":1000},{"id":10504,"tag":0,"count":5,"pro":1000},{"id":10501,"tag":0,"count":5,"pro":1000},{"id":10906,"tag":0,"count":5,"pro":4000},{"id":10906,"tag":0,"count":6,"pro":3000},{"id":10906,"tag":0,"count":8,"pro":2000},{"id":10005,"tag":0,"count":4,"pro":1000},{"id":10906,"tag":0,"count":10,"pro":1000}],"limit":4,"pro":1000},{"id":6,"items":[{"id":10030,"tag":0,"count":5,"pro":2000},{"id":10030,"tag":0,"count":10,"pro":3000},{"id":10030,"tag":0,"count":15,"pro":4000},{"id":10875,"tag":0,"count":3,"pro":1000},{"id":10875,"tag":0,"count":4,"pro":1000},{"id":10875,"tag":0,"count":5,"pro":1000},{"id":10081,"tag":2,"count":1,"pro":500},{"id":10028,"tag":0,"count":30,"pro":1000},{"id":10028,"tag":0,"count":40,"pro":1000},{"id":10028,"tag":0,"count":50,"pro":1000},{"id":10028,"tag":0,"count":60,"pro":1000},{"id":10500,"tag":0,"count":30,"pro":1000},{"id":10500,"tag":0,"count":40,"pro":1000},{"id":10500,"tag":0,"count":50,"pro":1000},{"id":10514,"tag":1,"count":1,"pro":1000},{"id":10505,"tag":0,"count":50,"pro":1000},{"id":10503,"tag":0,"count":30,"pro":1000},{"id":10002,"tag":0,"count":5000,"pro":1000},{"id":10003,"tag":0,"count":128,"pro":1000},{"id":10401,"tag":1,"count":1,"pro":500},{"id":10403,"tag":1,"count":1,"pro":500},{"id":10402,"tag":1,"count":1,"pro":500},{"id":10404,"tag":1,"count":1,"pro":500},{"id":10007,"tag":0,"count":100,"pro":1000},{"id":10008,"tag":0,"count":5,"pro":1000},{"id":10991,"tag":0,"count":3,"pro":3000},{"id":10901,"tag":0,"count":10,"pro":1000},{"id":10004,"tag":0,"count":40,"pro":1000},{"id":10004,"tag":0,"count":60,"pro":1000},{"id":10004,"tag":0,"count":80,"pro":1000},{"id":10992,"tag":0,"count":1,"pro":2000},{"id":10902,"tag":0,"count":5,"pro":1000},{"id":10993,"tag":0,"count":3,"pro":200},{"id":10903,"tag":0,"count":5,"pro":1000},{"id":10504,"tag":0,"count":5,"pro":1000},{"id":10501,"tag":0,"count":5,"pro":1000},{"id":10906,"tag":0,"count":5,"pro":4000},{"id":10906,"tag":0,"count":6,"pro":3000},{"id":10906,"tag":0,"count":8,"pro":2000},{"id":10005,"tag":0,"count":4,"pro":1000},{"id":10906,"tag":0,"count":10,"pro":1000}],"limit":4,"pro":1000},{"id":7,"items":[{"id":10030,"tag":0,"count":20,"pro":8000},{"id":10805,"tag":1,"count":1,"pro":2000},{"id":10806,"tag":2,"count":1,"pro":1500},{"id":10807,"tag":2,"count":1,"pro":500},{"id":10081,"tag":2,"count":1,"pro":1000},{"id":10028,"tag":0,"count":100,"pro":1000},{"id":10500,"tag":0,"count":100,"pro":1000},{"id":10514,"tag":1,"count":1,"pro":1000},{"id":10077,"tag":1,"count":1,"pro":1000},{"id":10505,"tag":0,"count":100,"pro":1000},{"id":10503,"tag":0,"count":50,"pro":1000},{"id":10003,"tag":0,"count":188,"pro":1000},{"id":10401,"tag":1,"count":1,"pro":1000},{"id":10403,"tag":1,"count":1,"pro":1000},{"id":10402,"tag":1,"count":1,"pro":1000},{"id":10404,"tag":1,"count":1,"pro":1000},{"id":10405,"tag":1,"count":1,"pro":1000},{"id":10406,"tag":1,"count":1,"pro":1000},{"id":10991,"tag":0,"count":3,"pro":1000},{"id":10901,"tag":0,"count":10,"pro":1000},{"id":10004,"tag":0,"count":50,"pro":1000},{"id":10004,"tag":0,"count":80,"pro":1000},{"id":10004,"tag":0,"count":100,"pro":1000},{"id":10992,"tag":0,"count":3,"pro":3000},{"id":10902,"tag":0,"count":5,"pro":1000},{"id":10993,"tag":0,"count":4,"pro":2000},{"id":10903,"tag":0,"count":5,"pro":1000},{"id":10504,"tag":0,"count":8,"pro":1000},{"id":10906,"tag":0,"count":8,"pro":1000},{"id":10906,"tag":0,"count":10,"pro":1000},{"id":10994,"tag":1,"count":4,"pro":500},{"id":10904,"tag":1,"count":5,"pro":1000},{"id":10005,"tag":0,"count":5,"pro":1000}],"limit":6,"pro":1000},{"id":8,"items":[{"id":10030,"tag":0,"count":20,"pro":8000},{"id":10805,"tag":1,"count":1,"pro":2000},{"id":10806,"tag":2,"count":1,"pro":1500},{"id":10807,"tag":2,"count":1,"pro":500},{"id":10081,"tag":2,"count":1,"pro":1000},{"id":10028,"tag":0,"count":100,"pro":1000},{"id":10500,"tag":0,"count":100,"pro":1000},{"id":10514,"tag":1,"count":1,"pro":1000},{"id":10077,"tag":1,"count":1,"pro":1000},{"id":10505,"tag":0,"count":100,"pro":1000},{"id":10503,"tag":0,"count":50,"pro":1000},{"id":10003,"tag":0,"count":188,"pro":1000},{"id":10401,"tag":1,"count":1,"pro":1000},{"id":10403,"tag":1,"count":1,"pro":1000},{"id":10402,"tag":1,"count":1,"pro":1000},{"id":10404,"tag":1,"count":1,"pro":1000},{"id":10405,"tag":1,"count":1,"pro":1000},{"id":10406,"tag":1,"count":1,"pro":1000},{"id":10991,"tag":0,"count":3,"pro":1000},{"id":10901,"tag":0,"count":10,"pro":1000},{"id":10004,"tag":0,"count":50,"pro":1000},{"id":10004,"tag":0,"count":80,"pro":1000},{"id":10004,"tag":0,"count":100,"pro":1000},{"id":10992,"tag":0,"count":3,"pro":3000},{"id":10902,"tag":0,"count":5,"pro":1000},{"id":10993,"tag":0,"count":4,"pro":2000},{"id":10903,"tag":0,"count":5,"pro":1000},{"id":10504,"tag":0,"count":8,"pro":1000},{"id":10906,"tag":0,"count":8,"pro":1000},{"id":10906,"tag":0,"count":10,"pro":1000},{"id":10994,"tag":1,"count":4,"pro":500},{"id":10904,"tag":1,"count":5,"pro":1000},{"id":10005,"tag":0,"count":5,"pro":1000}],"limit":6,"pro":1000},{"id":9,"items":[{"id":10030,"tag":0,"count":50,"pro":1000},{"id":10806,"tag":1,"count":1,"pro":1000},{"id":10807,"tag":2,"count":1,"pro":1000},{"id":10081,"tag":2,"count":1,"pro":1000},{"id":10028,"tag":0,"count":100,"pro":1000},{"id":10500,"tag":0,"count":100,"pro":1000},{"id":10514,"tag":1,"count":1,"pro":1000},{"id":10077,"tag":1,"count":1,"pro":1000},{"id":10505,"tag":0,"count":200,"pro":1000},{"id":10503,"tag":0,"count":100,"pro":1000},{"id":10003,"tag":0,"count":188,"pro":1000},{"id":10401,"tag":1,"count":1,"pro":1000},{"id":10403,"tag":1,"count":1,"pro":1000},{"id":10402,"tag":1,"count":1,"pro":1000},{"id":10404,"tag":1,"count":1,"pro":1000},{"id":10405,"tag":1,"count":1,"pro":1000},{"id":10406,"tag":1,"count":1,"pro":1000},{"id":10993,"tag":1,"count":1,"pro":4000},{"id":10994,"tag":1,"count":4,"pro":3000},{"id":10995,"tag":1,"count":5,"pro":2000},{"id":10504,"tag":1,"count":30,"pro":1000},{"id":10315,"tag":2,"count":1,"pro":500},{"id":10316,"tag":2,"count":1,"pro":500}],"limit":8,"pro":1000}],"consumes":[[{"id":22008,"count":0}],[{"id":22008,"count":2}],[{"id":22008,"count":4}],[{"id":22008,"count":8}],[{"id":22008,"count":15}],[{"id":22008,"count":20}],[{"id":22008,"count":25}],[{"id":22008,"count":30}],[{"id":22008,"count":50}]]},"rank_lv3_file":"MiningCaveLv3.txt","actor_drop":{"point_range":[500,800],"cnt_range":[800,1500],"ids":[22021,22022,22023,22024,22025,22026,22027,22028,22029]},"rank_file":"MiningCave.txt","drug_attr":[1,2,3,4,11,12,13,14,15,16,35,90,91,92,93,94,95,96,97,98,99,100],"monsters":[{"mid":1,"base_point":100,"appear":12,"skill":[],"name":"兽人战士","drop":[{"id":22021,"group":2,"count":1,"pro":1000},{"id":10030,"group":3,"count":1,"pro":1000},{"id":10505,"group":3,"count":1,"pro":1000},{"id":10505,"group":3,"count":2,"pro":1000},{"id":10505,"group":3,"count":3,"pro":1000},{"id":22008,"group":3,"count":1,"pro":200},{"id":10901,"group":3,"count":1,"pro":500},{"id":10505,"group":3,"count":0,"pro":4300},{"id":10505,"group":4,"count":0,"pro":2000},{"id":22022,"group":4,"count":1,"pro":1100}],"relive_coin":500,"range":{"min":2000,"max":3000},"base_prop":[{"value":4000,"type":1},{"value":60000,"type":2},{"value":15000,"type":3},{"value":3750,"type":4},{"value":1000,"type":5},{"value":1000,"type":6},{"value":1000,"type":7},{"value":1000,"type":8},{"value":1000,"type":9},{"value":1000,"type":10},{"value":1000,"type":11},{"value":1000,"type":12},{"value":1000,"type":13},{"value":1000,"type":14},{"value":1000,"type":15},{"value":1000,"type":16}]},{"mid":2,"base_point":120,"appear":7,"skill":[],"name":"兽人统领","drop":[{"id":22021,"group":2,"count":1,"pro":1000},{"id":22022,"group":2,"count":1,"pro":1000},{"id":10030,"group":3,"count":1,"pro":1000},{"id":10505,"group":3,"count":1,"pro":1000},{"id":10505,"group":3,"count":2,"pro":1000},{"id":10505,"group":3,"count":3,"pro":1000},{"id":22008,"group":3,"count":1,"pro":200},{"id":10901,"group":3,"count":1,"pro":500},{"id":10505,"group":3,"count":0,"pro":4300},{"id":10505,"group":4,"count":0,"pro":1500},{"id":22023,"group":4,"count":1,"pro":1100}],"relive_coin":1000,"range":{"min":3000,"max":5000},"base_prop":[{"value":4000,"type":1},{"value":120000,"type":2},{"value":18000,"type":3},{"value":4500,"type":4},{"value":1200,"type":5},{"value":1200,"type":6},{"value":1200,"type":7},{"value":1200,"type":8},{"value":1200,"type":9},{"value":1200,"type":10},{"value":1300,"type":11},{"value":1300,"type":12},{"value":1300,"type":13},{"value":1300,"type":14},{"value":1300,"type":15},{"value":1300,"type":16}]},{"mid":3,"base_point":140,"appear":8,"skill":[],"name":"双头血魔","drop":[{"id":22021,"group":2,"count":1,"pro":1000},{"id":22022,"group":2,"count":1,"pro":1000},{"id":10030,"group":3,"count":1,"pro":1000},{"id":10505,"group":3,"count":1,"pro":1000},{"id":10505,"group":3,"count":2,"pro":1000},{"id":10505,"group":3,"count":3,"pro":1000},{"id":22008,"group":3,"count":1,"pro":200},{"id":10901,"group":3,"count":1,"pro":500},{"id":10505,"group":3,"count":0,"pro":3300},{"id":10505,"group":4,"count":0,"pro":1100},{"id":22023,"group":4,"count":1,"pro":1100},{"id":22024,"group":4,"count":1,"pro":500}],"relive_coin":1200,"range":{"min":4000,"max":6000},"base_prop":[{"value":4000,"type":1},{"value":200000,"type":2},{"value":20000,"type":3},{"value":5000,"type":4},{"value":1400,"type":5},{"value":1400,"type":6},{"value":1400,"type":7},{"value":1400,"type":8},{"value":1400,"type":9},{"value":1400,"type":10},{"value":1600,"type":11},{"value":1600,"type":12},{"value":1600,"type":13},{"value":1600,"type":14},{"value":1600,"type":15},{"value":1600,"type":16}]},{"mid":4,"base_point":170,"appear":10,"skill":[],"name":"双头金刚","drop":[{"id":22021,"group":2,"count":1,"pro":1000},{"id":22022,"group":2,"count":1,"pro":1000},{"id":10030,"group":3,"count":1,"pro":1000},{"id":10503,"group":3,"count":2,"pro":500},{"id":10010,"group":3,"count":1,"pro":300},{"id":10505,"group":3,"count":1,"pro":1000},{"id":10505,"group":3,"count":2,"pro":1000},{"id":10505,"group":3,"count":3,"pro":1000},{"id":22008,"group":3,"count":1,"pro":200},{"id":10901,"group":3,"count":1,"pro":500},{"id":10505,"group":3,"count":0,"pro":3300},{"id":10505,"group":4,"count":0,"pro":1000},{"id":22023,"group":4,"count":1,"pro":1000},{"id":22024,"group":4,"count":1,"pro":500},{"id":22025,"group":4,"count":1,"pro":300}],"relive_coin":1500,"range":{"min":6000,"max":9000},"base_prop":[{"value":4000,"type":1},{"value":450000,"type":2},{"value":45000,"type":3},{"value":11250,"type":4},{"value":1600,"type":5},{"value":1600,"type":6},{"value":1600,"type":7},{"value":1600,"type":8},{"value":1600,"type":9},{"value":1600,"type":10},{"value":1900,"type":11},{"value":1900,"type":12},{"value":1900,"type":13},{"value":1900,"type":14},{"value":1900,"type":15},{"value":1900,"type":16}]},{"mid":5,"base_point":200,"appear":10001,"skill":[],"name":"尸王","drop":[{"id":22021,"group":2,"count":1,"pro":1000},{"id":22022,"group":2,"count":1,"pro":1000},{"id":10030,"group":3,"count":1,"pro":1000},{"id":10503,"group":3,"count":2,"pro":600},{"id":10010,"group":3,"count":1,"pro":400},{"id":10505,"group":3,"count":1,"pro":1000},{"id":10505,"group":3,"count":2,"pro":1000},{"id":10505,"group":3,"count":3,"pro":1000},{"id":22008,"group":3,"count":1,"pro":200},{"id":10901,"group":3,"count":1,"pro":500},{"id":10505,"group":3,"count":0,"pro":3300},{"id":10505,"group":4,"count":0,"pro":1000},{"id":22023,"group":4,"count":1,"pro":1000},{"id":22024,"group":4,"count":1,"pro":800},{"id":22025,"group":4,"count":1,"pro":300},{"id":22026,"group":4,"count":1,"pro":200}],"relive_coin":2000,"range":{"min":9000,"max":12000},"base_prop":[{"value":4000,"type":1},{"value":550000,"type":2},{"value":55000,"type":3},{"value":13750,"type":4},{"value":1800,"type":5},{"value":1800,"type":6},{"value":1800,"type":7},{"value":1800,"type":8},{"value":1800,"type":9},{"value":1800,"type":10},{"value":2200,"type":11},{"value":2200,"type":12},{"value":2200,"type":13},{"value":2200,"type":14},{"value":2200,"type":15},{"value":2200,"type":16}]},{"mid":6,"base_point":140,"appear":10002,"skill":[],"name":"野猪王","drop":[{"id":22022,"group":2,"count":1,"pro":1000},{"id":10030,"group":3,"count":2,"pro":1000},{"id":10505,"group":3,"count":2,"pro":1000},{"id":10505,"group":3,"count":4,"pro":1000},{"id":10505,"group":3,"count":6,"pro":1000},{"id":22008,"group":3,"count":1,"pro":500},{"id":10901,"group":3,"count":2,"pro":500},{"id":10505,"group":3,"count":0,"pro":4300},{"id":10505,"group":4,"count":0,"pro":1000},{"id":22023,"group":4,"count":1,"pro":1000}],"relive_coin":1000,"range":{"min":4000,"max":6000},"base_prop":[{"value":6500,"type":1},{"value":300000,"type":2},{"value":30000,"type":3},{"value":7500,"type":4},{"value":2000,"type":5},{"value":2000,"type":6},{"value":2000,"type":7},{"value":2000,"type":8},{"value":2000,"type":9},{"value":2000,"type":10},{"value":2500,"type":11},{"value":2500,"type":12},{"value":2500,"type":13},{"value":2500,"type":14},{"value":2500,"type":15},{"value":2500,"type":16}]},{"mid":7,"base_point":170,"appear":10011,"skill":[],"name":"沃玛教主","drop":[{"id":22023,"group":2,"count":1,"pro":1000},{"id":22024,"group":2,"count":1,"pro":1000},{"id":10030,"group":3,"count":1,"pro":1000},{"id":10505,"group":3,"count":1,"pro":1000},{"id":10505,"group":3,"count":2,"pro":1000},{"id":10505,"group":3,"count":3,"pro":1000},{"id":22008,"group":3,"count":1,"pro":200},{"id":10901,"group":3,"count":1,"pro":500},{"id":10505,"group":3,"count":0,"pro":4300},{"id":10505,"group":4,"count":0,"pro":1000},{"id":22025,"group":4,"count":1,"pro":1000}],"relive_coin":2000,"range":{"min":6000,"max":8000},"base_prop":[{"value":6500,"type":1},{"value":500000,"type":2},{"value":50000,"type":3},{"value":12500,"type":4},{"value":2200,"type":5},{"value":2200,"type":6},{"value":2200,"type":7},{"value":2200,"type":8},{"value":2200,"type":9},{"value":2200,"type":10},{"value":2800,"type":11},{"value":2800,"type":12},{"value":2800,"type":13},{"value":2800,"type":14},{"value":2800,"type":15},{"value":2800,"type":16}]},{"mid":8,"base_point":200,"appear":10003,"skill":[],"name":"祖玛教主","drop":[{"id":22023,"group":2,"count":1,"pro":1000},{"id":22024,"group":2,"count":1,"pro":1000},{"id":10030,"group":3,"count":1,"pro":1000},{"id":10505,"group":3,"count":1,"pro":1000},{"id":10505,"group":3,"count":2,"pro":1000},{"id":10505,"group":3,"count":3,"pro":1000},{"id":22008,"group":3,"count":1,"pro":200},{"id":10901,"group":3,"count":1,"pro":500},{"id":10505,"group":3,"count":0,"pro":3300},{"id":10505,"group":4,"count":0,"pro":1000},{"id":22025,"group":4,"count":1,"pro":1000},{"id":22026,"group":4,"count":1,"pro":500}],"relive_coin":2400,"range":{"min":8000,"max":11000},"base_prop":[{"value":6500,"type":1},{"value":700000,"type":2},{"value":70000,"type":3},{"value":17500,"type":4},{"value":2400,"type":5},{"value":2400,"type":6},{"value":2400,"type":7},{"value":2400,"type":8},{"value":2400,"type":9},{"value":2400,"type":10},{"value":3100,"type":11},{"value":3100,"type":12},{"value":3100,"type":13},{"value":3100,"type":14},{"value":3100,"type":15},{"value":3100,"type":16}]},{"mid":9,"base_point":240,"appear":10004,"skill":[],"name":"牛魔王","drop":[{"id":22023,"group":2,"count":1,"pro":1000},{"id":22024,"group":2,"count":1,"pro":1000},{"id":10030,"group":3,"count":1,"pro":1000},{"id":10503,"group":3,"count":2,"pro":500},{"id":10010,"group":3,"count":1,"pro":300},{"id":10505,"group":3,"count":1,"pro":1000},{"id":10505,"group":3,"count":2,"pro":1000},{"id":10505,"group":3,"count":3,"pro":1000},{"id":22008,"group":3,"count":1,"pro":200},{"id":10901,"group":3,"count":1,"pro":500},{"id":10505,"group":3,"count":0,"pro":3300},{"id":10505,"group":4,"count":0,"pro":1000},{"id":22025,"group":4,"count":1,"pro":1000},{"id":22026,"group":4,"count":1,"pro":500},{"id":22027,"group":4,"count":1,"pro":300}],"relive_coin":3000,"range":{"min":11000,"max":14000},"base_prop":[{"value":6500,"type":1},{"value":900000,"type":2},{"value":90000,"type":3},{"value":22500,"type":4},{"value":2600,"type":5},{"value":2600,"type":6},{"value":2600,"type":7},{"value":2600,"type":8},{"value":2600,"type":9},{"value":2600,"type":10},{"value":3400,"type":11},{"value":3400,"type":12},{"value":3400,"type":13},{"value":3400,"type":14},{"value":3400,"type":15},{"value":3400,"type":16}]},{"mid":10,"base_point":290,"appear":10010,"skill":[],"name":"虹魔教主","drop":[{"id":22023,"group":2,"count":1,"pro":1000},{"id":22024,"group":2,"count":1,"pro":1000},{"id":10030,"group":3,"count":2,"pro":1000},{"id":10503,"group":3,"count":4,"pro":600},{"id":10010,"group":3,"count":2,"pro":400},{"id":10505,"group":3,"count":2,"pro":1000},{"id":10505,"group":3,"count":4,"pro":1000},{"id":10505,"group":3,"count":6,"pro":1000},{"id":22008,"group":3,"count":2,"pro":200},{"id":10901,"group":3,"count":2,"pro":500},{"id":10505,"group":3,"count":0,"pro":3300},{"id":10505,"group":4,"count":0,"pro":1000},{"id":22025,"group":4,"count":1,"pro":1000},{"id":22026,"group":4,"count":1,"pro":800},{"id":22027,"group":4,"count":1,"pro":300},{"id":22028,"group":4,"count":1,"pro":200}],"relive_coin":4000,"range":{"min":4000,"max":6000},"base_prop":[{"value":6500,"type":1},{"value":1200000,"type":2},{"value":120000,"type":3},{"value":30000,"type":4},{"value":2800,"type":5},{"value":2800,"type":6},{"value":2800,"type":7},{"value":2800,"type":8},{"value":2800,"type":9},{"value":2800,"type":10},{"value":3700,"type":11},{"value":3700,"type":12},{"value":3700,"type":13},{"value":3700,"type":14},{"value":3700,"type":15},{"value":3700,"type":16}]},{"mid":11,"base_point":200,"appear":10005,"skill":[],"name":"黄泉教主","drop":[{"id":22023,"group":2,"count":1,"pro":1000},{"id":10030,"group":3,"count":3,"pro":1000},{"id":10505,"group":3,"count":3,"pro":1000},{"id":10505,"group":3,"count":6,"pro":1000},{"id":10505,"group":3,"count":9,"pro":1000},{"id":22008,"group":3,"count":3,"pro":500},{"id":10901,"group":3,"count":3,"pro":500},{"id":10505,"group":3,"count":0,"pro":4300},{"id":10505,"group":4,"count":0,"pro":1000},{"id":22024,"group":4,"count":1,"pro":1000}],"relive_coin":0,"range":{"min":6000,"max":9000},"base_prop":[{"value":7000,"type":1},{"value":700000,"type":2},{"value":70000,"type":3},{"value":17500,"type":4},{"value":3000,"type":5},{"value":3000,"type":6},{"value":3000,"type":7},{"value":3000,"type":8},{"value":3000,"type":9},{"value":3000,"type":10},{"value":4000,"type":11},{"value":4000,"type":12},{"value":4000,"type":13},{"value":4000,"type":14},{"value":4000,"type":15},{"value":4000,"type":16}]},{"mid":12,"base_point":250,"appear":10006,"skill":[],"name":"魔龙教主","drop":[{"id":22024,"group":2,"count":1,"pro":1000},{"id":22025,"group":2,"count":1,"pro":1000},{"id":10030,"group":3,"count":3,"pro":1000},{"id":10505,"group":3,"count":3,"pro":1000},{"id":10505,"group":3,"count":6,"pro":1000},{"id":10505,"group":3,"count":9,"pro":1000},{"id":22008,"group":3,"count":3,"pro":200},{"id":10901,"group":3,"count":3,"pro":500},{"id":10505,"group":3,"count":0,"pro":4300},{"id":10505,"group":4,"count":0,"pro":1000},{"id":22026,"group":4,"count":1,"pro":1000}],"relive_coin":0,"range":{"min":9000,"max":12000},"base_prop":[{"value":7000,"type":1},{"value":900000,"type":2},{"value":90000,"type":3},{"value":22500,"type":4},{"value":3200,"type":5},{"value":3200,"type":6},{"value":3200,"type":7},{"value":3200,"type":8},{"value":3200,"type":9},{"value":3200,"type":10},{"value":4300,"type":11},{"value":4300,"type":12},{"value":4300,"type":13},{"value":4300,"type":14},{"value":4300,"type":15},{"value":4300,"type":16}]},{"mid":13,"base_point":300,"appear":10007,"skill":[],"name":"雪域魔王","drop":[{"id":22024,"group":2,"count":1,"pro":1000},{"id":22025,"group":2,"count":1,"pro":1000},{"id":10030,"group":3,"count":3,"pro":1000},{"id":10505,"group":3,"count":3,"pro":1000},{"id":10505,"group":3,"count":6,"pro":1000},{"id":10505,"group":3,"count":9,"pro":1000},{"id":22008,"group":3,"count":3,"pro":200},{"id":10991,"group":3,"count":1,"pro":100},{"id":10901,"group":3,"count":3,"pro":500},{"id":10505,"group":3,"count":0,"pro":3300},{"id":10505,"group":4,"count":0,"pro":1000},{"id":22026,"group":4,"count":1,"pro":1000},{"id":22027,"group":4,"count":1,"pro":500}],"relive_coin":0,"range":{"min":12000,"max":15000},"base_prop":[{"value":7000,"type":1},{"value":1200000,"type":2},{"value":120000,"type":3},{"value":30000,"type":4},{"value":3400,"type":5},{"value":3400,"type":6},{"value":3400,"type":7},{"value":3400,"type":8},{"value":3400,"type":9},{"value":3400,"type":10},{"value":4600,"type":11},{"value":4600,"type":12},{"value":4600,"type":13},{"value":4600,"type":14},{"value":4600,"type":15},{"value":4600,"type":16}]},{"mid":14,"base_point":350,"appear":10008,"skill":[],"name":"蛮荒之主","drop":[{"id":22024,"group":2,"count":1,"pro":1000},{"id":22025,"group":2,"count":1,"pro":1000},{"id":10030,"group":3,"count":3,"pro":1000},{"id":10503,"group":3,"count":6,"pro":500},{"id":10010,"group":3,"count":3,"pro":300},{"id":10505,"group":3,"count":3,"pro":1000},{"id":10505,"group":3,"count":6,"pro":1000},{"id":10505,"group":3,"count":9,"pro":1000},{"id":22008,"group":3,"count":3,"pro":200},{"id":10901,"group":3,"count":3,"pro":500},{"id":10991,"group":3,"count":1,"pro":100},{"id":10505,"group":3,"count":0,"pro":3300},{"id":10505,"group":4,"count":0,"pro":1000},{"id":22026,"group":4,"count":1,"pro":1000},{"id":22027,"group":4,"count":1,"pro":500},{"id":22028,"group":4,"count":1,"pro":300}],"relive_coin":0,"range":{"min":15000,"max":17000},"base_prop":[{"value":7000,"type":1},{"value":1500000,"type":2},{"value":150000,"type":3},{"value":37500,"type":4},{"value":3600,"type":5},{"value":3600,"type":6},{"value":3600,"type":7},{"value":3600,"type":8},{"value":3600,"type":9},{"value":3600,"type":10},{"value":4900,"type":11},{"value":4900,"type":12},{"value":4900,"type":13},{"value":4900,"type":14},{"value":4900,"type":15},{"value":4900,"type":16}]},{"mid":15,"base_point":400,"appear":10009,"skill":[],"name":"火龙王","drop":[{"id":22024,"group":2,"count":1,"pro":1000},{"id":22025,"group":2,"count":1,"pro":1000},{"id":10030,"group":3,"count":3,"pro":1000},{"id":10503,"group":3,"count":6,"pro":600},{"id":10010,"group":3,"count":3,"pro":400},{"id":10505,"group":3,"count":3,"pro":1000},{"id":10505,"group":3,"count":6,"pro":1000},{"id":10505,"group":3,"count":9,"pro":1000},{"id":22008,"group":3,"count":3,"pro":200},{"id":10901,"group":3,"count":3,"pro":500},{"id":10991,"group":3,"count":1,"pro":300},{"id":10902,"group":3,"count":1,"pro":200},{"id":10505,"group":3,"count":0,"pro":3300},{"id":10505,"group":4,"count":0,"pro":1000},{"id":22026,"group":4,"count":1,"pro":1000},{"id":22027,"group":4,"count":1,"pro":800},{"id":22028,"group":4,"count":1,"pro":300},{"id":22029,"group":4,"count":1,"pro":200}],"relive_coin":0,"range":{"min":17000,"max":21000},"base_prop":[{"value":7000,"type":1},{"value":1800000,"type":2},{"value":180000,"type":3},{"value":45000,"type":4},{"value":3800,"type":5},{"value":3800,"type":6},{"value":3800,"type":7},{"value":3800,"type":8},{"value":3800,"type":9},{"value":3800,"type":10},{"value":5200,"type":11},{"value":5200,"type":12},{"value":5200,"type":13},{"value":5200,"type":14},{"value":5200,"type":15},{"value":5200,"type":16}]}],"gambles":[{"awards":[{"id":10004,"count":15}],"pro":1000,"id":1,"guess_price":[{"id":10003,"count":14}],"first_guess":[{"id":10003,"count":7}]},{"awards":[{"id":10901,"count":5}],"pro":700,"id":2,"guess_price":[{"id":10003,"count":28}],"first_guess":[{"id":10003,"count":14}]},{"awards":[{"id":10004,"count":30}],"pro":1000,"id":3,"guess_price":[{"id":10003,"count":28}],"first_guess":[{"id":10003,"count":14}]},{"awards":[{"id":22005,"count":600}],"pro":600,"id":4,"guess_price":[{"id":10003,"count":35}],"first_guess":[{"id":10003,"count":17}]},{"awards":[{"id":10004,"count":30}],"pro":1000,"id":5,"guess_price":[{"id":10003,"count":42}],"first_guess":[{"id":10003,"count":21}]},{"awards":[{"id":10030,"count":5}],"pro":1000,"id":6,"guess_price":[{"id":10003,"count":52}],"first_guess":[{"id":10003,"count":26}]},{"awards":[{"id":10901,"count":10}],"pro":700,"id":7,"guess_price":[{"id":10003,"count":56}],"first_guess":[{"id":10003,"count":28}]},{"awards":[{"id":10010,"count":1}],"pro":500,"id":8,"guess_price":[{"id":10003,"count":21}],"first_guess":[{"id":10003,"count":10}]},{"awards":[{"id":22008,"count":2}],"pro":1200,"id":9,"guess_price":[{"id":10003,"count":42}],"first_guess":[{"id":10003,"count":21}]},{"awards":[{"id":10028,"count":10}],"pro":500,"id":10,"guess_price":[{"id":10003,"count":35}],"first_guess":[{"id":10003,"count":17}]},{"awards":[{"id":10500,"count":10}],"pro":500,"id":11,"guess_price":[{"id":10003,"count":35}],"first_guess":[{"id":10003,"count":17}]},{"awards":[{"id":10500,"count":20}],"pro":500,"id":12,"guess_price":[{"id":10003,"count":70}],"first_guess":[{"id":10003,"count":35}]},{"awards":[{"id":10500,"count":30}],"pro":500,"id":13,"guess_price":[{"id":10003,"count":105}],"first_guess":[{"id":10003,"count":52}]},{"awards":[{"id":10505,"count":10}],"pro":1000,"id":14,"guess_price":[{"id":10003,"count":70}],"first_guess":[{"id":10003,"count":35}]},{"awards":[{"id":22005,"count":1200}],"pro":600,"id":15,"guess_price":[{"id":10003,"count":70}],"first_guess":[{"id":10003,"count":35}]},{"awards":[{"id":10991,"count":1}],"pro":1000,"id":16,"guess_price":[{"id":10003,"count":21}],"first_guess":[{"id":10003,"count":10}]},{"awards":[{"id":10902,"count":5}],"pro":700,"id":17,"guess_price":[{"id":10003,"count":70}],"first_guess":[{"id":10003,"count":35}]},{"awards":[{"id":10901,"count":15}],"pro":700,"id":18,"guess_price":[{"id":10003,"count":84}],"first_guess":[{"id":10003,"count":42}]},{"awards":[{"id":10030,"count":10}],"pro":1000,"id":19,"guess_price":[{"id":10003,"count":105}],"first_guess":[{"id":10003,"count":52}]},{"awards":[{"id":10010,"count":2}],"pro":500,"id":20,"guess_price":[{"id":10003,"count":42}],"first_guess":[{"id":10003,"count":21}]},{"awards":[{"id":22005,"count":1800}],"pro":600,"id":21,"guess_price":[{"id":10003,"count":105}],"first_guess":[{"id":10003,"count":52}]},{"awards":[{"id":22008,"count":3}],"pro":1200,"id":22,"guess_price":[{"id":10003,"count":63}],"first_guess":[{"id":10003,"count":31}]},{"awards":[{"id":10028,"count":20}],"pro":500,"id":23,"guess_price":[{"id":10003,"count":70}],"first_guess":[{"id":10003,"count":35}]},{"awards":[{"id":10505,"count":20}],"pro":1000,"id":24,"guess_price":[{"id":10003,"count":140}],"first_guess":[{"id":10003,"count":70}]},{"awards":[{"id":10902,"count":10}],"pro":700,"id":25,"guess_price":[{"id":10003,"count":140}],"first_guess":[{"id":10003,"count":70}]},{"awards":[{"id":22008,"count":5}],"pro":1200,"id":26,"guess_price":[{"id":10003,"count":105}],"first_guess":[{"id":10003,"count":52}]},{"awards":[{"id":10030,"count":20}],"pro":1000,"id":27,"guess_price":[{"id":10003,"count":210}],"first_guess":[{"id":10003,"count":105}]},{"awards":[{"id":10991,"count":2}],"pro":1000,"id":28,"guess_price":[{"id":10003,"count":35}],"first_guess":[{"id":10003,"count":17}]},{"awards":[{"id":10010,"count":3}],"pro":500,"id":29,"guess_price":[{"id":10003,"count":63}],"first_guess":[{"id":10003,"count":31}]},{"awards":[{"id":10028,"count":30}],"pro":500,"id":30,"guess_price":[{"id":10003,"count":105}],"first_guess":[{"id":10003,"count":52}]},{"awards":[{"id":10875,"count":1}],"pro":500,"id":31,"guess_price":[{"id":10003,"count":70}],"first_guess":[{"id":10003,"count":35}]},{"awards":[{"id":10505,"count":30}],"pro":1000,"id":32,"guess_price":[{"id":10003,"count":210}],"first_guess":[{"id":10003,"count":105}]},{"awards":[{"id":10903,"count":5}],"pro":700,"id":33,"guess_price":[{"id":10003,"count":105}],"first_guess":[{"id":10003,"count":52}]},{"awards":[{"id":10902,"count":15}],"pro":700,"id":34,"guess_price":[{"id":10003,"count":210}],"first_guess":[{"id":10003,"count":105}]},{"awards":[{"id":10875,"count":2}],"pro":500,"id":35,"guess_price":[{"id":10003,"count":140}],"first_guess":[{"id":10003,"count":70}]},{"awards":[{"id":10903,"count":10}],"pro":700,"id":36,"guess_price":[{"id":10003,"count":210}],"first_guess":[{"id":10003,"count":105}]},{"awards":[{"id":10875,"count":3}],"pro":500,"id":37,"guess_price":[{"id":10003,"count":210}],"first_guess":[{"id":10003,"count":105}]},{"awards":[{"id":10903,"count":15}],"pro":700,"id":38,"guess_price":[{"id":10003,"count":315}],"first_guess":[{"id":10003,"count":157}]},{"awards":[{"id":10991,"count":3}],"pro":1000,"id":39,"guess_price":[{"id":10003,"count":49}],"first_guess":[{"id":10003,"count":24}]}],"max_relive_coin":5,"max_log":10,"level":[{"relive":[[{"id":22007,"count":0}],[{"id":10003,"count":0}]],"name":"矿洞1层","events":[{"es":[{"id":1,"pro":5000},{"id":2,"pro":2000},{"id":3,"pro":1000},{"id":4,"pro":1000},{"id":5,"pro":500}],"pro":6000},{"es":[{"id":1,"pro":1000},{"id":2,"pro":700},{"id":3,"pro":1000},{"id":4,"pro":600},{"id":5,"pro":1000},{"id":6,"pro":1000},{"id":7,"pro":700},{"id":8,"pro":500},{"id":9,"pro":1200},{"id":10,"pro":500},{"id":11,"pro":500},{"id":12,"pro":500},{"id":13,"pro":500},{"id":14,"pro":1000},{"id":15,"pro":600},{"id":16,"pro":1000},{"id":17,"pro":700},{"id":18,"pro":700},{"id":19,"pro":1000},{"id":20,"pro":500}],"pro":2200},{"es":[{"id":1,"pro":2000},{"id":2,"pro":1000},{"id":3,"pro":1000},{"id":4,"pro":1000},{"id":5,"pro":2000}],"pro":300},{"es":[],"pro":1500},{"es":[],"pro":0}],"die_back":0,"ico":"1.png","unlock":[[{"id":22003,"count":0}],[{"id":22004,"count":0}]],"consume":[{"id":22000,"count":1}]},{"relive":[[{"id":22007,"count":0}],[{"id":10003,"count":0}]],"name":"矿洞2层","events":[{"es":[{"id":6,"pro":5000},{"id":7,"pro":2000},{"id":8,"pro":1000},{"id":9,"pro":1000},{"id":10,"pro":500}],"pro":6400},{"es":[{"id":1,"pro":1000},{"id":2,"pro":700},{"id":3,"pro":1000},{"id":4,"pro":600},{"id":5,"pro":1000},{"id":6,"pro":1000},{"id":7,"pro":700},{"id":8,"pro":500},{"id":9,"pro":1200},{"id":10,"pro":500},{"id":11,"pro":500},{"id":12,"pro":500},{"id":13,"pro":500},{"id":14,"pro":1000},{"id":15,"pro":600},{"id":16,"pro":1000},{"id":17,"pro":700},{"id":18,"pro":700},{"id":19,"pro":1000},{"id":20,"pro":500},{"id":21,"pro":600},{"id":22,"pro":1200},{"id":23,"pro":500},{"id":24,"pro":1000},{"id":25,"pro":700},{"id":26,"pro":1200},{"id":27,"pro":1000},{"id":28,"pro":1000},{"id":29,"pro":500},{"id":30,"pro":500},{"id":31,"pro":500},{"id":32,"pro":1000},{"id":33,"pro":700},{"id":34,"pro":700}],"pro":1500},{"es":[{"id":5,"pro":3000},{"id":6,"pro":1000},{"id":7,"pro":1000},{"id":8,"pro":1000}],"pro":600},{"es":[],"pro":1500},{"es":[],"pro":0}],"die_back":0,"ico":"2.png","unlock":[[{"id":22003,"count":10}],[{"id":22004,"count":10}]],"consume":[{"id":22000,"count":2}]},{"relive":[[{"id":22007,"count":1}],[{"id":10003,"count":50}]],"name":"矿洞3层","events":[{"es":[{"id":11,"pro":4000},{"id":12,"pro":3000},{"id":13,"pro":1000},{"id":14,"pro":1000},{"id":15,"pro":500}],"pro":4100},{"es":[{"id":1,"pro":1000},{"id":2,"pro":700},{"id":3,"pro":1000},{"id":4,"pro":600},{"id":5,"pro":1000},{"id":6,"pro":1000},{"id":7,"pro":700},{"id":8,"pro":500},{"id":9,"pro":1200},{"id":10,"pro":500},{"id":11,"pro":500},{"id":12,"pro":500},{"id":13,"pro":500},{"id":14,"pro":1000},{"id":15,"pro":600},{"id":16,"pro":1000},{"id":17,"pro":700},{"id":18,"pro":700},{"id":19,"pro":1000},{"id":20,"pro":500},{"id":21,"pro":600},{"id":22,"pro":1200},{"id":23,"pro":500},{"id":24,"pro":1000},{"id":25,"pro":700},{"id":26,"pro":1200},{"id":27,"pro":1000},{"id":28,"pro":1000},{"id":29,"pro":500},{"id":30,"pro":500},{"id":31,"pro":500},{"id":32,"pro":1000},{"id":33,"pro":700},{"id":34,"pro":700},{"id":35,"pro":500},{"id":36,"pro":700},{"id":37,"pro":500},{"id":38,"pro":700},{"id":39,"pro":1000}],"pro":1000},{"es":[{"id":9,"pro":3000},{"id":10,"pro":1000},{"id":11,"pro":1000},{"id":12,"pro":1000}],"pro":900},{"es":[],"pro":1500},{"es":[],"pro":2500}],"die_back":1,"ico":"3.png","unlock":[[{"id":22003,"count":10}],[{"id":22004,"count":30}]],"consume":[{"id":22000,"count":3}]}],"max_mark":2,"rmb_item":[1021,1022,1023,1024,1025,1026,1027]}}