{"MwActivityCfg":{"achieve":7,"gift":[1270,1271,1272,1273,1274,1275,1276],"live":7,"open":[{"cnt":10,"award":[{"id":10500,"count":1},{"id":10002,"count":1000}]},{"cnt":30,"award":[{"id":10500,"count":1},{"id":10003,"count":18}]},{"cnt":60,"award":[{"id":10500,"count":1},{"id":10010,"count":1}]},{"cnt":90,"award":[{"id":10500,"count":1},{"id":10005,"count":1}]},{"cnt":120,"award":[{"id":10500,"count":1},{"id":10004,"count":20}]},{"cnt":150,"award":[{"id":10500,"count":1},{"id":10028,"count":10}]},{"cnt":180,"award":[{"id":10500,"count":1},{"id":10501,"count":3}]},{"cnt":210,"award":[{"id":10500,"count":1},{"id":10010,"count":1}]},{"cnt":240,"award":[{"id":10500,"count":1},{"id":10005,"count":1}]},{"cnt":270,"award":[{"id":10500,"count":1},{"id":10020,"count":5}]},{"cnt":300,"award":[{"id":10500,"count":1},{"id":10011,"count":5}]},{"cnt":330,"award":[{"id":10500,"count":1},{"id":10028,"count":10}]},{"cnt":360,"award":[{"id":10500,"count":1},{"id":10010,"count":2}]},{"cnt":390,"award":[{"id":10500,"count":1},{"id":10032,"count":10}]},{"cnt":420,"award":[{"id":10500,"count":1},{"id":10401,"count":1}]},{"cnt":450,"award":[{"id":10500,"count":1},{"id":10005,"count":1}]},{"cnt":480,"award":[{"id":10500,"count":1},{"id":10025,"count":10}]},{"cnt":510,"award":[{"id":10500,"count":1},{"id":10028,"count":10}]},{"cnt":540,"award":[{"id":10500,"count":1},{"id":10010,"count":2}]},{"cnt":570,"award":[{"id":10500,"count":1},{"id":10403,"count":1}]},{"cnt":600,"award":[{"id":10500,"count":1},{"id":10032,"count":20}]},{"cnt":650,"award":[{"id":10500,"count":1},{"id":10058,"count":2}]},{"cnt":700,"award":[{"id":10500,"count":1},{"id":10010,"count":2}]},{"cnt":750,"award":[{"id":10500,"count":2},{"id":10005,"count":2}]},{"cnt":800,"award":[{"id":10500,"count":2},{"id":26003,"count":1}]},{"cnt":850,"award":[{"id":10500,"count":2},{"id":10002,"count":1600}]},{"cnt":900,"award":[{"id":10500,"count":2},{"id":10028,"count":20}]},{"cnt":950,"award":[{"id":10500,"count":2},{"id":10003,"count":28}]},{"cnt":1000,"award":[{"id":10500,"count":2},{"id":10404,"count":1}]},{"cnt":1050,"award":[{"id":10500,"count":2},{"id":10033,"count":1}]},{"cnt":1100,"award":[{"id":10500,"count":2},{"id":10028,"count":20}]},{"cnt":1180,"award":[{"id":10500,"count":2},{"id":10501,"count":5}]},{"cnt":1260,"award":[{"id":10500,"count":2},{"id":10005,"count":2}]},{"cnt":1340,"award":[{"id":10500,"count":2},{"id":10402,"count":1}]},{"cnt":1420,"award":[{"id":10500,"count":2},{"id":10002,"count":1800}]},{"cnt":1500,"award":[{"id":10500,"count":2},{"id":10028,"count":20}]},{"cnt":1580,"title":24,"award":[{"id":10500,"count":2}]},{"cnt":1660,"award":[{"id":10500,"count":2},{"id":10005,"count":2}]},{"cnt":1740,"award":[{"id":10500,"count":2},{"id":26001,"count":1}]},{"cnt":1820,"award":[{"id":10500,"count":2},{"id":10027,"count":5}]},{"cnt":1900,"award":[{"id":10500,"count":2},{"id":10002,"count":2000}]},{"cnt":2000,"award":[{"id":10500,"count":2},{"id":10003,"count":38}]},{"cnt":2100,"award":[{"id":10500,"count":2},{"id":10405,"count":1}]},{"cnt":2200,"award":[{"id":10500,"count":2},{"id":10026,"count":5}]},{"cnt":2300,"award":[{"id":10500,"count":2},{"id":10005,"count":3}]},{"cnt":2400,"award":[{"id":10500,"count":2},{"id":10032,"count":10}]},{"cnt":2500,"award":[{"id":10500,"count":2},{"id":26002,"count":1}]},{"cnt":2600,"award":[{"id":10500,"count":2},{"id":10028,"count":30}]},{"cnt":2700,"award":[{"id":10500,"count":2},{"id":10406,"count":1}]},{"cnt":2800,"award":[{"id":10500,"count":2},{"id":10514,"count":1}]},{"cnt":2900,"award":[{"id":10500,"count":2},{"id":10005,"count":5}]},{"cnt":3000,"award":[{"id":10500,"count":2},{"id":10029,"count":5}]},{"cnt":3100,"award":[{"id":10500,"count":2},{"id":10028,"count":100}]},{"cnt":3200,"award":[{"id":10500,"count":2},{"id":10501,"count":50}]},{"cnt":3300,"award":[{"id":10500,"count":2},{"id":26000,"count":1}]}],"condition":60,"task":132}}