{"NewTitlesConfig":[{"attr":[{"value":200,"type":1},{"value":6000,"type":2},{"value":1500,"type":3},{"value":500,"type":4},{"value":500,"type":11},{"value":500,"type":12},{"value":500,"type":13},{"value":500,"type":14},{"value":500,"type":15},{"value":500,"type":16}],"Time":0,"groupId":2,"id":11,"name":"第一战神","icon":11,"desc":"<a href='event:@@showWin,30'>【<u>竞技榜第一获得</u>】</a></font>"},{"attr":[{"value":200,"type":1},{"value":6000,"type":2},{"value":1500,"type":3},{"value":500,"type":4},{"value":500,"type":11},{"value":500,"type":12},{"value":500,"type":13},{"value":500,"type":14},{"value":500,"type":15},{"value":500,"type":16}],"Time":0,"groupId":3,"id":12,"name":"试炼之主","icon":12,"desc":"<a href='event:@@showWin,88'>【<u>试炼之塔第一获得</u>】</a></font>"},{"attr":[{"value":40,"type":1},{"value":2400,"type":2},{"value":500,"type":3},{"value":200,"type":4}],"Time":0,"groupId":4,"id":13,"name":"一掷千金","icon":13,"desc":"<a href='event:@@showWin,115'>【<u>终身卡荣誉称号</u>】</a></font>"},{"attr":[{"value":40,"type":1},{"value":2400,"type":2},{"value":500,"type":3},{"value":200,"type":4}],"Time":0,"groupId":5,"id":14,"name":"沙城霸主","icon":14,"desc":"<a href='event:@@showWin,140'>【<u>沙巴克城主获得</u>】</a></font>"},{"attr":[{"value":40,"type":1},{"value":2400,"type":2},{"value":500,"type":3},{"value":200,"type":4}],"Time":0,"groupId":6,"id":15,"name":"天下第一","icon":15,"desc":"<a href='event:@@showWin,119'>【<u>战力榜第一获得</u>】</a></font>"},{"attr":[{"value":20,"type":1},{"value":1000,"type":2},{"value":200,"type":3},{"value":100,"type":4}],"name":"荣誉玩家","Time":0,"groupId":7,"id":16,"itemAct":10064,"icon":16,"desc":"【通过官方认证获得】"},{"attr":[{"value":100,"type":7},{"value":100,"type":11},{"value":50,"type":12},{"value":50,"type":13},{"value":50,"type":14},{"value":50,"type":15},{"value":50,"type":16}],"name":"连击天下第一","Time":0,"groupId":6,"id":17,"isShow":1,"icon":17,"desc":"【通过流派礼包获得】"},{"attr":[{"value":100,"type":6},{"value":100,"type":11},{"value":50,"type":12},{"value":50,"type":13},{"value":50,"type":14},{"value":50,"type":15},{"value":50,"type":16}],"name":"反击天下第一","Time":0,"groupId":6,"id":18,"isShow":1,"icon":18,"desc":"【通过流派礼包获得】"},{"attr":[{"value":100,"type":9},{"value":100,"type":11},{"value":50,"type":12},{"value":50,"type":13},{"value":50,"type":14},{"value":50,"type":15},{"value":50,"type":16}],"name":"暴击天下第一","Time":0,"groupId":6,"id":19,"isShow":1,"icon":19,"desc":"【通过流派礼包获得】"},{"attr":[{"value":100,"type":10},{"value":100,"type":11},{"value":50,"type":12},{"value":50,"type":13},{"value":50,"type":14},{"value":50,"type":15},{"value":50,"type":16}],"name":"击晕天下第一","Time":0,"groupId":6,"id":20,"isShow":1,"icon":20,"desc":"【通过流派礼包获得】"},{"attr":[{"value":100,"type":8},{"value":100,"type":11},{"value":50,"type":12},{"value":50,"type":13},{"value":50,"type":14},{"value":50,"type":15},{"value":50,"type":16}],"name":"闪避天下第一","Time":0,"groupId":6,"id":21,"isShow":1,"icon":21,"desc":"【通过流派礼包获得】"},{"attr":[{"value":100,"type":5},{"value":100,"type":11},{"value":50,"type":12},{"value":50,"type":13},{"value":50,"type":14},{"value":50,"type":15},{"value":50,"type":16}],"name":"吸血天下第一","Time":0,"groupId":6,"id":22,"isShow":1,"icon":22,"desc":"【通过流派礼包获得】"},{"attr":[{"value":200,"type":1},{"value":6000,"type":2},{"value":1500,"type":3},{"value":500,"type":4},{"value":500,"type":11},{"value":500,"type":12},{"value":500,"type":13},{"value":500,"type":14},{"value":500,"type":15},{"value":500,"type":16}],"Time":0,"groupId":8,"id":23,"name":"比奇王者","icon":23,"desc":"<a href='event:@@showWin,212'>【<u>王权之塔第一获得</u>】</a></font>"},{"attr":[{"value":20,"type":1},{"value":1000,"type":2},{"value":200,"type":3},{"value":100,"type":4},{"value":200,"type":124}],"name":"铭扬四海","Time":0,"groupId":9,"id":24,"isShow":1,"icon":24,"desc":""},{"attr":[],"name":"狂暴之神","Time":0,"groupId":10,"id":25,"isShow":0,"icon":25,"desc":""},{"attr":[{"value":20,"type":1},{"value":1000,"type":2},{"value":200,"type":3},{"value":100,"type":4},{"value":200,"type":7}],"name":"你先出手吧","Time":0,"groupId":11,"id":26,"itemAct":10105,"icon":26,"desc":"<a href='event:@@showWin,125'>【<u>新人福利礼包</u>】</a></font>"},{"attr":[{"value":40,"type":1},{"value":2400,"type":2},{"value":500,"type":3},{"value":200,"type":4},{"value":300,"type":9}],"name":"我让你三招","Time":0,"groupId":12,"id":27,"itemAct":10106,"icon":27,"desc":"<a href='event:@@showWin,125'>【<u>新人福利礼包</u>】</a></font>"},{"attr":[{"value":20,"type":1},{"value":1000,"type":2},{"value":200,"type":3},{"value":100,"type":4},{"value":200,"type":72}],"groupId":13,"id":28,"desc":"<a href='event:@@showWin,339'>【<u>新服竞技活动</u>】</a></font>","Time":0,"itemAct":12001,"isShow":1,"icon":28,"name":"驯兽大师"},{"attr":[{"value":20,"type":1},{"value":1000,"type":2},{"value":200,"type":3},{"value":100,"type":4},{"value":200,"type":71}],"groupId":14,"id":29,"desc":"<a href='event:@@showWin,339'>【<u>新服竞技活动</u>】</a></font>","Time":0,"itemAct":12002,"isShow":1,"icon":29,"name":"珠光宝气"},{"attr":[{"value":20,"type":1},{"value":1000,"type":2},{"value":200,"type":3},{"value":100,"type":4},{"value":200,"type":11}],"groupId":15,"id":30,"desc":"<a href='event:@@showWin,339'>【<u>新服竞技活动</u>】</a></font>","Time":0,"itemAct":12003,"isShow":1,"icon":30,"name":"古玩奇珍"},{"attr":[{"value":20,"type":1},{"value":1000,"type":2},{"value":200,"type":3},{"value":100,"type":4},{"value":200,"type":16}],"groupId":16,"id":31,"desc":"<a href='event:@@showWin,339'>【<u>新服竞技活动</u>】</a></font>","Time":0,"itemAct":12004,"isShow":1,"icon":31,"name":"镜花水月"},{"attr":[{"value":20,"type":1},{"value":1000,"type":2},{"value":200,"type":3},{"value":100,"type":4},{"value":200,"type":15}],"groupId":17,"id":32,"desc":"<a href='event:@@showWin,339'>【<u>新服竞技活动</u>】</a></font>","Time":0,"itemAct":12005,"isShow":1,"icon":32,"name":"封号斗罗"},{"attr":[{"value":20,"type":1},{"value":1000,"type":2},{"value":200,"type":3},{"value":100,"type":4},{"value":200,"type":12}],"groupId":18,"id":33,"desc":"<a href='event:@@showWin,339'>【<u>新服竞技活动</u>】</a></font>","Time":0,"itemAct":12006,"isShow":1,"icon":33,"name":"大将之风"},{"attr":[{"value":20,"type":1},{"value":1000,"type":2},{"value":200,"type":3},{"value":100,"type":4},{"value":200,"type":13}],"groupId":19,"id":34,"desc":"<a href='event:@@showWin,339'>【<u>新服竞技活动</u>】</a></font>","Time":0,"itemAct":12007,"isShow":1,"icon":34,"name":"宝器阁主"},{"attr":[{"value":20,"type":1},{"value":1000,"type":2},{"value":200,"type":3},{"value":100,"type":4},{"value":200,"type":14}],"groupId":20,"id":35,"desc":"<a href='event:@@showWin,339'>【<u>新服竞技活动</u>】</a></font>","Time":0,"itemAct":12008,"isShow":1,"icon":35,"name":"炼器宗师"},{"attr":[{"value":1500,"type":2},{"value":350,"type":3},{"value":200,"type":4},{"value":100,"type":11},{"value":100,"type":12},{"value":400,"type":13}],"Time":0,"name":"持国天王","groupId":13,"id":101,"isShow":1,"icon":101,"desc":""},{"attr":[{"value":50,"type":1},{"value":350,"type":3},{"value":200,"type":4},{"value":100,"type":11},{"value":100,"type":12},{"value":400,"type":14}],"Time":0,"name":"增长天王","groupId":13,"id":102,"isShow":1,"icon":102,"desc":""},{"attr":[{"value":50,"type":1},{"value":1500,"type":2},{"value":200,"type":4},{"value":100,"type":11},{"value":100,"type":12},{"value":400,"type":15}],"Time":0,"name":"多闻天王","groupId":13,"id":103,"isShow":1,"icon":103,"desc":""},{"attr":[{"value":50,"type":1},{"value":1500,"type":2},{"value":350,"type":3},{"value":100,"type":11},{"value":100,"type":12},{"value":400,"type":16}],"Time":0,"name":"广目天王","groupId":13,"id":104,"isShow":1,"icon":104,"desc":""},{"attr":[{"value":10,"type":1},{"value":100,"type":2},{"value":35,"type":3},{"value":5,"type":4}],"Time":0,"name":"初始称号","groupId":1,"id":1000,"isShow":1,"icon":1000,"desc":""},{"maxLv":1120,"groupId":1,"id":1001,"desc":"","name":"驰天战将·初期","attr":[{"value":1120,"type":116},{"value":10,"type":1},{"value":1000,"type":2},{"value":250,"type":3},{"value":50,"type":4},{"value":200,"type":71}],"isShow":1,"icon":1001,"Time":0},{"maxLv":1120,"groupId":1,"id":1002,"desc":"","name":"驰天战将·中期","attr":[{"value":1120,"type":116},{"value":20,"type":1},{"value":2000,"type":2},{"value":500,"type":3},{"value":100,"type":4},{"value":400,"type":71}],"isShow":1,"icon":1002,"Time":0},{"maxLv":1120,"groupId":1,"id":1003,"desc":"","name":"驰天战将·后期","attr":[{"value":1120,"type":116},{"value":30,"type":1},{"value":3000,"type":2},{"value":750,"type":3},{"value":150,"type":4},{"value":600,"type":71}],"isShow":1,"icon":1003,"Time":0},{"maxLv":1120,"groupId":1,"id":1004,"desc":"","name":"洪天战魂·初期","attr":[{"value":1120,"type":116},{"value":40,"type":1},{"value":4000,"type":2},{"value":1000,"type":3},{"value":200,"type":4},{"value":800,"type":71}],"isShow":1,"icon":1004,"Time":0},{"maxLv":1120,"groupId":1,"id":1005,"desc":"","name":"洪天战魂·中期","attr":[{"value":1120,"type":116},{"value":50,"type":1},{"value":5000,"type":2},{"value":1250,"type":3},{"value":250,"type":4},{"value":1000,"type":71}],"isShow":1,"icon":1005,"Time":0},{"maxLv":1120,"groupId":1,"id":1006,"desc":"","name":"洪天战魂·后期","attr":[{"value":1120,"type":116},{"value":60,"type":1},{"value":6000,"type":2},{"value":1500,"type":3},{"value":300,"type":4},{"value":1200,"type":71}],"isShow":1,"icon":1006,"Time":0},{"maxLv":1120,"groupId":1,"id":1007,"desc":"","name":"玄天战灵·初期","attr":[{"value":1120,"type":116},{"value":70,"type":1},{"value":7000,"type":2},{"value":1750,"type":3},{"value":350,"type":4},{"value":1400,"type":71}],"isShow":1,"icon":1007,"Time":0},{"maxLv":1120,"groupId":1,"id":1008,"desc":"","name":"玄天战灵·中期","attr":[{"value":1120,"type":116},{"value":80,"type":1},{"value":8000,"type":2},{"value":2000,"type":3},{"value":400,"type":4},{"value":1600,"type":71}],"isShow":1,"icon":1008,"Time":0},{"maxLv":1120,"groupId":1,"id":1009,"desc":"","name":"玄天战灵·后期","attr":[{"value":1120,"type":116},{"value":90,"type":1},{"value":9000,"type":2},{"value":2250,"type":3},{"value":450,"type":4},{"value":1800,"type":71}],"isShow":1,"icon":1009,"Time":0},{"maxLv":1120,"groupId":1,"id":1010,"desc":"","name":"鸿天战王·初期","attr":[{"value":1120,"type":116},{"value":100,"type":1},{"value":10000,"type":2},{"value":2500,"type":3},{"value":500,"type":4},{"value":2000,"type":71}],"isShow":1,"icon":1010,"Time":0},{"maxLv":1120,"groupId":1,"id":1011,"desc":"","name":"鸿天战王·中期","attr":[{"value":1120,"type":116},{"value":110,"type":1},{"value":24400,"type":2},{"value":4066,"type":3},{"value":677,"type":4},{"value":2200,"type":71}],"isShow":1,"icon":1011,"Time":0},{"maxLv":1120,"groupId":1,"id":1012,"desc":"","name":"鸿天战王·后期","attr":[{"value":1120,"type":116},{"value":120,"type":1},{"value":44000,"type":2},{"value":7333,"type":3},{"value":1222,"type":4},{"value":2400,"type":71}],"isShow":1,"icon":1012,"Time":0},{"maxLv":1120,"groupId":1,"id":1013,"desc":"","name":"镇天战皇·初期","attr":[{"value":1120,"type":116},{"value":130,"type":1},{"value":69600,"type":2},{"value":11600,"type":3},{"value":1933,"type":4},{"value":2600,"type":71}],"isShow":1,"icon":1013,"Time":0},{"maxLv":1120,"groupId":1,"id":1014,"desc":"","name":"镇天战皇·中期","attr":[{"value":1120,"type":116},{"value":140,"type":1},{"value":109600,"type":2},{"value":18266,"type":3},{"value":3044,"type":4},{"value":2800,"type":71}],"isShow":1,"icon":1014,"Time":0},{"maxLv":1120,"groupId":1,"id":1015,"desc":"","name":"镇天战皇·后期","attr":[{"value":1120,"type":116},{"value":150,"type":1},{"value":167200,"type":2},{"value":27866,"type":3},{"value":4644,"type":4},{"value":3000,"type":71}],"isShow":1,"icon":1015,"Time":0},{"maxLv":1120,"groupId":1,"id":1016,"desc":"","name":"通天战狂·初期","attr":[{"value":1120,"type":116},{"value":160,"type":1},{"value":245600,"type":2},{"value":40933,"type":3},{"value":6822,"type":4},{"value":3200,"type":71}],"isShow":1,"icon":1016,"Time":0},{"maxLv":1120,"groupId":1,"id":1017,"desc":"","name":"通天战狂·中期","attr":[{"value":1120,"type":116},{"value":170,"type":1},{"value":348000,"type":2},{"value":58000,"type":3},{"value":9666,"type":4},{"value":3400,"type":71}],"isShow":1,"icon":1017,"Time":0},{"maxLv":1120,"groupId":1,"id":1018,"desc":"","name":"通天战狂·后期","attr":[{"value":1120,"type":116},{"value":180,"type":1},{"value":477600,"type":2},{"value":79600,"type":3},{"value":13266,"type":4},{"value":3600,"type":71}],"isShow":1,"icon":1018,"Time":0},{"maxLv":1120,"groupId":1,"id":1019,"desc":"","name":"凌天战圣·初期","attr":[{"value":1120,"type":116},{"value":190,"type":1},{"value":637600,"type":2},{"value":106266,"type":3},{"value":17711,"type":4},{"value":3800,"type":71}],"isShow":1,"icon":1019,"Time":0},{"maxLv":1120,"groupId":1,"id":1020,"desc":"","name":"凌天战圣·中期","attr":[{"value":1120,"type":116},{"value":200,"type":1},{"value":831200,"type":2},{"value":138533,"type":3},{"value":23088,"type":4},{"value":4000,"type":71}],"isShow":1,"icon":1020,"Time":0},{"maxLv":1120,"groupId":1,"id":1021,"desc":"","name":"凌天战圣·后期","attr":[{"value":1120,"type":116},{"value":210,"type":1},{"value":1061600,"type":2},{"value":176933,"type":3},{"value":29488,"type":4},{"value":4200,"type":71}],"isShow":1,"icon":1021,"Time":0},{"maxLv":1120,"groupId":1,"id":1022,"desc":"","name":"傲天战神·初期","attr":[{"value":1120,"type":116},{"value":220,"type":1},{"value":1332000,"type":2},{"value":222000,"type":3},{"value":37000,"type":4},{"value":4400,"type":71}],"isShow":1,"icon":1022,"Time":0},{"maxLv":1120,"groupId":1,"id":1023,"desc":"","name":"傲天战神·中期","attr":[{"value":1120,"type":116},{"value":230,"type":1},{"value":1645600,"type":2},{"value":274266,"type":3},{"value":45711,"type":4},{"value":4600,"type":71}],"isShow":1,"icon":1023,"Time":0},{"maxLv":1120,"groupId":1,"id":1024,"desc":"","name":"傲天战神·后期","attr":[{"value":1120,"type":116},{"value":240,"type":1},{"value":2005600,"type":2},{"value":334266,"type":3},{"value":55711,"type":4},{"value":4800,"type":71}],"isShow":1,"icon":1024,"Time":0},{"maxLv":1120,"groupId":1,"id":1025,"desc":"","name":"绝世武皇·初期","attr":[{"value":1120,"type":116},{"value":250,"type":1},{"value":2415200,"type":2},{"value":402533,"type":3},{"value":67088,"type":4},{"value":5000,"type":71}],"isShow":1,"icon":1025,"Time":0},{"maxLv":1120,"groupId":1,"id":1026,"desc":"","name":"绝世武皇·中期","attr":[{"value":1120,"type":116},{"value":260,"type":1},{"value":2877600,"type":2},{"value":479600,"type":3},{"value":79933,"type":4},{"value":5200,"type":71}],"isShow":1,"icon":1026,"Time":0},{"maxLv":1120,"groupId":1,"id":1027,"desc":"","name":"绝世武皇·后期","attr":[{"value":1120,"type":116},{"value":270,"type":1},{"value":3396000,"type":2},{"value":566000,"type":3},{"value":94333,"type":4},{"value":5400,"type":71}],"isShow":1,"icon":1027,"Time":0},{"maxLv":1120,"groupId":1,"id":1028,"desc":"","name":"神威武狂·初期","attr":[{"value":1120,"type":116},{"value":280,"type":1},{"value":3973600,"type":2},{"value":662266,"type":3},{"value":110377,"type":4},{"value":5600,"type":71}],"isShow":1,"icon":1028,"Time":0},{"maxLv":1120,"groupId":1,"id":1029,"desc":"","name":"神威武狂·中期","attr":[{"value":1120,"type":116},{"value":290,"type":1},{"value":4613600,"type":2},{"value":768933,"type":3},{"value":128155,"type":4},{"value":5800,"type":71}],"isShow":1,"icon":1029,"Time":0},{"maxLv":1120,"groupId":1,"id":1030,"desc":"","name":"神威武狂·后期","attr":[{"value":1120,"type":116},{"value":300,"type":1},{"value":5319200,"type":2},{"value":886533,"type":3},{"value":147755,"type":4},{"value":6000,"type":71}],"isShow":1,"icon":1030,"Time":0},{"maxLv":1120,"groupId":1,"id":1031,"desc":"","name":"至尊武圣·初期","attr":[{"value":1120,"type":116},{"value":310,"type":1},{"value":6093600,"type":2},{"value":1015600,"type":3},{"value":169266,"type":4},{"value":6200,"type":71}],"isShow":1,"icon":1031,"Time":0},{"maxLv":1120,"groupId":1,"id":1032,"desc":"","name":"至尊武圣·中期","attr":[{"value":1120,"type":116},{"value":320,"type":1},{"value":6940000,"type":2},{"value":1156666,"type":3},{"value":192777,"type":4},{"value":6400,"type":71}],"isShow":1,"icon":1032,"Time":0},{"maxLv":1120,"groupId":1,"id":1033,"desc":"","name":"至尊武圣·后期","attr":[{"value":1120,"type":116},{"value":330,"type":1},{"value":7861600,"type":2},{"value":1310266,"type":3},{"value":218377,"type":4},{"value":6600,"type":71}],"isShow":1,"icon":1033,"Time":0},{"maxLv":1120,"groupId":1,"id":1034,"desc":"","name":"巅峰武神·初期","attr":[{"value":1120,"type":116},{"value":340,"type":1},{"value":8861600,"type":2},{"value":1476933,"type":3},{"value":246155,"type":4},{"value":6800,"type":71}],"isShow":1,"icon":1034,"Time":0},{"maxLv":1120,"groupId":1,"id":1035,"desc":"","name":"巅峰武神·中期","attr":[{"value":1120,"type":116},{"value":350,"type":1},{"value":9943200,"type":2},{"value":1657200,"type":3},{"value":276200,"type":4},{"value":7000,"type":71}],"isShow":1,"icon":1035,"Time":0},{"maxLv":1120,"groupId":1,"id":1036,"desc":"","name":"巅峰武神·后期","attr":[{"value":1120,"type":116},{"value":360,"type":1},{"value":11109600,"type":2},{"value":1851600,"type":3},{"value":308600,"type":4},{"value":7200,"type":71}],"isShow":1,"icon":1036,"Time":0}]}