{"OpenServerSportsConfig":[{"type":1,"recharge":[{"chargeVal":50,"awards":[{"id":11108,"count":1},{"id":10008,"count":20},{"id":10007,"count":2000}]},{"chargeVal":100,"awards":[{"id":11108,"count":2},{"id":10008,"count":40},{"id":10007,"count":4000}]},{"chargeVal":300,"awards":[{"id":11112,"count":1},{"id":10008,"count":120},{"id":10007,"count":6000}]},{"chargeVal":500,"awards":[{"id":11112,"count":2},{"id":10008,"count":200},{"id":10007,"count":8000}]},{"chargeVal":1000,"awards":[{"id":11107,"count":2},{"id":10008,"count":400},{"id":10007,"count":10000}]},{"chargeVal":2000,"awards":[{"id":11107,"count":3},{"id":10008,"count":1000},{"id":10007,"count":20000}]}],"rankContent":"宠物战力","gift":[{"award":[{"id":10008,"count":10},{"id":10007,"count":200}],"limit":1,"name":"免费礼包","consumes":[]},{"award":[{"id":10008,"count":10},{"id":10007,"count":300}],"limit":3,"name":"免费礼包","consumes":[]},{"award":[{"id":10008,"count":15},{"id":10007,"count":500}],"limit":10,"name":"宠物助力礼包","consumes":[{"id":10003,"count":250}]},{"award":[{"id":11106,"count":20},{"id":10007,"count":1000}],"limit":3,"name":"宠物畅享礼包","consumes":[{"id":10003,"count":400}]},{"award":[{"id":11105,"count":20},{"id":10007,"count":2000}],"limit":3,"name":"宠物进阶礼包","consumes":[{"id":10003,"count":600}]}],"firstName":"宠物之王","achieve":[{"value":8000,"openWin":"@@showWin,78","awards":[{"id":11116,"count":1},{"id":10007,"count":500}],"desc":"宠物战力达到8000"},{"value":10000,"openWin":"@@showWin,78","awards":[{"id":11116,"count":1},{"id":10007,"count":500}],"desc":"宠物战力达到10000"},{"value":12000,"openWin":"@@showWin,78","awards":[{"id":11116,"count":1},{"id":10007,"count":500}],"desc":"宠物战力达到12000"},{"value":15000,"openWin":"@@showWin,78","awards":[{"id":11115,"count":1},{"id":10007,"count":500}],"desc":"宠物战力达到15000"},{"value":18000,"openWin":"@@showWin,78","awards":[{"id":11115,"count":1},{"id":10007,"count":500}],"desc":"宠物战力达到18000"},{"value":21000,"openWin":"@@showWin,78","awards":[{"id":11115,"count":1},{"id":10007,"count":500}],"desc":"宠物战力达到21000"},{"value":24000,"openWin":"@@showWin,78","awards":[{"id":11115,"count":1},{"id":10007,"count":500}],"desc":"宠物战力达到24000"},{"value":27000,"openWin":"@@showWin,78","awards":[{"id":11114,"count":1},{"id":10007,"count":500}],"desc":"宠物战力达到27000"},{"value":30000,"openWin":"@@showWin,78","awards":[{"id":11114,"count":1},{"id":10007,"count":500}],"desc":"宠物战力达到30000"},{"value":33000,"openWin":"@@showWin,78","awards":[{"id":11114,"count":1},{"id":10007,"count":500}],"desc":"宠物战力达到33000"},{"value":36000,"openWin":"@@showWin,78","awards":[{"id":11114,"count":1},{"id":10007,"count":500}],"desc":"宠物战力达到36000"},{"value":50000,"openWin":"@@showWin,78","awards":[{"id":11114,"count":1},{"id":10007,"count":1000}],"desc":"宠物战力达到50000"},{"value":55000,"openWin":"@@showWin,78","awards":[{"id":11114,"count":1},{"id":10007,"count":1000}],"desc":"宠物战力达到55000"},{"value":60000,"openWin":"@@showWin,78","awards":[{"id":11114,"count":1},{"id":10007,"count":1000}],"desc":"宠物战力达到60000"},{"value":65000,"openWin":"@@showWin,78","awards":[{"id":11114,"count":1},{"id":10007,"count":1000}],"desc":"宠物战力达到65000"},{"value":70000,"openWin":"@@showWin,78","awards":[{"id":11113,"count":1},{"id":10007,"count":2000}],"desc":"宠物战力达到70000"},{"value":80000,"openWin":"@@showWin,78","awards":[{"id":11113,"count":1},{"id":10007,"count":2000}],"desc":"宠物战力达到80000"},{"value":90000,"openWin":"@@showWin,78","awards":[{"id":11113,"count":1},{"id":10007,"count":2000}],"desc":"宠物战力达到90000"},{"value":100000,"openWin":"@@showWin,78","awards":[{"id":11112,"count":1},{"id":10007,"count":2000}],"desc":"宠物战力达到10万"},{"value":110000,"openWin":"@@showWin,78","awards":[{"id":11112,"count":1},{"id":10007,"count":2000}],"desc":"宠物战力达到11万"}],"title":"新服竞技","rankAwards":[{"needVal":32000,"awards":[{"id":12001,"count":1},{"id":11112,"count":1},{"id":11106,"count":50},{"id":10007,"count":5000}],"rank":1},{"needVal":30000,"awards":[{"id":11113,"count":1},{"id":10007,"count":4000}],"rank":2},{"needVal":30000,"awards":[{"id":11113,"count":1},{"id":10007,"count":4000}],"rank":3},{"needVal":26000,"awards":[{"id":11114,"count":1},{"id":10007,"count":3000}],"rank":4},{"needVal":26000,"awards":[{"id":11114,"count":1},{"id":10007,"count":3000}],"rank":5},{"needVal":26000,"awards":[{"id":11114,"count":1},{"id":10007,"count":3000}],"rank":6},{"needVal":26000,"awards":[{"id":11114,"count":1},{"id":10007,"count":3000}],"rank":7},{"needVal":26000,"awards":[{"id":11114,"count":1},{"id":10007,"count":3000}],"rank":8},{"needVal":26000,"awards":[{"id":11114,"count":1},{"id":10007,"count":3000}],"rank":9},{"needVal":26000,"awards":[{"id":11114,"count":1},{"id":10007,"count":3000}],"rank":10},{"needVal":25000,"awards":[{"id":11115,"count":1},{"id":10007,"count":2000}],"rank":11},{"needVal":25000,"awards":[{"id":11115,"count":1},{"id":10007,"count":2000}],"rank":12},{"needVal":25000,"awards":[{"id":11115,"count":1},{"id":10007,"count":2000}],"rank":13},{"needVal":25000,"awards":[{"id":11115,"count":1},{"id":10007,"count":2000}],"rank":14},{"needVal":25000,"awards":[{"id":11115,"count":1},{"id":10007,"count":2000}],"rank":15},{"needVal":25000,"awards":[{"id":11115,"count":1},{"id":10007,"count":2000}],"rank":16},{"needVal":25000,"awards":[{"id":11115,"count":1},{"id":10007,"count":2000}],"rank":17},{"needVal":25000,"awards":[{"id":11115,"count":1},{"id":10007,"count":2000}],"rank":18},{"needVal":25000,"awards":[{"id":11115,"count":1},{"id":10007,"count":2000}],"rank":19},{"needVal":25000,"awards":[{"id":11115,"count":1},{"id":10007,"count":2000}],"rank":20},{"needVal":25000,"awards":[{"id":11115,"count":1},{"id":10007,"count":2000}],"rank":21},{"needVal":25000,"awards":[{"id":11115,"count":1},{"id":10007,"count":2000}],"rank":22},{"needVal":25000,"awards":[{"id":11115,"count":1},{"id":10007,"count":2000}],"rank":23},{"needVal":25000,"awards":[{"id":11115,"count":1},{"id":10007,"count":2000}],"rank":24},{"needVal":25000,"awards":[{"id":11115,"count":1},{"id":10007,"count":2000}],"rank":25},{"needVal":25000,"awards":[{"id":11115,"count":1},{"id":10007,"count":2000}],"rank":26},{"needVal":25000,"awards":[{"id":11115,"count":1},{"id":10007,"count":2000}],"rank":27},{"needVal":25000,"awards":[{"id":11115,"count":1},{"id":10007,"count":2000}],"rank":28},{"needVal":25000,"awards":[{"id":11115,"count":1},{"id":10007,"count":2000}],"rank":29},{"needVal":25000,"awards":[{"id":11115,"count":1},{"id":10007,"count":2000}],"rank":30},{"needVal":25000,"awards":[{"id":11115,"count":1},{"id":10007,"count":2000}],"rank":31},{"needVal":25000,"awards":[{"id":11115,"count":1},{"id":10007,"count":2000}],"rank":32},{"needVal":25000,"awards":[{"id":11115,"count":1},{"id":10007,"count":2000}],"rank":33},{"needVal":25000,"awards":[{"id":11115,"count":1},{"id":10007,"count":2000}],"rank":34},{"needVal":25000,"awards":[{"id":11115,"count":1},{"id":10007,"count":2000}],"rank":35},{"needVal":25000,"awards":[{"id":11115,"count":1},{"id":10007,"count":2000}],"rank":36},{"needVal":25000,"awards":[{"id":11115,"count":1},{"id":10007,"count":2000}],"rank":37},{"needVal":25000,"awards":[{"id":11115,"count":1},{"id":10007,"count":2000}],"rank":38},{"needVal":25000,"awards":[{"id":11115,"count":1},{"id":10007,"count":2000}],"rank":39},{"needVal":25000,"awards":[{"id":11115,"count":1},{"id":10007,"count":2000}],"rank":40},{"needVal":25000,"awards":[{"id":11115,"count":1},{"id":10007,"count":2000}],"rank":41},{"needVal":25000,"awards":[{"id":11115,"count":1},{"id":10007,"count":2000}],"rank":42},{"needVal":25000,"awards":[{"id":11115,"count":1},{"id":10007,"count":2000}],"rank":43},{"needVal":25000,"awards":[{"id":11115,"count":1},{"id":10007,"count":2000}],"rank":44},{"needVal":25000,"awards":[{"id":11115,"count":1},{"id":10007,"count":2000}],"rank":45},{"needVal":25000,"awards":[{"id":11115,"count":1},{"id":10007,"count":2000}],"rank":46},{"needVal":25000,"awards":[{"id":11115,"count":1},{"id":10007,"count":2000}],"rank":47},{"needVal":25000,"awards":[{"id":11115,"count":1},{"id":10007,"count":2000}],"rank":48},{"needVal":25000,"awards":[{"id":11115,"count":1},{"id":10007,"count":2000}],"rank":49},{"needVal":25000,"awards":[{"id":11115,"count":1},{"id":10007,"count":2000}],"rank":50}],"rmb_item":[3401,3402,3403,3404,3405,3406,3407],"content":"恭喜您获得新服竞技-宠物竞技第%d奖励，请查收","dayRange":[1,3]},{"type":2,"recharge":[{"chargeVal":50,"awards":[{"id":11121,"count":2},{"id":10010,"count":5},{"id":11120,"count":20}]},{"chargeVal":100,"awards":[{"id":11121,"count":3},{"id":10010,"count":10},{"id":11120,"count":40}]},{"chargeVal":300,"awards":[{"id":11121,"count":4},{"id":10010,"count":30},{"id":11120,"count":120}]},{"chargeVal":500,"awards":[{"id":11121,"count":5},{"id":10081,"count":2},{"id":11120,"count":250}]},{"chargeVal":1000,"awards":[{"id":10070,"count":1},{"id":10081,"count":4},{"id":11120,"count":500}]},{"chargeVal":2000,"awards":[{"id":10551,"count":1},{"id":10081,"count":8},{"id":11120,"count":1000}]}],"rankContent":"镶嵌宝石总数","gift":[{"award":[{"id":10010,"count":1},{"id":10004,"count":10}],"limit":1,"name":"免费礼包","consumes":[]},{"award":[{"id":10010,"count":2},{"id":10004,"count":20}],"limit":3,"name":"免费礼包","consumes":[]},{"award":[{"id":10010,"count":10},{"id":10030,"count":10}],"limit":10,"name":"宝石助力礼包","consumes":[{"id":10003,"count":200}]},{"award":[{"id":10010,"count":20},{"id":10030,"count":20}],"limit":3,"name":"宝石畅享礼包","consumes":[{"id":10003,"count":400}]},{"award":[{"id":10081,"count":1},{"id":10030,"count":50}],"limit":3,"name":"宝石进阶礼包","consumes":[{"id":10003,"count":600}]}],"firstName":"宝石之王","achieve":[{"value":4,"openWin":"@@showWin,61","awards":[{"id":10010,"count":2},{"id":10004,"count":50}],"desc":"宝石镶嵌总数4个"},{"value":8,"openWin":"@@showWin,61","awards":[{"id":10010,"count":2},{"id":10004,"count":50}],"desc":"宝石镶嵌总数8个"},{"value":12,"openWin":"@@showWin,61","awards":[{"id":10010,"count":2},{"id":10004,"count":50}],"desc":"宝石镶嵌总数12个"},{"value":16,"openWin":"@@showWin,61","awards":[{"id":10010,"count":2},{"id":10004,"count":50}],"desc":"宝石镶嵌总数16个"},{"value":20,"openWin":"@@showWin,61","awards":[{"id":10010,"count":3},{"id":10004,"count":80}],"desc":"宝石镶嵌总数20个"},{"value":25,"openWin":"@@showWin,61","awards":[{"id":10010,"count":5},{"id":10004,"count":80}],"desc":"宝石镶嵌总数25个"},{"value":30,"openWin":"@@showWin,61","awards":[{"id":10010,"count":5},{"id":10004,"count":100}],"desc":"宝石镶嵌总数30个"},{"value":35,"openWin":"@@showWin,61","awards":[{"id":10010,"count":5},{"id":10004,"count":100}],"desc":"宝石镶嵌总数35个"},{"value":40,"openWin":"@@showWin,61","awards":[{"id":10010,"count":5},{"id":10004,"count":100}],"desc":"宝石镶嵌总数40个"},{"value":45,"openWin":"@@showWin,61","awards":[{"id":10010,"count":5},{"id":10004,"count":100}],"desc":"宝石镶嵌总数45个"},{"value":50,"openWin":"@@showWin,61","awards":[{"id":10010,"count":8},{"id":10004,"count":100}],"desc":"宝石镶嵌总数50个"},{"value":55,"openWin":"@@showWin,61","awards":[{"id":10010,"count":8},{"id":10004,"count":100}],"desc":"宝石镶嵌总数55个"},{"value":60,"openWin":"@@showWin,61","awards":[{"id":10010,"count":8},{"id":10004,"count":100}],"desc":"宝石镶嵌总数60个"},{"value":65,"openWin":"@@showWin,61","awards":[{"id":10010,"count":8},{"id":10004,"count":100}],"desc":"宝石镶嵌总数65个"},{"value":70,"openWin":"@@showWin,61","awards":[{"id":10081,"count":1},{"id":10004,"count":150}],"desc":"宝石镶嵌总数70个"},{"value":75,"openWin":"@@showWin,61","awards":[{"id":10081,"count":1},{"id":10004,"count":150}],"desc":"宝石镶嵌总数75个"},{"value":80,"openWin":"@@showWin,61","awards":[{"id":10081,"count":1},{"id":10004,"count":150}],"desc":"宝石镶嵌总数80个"},{"value":85,"openWin":"@@showWin,61","awards":[{"id":10081,"count":1},{"id":10004,"count":150}],"desc":"宝石镶嵌总数85个"},{"value":90,"openWin":"@@showWin,61","awards":[{"id":10081,"count":1},{"id":10004,"count":150}],"desc":"宝石镶嵌总数90个"},{"value":95,"openWin":"@@showWin,61","awards":[{"id":10081,"count":1},{"id":10004,"count":150}],"desc":"宝石镶嵌总数95个"},{"value":100,"openWin":"@@showWin,61","awards":[{"id":10081,"count":1},{"id":10004,"count":150}],"desc":"宝石镶嵌总数100个"},{"value":105,"openWin":"@@showWin,61","awards":[{"id":10081,"count":1},{"id":10004,"count":150}],"desc":"宝石镶嵌总数105个"},{"value":110,"openWin":"@@showWin,61","awards":[{"id":10081,"count":1},{"id":10004,"count":150}],"desc":"宝石镶嵌总数110个"},{"value":115,"openWin":"@@showWin,61","awards":[{"id":10081,"count":1},{"id":10004,"count":150}],"desc":"宝石镶嵌总数115个"},{"value":120,"openWin":"@@showWin,61","awards":[{"id":10081,"count":1},{"id":10004,"count":150}],"desc":"宝石镶嵌总数120个"}],"title":"新服竞技","rankAwards":[{"needVal":65,"awards":[{"id":12002,"count":1},{"id":10081,"count":5},{"id":10010,"count":30},{"id":11120,"count":1000}],"rank":1},{"needVal":60,"awards":[{"id":10010,"count":20},{"id":11120,"count":800}],"rank":2},{"needVal":60,"awards":[{"id":10010,"count":20},{"id":11120,"count":800}],"rank":3},{"needVal":55,"awards":[{"id":10010,"count":15},{"id":11120,"count":600}],"rank":4},{"needVal":55,"awards":[{"id":10010,"count":15},{"id":11120,"count":600}],"rank":5},{"needVal":55,"awards":[{"id":10010,"count":15},{"id":11120,"count":600}],"rank":6},{"needVal":55,"awards":[{"id":10010,"count":15},{"id":11120,"count":600}],"rank":7},{"needVal":55,"awards":[{"id":10010,"count":15},{"id":11120,"count":600}],"rank":8},{"needVal":55,"awards":[{"id":10010,"count":15},{"id":11120,"count":600}],"rank":9},{"needVal":55,"awards":[{"id":10010,"count":15},{"id":11120,"count":600}],"rank":10},{"needVal":50,"awards":[{"id":10010,"count":10},{"id":11120,"count":500}],"rank":11},{"needVal":50,"awards":[{"id":10010,"count":10},{"id":11120,"count":500}],"rank":12},{"needVal":50,"awards":[{"id":10010,"count":10},{"id":11120,"count":500}],"rank":13},{"needVal":50,"awards":[{"id":10010,"count":10},{"id":11120,"count":500}],"rank":14},{"needVal":50,"awards":[{"id":10010,"count":10},{"id":11120,"count":500}],"rank":15},{"needVal":50,"awards":[{"id":10010,"count":10},{"id":11120,"count":500}],"rank":16},{"needVal":50,"awards":[{"id":10010,"count":10},{"id":11120,"count":500}],"rank":17},{"needVal":50,"awards":[{"id":10010,"count":10},{"id":11120,"count":500}],"rank":18},{"needVal":50,"awards":[{"id":10010,"count":10},{"id":11120,"count":500}],"rank":19},{"needVal":50,"awards":[{"id":10010,"count":10},{"id":11120,"count":500}],"rank":20},{"needVal":50,"awards":[{"id":10010,"count":10},{"id":11120,"count":500}],"rank":21},{"needVal":50,"awards":[{"id":10010,"count":10},{"id":11120,"count":500}],"rank":22},{"needVal":50,"awards":[{"id":10010,"count":10},{"id":11120,"count":500}],"rank":23},{"needVal":50,"awards":[{"id":10010,"count":10},{"id":11120,"count":500}],"rank":24},{"needVal":50,"awards":[{"id":10010,"count":10},{"id":11120,"count":500}],"rank":25},{"needVal":50,"awards":[{"id":10010,"count":10},{"id":11120,"count":500}],"rank":26},{"needVal":50,"awards":[{"id":10010,"count":10},{"id":11120,"count":500}],"rank":27},{"needVal":50,"awards":[{"id":10010,"count":10},{"id":11120,"count":500}],"rank":28},{"needVal":50,"awards":[{"id":10010,"count":10},{"id":11120,"count":500}],"rank":29},{"needVal":50,"awards":[{"id":10010,"count":10},{"id":11120,"count":500}],"rank":30},{"needVal":50,"awards":[{"id":10010,"count":10},{"id":11120,"count":500}],"rank":31},{"needVal":50,"awards":[{"id":10010,"count":10},{"id":11120,"count":500}],"rank":32},{"needVal":50,"awards":[{"id":10010,"count":10},{"id":11120,"count":500}],"rank":33},{"needVal":50,"awards":[{"id":10010,"count":10},{"id":11120,"count":500}],"rank":34},{"needVal":50,"awards":[{"id":10010,"count":10},{"id":11120,"count":500}],"rank":35},{"needVal":50,"awards":[{"id":10010,"count":10},{"id":11120,"count":500}],"rank":36},{"needVal":50,"awards":[{"id":10010,"count":10},{"id":11120,"count":500}],"rank":37},{"needVal":50,"awards":[{"id":10010,"count":10},{"id":11120,"count":500}],"rank":38},{"needVal":50,"awards":[{"id":10010,"count":10},{"id":11120,"count":500}],"rank":39},{"needVal":50,"awards":[{"id":10010,"count":10},{"id":11120,"count":500}],"rank":40},{"needVal":50,"awards":[{"id":10010,"count":10},{"id":11120,"count":500}],"rank":41},{"needVal":50,"awards":[{"id":10010,"count":10},{"id":11120,"count":500}],"rank":42},{"needVal":50,"awards":[{"id":10010,"count":10},{"id":11120,"count":500}],"rank":43},{"needVal":50,"awards":[{"id":10010,"count":10},{"id":11120,"count":500}],"rank":44},{"needVal":50,"awards":[{"id":10010,"count":10},{"id":11120,"count":500}],"rank":45},{"needVal":50,"awards":[{"id":10010,"count":10},{"id":11120,"count":500}],"rank":46},{"needVal":50,"awards":[{"id":10010,"count":10},{"id":11120,"count":500}],"rank":47},{"needVal":50,"awards":[{"id":10010,"count":10},{"id":11120,"count":500}],"rank":48},{"needVal":50,"awards":[{"id":10010,"count":10},{"id":11120,"count":500}],"rank":49},{"needVal":50,"awards":[{"id":10010,"count":10},{"id":11120,"count":500}],"rank":50}],"rmb_item":[3411,3412,3413,3414,3415,3416,3417],"content":"恭喜您获得新服竞技-宝石竞技第%d奖励，请查收","dayRange":[4,6]},{"type":3,"recharge":[{"chargeVal":50,"awards":[{"id":10993,"count":10},{"id":10903,"count":20},{"id":10906,"count":20}]},{"chargeVal":100,"awards":[{"id":10994,"count":8},{"id":10904,"count":50},{"id":10906,"count":30}]},{"chargeVal":300,"awards":[{"id":10994,"count":10},{"id":10905,"count":100},{"id":10906,"count":50}]},{"chargeVal":500,"awards":[{"id":10995,"count":10},{"id":10905,"count":150},{"id":10906,"count":100}]},{"chargeVal":1000,"awards":[{"id":10070,"count":1},{"id":10995,"count":12},{"id":10906,"count":200}]},{"chargeVal":2000,"awards":[{"id":10552,"count":1},{"id":10995,"count":20},{"id":10906,"count":5000}]}],"rankContent":"古董战力","gift":[{"award":[{"id":10991,"count":1},{"id":10901,"count":10}],"limit":1,"name":"免费礼包","consumes":[]},{"award":[{"id":10992,"count":2},{"id":10902,"count":10}],"limit":3,"name":"免费礼包","consumes":[]},{"award":[{"id":10991,"count":10},{"id":10901,"count":10}],"limit":10,"name":"古董助力礼包","consumes":[{"id":10003,"count":200}]},{"award":[{"id":10992,"count":10},{"id":10902,"count":15}],"limit":3,"name":"古董畅享礼包","consumes":[{"id":10003,"count":400}]},{"award":[{"id":10993,"count":6},{"id":10903,"count":20}],"limit":3,"name":"古董进阶礼包","consumes":[{"id":10003,"count":600}]}],"firstName":"古董之王","achieve":[{"value":5000,"openWin":"@@showWin,295","awards":[{"id":10991,"count":2},{"id":10906,"count":10}],"desc":"古董战力达到5000"},{"value":10000,"openWin":"@@showWin,295","awards":[{"id":10991,"count":3},{"id":10906,"count":10}],"desc":"古董战力达到10000"},{"value":15000,"openWin":"@@showWin,295","awards":[{"id":10991,"count":4},{"id":10906,"count":10}],"desc":"古董战力达到15000"},{"value":20000,"openWin":"@@showWin,295","awards":[{"id":10991,"count":5},{"id":10906,"count":15}],"desc":"古董战力达到20000"},{"value":25000,"openWin":"@@showWin,295","awards":[{"id":10992,"count":2},{"id":10906,"count":15}],"desc":"古董战力达到25000"},{"value":30000,"openWin":"@@showWin,295","awards":[{"id":10992,"count":3},{"id":10906,"count":15}],"desc":"古董战力达到30000"},{"value":35000,"openWin":"@@showWin,295","awards":[{"id":10992,"count":4},{"id":10906,"count":15}],"desc":"古董战力达到35000"},{"value":40000,"openWin":"@@showWin,295","awards":[{"id":10992,"count":5},{"id":10906,"count":15}],"desc":"古董战力达到40000"},{"value":50000,"openWin":"@@showWin,295","awards":[{"id":10993,"count":2},{"id":10906,"count":20}],"desc":"古董战力达到50000"},{"value":60000,"openWin":"@@showWin,295","awards":[{"id":10993,"count":3},{"id":10906,"count":20}],"desc":"古董战力达到60000"},{"value":70000,"openWin":"@@showWin,295","awards":[{"id":10993,"count":4},{"id":10906,"count":20}],"desc":"古董战力达到70000"},{"value":80000,"openWin":"@@showWin,295","awards":[{"id":10993,"count":5},{"id":10906,"count":20}],"desc":"古董战力达到80000"},{"value":90000,"openWin":"@@showWin,295","awards":[{"id":10993,"count":5},{"id":10906,"count":20}],"desc":"古董战力达到90000"},{"value":100000,"openWin":"@@showWin,295","awards":[{"id":10993,"count":5},{"id":10906,"count":20}],"desc":"古董战力达到10万"},{"value":120000,"openWin":"@@showWin,295","awards":[{"id":10994,"count":2},{"id":10906,"count":25}],"desc":"古董战力达到12万"},{"value":140000,"openWin":"@@showWin,295","awards":[{"id":10994,"count":3},{"id":10906,"count":25}],"desc":"古董战力达到14万"},{"value":160000,"openWin":"@@showWin,295","awards":[{"id":10994,"count":4},{"id":10906,"count":25}],"desc":"古董战力达到16万"},{"value":180000,"openWin":"@@showWin,295","awards":[{"id":10994,"count":5},{"id":10906,"count":25}],"desc":"古董战力达到18万"},{"value":200000,"openWin":"@@showWin,295","awards":[{"id":10994,"count":5},{"id":10906,"count":25}],"desc":"古董战力达到20万"},{"value":250000,"openWin":"@@showWin,295","awards":[{"id":10994,"count":5},{"id":10906,"count":30}],"desc":"古董战力达到25万"},{"value":300000,"openWin":"@@showWin,295","awards":[{"id":10995,"count":2},{"id":10906,"count":30}],"desc":"古董战力达到30万"},{"value":350000,"openWin":"@@showWin,295","awards":[{"id":10995,"count":3},{"id":10906,"count":30}],"desc":"古董战力达到35万"},{"value":400000,"openWin":"@@showWin,295","awards":[{"id":10995,"count":4},{"id":10906,"count":30}],"desc":"古董战力达到40万"},{"value":450000,"openWin":"@@showWin,295","awards":[{"id":10995,"count":5},{"id":10906,"count":30}],"desc":"古董战力达到45万"},{"value":500000,"openWin":"@@showWin,295","awards":[{"id":10995,"count":5},{"id":10906,"count":30}],"desc":"古董战力达到50万"}],"title":"新服竞技","rankAwards":[{"needVal":100000,"awards":[{"id":12003,"count":1},{"id":10995,"count":30},{"id":10905,"count":100},{"id":10906,"count":100}],"rank":1},{"needVal":80000,"awards":[{"id":10994,"count":25},{"id":10904,"count":80}],"rank":2},{"needVal":80000,"awards":[{"id":10994,"count":25},{"id":10904,"count":80}],"rank":3},{"needVal":60000,"awards":[{"id":10993,"count":20},{"id":10903,"count":60}],"rank":4},{"needVal":60000,"awards":[{"id":10993,"count":20},{"id":10903,"count":60}],"rank":5},{"needVal":60000,"awards":[{"id":10993,"count":20},{"id":10903,"count":60}],"rank":6},{"needVal":60000,"awards":[{"id":10993,"count":20},{"id":10903,"count":60}],"rank":7},{"needVal":60000,"awards":[{"id":10993,"count":20},{"id":10903,"count":60}],"rank":8},{"needVal":60000,"awards":[{"id":10993,"count":20},{"id":10903,"count":60}],"rank":9},{"needVal":60000,"awards":[{"id":10993,"count":20},{"id":10903,"count":60}],"rank":10},{"needVal":40000,"awards":[{"id":10992,"count":15},{"id":10902,"count":50}],"rank":11},{"needVal":40000,"awards":[{"id":10992,"count":15},{"id":10902,"count":50}],"rank":12},{"needVal":40000,"awards":[{"id":10992,"count":15},{"id":10902,"count":50}],"rank":13},{"needVal":40000,"awards":[{"id":10992,"count":15},{"id":10902,"count":50}],"rank":14},{"needVal":40000,"awards":[{"id":10992,"count":15},{"id":10902,"count":50}],"rank":15},{"needVal":40000,"awards":[{"id":10992,"count":15},{"id":10902,"count":50}],"rank":16},{"needVal":40000,"awards":[{"id":10992,"count":15},{"id":10902,"count":50}],"rank":17},{"needVal":40000,"awards":[{"id":10992,"count":15},{"id":10902,"count":50}],"rank":18},{"needVal":40000,"awards":[{"id":10992,"count":15},{"id":10902,"count":50}],"rank":19},{"needVal":40000,"awards":[{"id":10992,"count":15},{"id":10902,"count":50}],"rank":20},{"needVal":40000,"awards":[{"id":10992,"count":15},{"id":10902,"count":50}],"rank":21},{"needVal":40000,"awards":[{"id":10992,"count":15},{"id":10902,"count":50}],"rank":22},{"needVal":40000,"awards":[{"id":10992,"count":15},{"id":10902,"count":50}],"rank":23},{"needVal":40000,"awards":[{"id":10992,"count":15},{"id":10902,"count":50}],"rank":24},{"needVal":40000,"awards":[{"id":10992,"count":15},{"id":10902,"count":50}],"rank":25},{"needVal":40000,"awards":[{"id":10992,"count":15},{"id":10902,"count":50}],"rank":26},{"needVal":40000,"awards":[{"id":10992,"count":15},{"id":10902,"count":50}],"rank":27},{"needVal":40000,"awards":[{"id":10992,"count":15},{"id":10902,"count":50}],"rank":28},{"needVal":40000,"awards":[{"id":10992,"count":15},{"id":10902,"count":50}],"rank":29},{"needVal":40000,"awards":[{"id":10992,"count":15},{"id":10902,"count":50}],"rank":30},{"needVal":40000,"awards":[{"id":10992,"count":15},{"id":10902,"count":50}],"rank":31},{"needVal":40000,"awards":[{"id":10992,"count":15},{"id":10902,"count":50}],"rank":32},{"needVal":40000,"awards":[{"id":10992,"count":15},{"id":10902,"count":50}],"rank":33},{"needVal":40000,"awards":[{"id":10992,"count":15},{"id":10902,"count":50}],"rank":34},{"needVal":40000,"awards":[{"id":10992,"count":15},{"id":10902,"count":50}],"rank":35},{"needVal":40000,"awards":[{"id":10992,"count":15},{"id":10902,"count":50}],"rank":36},{"needVal":40000,"awards":[{"id":10992,"count":15},{"id":10902,"count":50}],"rank":37},{"needVal":40000,"awards":[{"id":10992,"count":15},{"id":10902,"count":50}],"rank":38},{"needVal":40000,"awards":[{"id":10992,"count":15},{"id":10902,"count":50}],"rank":39},{"needVal":40000,"awards":[{"id":10992,"count":15},{"id":10902,"count":50}],"rank":40},{"needVal":40000,"awards":[{"id":10992,"count":15},{"id":10902,"count":50}],"rank":41},{"needVal":40000,"awards":[{"id":10992,"count":15},{"id":10902,"count":50}],"rank":42},{"needVal":40000,"awards":[{"id":10992,"count":15},{"id":10902,"count":50}],"rank":43},{"needVal":40000,"awards":[{"id":10992,"count":15},{"id":10902,"count":50}],"rank":44},{"needVal":40000,"awards":[{"id":10992,"count":15},{"id":10902,"count":50}],"rank":45},{"needVal":40000,"awards":[{"id":10992,"count":15},{"id":10902,"count":50}],"rank":46},{"needVal":40000,"awards":[{"id":10992,"count":15},{"id":10902,"count":50}],"rank":47},{"needVal":40000,"awards":[{"id":10992,"count":15},{"id":10902,"count":50}],"rank":48},{"needVal":40000,"awards":[{"id":10992,"count":15},{"id":10902,"count":50}],"rank":49},{"needVal":40000,"awards":[{"id":10992,"count":15},{"id":10902,"count":50}],"rank":50}],"rmb_item":[3421,3422,3423,3424,3425,3426,3427],"content":"恭喜您获得新服竞技-古董竞技第%d奖励，请查收","dayRange":[7,9]},{"type":4,"recharge":[{"chargeVal":50,"awards":[{"id":10517,"count":1},{"id":11121,"count":1},{"id":11099,"count":30}]},{"chargeVal":100,"awards":[{"id":10517,"count":2},{"id":11121,"count":2},{"id":11099,"count":60}]},{"chargeVal":300,"awards":[{"id":10518,"count":1},{"id":11121,"count":3},{"id":11099,"count":100}]},{"chargeVal":500,"awards":[{"id":10519,"count":1},{"id":11121,"count":5},{"id":11099,"count":120}]},{"chargeVal":1000,"awards":[{"id":10524,"count":1},{"id":11121,"count":10},{"id":11099,"count":200}]},{"chargeVal":2000,"awards":[{"id":10524,"count":2},{"id":11121,"count":20},{"id":11099,"count":500}]}],"rankContent":"幻影战力","gift":[{"award":[{"id":10515,"count":1},{"id":11099,"count":10}],"limit":1,"name":"免费礼包","consumes":[]},{"award":[{"id":10515,"count":1},{"id":11099,"count":20}],"limit":3,"name":"免费礼包","consumes":[]},{"award":[{"id":10515,"count":1},{"id":11099,"count":10}],"limit":10,"name":"幻影助力礼包","consumes":[{"id":10003,"count":200}]},{"award":[{"id":10515,"count":2},{"id":11099,"count":20}],"limit":3,"name":"幻影畅享礼包","consumes":[{"id":10003,"count":400}]},{"award":[{"id":10516,"count":2},{"id":11099,"count":30}],"limit":3,"name":"幻影进阶礼包","consumes":[{"id":10003,"count":600}]}],"firstName":"幻影之王","achieve":[{"value":5000,"openWin":"@@showWin,308","awards":[{"id":11021,"count":1},{"id":11099,"count":30}],"desc":"幻影战力达到5000"},{"value":10000,"openWin":"@@showWin,308","awards":[{"id":11022,"count":1},{"id":11099,"count":30}],"desc":"幻影战力达到10000"},{"value":15000,"openWin":"@@showWin,308","awards":[{"id":11023,"count":1},{"id":11099,"count":30}],"desc":"幻影战力达到15000"},{"value":20000,"openWin":"@@showWin,308","awards":[{"id":11024,"count":1},{"id":11099,"count":45}],"desc":"幻影战力达到20000"},{"value":25000,"openWin":"@@showWin,308","awards":[{"id":11025,"count":1},{"id":11099,"count":45}],"desc":"幻影战力达到25000"},{"value":30000,"openWin":"@@showWin,308","awards":[{"id":11031,"count":1},{"id":11099,"count":45}],"desc":"幻影战力达到30000"},{"value":35000,"openWin":"@@showWin,308","awards":[{"id":11032,"count":1},{"id":11099,"count":45}],"desc":"幻影战力达到35000"},{"value":40000,"openWin":"@@showWin,308","awards":[{"id":11033,"count":1},{"id":11099,"count":45}],"desc":"幻影战力达到40000"},{"value":50000,"openWin":"@@showWin,308","awards":[{"id":11034,"count":1},{"id":11099,"count":60}],"desc":"幻影战力达到50000"},{"value":60000,"openWin":"@@showWin,308","awards":[{"id":11035,"count":1},{"id":11099,"count":60}],"desc":"幻影战力达到60000"},{"value":70000,"openWin":"@@showWin,308","awards":[{"id":11036,"count":1},{"id":11099,"count":60}],"desc":"幻影战力达到70000"},{"value":80000,"openWin":"@@showWin,308","awards":[{"id":11041,"count":1},{"id":11099,"count":60}],"desc":"幻影战力达到80000"},{"value":90000,"openWin":"@@showWin,308","awards":[{"id":11042,"count":1},{"id":11099,"count":60}],"desc":"幻影战力达到90000"},{"value":100000,"openWin":"@@showWin,308","awards":[{"id":11043,"count":1},{"id":11099,"count":60}],"desc":"幻影战力达到10万"},{"value":120000,"openWin":"@@showWin,308","awards":[{"id":11044,"count":1},{"id":11099,"count":75}],"desc":"幻影战力达到12万"},{"value":140000,"openWin":"@@showWin,308","awards":[{"id":11045,"count":1},{"id":11099,"count":75}],"desc":"幻影战力达到14万"},{"value":160000,"openWin":"@@showWin,308","awards":[{"id":11061,"count":1},{"id":11099,"count":75}],"desc":"幻影战力达到16万"},{"value":180000,"openWin":"@@showWin,308","awards":[{"id":10517,"count":1},{"id":11099,"count":75}],"desc":"幻影战力达到18万"},{"value":200000,"openWin":"@@showWin,308","awards":[{"id":10517,"count":1},{"id":11099,"count":75}],"desc":"幻影战力达到20万"},{"value":250000,"openWin":"@@showWin,308","awards":[{"id":10517,"count":1},{"id":11099,"count":90}],"desc":"幻影战力达到25万"},{"value":300000,"openWin":"@@showWin,308","awards":[{"id":10517,"count":1},{"id":11099,"count":90}],"desc":"幻影战力达到30万"},{"value":350000,"openWin":"@@showWin,308","awards":[{"id":10517,"count":1},{"id":11099,"count":90}],"desc":"幻影战力达到35万"},{"value":400000,"openWin":"@@showWin,308","awards":[{"id":10517,"count":1},{"id":11099,"count":90}],"desc":"幻影战力达到40万"},{"value":450000,"openWin":"@@showWin,308","awards":[{"id":10517,"count":1},{"id":11099,"count":90}],"desc":"幻影战力达到45万"},{"value":500000,"openWin":"@@showWin,308","awards":[{"id":10517,"count":1},{"id":11099,"count":90}],"desc":"幻影战力达到50万"}],"title":"新服竞技","rankAwards":[{"needVal":100000,"awards":[{"id":12004,"count":1},{"id":10514,"count":3},{"id":10519,"count":1},{"id":11099,"count":100}],"rank":1},{"needVal":80000,"awards":[{"id":10518,"count":1},{"id":11099,"count":80}],"rank":2},{"needVal":80000,"awards":[{"id":10518,"count":1},{"id":11099,"count":80}],"rank":3},{"needVal":60000,"awards":[{"id":10517,"count":1},{"id":11099,"count":60}],"rank":4},{"needVal":60000,"awards":[{"id":10517,"count":1},{"id":11099,"count":60}],"rank":5},{"needVal":60000,"awards":[{"id":10517,"count":1},{"id":11099,"count":60}],"rank":6},{"needVal":60000,"awards":[{"id":10517,"count":1},{"id":11099,"count":60}],"rank":7},{"needVal":60000,"awards":[{"id":10517,"count":1},{"id":11099,"count":60}],"rank":8},{"needVal":60000,"awards":[{"id":10517,"count":1},{"id":11099,"count":60}],"rank":9},{"needVal":60000,"awards":[{"id":10517,"count":1},{"id":11099,"count":60}],"rank":10},{"needVal":40000,"awards":[{"id":10516,"count":1},{"id":11099,"count":50}],"rank":11},{"needVal":40000,"awards":[{"id":10516,"count":1},{"id":11099,"count":50}],"rank":12},{"needVal":40000,"awards":[{"id":10516,"count":1},{"id":11099,"count":50}],"rank":13},{"needVal":40000,"awards":[{"id":10516,"count":1},{"id":11099,"count":50}],"rank":14},{"needVal":40000,"awards":[{"id":10516,"count":1},{"id":11099,"count":50}],"rank":15},{"needVal":40000,"awards":[{"id":10516,"count":1},{"id":11099,"count":50}],"rank":16},{"needVal":40000,"awards":[{"id":10516,"count":1},{"id":11099,"count":50}],"rank":17},{"needVal":40000,"awards":[{"id":10516,"count":1},{"id":11099,"count":50}],"rank":18},{"needVal":40000,"awards":[{"id":10516,"count":1},{"id":11099,"count":50}],"rank":19},{"needVal":40000,"awards":[{"id":10516,"count":1},{"id":11099,"count":50}],"rank":20},{"needVal":40000,"awards":[{"id":10516,"count":1},{"id":11099,"count":50}],"rank":21},{"needVal":40000,"awards":[{"id":10516,"count":1},{"id":11099,"count":50}],"rank":22},{"needVal":40000,"awards":[{"id":10516,"count":1},{"id":11099,"count":50}],"rank":23},{"needVal":40000,"awards":[{"id":10516,"count":1},{"id":11099,"count":50}],"rank":24},{"needVal":40000,"awards":[{"id":10516,"count":1},{"id":11099,"count":50}],"rank":25},{"needVal":40000,"awards":[{"id":10516,"count":1},{"id":11099,"count":50}],"rank":26},{"needVal":40000,"awards":[{"id":10516,"count":1},{"id":11099,"count":50}],"rank":27},{"needVal":40000,"awards":[{"id":10516,"count":1},{"id":11099,"count":50}],"rank":28},{"needVal":40000,"awards":[{"id":10516,"count":1},{"id":11099,"count":50}],"rank":29},{"needVal":40000,"awards":[{"id":10516,"count":1},{"id":11099,"count":50}],"rank":30},{"needVal":40000,"awards":[{"id":10516,"count":1},{"id":11099,"count":50}],"rank":31},{"needVal":40000,"awards":[{"id":10516,"count":1},{"id":11099,"count":50}],"rank":32},{"needVal":40000,"awards":[{"id":10516,"count":1},{"id":11099,"count":50}],"rank":33},{"needVal":40000,"awards":[{"id":10516,"count":1},{"id":11099,"count":50}],"rank":34},{"needVal":40000,"awards":[{"id":10516,"count":1},{"id":11099,"count":50}],"rank":35},{"needVal":40000,"awards":[{"id":10516,"count":1},{"id":11099,"count":50}],"rank":36},{"needVal":40000,"awards":[{"id":10516,"count":1},{"id":11099,"count":50}],"rank":37},{"needVal":40000,"awards":[{"id":10516,"count":1},{"id":11099,"count":50}],"rank":38},{"needVal":40000,"awards":[{"id":10516,"count":1},{"id":11099,"count":50}],"rank":39},{"needVal":40000,"awards":[{"id":10516,"count":1},{"id":11099,"count":50}],"rank":40},{"needVal":40000,"awards":[{"id":10516,"count":1},{"id":11099,"count":50}],"rank":41},{"needVal":40000,"awards":[{"id":10516,"count":1},{"id":11099,"count":50}],"rank":42},{"needVal":40000,"awards":[{"id":10516,"count":1},{"id":11099,"count":50}],"rank":43},{"needVal":40000,"awards":[{"id":10516,"count":1},{"id":11099,"count":50}],"rank":44},{"needVal":40000,"awards":[{"id":10516,"count":1},{"id":11099,"count":50}],"rank":45},{"needVal":40000,"awards":[{"id":10516,"count":1},{"id":11099,"count":50}],"rank":46},{"needVal":40000,"awards":[{"id":10516,"count":1},{"id":11099,"count":50}],"rank":47},{"needVal":40000,"awards":[{"id":10516,"count":1},{"id":11099,"count":50}],"rank":48},{"needVal":40000,"awards":[{"id":10516,"count":1},{"id":11099,"count":50}],"rank":49},{"needVal":40000,"awards":[{"id":10516,"count":1},{"id":11099,"count":50}],"rank":50}],"rmb_item":[3431,3432,3433,3434,3435,3436,3437],"content":"恭喜您获得新服竞技-幻影竞技第%d奖励，请查收","dayRange":[10,12]},{"type":5,"recharge":[{"chargeVal":50,"awards":[{"id":11121,"count":2},{"id":10401,"count":1},{"id":10005,"count":15}]},{"chargeVal":100,"awards":[{"id":11121,"count":3},{"id":10402,"count":2},{"id":10005,"count":25}]},{"chargeVal":300,"awards":[{"id":11121,"count":4},{"id":10403,"count":3},{"id":10005,"count":60}]},{"chargeVal":500,"awards":[{"id":11121,"count":5},{"id":10404,"count":5},{"id":10005,"count":100}]},{"chargeVal":1000,"awards":[{"id":10070,"count":1},{"id":10405,"count":8},{"id":10006,"count":2}]},{"chargeVal":2000,"awards":[{"id":10070,"count":2},{"id":10406,"count":12},{"id":10006,"count":4}]}],"rankContent":"魂环等级","gift":[{"award":[{"id":10005,"count":1},{"id":10004,"count":10}],"limit":1,"name":"免费礼包","consumes":[]},{"award":[{"id":10005,"count":2},{"id":10004,"count":20}],"limit":3,"name":"免费礼包","consumes":[]},{"award":[{"id":10005,"count":5},{"id":10030,"count":10}],"limit":10,"name":"魂环助力礼包","consumes":[{"id":10003,"count":200}]},{"award":[{"id":10005,"count":10},{"id":10030,"count":20}],"limit":3,"name":"魂环畅享礼包","consumes":[{"id":10003,"count":400}]},{"award":[{"id":10006,"count":1},{"id":10030,"count":50}],"limit":3,"name":"魂环进阶礼包","consumes":[{"id":10003,"count":600}]}],"firstName":"魂环之王","achieve":[{"value":15,"openWin":"@@showWin,35","awards":[{"id":10005,"count":5},{"id":10004,"count":50}],"desc":"魂环达到1阶4级"},{"value":20,"openWin":"@@showWin,35","awards":[{"id":10005,"count":5},{"id":10004,"count":50}],"desc":"魂环达到1阶9级"},{"value":25,"openWin":"@@showWin,35","awards":[{"id":10005,"count":5},{"id":10004,"count":50}],"desc":"魂环达到1阶14级"},{"value":30,"openWin":"@@showWin,35","awards":[{"id":10005,"count":5},{"id":10004,"count":50}],"desc":"魂环达到1阶19级"},{"value":35,"openWin":"@@showWin,35","awards":[{"id":10005,"count":5},{"id":10004,"count":80}],"desc":"魂环达到2阶3级"},{"value":40,"openWin":"@@showWin,35","awards":[{"id":10005,"count":5},{"id":10004,"count":80}],"desc":"魂环达到2阶8级"},{"value":45,"openWin":"@@showWin,35","awards":[{"id":10005,"count":5},{"id":10004,"count":100}],"desc":"魂环达到2阶13级"},{"value":50,"openWin":"@@showWin,35","awards":[{"id":10005,"count":5},{"id":10004,"count":100}],"desc":"魂环达到2阶18级"},{"value":55,"openWin":"@@showWin,35","awards":[{"id":10005,"count":5},{"id":10004,"count":100}],"desc":"魂环达到2阶23级"},{"value":60,"openWin":"@@showWin,35","awards":[{"id":10005,"count":5},{"id":10004,"count":100}],"desc":"魂环达到2阶28级"},{"value":70,"openWin":"@@showWin,35","awards":[{"id":10005,"count":5},{"id":10004,"count":100}],"desc":"魂环达到3阶7级"},{"value":80,"openWin":"@@showWin,35","awards":[{"id":10005,"count":5},{"id":10004,"count":100}],"desc":"魂环达到3阶17级"},{"value":90,"openWin":"@@showWin,35","awards":[{"id":10005,"count":5},{"id":10004,"count":100}],"desc":"魂环达到3阶27级"},{"value":100,"openWin":"@@showWin,35","awards":[{"id":10005,"count":5},{"id":10004,"count":100}],"desc":"魂环达到3阶37级"},{"value":120,"openWin":"@@showWin,35","awards":[{"id":10005,"count":5},{"id":10004,"count":150}],"desc":"魂环达到4阶16级"},{"value":140,"openWin":"@@showWin,35","awards":[{"id":10005,"count":5},{"id":10004,"count":150}],"desc":"魂环达到4阶36级"},{"value":160,"openWin":"@@showWin,35","awards":[{"id":10005,"count":5},{"id":10004,"count":150}],"desc":"魂环达到4阶56级"},{"value":180,"openWin":"@@showWin,35","awards":[{"id":10005,"count":5},{"id":10004,"count":150}],"desc":"魂环达到5阶5级"},{"value":200,"openWin":"@@showWin,35","awards":[{"id":10005,"count":5},{"id":10004,"count":150}],"desc":"魂环达到5阶25级"},{"value":220,"openWin":"@@showWin,35","awards":[{"id":10005,"count":5},{"id":10004,"count":150}],"desc":"魂环达到5阶45级"},{"value":240,"openWin":"@@showWin,35","awards":[{"id":10005,"count":5},{"id":10004,"count":150}],"desc":"魂环达到5阶65级"},{"value":260,"openWin":"@@showWin,35","awards":[{"id":10005,"count":5},{"id":10004,"count":150}],"desc":"魂环达到5阶85级"},{"value":280,"openWin":"@@showWin,35","awards":[{"id":10005,"count":5},{"id":10004,"count":150}],"desc":"魂环达到5阶105级"},{"value":300,"openWin":"@@showWin,35","awards":[{"id":10005,"count":5},{"id":10004,"count":150}],"desc":"魂环达到6阶4级"},{"value":320,"openWin":"@@showWin,35","awards":[{"id":10005,"count":5},{"id":10004,"count":150}],"desc":"魂环达到6阶24级"}],"title":"新服竞技","rankAwards":[{"needVal":80,"awards":[{"id":12005,"count":1},{"id":10514,"count":3},{"id":10005,"count":50},{"id":11120,"count":1000}],"rank":1},{"needVal":70,"awards":[{"id":10005,"count":40},{"id":11120,"count":800}],"rank":2},{"needVal":70,"awards":[{"id":10005,"count":40},{"id":11120,"count":800}],"rank":3},{"needVal":60,"awards":[{"id":10005,"count":35},{"id":11120,"count":600}],"rank":4},{"needVal":60,"awards":[{"id":10005,"count":35},{"id":11120,"count":600}],"rank":5},{"needVal":60,"awards":[{"id":10005,"count":35},{"id":11120,"count":600}],"rank":6},{"needVal":60,"awards":[{"id":10005,"count":35},{"id":11120,"count":600}],"rank":7},{"needVal":60,"awards":[{"id":10005,"count":35},{"id":11120,"count":600}],"rank":8},{"needVal":60,"awards":[{"id":10005,"count":35},{"id":11120,"count":600}],"rank":9},{"needVal":60,"awards":[{"id":10005,"count":35},{"id":11120,"count":600}],"rank":10},{"needVal":50,"awards":[{"id":10005,"count":30},{"id":11120,"count":500}],"rank":11},{"needVal":50,"awards":[{"id":10005,"count":30},{"id":11120,"count":500}],"rank":12},{"needVal":50,"awards":[{"id":10005,"count":30},{"id":11120,"count":500}],"rank":13},{"needVal":50,"awards":[{"id":10005,"count":30},{"id":11120,"count":500}],"rank":14},{"needVal":50,"awards":[{"id":10005,"count":30},{"id":11120,"count":500}],"rank":15},{"needVal":50,"awards":[{"id":10005,"count":30},{"id":11120,"count":500}],"rank":16},{"needVal":50,"awards":[{"id":10005,"count":30},{"id":11120,"count":500}],"rank":17},{"needVal":50,"awards":[{"id":10005,"count":30},{"id":11120,"count":500}],"rank":18},{"needVal":50,"awards":[{"id":10005,"count":30},{"id":11120,"count":500}],"rank":19},{"needVal":50,"awards":[{"id":10005,"count":30},{"id":11120,"count":500}],"rank":20},{"needVal":50,"awards":[{"id":10005,"count":30},{"id":11120,"count":500}],"rank":21},{"needVal":50,"awards":[{"id":10005,"count":30},{"id":11120,"count":500}],"rank":22},{"needVal":50,"awards":[{"id":10005,"count":30},{"id":11120,"count":500}],"rank":23},{"needVal":50,"awards":[{"id":10005,"count":30},{"id":11120,"count":500}],"rank":24},{"needVal":50,"awards":[{"id":10005,"count":30},{"id":11120,"count":500}],"rank":25},{"needVal":50,"awards":[{"id":10005,"count":30},{"id":11120,"count":500}],"rank":26},{"needVal":50,"awards":[{"id":10005,"count":30},{"id":11120,"count":500}],"rank":27},{"needVal":50,"awards":[{"id":10005,"count":30},{"id":11120,"count":500}],"rank":28},{"needVal":50,"awards":[{"id":10005,"count":30},{"id":11120,"count":500}],"rank":29},{"needVal":50,"awards":[{"id":10005,"count":30},{"id":11120,"count":500}],"rank":30},{"needVal":50,"awards":[{"id":10005,"count":30},{"id":11120,"count":500}],"rank":31},{"needVal":50,"awards":[{"id":10005,"count":30},{"id":11120,"count":500}],"rank":32},{"needVal":50,"awards":[{"id":10005,"count":30},{"id":11120,"count":500}],"rank":33},{"needVal":50,"awards":[{"id":10005,"count":30},{"id":11120,"count":500}],"rank":34},{"needVal":50,"awards":[{"id":10005,"count":30},{"id":11120,"count":500}],"rank":35},{"needVal":50,"awards":[{"id":10005,"count":30},{"id":11120,"count":500}],"rank":36},{"needVal":50,"awards":[{"id":10005,"count":30},{"id":11120,"count":500}],"rank":37},{"needVal":50,"awards":[{"id":10005,"count":30},{"id":11120,"count":500}],"rank":38},{"needVal":50,"awards":[{"id":10005,"count":30},{"id":11120,"count":500}],"rank":39},{"needVal":50,"awards":[{"id":10005,"count":30},{"id":11120,"count":500}],"rank":40},{"needVal":50,"awards":[{"id":10005,"count":30},{"id":11120,"count":500}],"rank":41},{"needVal":50,"awards":[{"id":10005,"count":30},{"id":11120,"count":500}],"rank":42},{"needVal":50,"awards":[{"id":10005,"count":30},{"id":11120,"count":500}],"rank":43},{"needVal":50,"awards":[{"id":10005,"count":30},{"id":11120,"count":500}],"rank":44},{"needVal":50,"awards":[{"id":10005,"count":30},{"id":11120,"count":500}],"rank":45},{"needVal":50,"awards":[{"id":10005,"count":30},{"id":11120,"count":500}],"rank":46},{"needVal":50,"awards":[{"id":10005,"count":30},{"id":11120,"count":500}],"rank":47},{"needVal":50,"awards":[{"id":10005,"count":30},{"id":11120,"count":500}],"rank":48},{"needVal":50,"awards":[{"id":10005,"count":30},{"id":11120,"count":500}],"rank":49},{"needVal":50,"awards":[{"id":10005,"count":30},{"id":11120,"count":500}],"rank":50}],"rmb_item":[3441,3442,3443,3444,3445,3446,3447],"content":"恭喜您获得新服竞技-魂环竞技第%d奖励，请查收","dayRange":[13,14]},{"type":6,"recharge":[{"chargeVal":50,"awards":[{"id":11121,"count":2},{"id":10755,"count":15},{"id":20106,"count":10}]},{"chargeVal":100,"awards":[{"id":11121,"count":3},{"id":10754,"count":20},{"id":20106,"count":15}]},{"chargeVal":300,"awards":[{"id":11121,"count":4},{"id":10753,"count":40},{"id":20106,"count":20}]},{"chargeVal":500,"awards":[{"id":11121,"count":5},{"id":10752,"count":50},{"id":20106,"count":30}]},{"chargeVal":1000,"awards":[{"id":10070,"count":1},{"id":10749,"count":50},{"id":20106,"count":50}]},{"chargeVal":2000,"awards":[{"id":10070,"count":2},{"id":10749,"count":100},{"id":20106,"count":100}]}],"rankContent":"将魂战力","gift":[{"award":[{"id":20106,"count":1},{"id":10004,"count":10}],"limit":1,"name":"免费礼包","consumes":[]},{"award":[{"id":20106,"count":2},{"id":10004,"count":20}],"limit":3,"name":"免费礼包","consumes":[]},{"award":[{"id":20106,"count":3},{"id":10030,"count":10}],"limit":10,"name":"将魂助力礼包","consumes":[{"id":10003,"count":300}]},{"award":[{"id":20106,"count":5},{"id":10030,"count":20}],"limit":3,"name":"将魂畅享礼包","consumes":[{"id":10003,"count":600}]},{"award":[{"id":10756,"count":20},{"id":10030,"count":50}],"limit":3,"name":"将魂进阶礼包","consumes":[{"id":10003,"count":1000}]}],"firstName":"将魂之王","achieve":[{"value":600,"openWin":"@@showWin,260","awards":[{"id":20106,"count":3},{"id":10004,"count":50}],"desc":"将魂战力达到600"},{"value":1200,"openWin":"@@showWin,260","awards":[{"id":20106,"count":3},{"id":10004,"count":50}],"desc":"将魂战力达到1200"},{"value":1800,"openWin":"@@showWin,260","awards":[{"id":20106,"count":3},{"id":10004,"count":50}],"desc":"将魂战力达到1800"},{"value":2400,"openWin":"@@showWin,260","awards":[{"id":20106,"count":3},{"id":10004,"count":50}],"desc":"将魂战力达到2400"},{"value":3000,"openWin":"@@showWin,260","awards":[{"id":20106,"count":3},{"id":10004,"count":80}],"desc":"将魂战力达到3000"},{"value":3600,"openWin":"@@showWin,260","awards":[{"id":20106,"count":3},{"id":10004,"count":80}],"desc":"将魂战力达到3600"},{"value":4200,"openWin":"@@showWin,260","awards":[{"id":20106,"count":3},{"id":10004,"count":100}],"desc":"将魂战力达到4200"},{"value":4800,"openWin":"@@showWin,260","awards":[{"id":20106,"count":3},{"id":10004,"count":100}],"desc":"将魂战力达到4800"},{"value":5400,"openWin":"@@showWin,260","awards":[{"id":20106,"count":3},{"id":10004,"count":100}],"desc":"将魂战力达到5400"},{"value":6000,"openWin":"@@showWin,260","awards":[{"id":20106,"count":5},{"id":10004,"count":100}],"desc":"将魂战力达到6000"},{"value":7000,"openWin":"@@showWin,260","awards":[{"id":20106,"count":5},{"id":10004,"count":100}],"desc":"将魂战力达到7000"},{"value":8000,"openWin":"@@showWin,260","awards":[{"id":20106,"count":5},{"id":10004,"count":100}],"desc":"将魂战力达到8000"},{"value":9000,"openWin":"@@showWin,260","awards":[{"id":20106,"count":5},{"id":10004,"count":100}],"desc":"将魂战力达到9000"},{"value":10000,"openWin":"@@showWin,260","awards":[{"id":20106,"count":5},{"id":10004,"count":100}],"desc":"将魂战力达到10000"},{"value":11000,"openWin":"@@showWin,260","awards":[{"id":20106,"count":5},{"id":10004,"count":150}],"desc":"将魂战力达到11000"},{"value":12000,"openWin":"@@showWin,260","awards":[{"id":20106,"count":5},{"id":10004,"count":150}],"desc":"将魂战力达到12000"},{"value":13000,"openWin":"@@showWin,260","awards":[{"id":20106,"count":5},{"id":10004,"count":150}],"desc":"将魂战力达到13000"},{"value":14000,"openWin":"@@showWin,260","awards":[{"id":20106,"count":5},{"id":10004,"count":150}],"desc":"将魂战力达到14000"},{"value":16000,"openWin":"@@showWin,260","awards":[{"id":20106,"count":5},{"id":10004,"count":150}],"desc":"将魂战力达到15000"},{"value":18000,"openWin":"@@showWin,260","awards":[{"id":20106,"count":5},{"id":10004,"count":150}],"desc":"将魂战力达到18000"},{"value":20000,"openWin":"@@showWin,260","awards":[{"id":20106,"count":5},{"id":10004,"count":150}],"desc":"将魂战力达到20000"},{"value":25000,"openWin":"@@showWin,260","awards":[{"id":20106,"count":7},{"id":10004,"count":150}],"desc":"将魂战力达到25000"},{"value":30000,"openWin":"@@showWin,260","awards":[{"id":20106,"count":7},{"id":10004,"count":150}],"desc":"将魂战力达到30000"},{"value":40000,"openWin":"@@showWin,260","awards":[{"id":20106,"count":10},{"id":10004,"count":150}],"desc":"将魂战力达到40000"},{"value":50000,"openWin":"@@showWin,260","awards":[{"id":20106,"count":10},{"id":10004,"count":150}],"desc":"将魂战力达到50000"},{"value":60000,"openWin":"@@showWin,260","awards":[{"id":20106,"count":10},{"id":10004,"count":200}],"desc":"将魂战力达到60000"},{"value":70000,"openWin":"@@showWin,260","awards":[{"id":20106,"count":10},{"id":10004,"count":200}],"desc":"将魂战力达到70000"},{"value":80000,"openWin":"@@showWin,260","awards":[{"id":20106,"count":10},{"id":10004,"count":200}],"desc":"将魂战力达到80000"}],"title":"新服竞技","rankAwards":[{"needVal":40000,"awards":[{"id":12006,"count":1},{"id":10514,"count":3},{"id":20106,"count":30},{"id":11120,"count":1000}],"rank":1},{"needVal":30000,"awards":[{"id":20106,"count":20},{"id":11120,"count":800}],"rank":2},{"needVal":30000,"awards":[{"id":20106,"count":20},{"id":11120,"count":800}],"rank":3},{"needVal":25000,"awards":[{"id":20106,"count":18},{"id":11120,"count":600}],"rank":4},{"needVal":25000,"awards":[{"id":20106,"count":18},{"id":11120,"count":600}],"rank":5},{"needVal":25000,"awards":[{"id":20106,"count":18},{"id":11120,"count":600}],"rank":6},{"needVal":25000,"awards":[{"id":20106,"count":18},{"id":11120,"count":600}],"rank":7},{"needVal":25000,"awards":[{"id":20106,"count":18},{"id":11120,"count":600}],"rank":8},{"needVal":25000,"awards":[{"id":20106,"count":18},{"id":11120,"count":600}],"rank":9},{"needVal":25000,"awards":[{"id":20106,"count":18},{"id":11120,"count":600}],"rank":10},{"needVal":20000,"awards":[{"id":20106,"count":15},{"id":11120,"count":500}],"rank":11},{"needVal":20000,"awards":[{"id":20106,"count":15},{"id":11120,"count":500}],"rank":12},{"needVal":20000,"awards":[{"id":20106,"count":15},{"id":11120,"count":500}],"rank":13},{"needVal":20000,"awards":[{"id":20106,"count":15},{"id":11120,"count":500}],"rank":14},{"needVal":20000,"awards":[{"id":20106,"count":15},{"id":11120,"count":500}],"rank":15},{"needVal":20000,"awards":[{"id":20106,"count":15},{"id":11120,"count":500}],"rank":16},{"needVal":20000,"awards":[{"id":20106,"count":15},{"id":11120,"count":500}],"rank":17},{"needVal":20000,"awards":[{"id":20106,"count":15},{"id":11120,"count":500}],"rank":18},{"needVal":20000,"awards":[{"id":20106,"count":15},{"id":11120,"count":500}],"rank":19},{"needVal":20000,"awards":[{"id":20106,"count":15},{"id":11120,"count":500}],"rank":20},{"needVal":20000,"awards":[{"id":20106,"count":15},{"id":11120,"count":500}],"rank":21},{"needVal":20000,"awards":[{"id":20106,"count":15},{"id":11120,"count":500}],"rank":22},{"needVal":20000,"awards":[{"id":20106,"count":15},{"id":11120,"count":500}],"rank":23},{"needVal":20000,"awards":[{"id":20106,"count":15},{"id":11120,"count":500}],"rank":24},{"needVal":20000,"awards":[{"id":20106,"count":15},{"id":11120,"count":500}],"rank":25},{"needVal":20000,"awards":[{"id":20106,"count":15},{"id":11120,"count":500}],"rank":26},{"needVal":20000,"awards":[{"id":20106,"count":15},{"id":11120,"count":500}],"rank":27},{"needVal":20000,"awards":[{"id":20106,"count":15},{"id":11120,"count":500}],"rank":28},{"needVal":20000,"awards":[{"id":20106,"count":15},{"id":11120,"count":500}],"rank":29},{"needVal":20000,"awards":[{"id":20106,"count":15},{"id":11120,"count":500}],"rank":30},{"needVal":20000,"awards":[{"id":20106,"count":15},{"id":11120,"count":500}],"rank":31},{"needVal":20000,"awards":[{"id":20106,"count":15},{"id":11120,"count":500}],"rank":32},{"needVal":20000,"awards":[{"id":20106,"count":15},{"id":11120,"count":500}],"rank":33},{"needVal":20000,"awards":[{"id":20106,"count":15},{"id":11120,"count":500}],"rank":34},{"needVal":20000,"awards":[{"id":20106,"count":15},{"id":11120,"count":500}],"rank":35},{"needVal":20000,"awards":[{"id":20106,"count":15},{"id":11120,"count":500}],"rank":36},{"needVal":20000,"awards":[{"id":20106,"count":15},{"id":11120,"count":500}],"rank":37},{"needVal":20000,"awards":[{"id":20106,"count":15},{"id":11120,"count":500}],"rank":38},{"needVal":20000,"awards":[{"id":20106,"count":15},{"id":11120,"count":500}],"rank":39},{"needVal":20000,"awards":[{"id":20106,"count":15},{"id":11120,"count":500}],"rank":40},{"needVal":20000,"awards":[{"id":20106,"count":15},{"id":11120,"count":500}],"rank":41},{"needVal":20000,"awards":[{"id":20106,"count":15},{"id":11120,"count":500}],"rank":42},{"needVal":20000,"awards":[{"id":20106,"count":15},{"id":11120,"count":500}],"rank":43},{"needVal":20000,"awards":[{"id":20106,"count":15},{"id":11120,"count":500}],"rank":44},{"needVal":20000,"awards":[{"id":20106,"count":15},{"id":11120,"count":500}],"rank":45},{"needVal":20000,"awards":[{"id":20106,"count":15},{"id":11120,"count":500}],"rank":46},{"needVal":20000,"awards":[{"id":20106,"count":15},{"id":11120,"count":500}],"rank":47},{"needVal":20000,"awards":[{"id":20106,"count":15},{"id":11120,"count":500}],"rank":48},{"needVal":20000,"awards":[{"id":20106,"count":15},{"id":11120,"count":500}],"rank":49},{"needVal":20000,"awards":[{"id":20106,"count":15},{"id":11120,"count":500}],"rank":50}],"rmb_item":[3451,3452,3453,3454,3455,3456,3457],"content":"恭喜您获得新服竞技-将魂竞技第%d奖励，请查收","dayRange":[15,17]},{"type":7,"recharge":[{"chargeVal":50,"awards":[{"id":11121,"count":2},{"id":11120,"count":20},{"id":10028,"count":100}]},{"chargeVal":100,"awards":[{"id":11121,"count":3},{"id":11120,"count":40},{"id":10028,"count":150}]},{"chargeVal":300,"awards":[{"id":11121,"count":4},{"id":11120,"count":120},{"id":10028,"count":200}]},{"chargeVal":500,"awards":[{"id":11121,"count":5},{"id":11120,"count":250},{"id":10028,"count":300}]},{"chargeVal":1000,"awards":[{"id":10070,"count":1},{"id":11120,"count":500},{"id":10028,"count":500}]},{"chargeVal":2000,"awards":[{"id":10070,"count":2},{"id":11120,"count":1000},{"id":10028,"count":1000}]}],"rankContent":"神器战力","gift":[{"award":[{"id":10028,"count":1},{"id":10004,"count":10}],"limit":1,"name":"免费礼包","consumes":[]},{"award":[{"id":10028,"count":2},{"id":10004,"count":20}],"limit":3,"name":"免费礼包","consumes":[]},{"award":[{"id":10028,"count":3},{"id":10030,"count":10}],"limit":10,"name":"神器助力礼包","consumes":[{"id":10003,"count":300}]},{"award":[{"id":10028,"count":5},{"id":10030,"count":20}],"limit":3,"name":"神器畅享礼包","consumes":[{"id":10003,"count":600}]},{"award":[{"id":10028,"count":20},{"id":10030,"count":50}],"limit":3,"name":"神器进阶礼包","consumes":[{"id":10003,"count":1000}]}],"firstName":"神器之王","achieve":[{"value":600,"openWin":"@@showWin,58","awards":[{"id":10028,"count":20},{"id":10505,"count":20}],"desc":"神器战力达到600"},{"value":1200,"openWin":"@@showWin,58","awards":[{"id":10028,"count":20},{"id":10505,"count":20}],"desc":"神器战力达到1200"},{"value":1800,"openWin":"@@showWin,58","awards":[{"id":10028,"count":20},{"id":10505,"count":30}],"desc":"神器战力达到1800"},{"value":2400,"openWin":"@@showWin,58","awards":[{"id":10028,"count":20},{"id":10505,"count":30}],"desc":"神器战力达到2400"},{"value":3000,"openWin":"@@showWin,58","awards":[{"id":10028,"count":20},{"id":10505,"count":40}],"desc":"神器战力达到3000"},{"value":3600,"openWin":"@@showWin,58","awards":[{"id":10028,"count":20},{"id":10505,"count":40}],"desc":"神器战力达到3600"},{"value":4200,"openWin":"@@showWin,58","awards":[{"id":10028,"count":20},{"id":10505,"count":40}],"desc":"神器战力达到4200"},{"value":4800,"openWin":"@@showWin,58","awards":[{"id":10028,"count":20},{"id":10505,"count":40}],"desc":"神器战力达到4800"},{"value":5400,"openWin":"@@showWin,58","awards":[{"id":10028,"count":20},{"id":10505,"count":40}],"desc":"神器战力达到5400"},{"value":6000,"openWin":"@@showWin,58","awards":[{"id":10028,"count":30},{"id":10505,"count":60}],"desc":"神器战力达到6000"},{"value":7000,"openWin":"@@showWin,58","awards":[{"id":10028,"count":30},{"id":10505,"count":60}],"desc":"神器战力达到7000"},{"value":8000,"openWin":"@@showWin,58","awards":[{"id":10028,"count":30},{"id":10505,"count":60}],"desc":"神器战力达到8000"},{"value":9000,"openWin":"@@showWin,58","awards":[{"id":10028,"count":30},{"id":10505,"count":60}],"desc":"神器战力达到9000"},{"value":10000,"openWin":"@@showWin,58","awards":[{"id":10028,"count":30},{"id":10505,"count":60}],"desc":"神器战力达到10000"},{"value":12000,"openWin":"@@showWin,58","awards":[{"id":10028,"count":50},{"id":10505,"count":60}],"desc":"神器战力达到12000"},{"value":14000,"openWin":"@@showWin,58","awards":[{"id":10028,"count":50},{"id":10505,"count":60}],"desc":"神器战力达到14000"},{"value":16000,"openWin":"@@showWin,58","awards":[{"id":10028,"count":50},{"id":10505,"count":60}],"desc":"神器战力达到16000"},{"value":18000,"openWin":"@@showWin,58","awards":[{"id":10028,"count":50},{"id":10505,"count":60}],"desc":"神器战力达到18000"},{"value":20000,"openWin":"@@showWin,58","awards":[{"id":10028,"count":50},{"id":10505,"count":60}],"desc":"神器战力达到20000"},{"value":25000,"openWin":"@@showWin,58","awards":[{"id":10028,"count":60},{"id":10505,"count":60}],"desc":"神器战力达到25000"},{"value":30000,"openWin":"@@showWin,58","awards":[{"id":10028,"count":60},{"id":10505,"count":60}],"desc":"神器战力达到30000"},{"value":35000,"openWin":"@@showWin,58","awards":[{"id":10028,"count":60},{"id":10505,"count":60}],"desc":"神器战力达到35000"},{"value":40000,"openWin":"@@showWin,58","awards":[{"id":10028,"count":60},{"id":10505,"count":60}],"desc":"神器战力达到40000"},{"value":50000,"openWin":"@@showWin,58","awards":[{"id":10028,"count":80},{"id":10505,"count":60}],"desc":"神器战力达到50000"},{"value":60000,"openWin":"@@showWin,58","awards":[{"id":10028,"count":80},{"id":10505,"count":60}],"desc":"神器战力达到60000"},{"value":70000,"openWin":"@@showWin,58","awards":[{"id":10028,"count":80},{"id":10505,"count":60}],"desc":"神器战力达到70000"},{"value":80000,"openWin":"@@showWin,58","awards":[{"id":10028,"count":80},{"id":10505,"count":60}],"desc":"神器战力达到80000"},{"value":100000,"openWin":"@@showWin,58","awards":[{"id":10028,"count":100},{"id":10505,"count":60}],"desc":"神器战力达到10万"}],"title":"新服竞技","rankAwards":[{"needVal":40000,"awards":[{"id":12007,"count":1},{"id":10514,"count":3},{"id":10028,"count":300},{"id":11120,"count":1000}],"rank":1},{"needVal":30000,"awards":[{"id":10028,"count":200},{"id":11120,"count":800}],"rank":2},{"needVal":30000,"awards":[{"id":10028,"count":200},{"id":11120,"count":800}],"rank":3},{"needVal":25000,"awards":[{"id":10028,"count":150},{"id":11120,"count":600}],"rank":4},{"needVal":25000,"awards":[{"id":10028,"count":150},{"id":11120,"count":600}],"rank":5},{"needVal":25000,"awards":[{"id":10028,"count":150},{"id":11120,"count":600}],"rank":6},{"needVal":25000,"awards":[{"id":10028,"count":150},{"id":11120,"count":600}],"rank":7},{"needVal":25000,"awards":[{"id":10028,"count":150},{"id":11120,"count":600}],"rank":8},{"needVal":25000,"awards":[{"id":10028,"count":150},{"id":11120,"count":600}],"rank":9},{"needVal":25000,"awards":[{"id":10028,"count":150},{"id":11120,"count":600}],"rank":10},{"needVal":20000,"awards":[{"id":10028,"count":120},{"id":11120,"count":500}],"rank":11},{"needVal":20000,"awards":[{"id":10028,"count":120},{"id":11120,"count":500}],"rank":12},{"needVal":20000,"awards":[{"id":10028,"count":120},{"id":11120,"count":500}],"rank":13},{"needVal":20000,"awards":[{"id":10028,"count":120},{"id":11120,"count":500}],"rank":14},{"needVal":20000,"awards":[{"id":10028,"count":120},{"id":11120,"count":500}],"rank":15},{"needVal":20000,"awards":[{"id":10028,"count":120},{"id":11120,"count":500}],"rank":16},{"needVal":20000,"awards":[{"id":10028,"count":120},{"id":11120,"count":500}],"rank":17},{"needVal":20000,"awards":[{"id":10028,"count":120},{"id":11120,"count":500}],"rank":18},{"needVal":20000,"awards":[{"id":10028,"count":120},{"id":11120,"count":500}],"rank":19},{"needVal":20000,"awards":[{"id":10028,"count":120},{"id":11120,"count":500}],"rank":20},{"needVal":20000,"awards":[{"id":10028,"count":120},{"id":11120,"count":500}],"rank":21},{"needVal":20000,"awards":[{"id":10028,"count":120},{"id":11120,"count":500}],"rank":22},{"needVal":20000,"awards":[{"id":10028,"count":120},{"id":11120,"count":500}],"rank":23},{"needVal":20000,"awards":[{"id":10028,"count":120},{"id":11120,"count":500}],"rank":24},{"needVal":20000,"awards":[{"id":10028,"count":120},{"id":11120,"count":500}],"rank":25},{"needVal":20000,"awards":[{"id":10028,"count":120},{"id":11120,"count":500}],"rank":26},{"needVal":20000,"awards":[{"id":10028,"count":120},{"id":11120,"count":500}],"rank":27},{"needVal":20000,"awards":[{"id":10028,"count":120},{"id":11120,"count":500}],"rank":28},{"needVal":20000,"awards":[{"id":10028,"count":120},{"id":11120,"count":500}],"rank":29},{"needVal":20000,"awards":[{"id":10028,"count":120},{"id":11120,"count":500}],"rank":30},{"needVal":20000,"awards":[{"id":10028,"count":120},{"id":11120,"count":500}],"rank":31},{"needVal":20000,"awards":[{"id":10028,"count":120},{"id":11120,"count":500}],"rank":32},{"needVal":20000,"awards":[{"id":10028,"count":120},{"id":11120,"count":500}],"rank":33},{"needVal":20000,"awards":[{"id":10028,"count":120},{"id":11120,"count":500}],"rank":34},{"needVal":20000,"awards":[{"id":10028,"count":120},{"id":11120,"count":500}],"rank":35},{"needVal":20000,"awards":[{"id":10028,"count":120},{"id":11120,"count":500}],"rank":36},{"needVal":20000,"awards":[{"id":10028,"count":120},{"id":11120,"count":500}],"rank":37},{"needVal":20000,"awards":[{"id":10028,"count":120},{"id":11120,"count":500}],"rank":38},{"needVal":20000,"awards":[{"id":10028,"count":120},{"id":11120,"count":500}],"rank":39},{"needVal":20000,"awards":[{"id":10028,"count":120},{"id":11120,"count":500}],"rank":40},{"needVal":20000,"awards":[{"id":10028,"count":120},{"id":11120,"count":500}],"rank":41},{"needVal":20000,"awards":[{"id":10028,"count":120},{"id":11120,"count":500}],"rank":42},{"needVal":20000,"awards":[{"id":10028,"count":120},{"id":11120,"count":500}],"rank":43},{"needVal":20000,"awards":[{"id":10028,"count":120},{"id":11120,"count":500}],"rank":44},{"needVal":20000,"awards":[{"id":10028,"count":120},{"id":11120,"count":500}],"rank":45},{"needVal":20000,"awards":[{"id":10028,"count":120},{"id":11120,"count":500}],"rank":46},{"needVal":20000,"awards":[{"id":10028,"count":120},{"id":11120,"count":500}],"rank":47},{"needVal":20000,"awards":[{"id":10028,"count":120},{"id":11120,"count":500}],"rank":48},{"needVal":20000,"awards":[{"id":10028,"count":120},{"id":11120,"count":500}],"rank":49},{"needVal":20000,"awards":[{"id":10028,"count":120},{"id":11120,"count":500}],"rank":50}],"rmb_item":[3461,3462,3463,3464,3465,3466,3467],"content":"恭喜您获得新服竞技-神器竞技第%d奖励，请查收","dayRange":[18,20]},{"type":8,"recharge":[{"chargeVal":50,"awards":[{"id":11121,"count":2},{"id":11120,"count":20},{"id":10504,"count":50}]},{"chargeVal":100,"awards":[{"id":11121,"count":3},{"id":11120,"count":40},{"id":10504,"count":80}]},{"chargeVal":300,"awards":[{"id":11121,"count":4},{"id":11120,"count":120},{"id":10504,"count":120}]},{"chargeVal":500,"awards":[{"id":11121,"count":5},{"id":11120,"count":250},{"id":10504,"count":200}]},{"chargeVal":1000,"awards":[{"id":10070,"count":1},{"id":11120,"count":500},{"id":10504,"count":300}]},{"chargeVal":2000,"awards":[{"id":10070,"count":2},{"id":11120,"count":1000},{"id":10504,"count":500}]}],"rankContent":"生肖战力","gift":[{"award":[{"id":11120,"count":10},{"id":10004,"count":10}],"limit":1,"name":"免费礼包","consumes":[]},{"award":[{"id":11120,"count":20},{"id":10004,"count":20}],"limit":3,"name":"免费礼包","consumes":[]},{"award":[{"id":11120,"count":400},{"id":10030,"count":10}],"limit":10,"name":"生肖助力礼包","consumes":[{"id":10003,"count":300}]},{"award":[{"id":10503,"count":50},{"id":10030,"count":20}],"limit":3,"name":"生肖畅享礼包","consumes":[{"id":10003,"count":600}]},{"award":[{"id":10504,"count":20},{"id":10030,"count":50}],"limit":3,"name":"生肖进阶礼包","consumes":[{"id":10003,"count":1000}]}],"firstName":"生肖之王","achieve":[{"value":18000,"openWin":"@@showWin,120","awards":[{"id":11120,"count":100},{"id":10505,"count":20}],"desc":"生肖战力达到18000"},{"value":34000,"openWin":"@@showWin,120","awards":[{"id":11120,"count":100},{"id":10505,"count":20}],"desc":"生肖战力达到34000"},{"value":61000,"openWin":"@@showWin,120","awards":[{"id":11120,"count":100},{"id":10505,"count":30}],"desc":"生肖战力达到61000"},{"value":100000,"openWin":"@@showWin,120","awards":[{"id":11120,"count":100},{"id":10505,"count":30}],"desc":"生肖战力达到10万"},{"value":180000,"openWin":"@@showWin,120","awards":[{"id":11120,"count":100},{"id":10505,"count":40}],"desc":"生肖战力达到18万"},{"value":310000,"openWin":"@@showWin,120","awards":[{"id":11120,"count":100},{"id":10505,"count":40}],"desc":"生肖战力达到31万"},{"value":500000,"openWin":"@@showWin,120","awards":[{"id":11120,"count":100},{"id":10505,"count":40}],"desc":"生肖战力达到50万"},{"value":800000,"openWin":"@@showWin,120","awards":[{"id":11120,"count":100},{"id":10505,"count":40}],"desc":"生肖战力达到80万"},{"value":1230000,"openWin":"@@showWin,120","awards":[{"id":11120,"count":100},{"id":10505,"count":40}],"desc":"生肖战力达到123万"},{"value":1840000,"openWin":"@@showWin,120","awards":[{"id":11120,"count":150},{"id":10505,"count":60}],"desc":"生肖战力达到184万"},{"value":2690000,"openWin":"@@showWin,120","awards":[{"id":11120,"count":150},{"id":10505,"count":60}],"desc":"生肖战力达到269万"},{"value":3850000,"openWin":"@@showWin,120","awards":[{"id":11120,"count":150},{"id":10505,"count":60}],"desc":"生肖战力达到385万"},{"value":5380000,"openWin":"@@showWin,120","awards":[{"id":11120,"count":150},{"id":10505,"count":60}],"desc":"生肖战力达到538万"},{"value":7390000,"openWin":"@@showWin,120","awards":[{"id":11120,"count":150},{"id":10505,"count":60}],"desc":"生肖战力达到739万"},{"value":9980000,"openWin":"@@showWin,120","awards":[{"id":11120,"count":250},{"id":10505,"count":60}],"desc":"生肖战力达到998万"},{"value":13260000,"openWin":"@@showWin,120","awards":[{"id":11120,"count":250},{"id":10505,"count":60}],"desc":"生肖战力达到1326万"},{"value":17390000,"openWin":"@@showWin,120","awards":[{"id":11120,"count":250},{"id":10505,"count":60}],"desc":"生肖战力达到1739万"},{"value":22510000,"openWin":"@@showWin,120","awards":[{"id":11120,"count":250},{"id":10505,"count":60}],"desc":"生肖战力达到2251万"},{"value":28800000,"openWin":"@@showWin,120","awards":[{"id":11120,"count":250},{"id":10505,"count":60}],"desc":"生肖战力达到2880万"},{"value":36450000,"openWin":"@@showWin,120","awards":[{"id":11120,"count":300},{"id":10505,"count":60}],"desc":"生肖战力达到3645万"},{"value":45700000,"openWin":"@@showWin,120","awards":[{"id":11120,"count":300},{"id":10505,"count":60}],"desc":"生肖战力达到4570万"},{"value":56770000,"openWin":"@@showWin,120","awards":[{"id":11120,"count":300},{"id":10505,"count":60}],"desc":"生肖战力达到5677万"},{"value":69940000,"openWin":"@@showWin,120","awards":[{"id":11120,"count":300},{"id":10505,"count":60}],"desc":"生肖战力达到6994万"},{"value":85510000,"openWin":"@@showWin,120","awards":[{"id":11120,"count":400},{"id":10505,"count":60}],"desc":"生肖战力达到8551万"},{"value":103000000,"openWin":"@@showWin,120","awards":[{"id":11120,"count":400},{"id":10505,"count":60}],"desc":"生肖战力达到1.03亿"},{"value":125000000,"openWin":"@@showWin,120","awards":[{"id":11120,"count":400},{"id":10505,"count":60}],"desc":"生肖战力达到1.25亿"},{"value":149000000,"openWin":"@@showWin,120","awards":[{"id":11120,"count":400},{"id":10505,"count":60}],"desc":"生肖战力达到1.49亿"},{"value":178000000,"openWin":"@@showWin,120","awards":[{"id":11120,"count":500},{"id":10505,"count":60}],"desc":"生肖战力达到1.78亿"}],"title":"新服竞技","rankAwards":[{"needVal":1200000,"awards":[{"id":12008,"count":1},{"id":10514,"count":3},{"id":10028,"count":300},{"id":11120,"count":1000}],"rank":1},{"needVal":800000,"awards":[{"id":10028,"count":200},{"id":11120,"count":800}],"rank":2},{"needVal":800000,"awards":[{"id":10028,"count":200},{"id":11120,"count":800}],"rank":3},{"needVal":500000,"awards":[{"id":10028,"count":150},{"id":11120,"count":600}],"rank":4},{"needVal":500000,"awards":[{"id":10028,"count":150},{"id":11120,"count":600}],"rank":5},{"needVal":500000,"awards":[{"id":10028,"count":150},{"id":11120,"count":600}],"rank":6},{"needVal":500000,"awards":[{"id":10028,"count":150},{"id":11120,"count":600}],"rank":7},{"needVal":500000,"awards":[{"id":10028,"count":150},{"id":11120,"count":600}],"rank":8},{"needVal":500000,"awards":[{"id":10028,"count":150},{"id":11120,"count":600}],"rank":9},{"needVal":500000,"awards":[{"id":10028,"count":150},{"id":11120,"count":600}],"rank":10},{"needVal":300000,"awards":[{"id":10028,"count":120},{"id":11120,"count":500}],"rank":11},{"needVal":300000,"awards":[{"id":10028,"count":120},{"id":11120,"count":500}],"rank":12},{"needVal":300000,"awards":[{"id":10028,"count":120},{"id":11120,"count":500}],"rank":13},{"needVal":300000,"awards":[{"id":10028,"count":120},{"id":11120,"count":500}],"rank":14},{"needVal":300000,"awards":[{"id":10028,"count":120},{"id":11120,"count":500}],"rank":15},{"needVal":300000,"awards":[{"id":10028,"count":120},{"id":11120,"count":500}],"rank":16},{"needVal":300000,"awards":[{"id":10028,"count":120},{"id":11120,"count":500}],"rank":17},{"needVal":300000,"awards":[{"id":10028,"count":120},{"id":11120,"count":500}],"rank":18},{"needVal":300000,"awards":[{"id":10028,"count":120},{"id":11120,"count":500}],"rank":19},{"needVal":300000,"awards":[{"id":10028,"count":120},{"id":11120,"count":500}],"rank":20},{"needVal":300000,"awards":[{"id":10028,"count":120},{"id":11120,"count":500}],"rank":21},{"needVal":300000,"awards":[{"id":10028,"count":120},{"id":11120,"count":500}],"rank":22},{"needVal":300000,"awards":[{"id":10028,"count":120},{"id":11120,"count":500}],"rank":23},{"needVal":300000,"awards":[{"id":10028,"count":120},{"id":11120,"count":500}],"rank":24},{"needVal":300000,"awards":[{"id":10028,"count":120},{"id":11120,"count":500}],"rank":25},{"needVal":300000,"awards":[{"id":10028,"count":120},{"id":11120,"count":500}],"rank":26},{"needVal":300000,"awards":[{"id":10028,"count":120},{"id":11120,"count":500}],"rank":27},{"needVal":300000,"awards":[{"id":10028,"count":120},{"id":11120,"count":500}],"rank":28},{"needVal":300000,"awards":[{"id":10028,"count":120},{"id":11120,"count":500}],"rank":29},{"needVal":300000,"awards":[{"id":10028,"count":120},{"id":11120,"count":500}],"rank":30},{"needVal":300000,"awards":[{"id":10028,"count":120},{"id":11120,"count":500}],"rank":31},{"needVal":300000,"awards":[{"id":10028,"count":120},{"id":11120,"count":500}],"rank":32},{"needVal":300000,"awards":[{"id":10028,"count":120},{"id":11120,"count":500}],"rank":33},{"needVal":300000,"awards":[{"id":10028,"count":120},{"id":11120,"count":500}],"rank":34},{"needVal":300000,"awards":[{"id":10028,"count":120},{"id":11120,"count":500}],"rank":35},{"needVal":300000,"awards":[{"id":10028,"count":120},{"id":11120,"count":500}],"rank":36},{"needVal":300000,"awards":[{"id":10028,"count":120},{"id":11120,"count":500}],"rank":37},{"needVal":300000,"awards":[{"id":10028,"count":120},{"id":11120,"count":500}],"rank":38},{"needVal":300000,"awards":[{"id":10028,"count":120},{"id":11120,"count":500}],"rank":39},{"needVal":300000,"awards":[{"id":10028,"count":120},{"id":11120,"count":500}],"rank":40},{"needVal":300000,"awards":[{"id":10028,"count":120},{"id":11120,"count":500}],"rank":41},{"needVal":300000,"awards":[{"id":10028,"count":120},{"id":11120,"count":500}],"rank":42},{"needVal":300000,"awards":[{"id":10028,"count":120},{"id":11120,"count":500}],"rank":43},{"needVal":300000,"awards":[{"id":10028,"count":120},{"id":11120,"count":500}],"rank":44},{"needVal":300000,"awards":[{"id":10028,"count":120},{"id":11120,"count":500}],"rank":45},{"needVal":300000,"awards":[{"id":10028,"count":120},{"id":11120,"count":500}],"rank":46},{"needVal":300000,"awards":[{"id":10028,"count":120},{"id":11120,"count":500}],"rank":47},{"needVal":300000,"awards":[{"id":10028,"count":120},{"id":11120,"count":500}],"rank":48},{"needVal":300000,"awards":[{"id":10028,"count":120},{"id":11120,"count":500}],"rank":49},{"needVal":300000,"awards":[{"id":10028,"count":120},{"id":11120,"count":500}],"rank":50}],"rmb_item":[3471,3472,3473,3474,3475,3476,3477],"content":"恭喜您获得新服竞技-生肖竞技第%d奖励，请查收","dayRange":[21,23]}]}