{"OpenBoxConfig":[{"type":3,"consume":[{"id":10070,"count":1}],"list":[{"id":1,"awards":[{"id":10553,"count":1}],"pro":1000},{"id":2,"awards":[{"id":10554,"count":1}],"pro":1000},{"id":3,"awards":[{"id":10555,"count":1}],"pro":1000},{"id":4,"awards":[{"id":10556,"count":1}],"pro":1000},{"id":5,"awards":[{"id":10557,"count":1}],"pro":1000},{"id":6,"awards":[{"id":10558,"count":1}],"pro":1000}],"id":10070,"desc":"使用随机获得一件传世神装"},{"type":3,"consume":[{"id":10514,"count":1}],"list":[{"id":1,"awards":[{"id":26000,"count":1}],"pro":1000},{"id":2,"awards":[{"id":26001,"count":1}],"pro":1000},{"id":3,"awards":[{"id":26002,"count":1}],"pro":1000},{"id":4,"awards":[{"id":26003,"count":1}],"pro":1000}],"id":10514,"desc":"使用后随机获得一种“四象”铭文"},{"type":2,"consume":[{"id":10876,"count":1}],"list":[{"id":1,"awards":[{"id":57,"type":5,"count":1}],"pro":1000},{"id":2,"awards":[{"id":58,"type":5,"count":1}],"pro":1000},{"id":3,"awards":[{"id":59,"type":5,"count":1}],"pro":1000},{"id":4,"awards":[{"id":60,"type":5,"count":1}],"pro":1000},{"id":5,"awards":[{"id":61,"type":5,"count":1}],"pro":1000},{"id":6,"awards":[{"id":62,"type":5,"count":1}],"pro":1000},{"id":7,"awards":[{"id":63,"type":5,"count":1}],"pro":1000},{"id":8,"awards":[{"id":64,"type":5,"count":1}],"pro":1000},{"id":9,"awards":[{"id":65,"type":5,"count":1}],"pro":1000},{"id":10,"awards":[{"id":66,"type":5,"count":1}],"pro":1000},{"id":11,"awards":[{"id":67,"type":5,"count":1}],"pro":1000}],"id":10876,"desc":"开启后，自选1个SSS技能"},{"type":2,"consume":[{"id":10749,"count":1}],"list":[{"id":1,"awards":[{"id":10737,"count":1}],"pro":1000},{"id":2,"awards":[{"id":10738,"count":1}],"pro":1000},{"id":3,"awards":[{"id":10739,"count":1}],"pro":1000},{"id":4,"awards":[{"id":10740,"count":1}],"pro":1000},{"id":5,"awards":[{"id":10741,"count":1}],"pro":1000},{"id":6,"awards":[{"id":10742,"count":1}],"pro":1000},{"id":7,"awards":[{"id":10743,"count":1}],"pro":1000},{"id":8,"awards":[{"id":10744,"count":1}],"pro":1000},{"id":9,"awards":[{"id":10745,"count":1}],"pro":1000},{"id":10,"awards":[{"id":10746,"count":1}],"pro":1000},{"id":11,"awards":[{"id":10747,"count":1}],"pro":1000},{"id":12,"awards":[{"id":10748,"count":1}],"pro":1000}],"id":10749,"desc":"开启后，自选1个红色将魂碎片"},{"type":2,"consume":[{"id":10750,"count":1}],"list":[{"id":1,"awards":[{"id":10727,"count":1}],"pro":1000},{"id":2,"awards":[{"id":10728,"count":1}],"pro":1000},{"id":3,"awards":[{"id":10729,"count":1}],"pro":1000},{"id":4,"awards":[{"id":10730,"count":1}],"pro":1000},{"id":5,"awards":[{"id":10731,"count":1}],"pro":1000},{"id":6,"awards":[{"id":10732,"count":1}],"pro":1000},{"id":7,"awards":[{"id":10733,"count":1}],"pro":1000},{"id":8,"awards":[{"id":10734,"count":1}],"pro":1000},{"id":9,"awards":[{"id":10735,"count":1}],"pro":1000},{"id":10,"awards":[{"id":10736,"count":1}],"pro":1000}],"id":10750,"desc":"开启后，自选1个金色将魂碎片"},{"type":2,"consume":[{"id":10751,"count":1}],"list":[{"id":1,"awards":[{"id":10714,"count":1}],"pro":1000},{"id":2,"awards":[{"id":10715,"count":1}],"pro":1000},{"id":3,"awards":[{"id":10716,"count":1}],"pro":1000},{"id":4,"awards":[{"id":10717,"count":1}],"pro":1000},{"id":5,"awards":[{"id":10718,"count":1}],"pro":1000},{"id":6,"awards":[{"id":10719,"count":1}],"pro":1000},{"id":7,"awards":[{"id":10720,"count":1}],"pro":1000},{"id":8,"awards":[{"id":10721,"count":1}],"pro":1000},{"id":9,"awards":[{"id":10722,"count":1}],"pro":1000},{"id":10,"awards":[{"id":10723,"count":1}],"pro":1000},{"id":11,"awards":[{"id":10724,"count":1}],"pro":1000},{"id":12,"awards":[{"id":10725,"count":1}],"pro":1000},{"id":13,"awards":[{"id":10726,"count":1}],"pro":1000}],"id":10751,"desc":"开启后，自选1个紫色将魂碎片"},{"type":3,"consume":[{"id":10752,"count":1}],"list":[{"id":1,"awards":[{"id":10737,"count":1}],"pro":1000},{"id":2,"awards":[{"id":10738,"count":1}],"pro":1000},{"id":3,"awards":[{"id":10739,"count":1}],"pro":1000},{"id":4,"awards":[{"id":10740,"count":1}],"pro":1000},{"id":5,"awards":[{"id":10741,"count":1}],"pro":1000},{"id":6,"awards":[{"id":10742,"count":1}],"pro":1000},{"id":7,"awards":[{"id":10743,"count":1}],"pro":1000},{"id":8,"awards":[{"id":10744,"count":1}],"pro":1000},{"id":9,"awards":[{"id":10745,"count":1}],"pro":1000},{"id":10,"awards":[{"id":10746,"count":1}],"pro":1000},{"id":11,"awards":[{"id":10747,"count":1}],"pro":1000},{"id":12,"awards":[{"id":10748,"count":1}],"pro":1000}],"id":10752,"desc":"开启后，随机获得1个红色将魂碎片"},{"type":3,"consume":[{"id":10753,"count":1}],"list":[{"id":1,"awards":[{"id":10727,"count":1}],"pro":1000},{"id":2,"awards":[{"id":10728,"count":1}],"pro":1000},{"id":3,"awards":[{"id":10729,"count":1}],"pro":1000},{"id":4,"awards":[{"id":10730,"count":1}],"pro":1000},{"id":5,"awards":[{"id":10731,"count":1}],"pro":1000},{"id":6,"awards":[{"id":10732,"count":1}],"pro":1000},{"id":7,"awards":[{"id":10733,"count":1}],"pro":1000},{"id":8,"awards":[{"id":10734,"count":1}],"pro":1000},{"id":9,"awards":[{"id":10735,"count":1}],"pro":1000},{"id":10,"awards":[{"id":10736,"count":1}],"pro":1000}],"id":10753,"desc":"开启后，随机获得1个金色将魂碎片"},{"type":3,"consume":[{"id":10754,"count":1}],"list":[{"id":1,"awards":[{"id":10714,"count":1}],"pro":1000},{"id":2,"awards":[{"id":10715,"count":1}],"pro":1000},{"id":3,"awards":[{"id":10716,"count":1}],"pro":1000},{"id":4,"awards":[{"id":10717,"count":1}],"pro":1000},{"id":5,"awards":[{"id":10718,"count":1}],"pro":1000},{"id":6,"awards":[{"id":10719,"count":1}],"pro":1000},{"id":7,"awards":[{"id":10720,"count":1}],"pro":1000},{"id":8,"awards":[{"id":10721,"count":1}],"pro":1000},{"id":9,"awards":[{"id":10722,"count":1}],"pro":1000},{"id":10,"awards":[{"id":10723,"count":1}],"pro":1000},{"id":11,"awards":[{"id":10724,"count":1}],"pro":1000},{"id":12,"awards":[{"id":10725,"count":1}],"pro":1000},{"id":13,"awards":[{"id":10726,"count":1}],"pro":1000}],"id":10754,"desc":"开启后，随机获得1个紫色将魂碎片"},{"type":3,"consume":[{"id":10755,"count":1}],"list":[{"id":1,"awards":[{"id":10706,"count":1}],"pro":1000},{"id":2,"awards":[{"id":10707,"count":1}],"pro":1000},{"id":3,"awards":[{"id":10708,"count":1}],"pro":1000},{"id":4,"awards":[{"id":10709,"count":1}],"pro":1000},{"id":5,"awards":[{"id":10710,"count":1}],"pro":1000},{"id":6,"awards":[{"id":10711,"count":1}],"pro":1000},{"id":7,"awards":[{"id":10712,"count":1}],"pro":1000},{"id":8,"awards":[{"id":10713,"count":1}],"pro":1000}],"id":10755,"desc":"开启后，随机获得1个蓝色将魂碎片"},{"type":3,"consume":[{"id":10756,"count":1}],"list":[{"id":1,"awards":[{"id":10700,"count":1}],"pro":1000},{"id":2,"awards":[{"id":10701,"count":1}],"pro":1000},{"id":3,"awards":[{"id":10702,"count":1}],"pro":1000},{"id":4,"awards":[{"id":10703,"count":1}],"pro":1000},{"id":5,"awards":[{"id":10704,"count":1}],"pro":1000},{"id":6,"awards":[{"id":10705,"count":1}],"pro":1000}],"id":10756,"desc":"开启后，随机获得1个绿色将魂碎片"},{"type":3,"consume":[{"id":10077,"count":1}],"list":[{"id":1,"awards":[{"id":10073,"count":1}],"pro":1000},{"id":2,"awards":[{"id":10074,"count":1}],"pro":1000},{"id":3,"awards":[{"id":10075,"count":1}],"pro":1000},{"id":4,"awards":[{"id":10076,"count":1}],"pro":1000}],"id":10077,"desc":"随机开出1个青龙，白虎，朱雀，玄武觉醒丹"},{"type":3,"consume":[{"id":10515,"count":1}],"list":[{"id":1,"awards":[{"id":11021,"count":1}],"pro":1000},{"id":2,"awards":[{"id":11022,"count":1}],"pro":1000},{"id":3,"awards":[{"id":11023,"count":1}],"pro":1000},{"id":4,"awards":[{"id":11024,"count":1}],"pro":1000},{"id":5,"awards":[{"id":11025,"count":1}],"pro":1000}],"id":10515,"desc":"开启后，随机获得1个绿色随机幻影"},{"type":3,"consume":[{"id":10516,"count":1}],"list":[{"id":1,"awards":[{"id":11031,"count":1}],"pro":1000},{"id":2,"awards":[{"id":11032,"count":1}],"pro":1000},{"id":3,"awards":[{"id":11033,"count":1}],"pro":1000},{"id":4,"awards":[{"id":11034,"count":1}],"pro":1000},{"id":5,"awards":[{"id":11035,"count":1}],"pro":1000},{"id":6,"awards":[{"id":11036,"count":1}],"pro":1000}],"id":10516,"desc":"开启后，随机获得1个蓝色随机幻影"},{"type":3,"consume":[{"id":10517,"count":1}],"list":[{"id":1,"awards":[{"id":11041,"count":1}],"pro":1000},{"id":2,"awards":[{"id":11042,"count":1}],"pro":1000},{"id":3,"awards":[{"id":11043,"count":1}],"pro":1000},{"id":4,"awards":[{"id":11044,"count":1}],"pro":1000},{"id":5,"awards":[{"id":11045,"count":1}],"pro":1000}],"id":10517,"desc":"开启后，随机获得1个紫色随机幻影"},{"type":3,"consume":[{"id":10518,"count":1}],"list":[{"id":1,"awards":[{"id":11061,"count":1}],"pro":1000},{"id":2,"awards":[{"id":11062,"count":1}],"pro":1000},{"id":3,"awards":[{"id":11063,"count":1}],"pro":1000},{"id":4,"awards":[{"id":11064,"count":1}],"pro":1000},{"id":5,"awards":[{"id":11065,"count":1}],"pro":1000},{"id":6,"awards":[{"id":11066,"count":1}],"pro":1000}],"id":10518,"desc":"开启后，随机获得1个金色幻影"},{"type":3,"consume":[{"id":10519,"count":1}],"list":[{"id":1,"awards":[{"id":11071,"count":1}],"pro":1000},{"id":2,"awards":[{"id":11072,"count":1}],"pro":1000},{"id":3,"awards":[{"id":11073,"count":1}],"pro":1000},{"id":4,"awards":[{"id":11074,"count":1}],"pro":1000},{"id":5,"awards":[{"id":11075,"count":1}],"pro":1000},{"id":6,"awards":[{"id":11076,"count":1}],"pro":1000}],"id":10519,"desc":"开启后，随机获得1个红色幻影"},{"type":2,"consume":[{"id":10520,"count":1}],"list":[{"id":1,"awards":[{"id":11021,"count":1}],"pro":1000},{"id":2,"awards":[{"id":11022,"count":1}],"pro":1000},{"id":3,"awards":[{"id":11023,"count":1}],"pro":1000},{"id":4,"awards":[{"id":11024,"count":1}],"pro":1000},{"id":5,"awards":[{"id":11025,"count":1}],"pro":1000}],"id":10520,"desc":"开启后，自选1个绿色幻影"},{"type":2,"consume":[{"id":10521,"count":1}],"list":[{"id":1,"awards":[{"id":11031,"count":1}],"pro":1000},{"id":2,"awards":[{"id":11032,"count":1}],"pro":1000},{"id":3,"awards":[{"id":11033,"count":1}],"pro":1000},{"id":4,"awards":[{"id":11034,"count":1}],"pro":1000},{"id":5,"awards":[{"id":11035,"count":1}],"pro":1000},{"id":6,"awards":[{"id":11036,"count":1}],"pro":1000}],"id":10521,"desc":"开启后，自选1个蓝色幻影"},{"type":2,"consume":[{"id":10522,"count":1}],"list":[{"id":1,"awards":[{"id":11041,"count":1}],"pro":1000},{"id":2,"awards":[{"id":11042,"count":1}],"pro":1000},{"id":3,"awards":[{"id":11043,"count":1}],"pro":1000},{"id":4,"awards":[{"id":11044,"count":1}],"pro":1000},{"id":5,"awards":[{"id":11045,"count":1}],"pro":1000}],"id":10522,"desc":"开启后，自选1个紫色幻影"},{"type":2,"consume":[{"id":10523,"count":1}],"list":[{"id":1,"awards":[{"id":11061,"count":1}],"pro":1000},{"id":2,"awards":[{"id":11062,"count":1}],"pro":1000},{"id":3,"awards":[{"id":11063,"count":1}],"pro":1000},{"id":4,"awards":[{"id":11064,"count":1}],"pro":1000},{"id":5,"awards":[{"id":11065,"count":1}],"pro":1000},{"id":6,"awards":[{"id":11066,"count":1}],"pro":1000}],"id":10523,"desc":"开启后，自选1个金色幻影"},{"type":2,"consume":[{"id":10524,"count":1}],"list":[{"id":1,"awards":[{"id":11071,"count":1}],"pro":1000},{"id":2,"awards":[{"id":11072,"count":1}],"pro":1000},{"id":3,"awards":[{"id":11073,"count":1}],"pro":1000},{"id":4,"awards":[{"id":11074,"count":1}],"pro":1000},{"id":5,"awards":[{"id":11075,"count":1}],"pro":1000},{"id":6,"awards":[{"id":11076,"count":1}],"pro":1000}],"id":10524,"desc":"开启后，自选1个红色幻影"},{"isPet":1,"type":2,"consume":[{"id":11107,"count":1}],"list":[{"id":1,"awards":[{"id":20124,"count":31}],"pro":1000},{"id":2,"awards":[{"id":20124,"count":32}],"pro":1000},{"id":3,"awards":[{"id":20124,"count":33}],"pro":1000},{"id":4,"awards":[{"id":20124,"count":34}],"pro":1000},{"id":5,"awards":[{"id":20124,"count":35}],"pro":1000},{"id":6,"awards":[{"id":20124,"count":36}],"pro":1000},{"id":7,"awards":[{"id":20124,"count":37}],"pro":1000}],"id":11107,"desc":"开启后，自选1个彩色宠物"},{"isPet":1,"type":2,"consume":[{"id":11108,"count":1}],"list":[{"id":1,"awards":[{"id":20124,"count":23}],"pro":1000},{"id":2,"awards":[{"id":20124,"count":24}],"pro":1000},{"id":3,"awards":[{"id":20124,"count":25}],"pro":1000},{"id":4,"awards":[{"id":20124,"count":26}],"pro":1000},{"id":5,"awards":[{"id":20124,"count":27}],"pro":1000},{"id":6,"awards":[{"id":20124,"count":28}],"pro":1000},{"id":7,"awards":[{"id":20124,"count":29}],"pro":1000},{"id":8,"awards":[{"id":20124,"count":30}],"pro":1000}],"id":11108,"desc":"开启后，自选1个红色宠物"},{"isPet":1,"type":2,"consume":[{"id":11109,"count":1}],"list":[{"id":1,"awards":[{"id":20124,"count":14}],"pro":1000},{"id":2,"awards":[{"id":20124,"count":15}],"pro":1000},{"id":3,"awards":[{"id":20124,"count":16}],"pro":1000},{"id":4,"awards":[{"id":20124,"count":17}],"pro":1000},{"id":5,"awards":[{"id":20124,"count":18}],"pro":1000},{"id":6,"awards":[{"id":20124,"count":19}],"pro":1000},{"id":7,"awards":[{"id":20124,"count":20}],"pro":1000},{"id":8,"awards":[{"id":20124,"count":21}],"pro":1000},{"id":9,"awards":[{"id":20124,"count":22}],"pro":1000}],"id":11109,"desc":"开启后，自选1个金色宠物"},{"isPet":1,"type":2,"consume":[{"id":11110,"count":1}],"list":[{"id":1,"awards":[{"id":20124,"count":7}],"pro":1000},{"id":2,"awards":[{"id":20124,"count":8}],"pro":1000},{"id":3,"awards":[{"id":20124,"count":9}],"pro":1000},{"id":4,"awards":[{"id":20124,"count":10}],"pro":1000},{"id":5,"awards":[{"id":20124,"count":11}],"pro":1000},{"id":6,"awards":[{"id":20124,"count":12}],"pro":1000},{"id":7,"awards":[{"id":20124,"count":13}],"pro":1000}],"id":11110,"desc":"开启后，自选1个紫色宠物"},{"isPet":1,"type":2,"consume":[{"id":11111,"count":1}],"list":[{"id":1,"awards":[{"id":20124,"count":1}],"pro":1000},{"id":2,"awards":[{"id":20124,"count":2}],"pro":1000},{"id":3,"awards":[{"id":20124,"count":3}],"pro":1000},{"id":4,"awards":[{"id":20124,"count":4}],"pro":1000},{"id":5,"awards":[{"id":20124,"count":5}],"pro":1000},{"id":6,"awards":[{"id":20124,"count":6}],"pro":1000}],"id":11111,"desc":"开启后，自选1个蓝色宠物"},{"isPet":1,"type":3,"consume":[{"id":11112,"count":1}],"list":[{"id":1,"awards":[{"id":20124,"count":31}],"pro":1000},{"id":2,"awards":[{"id":20124,"count":32}],"pro":1000},{"id":3,"awards":[{"id":20124,"count":33}],"pro":1000},{"id":4,"awards":[{"id":20124,"count":34}],"pro":1000},{"id":5,"awards":[{"id":20124,"count":35}],"pro":1000},{"id":6,"awards":[{"id":20124,"count":36}],"pro":1000},{"id":7,"awards":[{"id":20124,"count":37}],"pro":1000}],"id":11112,"desc":"开启后，随机获得1个彩色宠物"},{"isPet":1,"type":3,"consume":[{"id":11113,"count":1}],"list":[{"id":1,"awards":[{"id":20124,"count":23}],"pro":1000},{"id":2,"awards":[{"id":20124,"count":24}],"pro":1000},{"id":3,"awards":[{"id":20124,"count":25}],"pro":1000},{"id":4,"awards":[{"id":20124,"count":26}],"pro":1000},{"id":5,"awards":[{"id":20124,"count":27}],"pro":1000},{"id":6,"awards":[{"id":20124,"count":28}],"pro":1000},{"id":7,"awards":[{"id":20124,"count":29}],"pro":1000},{"id":8,"awards":[{"id":20124,"count":30}],"pro":1000}],"id":11113,"desc":"开启后，随机获得1个红色宠物"},{"isPet":1,"type":3,"consume":[{"id":11114,"count":1}],"list":[{"id":1,"awards":[{"id":20124,"count":14}],"pro":1000},{"id":2,"awards":[{"id":20124,"count":15}],"pro":1000},{"id":3,"awards":[{"id":20124,"count":16}],"pro":1000},{"id":4,"awards":[{"id":20124,"count":17}],"pro":1000},{"id":5,"awards":[{"id":20124,"count":18}],"pro":1000},{"id":6,"awards":[{"id":20124,"count":19}],"pro":1000},{"id":7,"awards":[{"id":20124,"count":20}],"pro":1000},{"id":8,"awards":[{"id":20124,"count":21}],"pro":1000},{"id":9,"awards":[{"id":20124,"count":22}],"pro":1000}],"id":11114,"desc":"开启后，随机获得1个金色宠物"},{"isPet":1,"type":3,"consume":[{"id":11115,"count":1}],"list":[{"id":1,"awards":[{"id":20124,"count":7}],"pro":1000},{"id":2,"awards":[{"id":20124,"count":8}],"pro":1000},{"id":3,"awards":[{"id":20124,"count":9}],"pro":1000},{"id":4,"awards":[{"id":20124,"count":10}],"pro":1000},{"id":5,"awards":[{"id":20124,"count":11}],"pro":1000},{"id":6,"awards":[{"id":20124,"count":12}],"pro":1000},{"id":7,"awards":[{"id":20124,"count":13}],"pro":1000}],"id":11115,"desc":"开启后，随机获得1个紫色宠物"},{"isPet":1,"type":3,"consume":[{"id":11116,"count":1}],"list":[{"id":1,"awards":[{"id":20124,"count":1}],"pro":1000},{"id":2,"awards":[{"id":20124,"count":2}],"pro":1000},{"id":3,"awards":[{"id":20124,"count":3}],"pro":1000},{"id":4,"awards":[{"id":20124,"count":4}],"pro":1000},{"id":5,"awards":[{"id":20124,"count":5}],"pro":1000},{"id":6,"awards":[{"id":20124,"count":6}],"pro":1000}],"id":11116,"desc":"开启后，随机获得1个蓝色宠物"},{"type":2,"consume":[{"id":10065,"count":1}],"list":[{"id":1,"awards":[{"id":10008,"count":100}],"pro":1000}],"id":10065,"desc":"开启后，获得100个凤凰神羽"},{"type":3,"consume":[{"id":11122,"count":1}],"list":[{"id":1,"awards":[{"id":50001,"count":1}],"pro":1000},{"id":2,"awards":[{"id":50041,"count":1}],"pro":1000},{"id":3,"awards":[{"id":50081,"count":1}],"pro":1000},{"id":4,"awards":[{"id":50121,"count":1}],"pro":1000},{"id":5,"awards":[{"id":50161,"count":1}],"pro":1000},{"id":6,"awards":[{"id":50201,"count":1}],"pro":1000},{"id":7,"awards":[{"id":50241,"count":1}],"pro":1000},{"id":8,"awards":[{"id":50281,"count":1}],"pro":1000},{"id":9,"awards":[{"id":50321,"count":1}],"pro":1000},{"id":10,"awards":[{"id":50361,"count":1}],"pro":1000},{"id":11,"awards":[{"id":50401,"count":1}],"pro":1000},{"id":12,"awards":[{"id":50441,"count":1}],"pro":1000}],"id":11122,"desc":"开启随机获得一件1阶生肖"},{"type":3,"consume":[{"id":11123,"count":1}],"list":[{"id":1,"awards":[{"id":50003,"count":1}],"pro":1000},{"id":2,"awards":[{"id":50043,"count":1}],"pro":1000},{"id":3,"awards":[{"id":50083,"count":1}],"pro":1000},{"id":4,"awards":[{"id":50123,"count":1}],"pro":1000},{"id":5,"awards":[{"id":50163,"count":1}],"pro":1000},{"id":6,"awards":[{"id":50203,"count":1}],"pro":1000},{"id":7,"awards":[{"id":50243,"count":1}],"pro":1000},{"id":8,"awards":[{"id":50283,"count":1}],"pro":1000},{"id":9,"awards":[{"id":50323,"count":1}],"pro":1000},{"id":10,"awards":[{"id":50363,"count":1}],"pro":1000},{"id":11,"awards":[{"id":50403,"count":1}],"pro":1000},{"id":12,"awards":[{"id":50443,"count":1}],"pro":1000}],"id":11123,"desc":"开启随机获得一件3阶生肖"},{"type":3,"consume":[{"id":11124,"count":1}],"list":[{"id":1,"awards":[{"id":50005,"count":1}],"pro":1000},{"id":2,"awards":[{"id":50045,"count":1}],"pro":1000},{"id":3,"awards":[{"id":50085,"count":1}],"pro":1000},{"id":4,"awards":[{"id":50125,"count":1}],"pro":1000},{"id":5,"awards":[{"id":50165,"count":1}],"pro":1000},{"id":6,"awards":[{"id":50205,"count":1}],"pro":1000},{"id":7,"awards":[{"id":50245,"count":1}],"pro":1000},{"id":8,"awards":[{"id":50285,"count":1}],"pro":1000},{"id":9,"awards":[{"id":50325,"count":1}],"pro":1000},{"id":10,"awards":[{"id":50365,"count":1}],"pro":1000},{"id":11,"awards":[{"id":50405,"count":1}],"pro":1000},{"id":12,"awards":[{"id":50445,"count":1}],"pro":1000}],"id":11124,"desc":"开启随机获得一件5阶生肖"},{"type":3,"consume":[{"id":11125,"count":1}],"list":[{"id":1,"awards":[{"id":50007,"count":1}],"pro":1000},{"id":2,"awards":[{"id":50047,"count":1}],"pro":1000},{"id":3,"awards":[{"id":50087,"count":1}],"pro":1000},{"id":4,"awards":[{"id":50127,"count":1}],"pro":1000},{"id":5,"awards":[{"id":50167,"count":1}],"pro":1000},{"id":6,"awards":[{"id":50207,"count":1}],"pro":1000},{"id":7,"awards":[{"id":50247,"count":1}],"pro":1000},{"id":8,"awards":[{"id":50287,"count":1}],"pro":1000},{"id":9,"awards":[{"id":50327,"count":1}],"pro":1000},{"id":10,"awards":[{"id":50367,"count":1}],"pro":1000},{"id":11,"awards":[{"id":50407,"count":1}],"pro":1000},{"id":12,"awards":[{"id":50447,"count":1}],"pro":1000}],"id":11125,"desc":"开启随机获得一件7阶生肖"},{"type":3,"consume":[{"id":11126,"count":1}],"list":[{"id":1,"awards":[{"id":50009,"count":1}],"pro":1000},{"id":2,"awards":[{"id":50049,"count":1}],"pro":1000},{"id":3,"awards":[{"id":50089,"count":1}],"pro":1000},{"id":4,"awards":[{"id":50129,"count":1}],"pro":1000},{"id":5,"awards":[{"id":50169,"count":1}],"pro":1000},{"id":6,"awards":[{"id":50209,"count":1}],"pro":1000},{"id":7,"awards":[{"id":50249,"count":1}],"pro":1000},{"id":8,"awards":[{"id":50289,"count":1}],"pro":1000},{"id":9,"awards":[{"id":50329,"count":1}],"pro":1000},{"id":10,"awards":[{"id":50369,"count":1}],"pro":1000},{"id":11,"awards":[{"id":50409,"count":1}],"pro":1000},{"id":12,"awards":[{"id":50449,"count":1}],"pro":1000}],"id":11126,"desc":"开启随机获得一件9阶生肖"},{"type":3,"consume":[{"id":11127,"count":1}],"list":[{"id":1,"awards":[{"id":50011,"count":1}],"pro":1000},{"id":2,"awards":[{"id":50051,"count":1}],"pro":1000},{"id":3,"awards":[{"id":50091,"count":1}],"pro":1000},{"id":4,"awards":[{"id":50131,"count":1}],"pro":1000},{"id":5,"awards":[{"id":50171,"count":1}],"pro":1000},{"id":6,"awards":[{"id":50211,"count":1}],"pro":1000},{"id":7,"awards":[{"id":50251,"count":1}],"pro":1000},{"id":8,"awards":[{"id":50291,"count":1}],"pro":1000},{"id":9,"awards":[{"id":50331,"count":1}],"pro":1000},{"id":10,"awards":[{"id":50371,"count":1}],"pro":1000},{"id":11,"awards":[{"id":50411,"count":1}],"pro":1000},{"id":12,"awards":[{"id":50451,"count":1}],"pro":1000}],"id":11127,"desc":"开启随机获得一件11阶生肖"},{"type":3,"consume":[{"id":11128,"count":1}],"list":[{"id":1,"awards":[{"id":50013,"count":1}],"pro":1000},{"id":2,"awards":[{"id":50053,"count":1}],"pro":1000},{"id":3,"awards":[{"id":50093,"count":1}],"pro":1000},{"id":4,"awards":[{"id":50133,"count":1}],"pro":1000},{"id":5,"awards":[{"id":50173,"count":1}],"pro":1000},{"id":6,"awards":[{"id":50213,"count":1}],"pro":1000},{"id":7,"awards":[{"id":50253,"count":1}],"pro":1000},{"id":8,"awards":[{"id":50293,"count":1}],"pro":1000},{"id":9,"awards":[{"id":50333,"count":1}],"pro":1000},{"id":10,"awards":[{"id":50373,"count":1}],"pro":1000},{"id":11,"awards":[{"id":50413,"count":1}],"pro":1000},{"id":12,"awards":[{"id":50453,"count":1}],"pro":1000}],"id":11128,"desc":"开启随机获得一件13阶生肖"},{"type":3,"consume":[{"id":11129,"count":1}],"list":[{"id":1,"awards":[{"id":50015,"count":1}],"pro":1000},{"id":2,"awards":[{"id":50055,"count":1}],"pro":1000},{"id":3,"awards":[{"id":50095,"count":1}],"pro":1000},{"id":4,"awards":[{"id":50135,"count":1}],"pro":1000},{"id":5,"awards":[{"id":50175,"count":1}],"pro":1000},{"id":6,"awards":[{"id":50215,"count":1}],"pro":1000},{"id":7,"awards":[{"id":50255,"count":1}],"pro":1000},{"id":8,"awards":[{"id":50295,"count":1}],"pro":1000},{"id":9,"awards":[{"id":50335,"count":1}],"pro":1000},{"id":10,"awards":[{"id":50375,"count":1}],"pro":1000},{"id":11,"awards":[{"id":50415,"count":1}],"pro":1000},{"id":12,"awards":[{"id":50455,"count":1}],"pro":1000}],"id":11129,"desc":"开启随机获得一件15阶生肖"},{"type":3,"consume":[{"id":11130,"count":1}],"list":[{"id":1,"awards":[{"id":50017,"count":1}],"pro":1000},{"id":2,"awards":[{"id":50057,"count":1}],"pro":1000},{"id":3,"awards":[{"id":50097,"count":1}],"pro":1000},{"id":4,"awards":[{"id":50137,"count":1}],"pro":1000},{"id":5,"awards":[{"id":50177,"count":1}],"pro":1000},{"id":6,"awards":[{"id":50217,"count":1}],"pro":1000},{"id":7,"awards":[{"id":50257,"count":1}],"pro":1000},{"id":8,"awards":[{"id":50297,"count":1}],"pro":1000},{"id":9,"awards":[{"id":50337,"count":1}],"pro":1000},{"id":10,"awards":[{"id":50377,"count":1}],"pro":1000},{"id":11,"awards":[{"id":50417,"count":1}],"pro":1000},{"id":12,"awards":[{"id":50457,"count":1}],"pro":1000}],"id":11130,"desc":"开启随机获得一件17阶生肖"},{"type":3,"consume":[{"id":11131,"count":1}],"list":[{"id":1,"awards":[{"id":50019,"count":1}],"pro":1000},{"id":2,"awards":[{"id":50059,"count":1}],"pro":1000},{"id":3,"awards":[{"id":50099,"count":1}],"pro":1000},{"id":4,"awards":[{"id":50139,"count":1}],"pro":1000},{"id":5,"awards":[{"id":50179,"count":1}],"pro":1000},{"id":6,"awards":[{"id":50219,"count":1}],"pro":1000},{"id":7,"awards":[{"id":50259,"count":1}],"pro":1000},{"id":8,"awards":[{"id":50299,"count":1}],"pro":1000},{"id":9,"awards":[{"id":50339,"count":1}],"pro":1000},{"id":10,"awards":[{"id":50379,"count":1}],"pro":1000},{"id":11,"awards":[{"id":50419,"count":1}],"pro":1000},{"id":12,"awards":[{"id":50459,"count":1}],"pro":1000}],"id":11131,"desc":"开启随机获得一件19阶生肖"},{"type":3,"consume":[{"id":11132,"count":1}],"list":[{"id":1,"awards":[{"id":50021,"count":1}],"pro":1000},{"id":2,"awards":[{"id":50061,"count":1}],"pro":1000},{"id":3,"awards":[{"id":50101,"count":1}],"pro":1000},{"id":4,"awards":[{"id":50141,"count":1}],"pro":1000},{"id":5,"awards":[{"id":50181,"count":1}],"pro":1000},{"id":6,"awards":[{"id":50221,"count":1}],"pro":1000},{"id":7,"awards":[{"id":50261,"count":1}],"pro":1000},{"id":8,"awards":[{"id":50301,"count":1}],"pro":1000},{"id":9,"awards":[{"id":50341,"count":1}],"pro":1000},{"id":10,"awards":[{"id":50381,"count":1}],"pro":1000},{"id":11,"awards":[{"id":50421,"count":1}],"pro":1000},{"id":12,"awards":[{"id":50461,"count":1}],"pro":1000}],"id":11132,"desc":"开启随机获得一件21阶生肖"},{"type":3,"consume":[{"id":11133,"count":1}],"list":[{"id":1,"awards":[{"id":50023,"count":1}],"pro":1000},{"id":2,"awards":[{"id":50063,"count":1}],"pro":1000},{"id":3,"awards":[{"id":50103,"count":1}],"pro":1000},{"id":4,"awards":[{"id":50143,"count":1}],"pro":1000},{"id":5,"awards":[{"id":50183,"count":1}],"pro":1000},{"id":6,"awards":[{"id":50223,"count":1}],"pro":1000},{"id":7,"awards":[{"id":50263,"count":1}],"pro":1000},{"id":8,"awards":[{"id":50303,"count":1}],"pro":1000},{"id":9,"awards":[{"id":50343,"count":1}],"pro":1000},{"id":10,"awards":[{"id":50383,"count":1}],"pro":1000},{"id":11,"awards":[{"id":50423,"count":1}],"pro":1000},{"id":12,"awards":[{"id":50463,"count":1}],"pro":1000}],"id":11133,"desc":"开启随机获得一件23阶生肖"},{"type":3,"consume":[{"id":11134,"count":1}],"list":[{"id":1,"awards":[{"id":50025,"count":1}],"pro":1000},{"id":2,"awards":[{"id":50065,"count":1}],"pro":1000},{"id":3,"awards":[{"id":50105,"count":1}],"pro":1000},{"id":4,"awards":[{"id":50145,"count":1}],"pro":1000},{"id":5,"awards":[{"id":50185,"count":1}],"pro":1000},{"id":6,"awards":[{"id":50225,"count":1}],"pro":1000},{"id":7,"awards":[{"id":50265,"count":1}],"pro":1000},{"id":8,"awards":[{"id":50305,"count":1}],"pro":1000},{"id":9,"awards":[{"id":50345,"count":1}],"pro":1000},{"id":10,"awards":[{"id":50385,"count":1}],"pro":1000},{"id":11,"awards":[{"id":50425,"count":1}],"pro":1000},{"id":12,"awards":[{"id":50465,"count":1}],"pro":1000}],"id":11134,"desc":"开启随机获得一件25阶生肖"},{"type":3,"consume":[{"id":11135,"count":1}],"list":[{"id":1,"awards":[{"id":50027,"count":1}],"pro":1000},{"id":2,"awards":[{"id":50067,"count":1}],"pro":1000},{"id":3,"awards":[{"id":50107,"count":1}],"pro":1000},{"id":4,"awards":[{"id":50147,"count":1}],"pro":1000},{"id":5,"awards":[{"id":50187,"count":1}],"pro":1000},{"id":6,"awards":[{"id":50227,"count":1}],"pro":1000},{"id":7,"awards":[{"id":50267,"count":1}],"pro":1000},{"id":8,"awards":[{"id":50307,"count":1}],"pro":1000},{"id":9,"awards":[{"id":50347,"count":1}],"pro":1000},{"id":10,"awards":[{"id":50387,"count":1}],"pro":1000},{"id":11,"awards":[{"id":50427,"count":1}],"pro":1000},{"id":12,"awards":[{"id":50467,"count":1}],"pro":1000}],"id":11135,"desc":"开启随机获得一件27阶生肖"},{"type":3,"consume":[{"id":11136,"count":1}],"list":[{"id":1,"awards":[{"id":50029,"count":1}],"pro":1000},{"id":2,"awards":[{"id":50069,"count":1}],"pro":1000},{"id":3,"awards":[{"id":50109,"count":1}],"pro":1000},{"id":4,"awards":[{"id":50149,"count":1}],"pro":1000},{"id":5,"awards":[{"id":50189,"count":1}],"pro":1000},{"id":6,"awards":[{"id":50229,"count":1}],"pro":1000},{"id":7,"awards":[{"id":50269,"count":1}],"pro":1000},{"id":8,"awards":[{"id":50309,"count":1}],"pro":1000},{"id":9,"awards":[{"id":50349,"count":1}],"pro":1000},{"id":10,"awards":[{"id":50389,"count":1}],"pro":1000},{"id":11,"awards":[{"id":50429,"count":1}],"pro":1000},{"id":12,"awards":[{"id":50469,"count":1}],"pro":1000}],"id":11136,"desc":"开启随机获得一件29阶生肖"},{"type":3,"consume":[{"id":11137,"count":1}],"list":[{"id":1,"awards":[{"id":50031,"count":1}],"pro":1000},{"id":2,"awards":[{"id":50071,"count":1}],"pro":1000},{"id":3,"awards":[{"id":50111,"count":1}],"pro":1000},{"id":4,"awards":[{"id":50151,"count":1}],"pro":1000},{"id":5,"awards":[{"id":50191,"count":1}],"pro":1000},{"id":6,"awards":[{"id":50231,"count":1}],"pro":1000},{"id":7,"awards":[{"id":50271,"count":1}],"pro":1000},{"id":8,"awards":[{"id":50311,"count":1}],"pro":1000},{"id":9,"awards":[{"id":50351,"count":1}],"pro":1000},{"id":10,"awards":[{"id":50391,"count":1}],"pro":1000},{"id":11,"awards":[{"id":50431,"count":1}],"pro":1000},{"id":12,"awards":[{"id":50471,"count":1}],"pro":1000}],"id":11137,"desc":"开启随机获得一件31阶生肖"},{"type":3,"consume":[{"id":11138,"count":1}],"list":[{"id":1,"awards":[{"id":50033,"count":1}],"pro":1000},{"id":2,"awards":[{"id":50073,"count":1}],"pro":1000},{"id":3,"awards":[{"id":50113,"count":1}],"pro":1000},{"id":4,"awards":[{"id":50153,"count":1}],"pro":1000},{"id":5,"awards":[{"id":50193,"count":1}],"pro":1000},{"id":6,"awards":[{"id":50233,"count":1}],"pro":1000},{"id":7,"awards":[{"id":50273,"count":1}],"pro":1000},{"id":8,"awards":[{"id":50313,"count":1}],"pro":1000},{"id":9,"awards":[{"id":50353,"count":1}],"pro":1000},{"id":10,"awards":[{"id":50393,"count":1}],"pro":1000},{"id":11,"awards":[{"id":50433,"count":1}],"pro":1000},{"id":12,"awards":[{"id":50473,"count":1}],"pro":1000}],"id":11138,"desc":"开启随机获得一件33阶生肖"},{"type":3,"consume":[{"id":11139,"count":1}],"list":[{"id":1,"awards":[{"id":50035,"count":1}],"pro":1000},{"id":2,"awards":[{"id":50075,"count":1}],"pro":1000},{"id":3,"awards":[{"id":50115,"count":1}],"pro":1000},{"id":4,"awards":[{"id":50155,"count":1}],"pro":1000},{"id":5,"awards":[{"id":50195,"count":1}],"pro":1000},{"id":6,"awards":[{"id":50235,"count":1}],"pro":1000},{"id":7,"awards":[{"id":50275,"count":1}],"pro":1000},{"id":8,"awards":[{"id":50315,"count":1}],"pro":1000},{"id":9,"awards":[{"id":50355,"count":1}],"pro":1000},{"id":10,"awards":[{"id":50395,"count":1}],"pro":1000},{"id":11,"awards":[{"id":50435,"count":1}],"pro":1000},{"id":12,"awards":[{"id":50475,"count":1}],"pro":1000}],"id":11139,"desc":"开启随机获得一件35阶生肖"},{"type":3,"consume":[{"id":11140,"count":1}],"list":[{"id":1,"awards":[{"id":50037,"count":1}],"pro":1000},{"id":2,"awards":[{"id":50077,"count":1}],"pro":1000},{"id":3,"awards":[{"id":50117,"count":1}],"pro":1000},{"id":4,"awards":[{"id":50157,"count":1}],"pro":1000},{"id":5,"awards":[{"id":50197,"count":1}],"pro":1000},{"id":6,"awards":[{"id":50237,"count":1}],"pro":1000},{"id":7,"awards":[{"id":50277,"count":1}],"pro":1000},{"id":8,"awards":[{"id":50317,"count":1}],"pro":1000},{"id":9,"awards":[{"id":50357,"count":1}],"pro":1000},{"id":10,"awards":[{"id":50397,"count":1}],"pro":1000},{"id":11,"awards":[{"id":50437,"count":1}],"pro":1000},{"id":12,"awards":[{"id":50477,"count":1}],"pro":1000}],"id":11140,"desc":"开启随机获得一件37阶生肖"}]}