{"OpenServerConfig":{"rmbid":3201,"mc":"您有未领取的七日签到奖励，请提取附件！","MysteryStoreCfg":{"maxCnt":6,"allCfg":[{"range":{"min":1,"max":999},"list":[{"limit":1,"pro":1000,"id":1,"awards":[{"id":10401,"count":1}],"consume":[{"id":10003,"count":500}],"discount":100},{"limit":1,"pro":1000,"id":2,"awards":[{"id":10402,"count":1}],"consume":[{"id":10003,"count":500}],"discount":100},{"limit":1,"pro":1000,"id":3,"awards":[{"id":10403,"count":1}],"consume":[{"id":10003,"count":500}],"discount":100},{"limit":1,"pro":1000,"id":4,"awards":[{"id":10404,"count":1}],"consume":[{"id":10003,"count":500}],"discount":100},{"limit":1,"pro":1000,"id":5,"awards":[{"id":10405,"count":1}],"consume":[{"id":10003,"count":500}],"discount":100},{"limit":1,"pro":1000,"id":6,"awards":[{"id":10406,"count":1}],"consume":[{"id":10003,"count":500}],"discount":100},{"limit":1,"pro":1000,"id":7,"awards":[{"id":10030,"count":6}],"consume":[{"id":10003,"count":90}],"discount":100},{"limit":1,"pro":1000,"id":8,"awards":[{"id":10014,"count":6}],"consume":[{"id":10003,"count":36}],"discount":100},{"limit":1,"pro":1000,"id":9,"awards":[{"id":10007,"count":50}],"consume":[{"id":10003,"count":60}],"discount":100},{"limit":1,"pro":1000,"id":10,"awards":[{"id":10007,"count":80}],"consume":[{"id":10003,"count":96}],"discount":100},{"limit":1,"pro":1000,"id":11,"awards":[{"id":10008,"count":6}],"consume":[{"id":10003,"count":120}],"discount":100},{"limit":1,"pro":1000,"id":12,"awards":[{"id":10032,"count":200}],"consume":[{"id":10003,"count":50}],"discount":100},{"limit":1,"pro":1000,"id":13,"awards":[{"id":10033,"count":10}],"consume":[{"id":10003,"count":120}],"discount":100},{"limit":1,"pro":1000,"id":14,"awards":[{"id":10034,"count":10}],"consume":[{"id":10003,"count":120}],"discount":100},{"limit":1,"pro":1000,"id":15,"awards":[{"id":10035,"count":5}],"consume":[{"id":10003,"count":250}],"discount":100},{"limit":1,"pro":1000,"id":16,"awards":[{"id":10031,"count":1}],"consume":[{"id":10003,"count":80}],"discount":100},{"limit":1,"pro":1000,"id":17,"awards":[{"id":10005,"count":2}],"consume":[{"id":10003,"count":200}],"discount":100},{"limit":1,"pro":1000,"id":18,"awards":[{"id":10005,"count":5}],"consume":[{"id":10003,"count":500}],"discount":100},{"limit":1,"pro":1000,"id":19,"awards":[{"id":10005,"count":10}],"consume":[{"id":10003,"count":1000}],"discount":100},{"limit":1,"pro":300,"id":20,"awards":[{"id":10006,"count":2}],"consume":[{"id":10003,"count":600}],"discount":100},{"limit":1,"pro":1000,"id":21,"awards":[{"id":10010,"count":3}],"consume":[{"id":10003,"count":90}],"discount":100},{"limit":1,"pro":1000,"id":22,"awards":[{"id":10010,"count":6}],"consume":[{"id":10003,"count":180}],"discount":100},{"limit":1,"pro":1000,"id":23,"awards":[{"id":10081,"count":1}],"consume":[{"id":10003,"count":810}],"discount":100},{"limit":1,"pro":1000,"id":24,"awards":[{"id":10009,"count":10}],"consume":[{"id":10003,"count":20}],"discount":100},{"limit":1,"pro":1000,"id":25,"awards":[{"id":10058,"count":10}],"consume":[{"id":10003,"count":20}],"discount":100},{"limit":1,"pro":1000,"id":26,"awards":[{"id":10028,"count":10}],"consume":[{"id":10003,"count":50}],"discount":100},{"limit":1,"pro":1000,"id":27,"awards":[{"id":10028,"count":20}],"consume":[{"id":10003,"count":90}],"discount":90},{"limit":1,"pro":1000,"id":28,"awards":[{"id":10401,"count":1}],"consume":[{"id":10003,"count":450}],"discount":90},{"limit":1,"pro":1000,"id":29,"awards":[{"id":10402,"count":1}],"consume":[{"id":10003,"count":450}],"discount":90},{"limit":1,"pro":1000,"id":30,"awards":[{"id":10403,"count":1}],"consume":[{"id":10003,"count":450}],"discount":90},{"limit":1,"pro":1000,"id":31,"awards":[{"id":10404,"count":1}],"consume":[{"id":10003,"count":450}],"discount":90},{"limit":1,"pro":1000,"id":32,"awards":[{"id":10405,"count":1}],"consume":[{"id":10003,"count":450}],"discount":90},{"limit":1,"pro":1000,"id":33,"awards":[{"id":10406,"count":1}],"consume":[{"id":10003,"count":450}],"discount":90},{"limit":1,"pro":1000,"id":34,"awards":[{"id":10030,"count":6}],"consume":[{"id":10003,"count":81}],"discount":90},{"limit":1,"pro":1000,"id":35,"awards":[{"id":10014,"count":6}],"consume":[{"id":10003,"count":32}],"discount":90},{"limit":1,"pro":1000,"id":36,"awards":[{"id":10007,"count":50}],"consume":[{"id":10003,"count":54}],"discount":90},{"limit":1,"pro":1000,"id":37,"awards":[{"id":10007,"count":80}],"consume":[{"id":10003,"count":86}],"discount":90},{"limit":1,"pro":1000,"id":38,"awards":[{"id":10008,"count":6}],"consume":[{"id":10003,"count":108}],"discount":90},{"limit":1,"pro":1000,"id":39,"awards":[{"id":10032,"count":200}],"consume":[{"id":10003,"count":45}],"discount":90},{"limit":1,"pro":1000,"id":40,"awards":[{"id":10033,"count":10}],"consume":[{"id":10003,"count":108}],"discount":90},{"limit":1,"pro":1000,"id":41,"awards":[{"id":10034,"count":10}],"consume":[{"id":10003,"count":108}],"discount":90},{"limit":1,"pro":1000,"id":42,"awards":[{"id":10035,"count":5}],"consume":[{"id":10003,"count":225}],"discount":90},{"limit":1,"pro":1000,"id":43,"awards":[{"id":10031,"count":1}],"consume":[{"id":10003,"count":72}],"discount":90},{"limit":1,"pro":1000,"id":44,"awards":[{"id":10005,"count":2}],"consume":[{"id":10003,"count":180}],"discount":90},{"limit":1,"pro":1000,"id":45,"awards":[{"id":10005,"count":5}],"consume":[{"id":10003,"count":450}],"discount":90},{"limit":1,"pro":1000,"id":46,"awards":[{"id":10005,"count":10}],"consume":[{"id":10003,"count":900}],"discount":90},{"limit":1,"pro":300,"id":47,"awards":[{"id":10006,"count":2}],"consume":[{"id":10003,"count":540}],"discount":90},{"limit":1,"pro":1000,"id":48,"awards":[{"id":10010,"count":3}],"consume":[{"id":10003,"count":81}],"discount":90},{"limit":1,"pro":1000,"id":49,"awards":[{"id":10010,"count":6}],"consume":[{"id":10003,"count":162}],"discount":90},{"limit":1,"pro":1000,"id":50,"awards":[{"id":10081,"count":1}],"consume":[{"id":10003,"count":729}],"discount":90},{"limit":1,"pro":1000,"id":51,"awards":[{"id":10009,"count":10}],"consume":[{"id":10003,"count":18}],"discount":90},{"limit":1,"pro":1000,"id":52,"awards":[{"id":10058,"count":10}],"consume":[{"id":10003,"count":18}],"discount":90},{"limit":1,"pro":1000,"id":53,"awards":[{"id":10028,"count":10}],"consume":[{"id":10003,"count":45}],"discount":90},{"limit":1,"pro":1000,"id":54,"awards":[{"id":10028,"count":20}],"consume":[{"id":10003,"count":90}],"discount":90},{"limit":1,"pro":1000,"id":55,"awards":[{"id":10401,"count":1}],"consume":[{"id":10003,"count":400}],"discount":80},{"limit":1,"pro":1000,"id":56,"awards":[{"id":10402,"count":1}],"consume":[{"id":10003,"count":400}],"discount":80},{"limit":1,"pro":1000,"id":57,"awards":[{"id":10403,"count":1}],"consume":[{"id":10003,"count":400}],"discount":80},{"limit":1,"pro":1000,"id":58,"awards":[{"id":10404,"count":1}],"consume":[{"id":10003,"count":400}],"discount":80},{"limit":1,"pro":1000,"id":59,"awards":[{"id":10405,"count":1}],"consume":[{"id":10003,"count":400}],"discount":80},{"limit":1,"pro":1000,"id":60,"awards":[{"id":10406,"count":1}],"consume":[{"id":10003,"count":400}],"discount":80},{"limit":1,"pro":1000,"id":61,"awards":[{"id":10030,"count":6}],"consume":[{"id":10003,"count":72}],"discount":80},{"limit":1,"pro":1000,"id":62,"awards":[{"id":10014,"count":6}],"consume":[{"id":10003,"count":28}],"discount":80},{"limit":1,"pro":1000,"id":63,"awards":[{"id":10007,"count":50}],"consume":[{"id":10003,"count":48}],"discount":80},{"limit":1,"pro":1000,"id":64,"awards":[{"id":10007,"count":80}],"consume":[{"id":10003,"count":76}],"discount":80},{"limit":1,"pro":1000,"id":65,"awards":[{"id":10008,"count":6}],"consume":[{"id":10003,"count":96}],"discount":80},{"limit":1,"pro":1000,"id":66,"awards":[{"id":10032,"count":200}],"consume":[{"id":10003,"count":40}],"discount":80},{"limit":1,"pro":1000,"id":67,"awards":[{"id":10033,"count":10}],"consume":[{"id":10003,"count":96}],"discount":80},{"limit":1,"pro":1000,"id":68,"awards":[{"id":10034,"count":10}],"consume":[{"id":10003,"count":96}],"discount":80},{"limit":1,"pro":1000,"id":69,"awards":[{"id":10035,"count":5}],"consume":[{"id":10003,"count":200}],"discount":80},{"limit":1,"pro":1000,"id":70,"awards":[{"id":10031,"count":1}],"consume":[{"id":10003,"count":64}],"discount":80},{"limit":1,"pro":1000,"id":71,"awards":[{"id":10005,"count":2}],"consume":[{"id":10003,"count":160}],"discount":80},{"limit":1,"pro":1000,"id":72,"awards":[{"id":10005,"count":5}],"consume":[{"id":10003,"count":400}],"discount":80},{"limit":1,"pro":1000,"id":73,"awards":[{"id":10005,"count":10}],"consume":[{"id":10003,"count":800}],"discount":80},{"limit":1,"pro":300,"id":74,"awards":[{"id":10006,"count":2}],"consume":[{"id":10003,"count":480}],"discount":80},{"limit":1,"pro":1000,"id":75,"awards":[{"id":10010,"count":3}],"consume":[{"id":10003,"count":72}],"discount":80},{"limit":1,"pro":1000,"id":76,"awards":[{"id":10010,"count":6}],"consume":[{"id":10003,"count":144}],"discount":80},{"limit":1,"pro":1000,"id":77,"awards":[{"id":10081,"count":1}],"consume":[{"id":10003,"count":648}],"discount":80},{"limit":1,"pro":1000,"id":78,"awards":[{"id":10009,"count":10}],"consume":[{"id":10003,"count":16}],"discount":80},{"limit":1,"pro":1000,"id":79,"awards":[{"id":10058,"count":10}],"consume":[{"id":10003,"count":16}],"discount":80},{"limit":1,"pro":1000,"id":80,"awards":[{"id":10028,"count":10}],"consume":[{"id":10003,"count":40}],"discount":80},{"limit":1,"pro":1000,"id":81,"awards":[{"id":10028,"count":20}],"consume":[{"id":10003,"count":80}],"discount":80},{"limit":1,"pro":700,"id":82,"awards":[{"id":10401,"count":1}],"consume":[{"id":10003,"count":350}],"discount":70},{"limit":1,"pro":700,"id":83,"awards":[{"id":10402,"count":1}],"consume":[{"id":10003,"count":350}],"discount":70},{"limit":1,"pro":700,"id":84,"awards":[{"id":10403,"count":1}],"consume":[{"id":10003,"count":350}],"discount":70},{"limit":1,"pro":700,"id":85,"awards":[{"id":10404,"count":1}],"consume":[{"id":10003,"count":350}],"discount":70},{"limit":1,"pro":700,"id":86,"awards":[{"id":10405,"count":1}],"consume":[{"id":10003,"count":350}],"discount":70},{"limit":1,"pro":700,"id":87,"awards":[{"id":10406,"count":1}],"consume":[{"id":10003,"count":350}],"discount":70},{"limit":1,"pro":700,"id":88,"awards":[{"id":10030,"count":6}],"consume":[{"id":10003,"count":63}],"discount":70},{"limit":1,"pro":700,"id":89,"awards":[{"id":10014,"count":6}],"consume":[{"id":10003,"count":25}],"discount":70},{"limit":1,"pro":700,"id":90,"awards":[{"id":10007,"count":50}],"consume":[{"id":10003,"count":42}],"discount":70},{"limit":1,"pro":700,"id":91,"awards":[{"id":10007,"count":80}],"consume":[{"id":10003,"count":67}],"discount":70},{"limit":1,"pro":700,"id":92,"awards":[{"id":10008,"count":6}],"consume":[{"id":10003,"count":84}],"discount":70},{"limit":1,"pro":700,"id":93,"awards":[{"id":10032,"count":200}],"consume":[{"id":10003,"count":35}],"discount":70},{"limit":1,"pro":700,"id":94,"awards":[{"id":10033,"count":10}],"consume":[{"id":10003,"count":84}],"discount":70},{"limit":1,"pro":700,"id":95,"awards":[{"id":10034,"count":10}],"consume":[{"id":10003,"count":84}],"discount":70},{"limit":1,"pro":700,"id":96,"awards":[{"id":10035,"count":5}],"consume":[{"id":10003,"count":175}],"discount":70},{"limit":1,"pro":700,"id":97,"awards":[{"id":10031,"count":1}],"consume":[{"id":10003,"count":56}],"discount":70},{"limit":1,"pro":700,"id":98,"awards":[{"id":10005,"count":2}],"consume":[{"id":10003,"count":140}],"discount":70},{"limit":1,"pro":700,"id":99,"awards":[{"id":10005,"count":5}],"consume":[{"id":10003,"count":350}],"discount":70},{"limit":1,"pro":700,"id":100,"awards":[{"id":10005,"count":10}],"consume":[{"id":10003,"count":700}],"discount":70},{"limit":1,"pro":300,"id":101,"awards":[{"id":10006,"count":2}],"consume":[{"id":10003,"count":420}],"discount":70},{"limit":1,"pro":700,"id":102,"awards":[{"id":10010,"count":3}],"consume":[{"id":10003,"count":63}],"discount":70},{"limit":1,"pro":700,"id":103,"awards":[{"id":10010,"count":6}],"consume":[{"id":10003,"count":126}],"discount":70},{"limit":1,"pro":700,"id":104,"awards":[{"id":10081,"count":1}],"consume":[{"id":10003,"count":567}],"discount":70},{"limit":1,"pro":700,"id":105,"awards":[{"id":10009,"count":10}],"consume":[{"id":10003,"count":14}],"discount":70},{"limit":1,"pro":700,"id":106,"awards":[{"id":10058,"count":10}],"consume":[{"id":10003,"count":14}],"discount":70},{"limit":1,"pro":700,"id":107,"awards":[{"id":10028,"count":10}],"consume":[{"id":10003,"count":35}],"discount":70},{"limit":1,"pro":700,"id":108,"awards":[{"id":10028,"count":20}],"consume":[{"id":10003,"count":70}],"discount":70},{"limit":1,"pro":600,"id":109,"awards":[{"id":10401,"count":1}],"consume":[{"id":10003,"count":300}],"discount":60},{"limit":1,"pro":600,"id":110,"awards":[{"id":10402,"count":1}],"consume":[{"id":10003,"count":300}],"discount":60},{"limit":1,"pro":600,"id":111,"awards":[{"id":10403,"count":1}],"consume":[{"id":10003,"count":300}],"discount":60},{"limit":1,"pro":600,"id":112,"awards":[{"id":10404,"count":1}],"consume":[{"id":10003,"count":300}],"discount":60},{"limit":1,"pro":600,"id":113,"awards":[{"id":10405,"count":1}],"consume":[{"id":10003,"count":300}],"discount":60},{"limit":1,"pro":600,"id":114,"awards":[{"id":10406,"count":1}],"consume":[{"id":10003,"count":300}],"discount":60},{"limit":1,"pro":600,"id":115,"awards":[{"id":10030,"count":6}],"consume":[{"id":10003,"count":54}],"discount":60},{"limit":1,"pro":600,"id":116,"awards":[{"id":10014,"count":6}],"consume":[{"id":10003,"count":21}],"discount":60},{"limit":1,"pro":600,"id":117,"awards":[{"id":10007,"count":50}],"consume":[{"id":10003,"count":36}],"discount":60},{"limit":1,"pro":600,"id":118,"awards":[{"id":10007,"count":80}],"consume":[{"id":10003,"count":57}],"discount":60},{"limit":1,"pro":600,"id":119,"awards":[{"id":10008,"count":6}],"consume":[{"id":10003,"count":72}],"discount":60},{"limit":1,"pro":1000,"id":120,"awards":[{"id":10032,"count":200}],"consume":[{"id":10003,"count":30}],"discount":60},{"limit":1,"pro":1000,"id":121,"awards":[{"id":10033,"count":10}],"consume":[{"id":10003,"count":72}],"discount":60},{"limit":1,"pro":1000,"id":122,"awards":[{"id":10034,"count":10}],"consume":[{"id":10003,"count":72}],"discount":60},{"limit":1,"pro":1000,"id":123,"awards":[{"id":10035,"count":5}],"consume":[{"id":10003,"count":150}],"discount":60},{"limit":1,"pro":1000,"id":124,"awards":[{"id":10031,"count":1}],"consume":[{"id":10003,"count":48}],"discount":60},{"limit":1,"pro":600,"id":125,"awards":[{"id":10005,"count":2}],"consume":[{"id":10003,"count":120}],"discount":60},{"limit":1,"pro":600,"id":126,"awards":[{"id":10005,"count":5}],"consume":[{"id":10003,"count":300}],"discount":60},{"limit":1,"pro":600,"id":127,"awards":[{"id":10005,"count":10}],"consume":[{"id":10003,"count":600}],"discount":60},{"limit":1,"pro":300,"id":128,"awards":[{"id":10006,"count":2}],"consume":[{"id":10003,"count":360}],"discount":60},{"limit":1,"pro":600,"id":129,"awards":[{"id":10010,"count":3}],"consume":[{"id":10003,"count":54}],"discount":60},{"limit":1,"pro":600,"id":130,"awards":[{"id":10010,"count":6}],"consume":[{"id":10003,"count":108}],"discount":60},{"limit":1,"pro":600,"id":131,"awards":[{"id":10081,"count":1}],"consume":[{"id":10003,"count":486}],"discount":60},{"limit":1,"pro":600,"id":132,"awards":[{"id":10009,"count":10}],"consume":[{"id":10003,"count":12}],"discount":60},{"limit":1,"pro":600,"id":133,"awards":[{"id":10058,"count":10}],"consume":[{"id":10003,"count":12}],"discount":60},{"limit":1,"pro":600,"id":134,"awards":[{"id":10028,"count":10}],"consume":[{"id":10003,"count":30}],"discount":60},{"limit":1,"pro":600,"id":135,"awards":[{"id":10028,"count":20}],"consume":[{"id":10003,"count":60}],"discount":60},{"limit":1,"pro":500,"id":136,"awards":[{"id":10401,"count":1}],"consume":[{"id":10003,"count":250}],"discount":50},{"limit":1,"pro":300,"id":137,"awards":[{"id":10402,"count":1}],"consume":[{"id":10003,"count":250}],"discount":50},{"limit":1,"pro":300,"id":138,"awards":[{"id":10403,"count":1}],"consume":[{"id":10003,"count":250}],"discount":50},{"limit":1,"pro":300,"id":139,"awards":[{"id":10404,"count":1}],"consume":[{"id":10003,"count":250}],"discount":50},{"limit":1,"pro":300,"id":140,"awards":[{"id":10405,"count":1}],"consume":[{"id":10003,"count":250}],"discount":50},{"limit":1,"pro":300,"id":141,"awards":[{"id":10406,"count":1}],"consume":[{"id":10003,"count":250}],"discount":50},{"limit":1,"pro":300,"id":142,"awards":[{"id":10030,"count":6}],"consume":[{"id":10003,"count":45}],"discount":50},{"limit":1,"pro":300,"id":143,"awards":[{"id":10014,"count":6}],"consume":[{"id":10003,"count":18}],"discount":50},{"limit":1,"pro":300,"id":144,"awards":[{"id":10007,"count":50}],"consume":[{"id":10003,"count":30}],"discount":50},{"limit":1,"pro":300,"id":145,"awards":[{"id":10007,"count":80}],"consume":[{"id":10003,"count":48}],"discount":50},{"limit":1,"pro":300,"id":146,"awards":[{"id":10008,"count":6}],"consume":[{"id":10003,"count":60}],"discount":50},{"limit":1,"pro":1000,"id":147,"awards":[{"id":10032,"count":200}],"consume":[{"id":10003,"count":25}],"discount":50},{"limit":1,"pro":1000,"id":148,"awards":[{"id":10033,"count":10}],"consume":[{"id":10003,"count":60}],"discount":50},{"limit":1,"pro":1000,"id":149,"awards":[{"id":10034,"count":10}],"consume":[{"id":10003,"count":60}],"discount":50},{"limit":1,"pro":1000,"id":150,"awards":[{"id":10035,"count":5}],"consume":[{"id":10003,"count":125}],"discount":50},{"limit":1,"pro":1000,"id":151,"awards":[{"id":10031,"count":1}],"consume":[{"id":10003,"count":40}],"discount":50},{"limit":1,"pro":300,"id":152,"awards":[{"id":10005,"count":2}],"consume":[{"id":10003,"count":100}],"discount":50},{"limit":1,"pro":300,"id":153,"awards":[{"id":10005,"count":5}],"consume":[{"id":10003,"count":250}],"discount":50},{"limit":1,"pro":300,"id":154,"awards":[{"id":10005,"count":10}],"consume":[{"id":10003,"count":500}],"discount":50},{"limit":1,"pro":300,"id":155,"awards":[{"id":10006,"count":2}],"consume":[{"id":10003,"count":300}],"discount":50},{"limit":1,"pro":300,"id":156,"awards":[{"id":10010,"count":3}],"consume":[{"id":10003,"count":45}],"discount":50},{"limit":1,"pro":300,"id":157,"awards":[{"id":10010,"count":6}],"consume":[{"id":10003,"count":90}],"discount":50},{"limit":1,"pro":300,"id":158,"awards":[{"id":10081,"count":1}],"consume":[{"id":10003,"count":405}],"discount":50},{"limit":1,"pro":300,"id":159,"awards":[{"id":10009,"count":10}],"consume":[{"id":10003,"count":10}],"discount":50},{"limit":1,"pro":300,"id":160,"awards":[{"id":10058,"count":10}],"consume":[{"id":10003,"count":10}],"discount":50},{"limit":1,"pro":300,"id":161,"awards":[{"id":10028,"count":10}],"consume":[{"id":10003,"count":25}],"discount":50},{"limit":1,"pro":300,"id":162,"awards":[{"id":10028,"count":20}],"consume":[{"id":10003,"count":50}],"discount":50},{"limit":1,"pro":150,"id":163,"awards":[{"id":10401,"count":1}],"consume":[{"id":10003,"count":200}],"discount":40},{"limit":1,"pro":150,"id":164,"awards":[{"id":10402,"count":1}],"consume":[{"id":10003,"count":200}],"discount":40},{"limit":1,"pro":150,"id":165,"awards":[{"id":10403,"count":1}],"consume":[{"id":10003,"count":200}],"discount":40},{"limit":1,"pro":150,"id":166,"awards":[{"id":10404,"count":1}],"consume":[{"id":10003,"count":200}],"discount":40},{"limit":1,"pro":150,"id":167,"awards":[{"id":10405,"count":1}],"consume":[{"id":10003,"count":200}],"discount":40},{"limit":1,"pro":150,"id":168,"awards":[{"id":10406,"count":1}],"consume":[{"id":10003,"count":200}],"discount":40},{"limit":1,"pro":150,"id":169,"awards":[{"id":10030,"count":6}],"consume":[{"id":10003,"count":36}],"discount":40},{"limit":1,"pro":150,"id":170,"awards":[{"id":10014,"count":6}],"consume":[{"id":10003,"count":14}],"discount":40},{"limit":1,"pro":150,"id":171,"awards":[{"id":10007,"count":50}],"consume":[{"id":10003,"count":24}],"discount":40},{"limit":1,"pro":150,"id":172,"awards":[{"id":10007,"count":80}],"consume":[{"id":10003,"count":38}],"discount":40},{"limit":1,"pro":150,"id":173,"awards":[{"id":10008,"count":6}],"consume":[{"id":10003,"count":48}],"discount":40},{"limit":1,"pro":1000,"id":174,"awards":[{"id":10032,"count":200}],"consume":[{"id":10003,"count":20}],"discount":40},{"limit":1,"pro":1000,"id":175,"awards":[{"id":10033,"count":10}],"consume":[{"id":10003,"count":48}],"discount":40},{"limit":1,"pro":1000,"id":176,"awards":[{"id":10034,"count":10}],"consume":[{"id":10003,"count":48}],"discount":40},{"limit":1,"pro":1000,"id":177,"awards":[{"id":10035,"count":5}],"consume":[{"id":10003,"count":100}],"discount":40},{"limit":1,"pro":150,"id":178,"awards":[{"id":10031,"count":1}],"consume":[{"id":10003,"count":32}],"discount":40},{"limit":1,"pro":150,"id":179,"awards":[{"id":10005,"count":2}],"consume":[{"id":10003,"count":80}],"discount":40},{"limit":1,"pro":150,"id":180,"awards":[{"id":10005,"count":5}],"consume":[{"id":10003,"count":200}],"discount":40},{"limit":1,"pro":150,"id":181,"awards":[{"id":10005,"count":10}],"consume":[{"id":10003,"count":400}],"discount":40},{"limit":1,"pro":100,"id":182,"awards":[{"id":10006,"count":2}],"consume":[{"id":10003,"count":240}],"discount":40},{"limit":1,"pro":150,"id":183,"awards":[{"id":10010,"count":3}],"consume":[{"id":10003,"count":36}],"discount":40},{"limit":1,"pro":150,"id":184,"awards":[{"id":10010,"count":6}],"consume":[{"id":10003,"count":72}],"discount":40},{"limit":1,"pro":150,"id":185,"awards":[{"id":10081,"count":1}],"consume":[{"id":10003,"count":324}],"discount":40},{"limit":1,"pro":150,"id":186,"awards":[{"id":10009,"count":10}],"consume":[{"id":10003,"count":8}],"discount":40},{"limit":1,"pro":150,"id":187,"awards":[{"id":10058,"count":10}],"consume":[{"id":10003,"count":8}],"discount":40},{"limit":1,"pro":150,"id":188,"awards":[{"id":10028,"count":10}],"consume":[{"id":10003,"count":20}],"discount":40},{"limit":1,"pro":150,"id":189,"awards":[{"id":10028,"count":20}],"consume":[{"id":10003,"count":40}],"discount":40},{"limit":1,"pro":100,"id":190,"awards":[{"id":10401,"count":1}],"consume":[{"id":10003,"count":150}],"discount":30},{"limit":1,"pro":100,"id":191,"awards":[{"id":10402,"count":1}],"consume":[{"id":10003,"count":150}],"discount":30},{"limit":1,"pro":100,"id":192,"awards":[{"id":10403,"count":1}],"consume":[{"id":10003,"count":150}],"discount":30},{"limit":1,"pro":100,"id":193,"awards":[{"id":10404,"count":1}],"consume":[{"id":10003,"count":150}],"discount":30},{"limit":1,"pro":100,"id":194,"awards":[{"id":10405,"count":1}],"consume":[{"id":10003,"count":150}],"discount":30},{"limit":1,"pro":100,"id":195,"awards":[{"id":10406,"count":1}],"consume":[{"id":10003,"count":150}],"discount":30},{"limit":1,"pro":100,"id":196,"awards":[{"id":10030,"count":6}],"consume":[{"id":10003,"count":27}],"discount":30},{"limit":1,"pro":100,"id":197,"awards":[{"id":10014,"count":6}],"consume":[{"id":10003,"count":10}],"discount":30},{"limit":1,"pro":100,"id":198,"awards":[{"id":10007,"count":50}],"consume":[{"id":10003,"count":18}],"discount":30},{"limit":1,"pro":100,"id":199,"awards":[{"id":10007,"count":80}],"consume":[{"id":10003,"count":28}],"discount":30},{"limit":1,"pro":100,"id":200,"awards":[{"id":10008,"count":6}],"consume":[{"id":10003,"count":36}],"discount":30},{"limit":1,"pro":1000,"id":201,"awards":[{"id":10032,"count":200}],"consume":[{"id":10003,"count":15}],"discount":30},{"limit":1,"pro":1000,"id":202,"awards":[{"id":10033,"count":10}],"consume":[{"id":10003,"count":36}],"discount":30},{"limit":1,"pro":1000,"id":203,"awards":[{"id":10034,"count":10}],"consume":[{"id":10003,"count":36}],"discount":30},{"limit":1,"pro":1000,"id":204,"awards":[{"id":10035,"count":5}],"consume":[{"id":10003,"count":75}],"discount":30},{"limit":1,"pro":100,"id":205,"awards":[{"id":10031,"count":1}],"consume":[{"id":10003,"count":24}],"discount":30},{"limit":1,"pro":100,"id":206,"awards":[{"id":10005,"count":2}],"consume":[{"id":10003,"count":60}],"discount":30},{"limit":1,"pro":100,"id":207,"awards":[{"id":10005,"count":5}],"consume":[{"id":10003,"count":150}],"discount":30},{"limit":1,"pro":100,"id":208,"awards":[{"id":10005,"count":10}],"consume":[{"id":10003,"count":300}],"discount":30},{"limit":1,"pro":100,"id":209,"awards":[{"id":10006,"count":2}],"consume":[{"id":10003,"count":180}],"discount":30},{"limit":1,"pro":100,"id":210,"awards":[{"id":10010,"count":3}],"consume":[{"id":10003,"count":27}],"discount":30},{"limit":1,"pro":100,"id":211,"awards":[{"id":10010,"count":6}],"consume":[{"id":10003,"count":54}],"discount":30},{"limit":1,"pro":100,"id":212,"awards":[{"id":10081,"count":1}],"consume":[{"id":10003,"count":243}],"discount":30},{"limit":1,"pro":100,"id":213,"awards":[{"id":10009,"count":10}],"consume":[{"id":10003,"count":6}],"discount":30},{"limit":1,"pro":100,"id":214,"awards":[{"id":10058,"count":10}],"consume":[{"id":10003,"count":6}],"discount":30},{"limit":1,"pro":100,"id":215,"awards":[{"id":10028,"count":10}],"consume":[{"id":10003,"count":15}],"discount":30},{"limit":1,"pro":100,"id":216,"awards":[{"id":10028,"count":20}],"consume":[{"id":10003,"count":30}],"discount":30}]}],"resetCon":[{"id":10003,"count":30}],"free":3},"tips":"玩家<font color='#31B4F8'>%s</font>解锁<font color='#fe0000'>1元签到礼包</font>获得海量好礼！！<font color = '#1ccb14'><a href='event:@@showWin,126,0'><u>前往解锁</u></a></font>","boxUpCfg":[{"limit":5,"itmeId":1301},{"limit":3,"itmeId":1302},{"limit":3,"itmeId":1303},{"limit":3,"itmeId":1304},{"limit":3,"itmeId":1305},{"limit":3,"itmeId":1306},{"limit":1,"itmeId":1307}],"day":10,"sign_ex":[{"id":1,"awards":[{"id":10805,"count":1},{"id":10875,"count":5}]},{"id":2,"awards":[{"id":26000,"count":1},{"id":10500,"count":20}]},{"id":3,"awards":[{"id":10006,"count":2},{"id":10500,"count":25}]},{"id":4,"awards":[{"id":26001,"count":1},{"id":10500,"count":30}]},{"id":5,"awards":[{"id":26002,"count":1},{"id":10500,"count":35}]},{"id":6,"awards":[{"id":26003,"count":1},{"id":10500,"count":40}]},{"id":7,"awards":[{"id":20124,"count":36},{"id":11105,"count":20}],"petid":36}],"mt":"七日签到奖励","signInCfg":[{"id":1,"awards":[{"id":10004,"count":30}]},{"id":2,"awards":[{"id":10003,"count":200}]},{"id":3,"awards":[{"id":10006,"count":2}]},{"id":4,"awards":[{"id":10008,"count":50}]},{"id":5,"awards":[{"id":10010,"count":30}]},{"id":6,"awards":[{"id":10028,"count":200}]},{"id":7,"awards":[{"id":20124,"count":24}],"petid":24}],"FishFeastCfg":{"achiCfg":[{"achiId":[601],"awards":[{"id":10015,"count":1}]},{"achiId":[602],"awards":[{"id":10015,"count":2}]},{"achiId":[603],"awards":[{"id":10015,"count":3}]},{"achiId":[604],"awards":[{"id":10015,"count":4}]},{"achiId":[605],"awards":[{"id":10015,"count":5}]},{"achiId":[606],"awards":[{"id":10015,"count":6}]},{"achiId":[607],"awards":[{"id":10015,"count":1}]},{"achiId":[608],"awards":[{"id":10015,"count":2}]},{"achiId":[609],"awards":[{"id":10015,"count":3}]},{"achiId":[610],"awards":[{"id":10015,"count":4}]},{"achiId":[611],"awards":[{"id":10015,"count":5}]},{"achiId":[612],"awards":[{"id":10015,"count":6}]},{"achiId":[613],"awards":[{"id":10015,"count":1}]},{"achiId":[614],"awards":[{"id":10015,"count":2}]},{"achiId":[615],"awards":[{"id":10015,"count":3}]},{"achiId":[616],"awards":[{"id":10015,"count":4}]},{"achiId":[617],"awards":[{"id":10015,"count":5}]},{"achiId":[618],"awards":[{"id":10015,"count":6}]},{"achiId":[619],"awards":[{"id":10015,"count":1}]},{"achiId":[620],"awards":[{"id":10015,"count":2}]},{"achiId":[621],"awards":[{"id":10015,"count":3}]},{"achiId":[622],"awards":[{"id":10015,"count":4}]},{"achiId":[623],"awards":[{"id":10015,"count":5}]},{"achiId":[624],"awards":[{"id":10015,"count":6}]},{"achiId":[625],"awards":[{"id":10015,"count":1}]},{"achiId":[626],"awards":[{"id":10015,"count":2}]},{"achiId":[627],"awards":[{"id":10015,"count":3}]},{"achiId":[628],"awards":[{"id":10015,"count":4}]},{"achiId":[629],"awards":[{"id":10015,"count":5}]},{"achiId":[630],"awards":[{"id":10015,"count":6}]},{"achiId":[631],"awards":[{"id":10015,"count":7}]},{"achiId":[632],"awards":[{"id":10015,"count":1}]},{"achiId":[633],"awards":[{"id":10015,"count":2}]},{"achiId":[634],"awards":[{"id":10015,"count":3}]},{"achiId":[635],"awards":[{"id":10015,"count":4}]},{"achiId":[636],"awards":[{"id":10015,"count":4}]},{"achiId":[637],"awards":[{"id":10015,"count":4}]},{"achiId":[638],"awards":[{"id":10015,"count":5}]},{"achiId":[639],"awards":[{"id":10015,"count":5}]},{"achiId":[640],"awards":[{"id":10015,"count":5}]},{"achiId":[641],"awards":[{"id":10015,"count":5}]}],"giftCfg":[{"condition":[],"limit":5,"itmeId":1401},{"condition":[],"limit":5,"itmeId":1402},{"condition":[{"value":30,"type":10015}],"limit":5,"itmeId":1403},{"condition":[{"value":50,"type":10015}],"limit":3,"itmeId":1404},{"condition":[{"value":100,"type":10015}],"limit":3,"itmeId":1405},{"condition":[{"value":130,"type":10015}],"limit":1,"itmeId":1406}],"lvCfg":[{"awards":[{"id":10012,"count":100},{"id":10016,"count":20}],"condition":[{"value":3,"type":10015}]},{"awards":[{"id":10012,"count":200},{"id":10017,"count":20}],"condition":[{"value":6,"type":10015}]},{"awards":[{"id":10012,"count":300},{"id":10018,"count":20}],"condition":[{"value":10,"type":10015}]},{"awards":[{"id":10012,"count":500},{"id":10019,"count":20}],"condition":[{"value":15,"type":10015}]},{"awards":[{"id":10012,"count":750},{"id":10020,"count":30}],"condition":[{"value":20,"type":10015}]},{"awards":[{"id":10012,"count":1000},{"id":10021,"count":30}],"condition":[{"value":30,"type":10015}]},{"awards":[{"id":10012,"count":1500},{"id":10022,"count":30}],"condition":[{"value":40,"type":10015}]},{"awards":[{"id":10012,"count":2000},{"id":10023,"count":30}],"condition":[{"value":50,"type":10015}]},{"awards":[{"id":10012,"count":3000},{"id":10024,"count":30}],"condition":[{"value":60,"type":10015}]},{"awards":[{"id":10012,"count":4000},{"id":10025,"count":30}],"condition":[{"value":70,"type":10015}]},{"awards":[{"id":10012,"count":5000},{"id":10026,"count":50}],"condition":[{"value":80,"type":10015}]},{"awards":[{"id":10012,"count":6000},{"id":10027,"count":50}],"condition":[{"value":90,"type":10015}]},{"awards":[{"id":10012,"count":7000},{"id":10013,"count":30}],"condition":[{"value":100,"type":10015}]},{"awards":[{"id":10012,"count":8000},{"id":10013,"count":60}],"condition":[{"value":110,"type":10015}]},{"awards":[{"id":10012,"count":10000},{"id":10013,"count":100}],"condition":[{"value":120,"type":10015}]}]},"openBoxCfg":[{"achiId":[501],"awards":[{"id":10030,"count":4}]},{"achiId":[502],"awards":[{"id":10030,"count":8}]},{"achiId":[503],"awards":[{"id":10030,"count":16}]},{"achiId":[504],"awards":[{"id":10030,"count":32}]},{"achiId":[505],"awards":[{"id":10030,"count":48}]},{"achiId":[506],"awards":[{"id":10030,"count":64}]},{"achiId":[507],"awards":[{"id":10030,"count":100}]},{"achiId":[508],"awards":[{"id":10003,"count":10}]},{"achiId":[509],"awards":[{"id":10003,"count":20}]},{"achiId":[510],"awards":[{"id":10003,"count":30}]},{"achiId":[511],"awards":[{"id":10003,"count":40}]},{"achiId":[512],"awards":[{"id":10003,"count":50}]},{"achiId":[513],"awards":[{"id":10003,"count":60}]},{"achiId":[514],"awards":[{"id":10003,"count":80}]},{"achiId":[515],"awards":[{"id":10003,"count":120}]},{"achiId":[516],"awards":[{"id":10003,"count":160}]}]}}