{"PetGiftConfig":{"list":[{"id":1,"BuyCfg":[{"id":1501,"discount":50,"limit":5,"dsc":"宠物开心礼盒"},{"id":1502,"discount":50,"limit":5,"dsc":"宠物欢乐礼盒"},{"id":1503,"discount":50,"limit":3,"dsc":"宠物潮玩礼盒"},{"id":1504,"discount":50,"limit":3,"dsc":"宠物轻奢礼盒"},{"id":1505,"discount":50,"limit":3,"dsc":"宠物富贵礼盒"},{"id":1506,"discount":50,"limit":3,"dsc":"宠物奢侈礼盒"},{"id":1507,"discount":50,"limit":3,"dsc":"宠物豪气礼盒"}],"storeCfg":[{"limit":5,"awards":[{"id":10008,"count":15},{"id":10007,"count":500}],"id":1,"consumes":[{"id":10003,"count":250}],"discount":50,"dsc":"初级宠物礼包"},{"limit":5,"awards":[{"id":10062,"count":20},{"id":10007,"count":1000}],"id":2,"consumes":[{"id":10003,"count":400}],"discount":50,"dsc":"中级宠物礼包"},{"limit":3,"awards":[{"id":10404,"count":1},{"id":11105,"count":20}],"id":3,"consumes":[{"id":10003,"count":600}],"discount":30,"dsc":"高级宠物礼包"},{"limit":2,"awards":[{"id":10405,"count":2},{"id":10008,"count":50}],"id":4,"consumes":[{"id":10003,"count":1000}],"discount":20,"dsc":"超级宠物礼包"},{"limit":1,"awards":[{"id":10406,"count":3},{"id":10008,"count":150}],"id":5,"consumes":[{"id":10003,"count":3000}],"discount":10,"dsc":"特级宠物礼包"},{"limit":1,"awards":[{"id":10077,"count":1},{"id":10008,"count":400}],"id":6,"consumes":[{"id":10003,"count":6000}],"discount":10,"dsc":"顶级宠物礼包"}],"collectCfg":[{"awards":[{"id":11112,"count":1},{"id":10008,"count":300},{"id":10077,"count":3}],"dsc":"★七彩神宠★","limit":2,"consumes":[{"id":10062,"count":648}]},{"awards":[{"id":10403,"count":3},{"id":10008,"count":150},{"id":10077,"count":2}],"dsc":"★复活特戒★","limit":2,"consumes":[{"id":10062,"count":300}]},{"awards":[{"id":10402,"count":2},{"id":10008,"count":100},{"id":10077,"count":1}],"dsc":"★护体特戒★","limit":3,"consumes":[{"id":10062,"count":200}]},{"awards":[{"id":10401,"count":1},{"id":10007,"count":3000}],"dsc":"★麻痹特戒★","limit":4,"consumes":[{"id":10062,"count":100}]},{"awards":[{"id":11106,"count":10},{"id":10007,"count":2000}],"dsc":"往生花","limit":5,"consumes":[{"id":10062,"count":50}]},{"awards":[{"id":10028,"count":10},{"id":10007,"count":1000}],"dsc":"神器天降石","limit":5,"consumes":[{"id":10062,"count":25}]}]},{"id":2,"BuyCfg":[{"id":1520,"discount":50,"limit":5,"dsc":"宠物开心礼盒"},{"id":1521,"discount":50,"limit":5,"dsc":"宠物欢乐礼盒"},{"id":1522,"discount":50,"limit":3,"dsc":"宠物潮玩礼盒"},{"id":1523,"discount":50,"limit":3,"dsc":"宠物轻奢礼盒"},{"id":1524,"discount":50,"limit":3,"dsc":"宠物富贵礼盒"},{"id":1525,"discount":50,"limit":3,"dsc":"宠物奢侈礼盒"},{"id":1526,"discount":50,"limit":3,"dsc":"宠物豪气礼盒"}],"storeCfg":[{"limit":5,"awards":[{"id":10008,"count":15},{"id":10007,"count":500}],"id":1,"consumes":[{"id":10003,"count":250}],"discount":50,"dsc":"初级宠物礼包"},{"limit":5,"awards":[{"id":10062,"count":20},{"id":10007,"count":1000}],"id":2,"consumes":[{"id":10003,"count":400}],"discount":50,"dsc":"中级宠物礼包"},{"limit":3,"awards":[{"id":10404,"count":1},{"id":11105,"count":20}],"id":3,"consumes":[{"id":10003,"count":600}],"discount":30,"dsc":"高级宠物礼包"},{"limit":2,"awards":[{"id":10405,"count":2},{"id":10008,"count":50}],"id":4,"consumes":[{"id":10003,"count":1000}],"discount":20,"dsc":"超级宠物礼包"},{"limit":1,"awards":[{"id":10406,"count":3},{"id":10008,"count":150}],"id":5,"consumes":[{"id":10003,"count":3000}],"discount":10,"dsc":"特级宠物礼包"},{"limit":1,"awards":[{"id":10077,"count":1},{"id":10008,"count":400}],"id":6,"consumes":[{"id":10003,"count":6000}],"discount":10,"dsc":"顶级宠物礼包"}],"collectCfg":[{"awards":[{"id":11112,"count":1},{"id":10008,"count":300},{"id":10077,"count":3}],"dsc":"★七彩神宠★","limit":2,"consumes":[{"id":10062,"count":648}]},{"awards":[{"id":10403,"count":3},{"id":10008,"count":150},{"id":10077,"count":2}],"dsc":"★复活特戒★","limit":2,"consumes":[{"id":10062,"count":300}]},{"awards":[{"id":10402,"count":2},{"id":10008,"count":100},{"id":10077,"count":1}],"dsc":"★护体特戒★","limit":3,"consumes":[{"id":10062,"count":200}]},{"awards":[{"id":10401,"count":1},{"id":10007,"count":3000}],"dsc":"★麻痹特戒★","limit":4,"consumes":[{"id":10062,"count":100}]},{"awards":[{"id":11106,"count":10},{"id":10007,"count":2000}],"dsc":"往生花","limit":5,"consumes":[{"id":10062,"count":50}]},{"awards":[{"id":10028,"count":10},{"id":10007,"count":1000}],"dsc":"神器天降石","limit":5,"consumes":[{"id":10062,"count":25}]}]},{"id":3,"BuyCfg":[{"id":1527,"discount":50,"limit":5,"dsc":"宠物开心礼盒"},{"id":1528,"discount":50,"limit":5,"dsc":"宠物欢乐礼盒"},{"id":1529,"discount":50,"limit":3,"dsc":"宠物潮玩礼盒"},{"id":1530,"discount":50,"limit":3,"dsc":"宠物轻奢礼盒"},{"id":1531,"discount":50,"limit":3,"dsc":"宠物富贵礼盒"},{"id":1532,"discount":50,"limit":3,"dsc":"宠物奢侈礼盒"},{"id":1533,"discount":50,"limit":3,"dsc":"宠物豪气礼盒"}],"storeCfg":[{"limit":5,"awards":[{"id":10008,"count":15},{"id":10007,"count":500}],"id":1,"consumes":[{"id":10003,"count":250}],"discount":50,"dsc":"初级宠物礼包"},{"limit":5,"awards":[{"id":10062,"count":20},{"id":10007,"count":1000}],"id":2,"consumes":[{"id":10003,"count":400}],"discount":50,"dsc":"中级宠物礼包"},{"limit":3,"awards":[{"id":10404,"count":1},{"id":11105,"count":20}],"id":3,"consumes":[{"id":10003,"count":600}],"discount":30,"dsc":"高级宠物礼包"},{"limit":2,"awards":[{"id":10405,"count":2},{"id":10008,"count":50}],"id":4,"consumes":[{"id":10003,"count":1000}],"discount":20,"dsc":"超级宠物礼包"},{"limit":1,"awards":[{"id":10406,"count":3},{"id":10008,"count":150}],"id":5,"consumes":[{"id":10003,"count":3000}],"discount":10,"dsc":"特级宠物礼包"},{"limit":1,"awards":[{"id":10077,"count":1},{"id":10008,"count":400}],"id":6,"consumes":[{"id":10003,"count":6000}],"discount":10,"dsc":"顶级宠物礼包"}],"collectCfg":[{"awards":[{"id":11112,"count":1},{"id":10008,"count":300},{"id":10077,"count":3}],"dsc":"★七彩神宠★","limit":2,"consumes":[{"id":10062,"count":648}]},{"awards":[{"id":10403,"count":3},{"id":10008,"count":150},{"id":10077,"count":2}],"dsc":"★复活特戒★","limit":2,"consumes":[{"id":10062,"count":300}]},{"awards":[{"id":10402,"count":2},{"id":10008,"count":100},{"id":10077,"count":1}],"dsc":"★护体特戒★","limit":3,"consumes":[{"id":10062,"count":200}]},{"awards":[{"id":10401,"count":1},{"id":10007,"count":3000}],"dsc":"★麻痹特戒★","limit":4,"consumes":[{"id":10062,"count":100}]},{"awards":[{"id":11106,"count":10},{"id":10007,"count":2000}],"dsc":"往生花","limit":5,"consumes":[{"id":10062,"count":50}]},{"awards":[{"id":10028,"count":10},{"id":10007,"count":1000}],"dsc":"神器天降石","limit":5,"consumes":[{"id":10062,"count":25}]}]},{"id":4,"BuyCfg":[{"id":1534,"discount":50,"limit":5,"dsc":"宠物开心礼盒"},{"id":1535,"discount":50,"limit":5,"dsc":"宠物欢乐礼盒"},{"id":1536,"discount":50,"limit":3,"dsc":"宠物潮玩礼盒"},{"id":1537,"discount":50,"limit":3,"dsc":"宠物轻奢礼盒"},{"id":1538,"discount":50,"limit":3,"dsc":"宠物富贵礼盒"},{"id":1539,"discount":50,"limit":3,"dsc":"宠物奢侈礼盒"},{"id":1540,"discount":50,"limit":3,"dsc":"宠物豪气礼盒"}],"storeCfg":[{"limit":5,"awards":[{"id":10008,"count":15},{"id":10007,"count":500}],"id":1,"consumes":[{"id":10003,"count":250}],"discount":50,"dsc":"初级宠物礼包"},{"limit":5,"awards":[{"id":10062,"count":20},{"id":10007,"count":1000}],"id":2,"consumes":[{"id":10003,"count":400}],"discount":50,"dsc":"中级宠物礼包"},{"limit":3,"awards":[{"id":10404,"count":1},{"id":11105,"count":20}],"id":3,"consumes":[{"id":10003,"count":600}],"discount":30,"dsc":"高级宠物礼包"},{"limit":2,"awards":[{"id":10405,"count":2},{"id":10008,"count":50}],"id":4,"consumes":[{"id":10003,"count":1000}],"discount":20,"dsc":"超级宠物礼包"},{"limit":1,"awards":[{"id":10406,"count":3},{"id":10008,"count":150}],"id":5,"consumes":[{"id":10003,"count":3000}],"discount":10,"dsc":"特级宠物礼包"},{"limit":1,"awards":[{"id":10077,"count":1},{"id":10008,"count":400}],"id":6,"consumes":[{"id":10003,"count":6000}],"discount":10,"dsc":"顶级宠物礼包"}],"collectCfg":[{"awards":[{"id":11112,"count":1},{"id":10008,"count":300},{"id":10077,"count":3}],"dsc":"★七彩神宠★","limit":2,"consumes":[{"id":10062,"count":648}]},{"awards":[{"id":10403,"count":3},{"id":10008,"count":150},{"id":10077,"count":2}],"dsc":"★复活特戒★","limit":2,"consumes":[{"id":10062,"count":300}]},{"awards":[{"id":10402,"count":2},{"id":10008,"count":100},{"id":10077,"count":1}],"dsc":"★护体特戒★","limit":3,"consumes":[{"id":10062,"count":200}]},{"awards":[{"id":10401,"count":1},{"id":10007,"count":3000}],"dsc":"★麻痹特戒★","limit":4,"consumes":[{"id":10062,"count":100}]},{"awards":[{"id":11106,"count":10},{"id":10007,"count":2000}],"dsc":"往生花","limit":5,"consumes":[{"id":10062,"count":50}]},{"awards":[{"id":10028,"count":10},{"id":10007,"count":1000}],"dsc":"神器天降石","limit":5,"consumes":[{"id":10062,"count":25}]}]},{"id":5,"BuyCfg":[{"id":1541,"discount":50,"limit":5,"dsc":"宠物开心礼盒"},{"id":1542,"discount":50,"limit":5,"dsc":"宠物欢乐礼盒"},{"id":1543,"discount":50,"limit":3,"dsc":"宠物潮玩礼盒"},{"id":1544,"discount":50,"limit":3,"dsc":"宠物轻奢礼盒"},{"id":1545,"discount":50,"limit":3,"dsc":"宠物富贵礼盒"},{"id":1546,"discount":50,"limit":3,"dsc":"宠物奢侈礼盒"},{"id":1547,"discount":50,"limit":3,"dsc":"宠物豪气礼盒"}],"storeCfg":[{"limit":5,"awards":[{"id":10008,"count":15},{"id":10007,"count":500}],"id":1,"consumes":[{"id":10003,"count":250}],"discount":50,"dsc":"初级宠物礼包"},{"limit":5,"awards":[{"id":10062,"count":20},{"id":10007,"count":1000}],"id":2,"consumes":[{"id":10003,"count":400}],"discount":50,"dsc":"中级宠物礼包"},{"limit":3,"awards":[{"id":10404,"count":1},{"id":11105,"count":20}],"id":3,"consumes":[{"id":10003,"count":600}],"discount":30,"dsc":"高级宠物礼包"},{"limit":2,"awards":[{"id":10405,"count":2},{"id":10008,"count":50}],"id":4,"consumes":[{"id":10003,"count":1000}],"discount":20,"dsc":"超级宠物礼包"},{"limit":1,"awards":[{"id":10406,"count":3},{"id":10008,"count":150}],"id":5,"consumes":[{"id":10003,"count":3000}],"discount":10,"dsc":"特级宠物礼包"},{"limit":1,"awards":[{"id":10077,"count":1},{"id":10008,"count":400}],"id":6,"consumes":[{"id":10003,"count":6000}],"discount":10,"dsc":"顶级宠物礼包"}],"collectCfg":[{"awards":[{"id":11112,"count":1},{"id":10008,"count":300},{"id":10077,"count":3}],"dsc":"★七彩神宠★","limit":2,"consumes":[{"id":10062,"count":648}]},{"awards":[{"id":10403,"count":3},{"id":10008,"count":150},{"id":10077,"count":2}],"dsc":"★复活特戒★","limit":2,"consumes":[{"id":10062,"count":300}]},{"awards":[{"id":10402,"count":2},{"id":10008,"count":100},{"id":10077,"count":1}],"dsc":"★护体特戒★","limit":3,"consumes":[{"id":10062,"count":200}]},{"awards":[{"id":10401,"count":1},{"id":10007,"count":3000}],"dsc":"★麻痹特戒★","limit":4,"consumes":[{"id":10062,"count":100}]},{"awards":[{"id":11106,"count":10},{"id":10007,"count":2000}],"dsc":"往生花","limit":5,"consumes":[{"id":10062,"count":50}]},{"awards":[{"id":10028,"count":10},{"id":10007,"count":1000}],"dsc":"神器天降石","limit":5,"consumes":[{"id":10062,"count":25}]}]}],"openTime":604800}}