{"PkConfig":{"WeekAwardMailText":"竞技场每周奖励如下","FreshCost":[{"id":10002,"count":500}],"dayAwardMailHead":"竞技场每日奖励","PkPointDes":15,"FreshCD":90,"rule_add":0.10,"FirstTitleId":11,"PKCost":[{"id":10031,"count":1}],"InitPkTimes":3,"rule_base":0.50,"WeekAwardMailHead":"竞技场每周奖励","weekEndTime":[0,0,0],"BeatRecordNum":10,"DayAward":[{"index":[1,1],"award":[{"id":10003,"count":300},{"id":10005,"count":30}]},{"index":[2,2],"award":[{"id":10003,"count":200},{"id":10005,"count":20}]},{"index":[3,3],"award":[{"id":10003,"count":100},{"id":10005,"count":15}]},{"index":[4,4],"award":[{"id":10003,"count":80},{"id":10005,"count":12}]},{"index":[5,10],"award":[{"id":10003,"count":50},{"id":10005,"count":10}]},{"index":[11,20],"award":[{"id":10003,"count":50},{"id":10005,"count":5}]},{"index":[21,50],"award":[{"id":10003,"count":50},{"id":10005,"count":3}]},{"index":[51,100],"award":[{"id":10003,"count":50},{"id":10005,"count":2}]},{"index":[100,99999],"award":[{"id":10003,"count":10},{"id":10005,"count":1}]}],"dayAwardMailText":"竞技场每日奖励如下","WeekAward":[{"index":[1,1],"award":[{"id":10003,"count":2000},{"id":10006,"count":9}]},{"index":[2,2],"award":[{"id":10003,"count":1500},{"id":10006,"count":7}]},{"index":[3,3],"award":[{"id":10003,"count":1000},{"id":10006,"count":6}]},{"index":[4,4],"award":[{"id":10003,"count":800},{"id":10006,"count":5}]},{"index":[5,6],"award":[{"id":10003,"count":600},{"id":10006,"count":5}]},{"index":[7,10],"award":[{"id":10003,"count":600},{"id":10006,"count":4}]},{"index":[11,20],"award":[{"id":10003,"count":400},{"id":10006,"count":4}]},{"index":[21,30],"award":[{"id":10003,"count":200},{"id":10006,"count":4}]},{"index":[31,50],"award":[{"id":10003,"count":200},{"id":10006,"count":3}]},{"index":[51,100],"award":[{"id":10003,"count":150},{"id":10006,"count":3}]},{"index":[100,99999],"award":[{"id":10003,"count":100},{"id":10006,"count":2}]}],"PKWinAward":[{"id":10005,"count":1},{"id":10002,"count":2500}],"dayEndTime":[22,0]}}