{"PrivateLandConfig":{"tepPmeopleCost":[{"id":10003,"count":8}],"refreshLandCost":[[{"id":10003,"count":20}],[{"id":10003,"count":25}],[{"id":10003,"count":35}],[{"id":10003,"count":50}],[{"id":10003,"count":70}],[{"id":10003,"count":100}],[{"id":10003,"count":140}],[{"id":10003,"count":190}],[{"id":10003,"count":250}],[{"id":10003,"count":300}]],"landAdTimes":5,"maxLandBox":6,"neighbourNum":3,"recordMaxNum":10,"maxPeopleNum":11,"LandAdCd":300,"initPeople":1,"limitGift":[{"conditions":[{"value":5,"type":20001}],"name":"石料礼包","list":[{"dsc1":"(已优惠66%)","sy":300,"rmbId":1251,"dsc":"￥90"},{"dsc1":"(已优惠66%)","sy":290,"rmbId":1252,"dsc":"￥200"},{"dsc1":"(已优惠66%)","sy":310,"rmbId":1253,"dsc":"￥392"},{"dsc1":"(已优惠65%)","sy":320,"rmbId":1254,"dsc":"￥558"},{"dsc1":"(已优惠63%)","sy":280,"rmbId":1255,"dsc":"￥868"},{"dsc1":"(已优惠62%)","sy":270,"rmbId":1256,"dsc":"￥1668"}]},{"conditions":[{"value":5,"type":20001}],"name":"食物礼包","list":[{"dsc1":"(已优惠66%)","sy":300,"rmbId":1257,"dsc":"￥90"},{"dsc1":"(已优惠66%)","sy":290,"rmbId":1258,"dsc":"￥200"},{"dsc1":"(已优惠66%)","sy":310,"rmbId":1259,"dsc":"￥392"},{"dsc1":"(已优惠65%)","sy":320,"rmbId":1260,"dsc":"￥558"},{"dsc1":"(已优惠63%)","sy":280,"rmbId":1261,"dsc":"￥868"},{"dsc1":"(已优惠62%)","sy":270,"rmbId":1262,"dsc":"￥1668"}]}],"noAdCost":[{"id":10003,"count":5}],"landLevelConf":[{"cost":[{"id":10058,"count":0}],"level":1},{"cost":[{"id":10058,"count":30}],"level":2},{"cost":[{"id":10058,"count":90}],"level":3},{"cost":[{"id":10058,"count":270}],"level":4},{"cost":[{"id":10058,"count":810}],"level":5},{"cost":[{"id":10058,"count":2430}],"level":6},{"cost":[{"id":10058,"count":7290}],"level":7},{"cost":[{"id":10058,"count":21870}],"level":8},{"cost":[{"id":10058,"count":65610}],"level":9}],"enemymax":15,"maxDistance":80000,"boxlib":[{"libs":[{"batch":62000,"type":1,"award":[{"id":10004,"count":5}],"simplespeed":266,"id":1,"level":1,"icon":"manor_json.icon1","maxpeople":2},{"batch":15000,"type":1,"award":[{"id":10004,"count":10}],"simplespeed":133,"id":2,"level":2,"icon":"manor_json.icon1","maxpeople":3},{"batch":5000,"type":1,"award":[{"id":10004,"count":35}],"simplespeed":50,"id":3,"level":3,"icon":"manor_json.icon1","maxpeople":4},{"batch":200,"type":1,"award":[{"id":10004,"count":55}],"simplespeed":36,"id":4,"level":4,"icon":"manor_json.icon1","maxpeople":5},{"batch":100,"type":1,"award":[{"id":10004,"count":75}],"simplespeed":22,"id":5,"level":5,"icon":"manor_json.icon1","maxpeople":6},{"batch":50,"type":1,"award":[{"id":10004,"count":95}],"simplespeed":19,"id":6,"level":6,"icon":"manor_json.icon1","maxpeople":6},{"batch":10,"type":1,"award":[{"id":10004,"count":125}],"simplespeed":16,"id":7,"level":7,"icon":"manor_json.icon1","maxpeople":6},{"batch":10,"type":5,"award":[{"id":10002,"count":900}],"simplespeed":333,"id":8,"level":1,"icon":"manor_json.icon5","maxpeople":2},{"batch":20,"type":5,"award":[{"id":10002,"count":1800}],"simplespeed":166,"id":9,"level":2,"icon":"manor_json.icon5","maxpeople":3},{"batch":30,"type":5,"award":[{"id":10002,"count":2700}],"simplespeed":83,"id":10,"level":3,"icon":"manor_json.icon5","maxpeople":4},{"batch":20,"type":5,"award":[{"id":10002,"count":3600}],"simplespeed":66,"id":11,"level":4,"icon":"manor_json.icon5","maxpeople":5},{"batch":10,"type":5,"award":[{"id":10002,"count":4500}],"simplespeed":55,"id":12,"level":5,"icon":"manor_json.icon5","maxpeople":6},{"batch":5,"type":5,"award":[{"id":10002,"count":5400}],"simplespeed":47,"id":13,"level":6,"icon":"manor_json.icon5","maxpeople":6},{"batch":1,"type":5,"award":[{"id":10002,"count":6300}],"simplespeed":41,"id":14,"level":7,"icon":"manor_json.icon5","maxpeople":6},{"batch":2000,"type":4,"award":[{"id":10003,"count":4}],"simplespeed":222,"id":15,"level":1,"icon":"manor_json.icon4","maxpeople":2},{"batch":50,"type":4,"award":[{"id":10003,"count":8}],"simplespeed":133,"id":16,"level":2,"icon":"manor_json.icon4","maxpeople":3},{"batch":20,"type":4,"award":[{"id":10003,"count":12}],"simplespeed":97,"id":17,"level":3,"icon":"manor_json.icon4","maxpeople":4},{"batch":10,"type":4,"award":[{"id":10003,"count":16}],"simplespeed":74,"id":18,"level":4,"icon":"manor_json.icon4","maxpeople":5},{"batch":5,"type":4,"award":[{"id":10003,"count":20}],"simplespeed":63,"id":19,"level":5,"icon":"manor_json.icon4","maxpeople":6},{"batch":2,"type":4,"award":[{"id":10003,"count":24}],"simplespeed":55,"id":20,"level":6,"icon":"manor_json.icon4","maxpeople":6},{"batch":1,"type":4,"award":[{"id":10003,"count":28}],"simplespeed":49,"id":21,"level":7,"icon":"manor_json.icon4","maxpeople":6},{"batch":12000,"type":2,"award":[{"id":10009,"count":2}],"simplespeed":166,"id":22,"level":1,"icon":"manor_json.icon2","maxpeople":2},{"batch":2000,"type":2,"award":[{"id":10009,"count":4}],"simplespeed":83,"id":23,"level":2,"icon":"manor_json.icon2","maxpeople":3},{"batch":100,"type":2,"award":[{"id":10009,"count":6}],"simplespeed":59,"id":24,"level":3,"icon":"manor_json.icon2","maxpeople":4},{"batch":50,"type":2,"award":[{"id":10009,"count":8}],"simplespeed":44,"id":25,"level":4,"icon":"manor_json.icon2","maxpeople":5},{"batch":20,"type":2,"award":[{"id":10009,"count":10}],"simplespeed":33,"id":26,"level":5,"icon":"manor_json.icon2","maxpeople":6},{"batch":5,"type":2,"award":[{"id":10009,"count":12}],"simplespeed":26,"id":27,"level":6,"icon":"manor_json.icon2","maxpeople":6},{"batch":1,"type":2,"award":[{"id":10009,"count":14}],"simplespeed":22,"id":28,"level":7,"icon":"manor_json.icon2","maxpeople":6},{"batch":200,"type":3,"award":[{"id":10008,"count":1}],"simplespeed":13,"id":29,"level":1,"icon":"manor_json.icon3","maxpeople":3},{"batch":50,"type":3,"award":[{"id":10008,"count":2}],"simplespeed":6,"id":30,"level":2,"icon":"manor_json.icon3","maxpeople":4},{"batch":10,"type":3,"award":[{"id":10008,"count":3}],"simplespeed":4,"id":31,"level":3,"icon":"manor_json.icon3","maxpeople":5},{"batch":5,"type":3,"award":[{"id":10008,"count":4}],"simplespeed":3,"id":32,"level":4,"icon":"manor_json.icon3","maxpeople":6},{"batch":3,"type":3,"award":[{"id":10008,"count":5}],"simplespeed":2,"id":33,"level":5,"icon":"manor_json.icon3","maxpeople":6},{"batch":2,"type":3,"award":[{"id":10008,"count":6}],"simplespeed":2,"id":34,"level":6,"icon":"manor_json.icon3","maxpeople":6},{"batch":1,"type":3,"award":[{"id":10008,"count":7}],"simplespeed":1,"id":35,"level":7,"icon":"manor_json.icon3","maxpeople":6},{"batch":500,"type":6,"award":[{"id":10010,"count":1}],"simplespeed":66,"id":36,"level":1,"icon":"manor_json.icon6","maxpeople":3},{"batch":200,"type":6,"award":[{"id":10010,"count":2}],"simplespeed":33,"id":37,"level":2,"icon":"manor_json.icon6","maxpeople":4},{"batch":50,"type":6,"award":[{"id":10010,"count":3}],"simplespeed":22,"id":38,"level":3,"icon":"manor_json.icon6","maxpeople":5},{"batch":10,"type":6,"award":[{"id":10010,"count":4}],"simplespeed":16,"id":39,"level":4,"icon":"manor_json.icon6","maxpeople":6},{"batch":5,"type":6,"award":[{"id":10010,"count":5}],"simplespeed":13,"id":40,"level":5,"icon":"manor_json.icon6","maxpeople":6},{"batch":2,"type":6,"award":[{"id":10010,"count":6}],"simplespeed":11,"id":41,"level":6,"icon":"manor_json.icon6","maxpeople":6},{"batch":1,"type":6,"award":[{"id":10010,"count":7}],"simplespeed":9,"id":42,"level":7,"icon":"manor_json.icon6","maxpeople":6},{"batch":4000,"type":7,"award":[{"id":0,"count":1}],"simplespeed":333,"id":43,"level":1,"icon":"manor_json.icon7","maxpeople":2},{"batch":1000,"type":9,"award":[{"id":10028,"count":8}],"simplespeed":133,"id":44,"level":1,"icon":"manor_json.icon9","maxpeople":2},{"batch":100,"type":9,"award":[{"id":10028,"count":15}],"simplespeed":66,"id":45,"level":2,"icon":"manor_json.icon9","maxpeople":4},{"batch":20,"type":9,"award":[{"id":10028,"count":22}],"simplespeed":44,"id":46,"level":3,"icon":"manor_json.icon9","maxpeople":5},{"batch":10,"type":9,"award":[{"id":10028,"count":29}],"simplespeed":33,"id":47,"level":4,"icon":"manor_json.icon9","maxpeople":6},{"batch":5,"type":9,"award":[{"id":10028,"count":35}],"simplespeed":26,"id":48,"level":5,"icon":"manor_json.icon9","maxpeople":6},{"batch":3,"type":9,"award":[{"id":10028,"count":40}],"simplespeed":22,"id":49,"level":6,"icon":"manor_json.icon9","maxpeople":6},{"batch":1,"type":9,"award":[{"id":10028,"count":45}],"simplespeed":19,"id":50,"level":7,"icon":"manor_json.icon9","maxpeople":6},{"batch":10000,"type":8,"award":[{"id":10058,"count":1}],"simplespeed":166,"id":51,"level":1,"icon":"manor_json.icon8","maxpeople":3},{"batch":1000,"type":8,"award":[{"id":10058,"count":2}],"simplespeed":83,"id":52,"level":2,"icon":"manor_json.icon8","maxpeople":4},{"batch":300,"type":8,"award":[{"id":10058,"count":3}],"simplespeed":59,"id":53,"level":3,"icon":"manor_json.icon8","maxpeople":5},{"batch":50,"type":8,"award":[{"id":10058,"count":4}],"simplespeed":44,"id":54,"level":4,"icon":"manor_json.icon8","maxpeople":6},{"batch":3,"type":8,"award":[{"id":10058,"count":5}],"simplespeed":33,"id":55,"level":5,"icon":"manor_json.icon8","maxpeople":6},{"batch":2,"type":8,"award":[{"id":10058,"count":6}],"simplespeed":26,"id":56,"level":6,"icon":"manor_json.icon8","maxpeople":6},{"batch":1,"type":8,"award":[{"id":10058,"count":7}],"simplespeed":22,"id":57,"level":7,"icon":"manor_json.icon8","maxpeople":6}],"level":[0,1]},{"libs":[{"batch":65000,"type":1,"award":[{"id":10004,"count":5}],"simplespeed":266,"id":1,"level":1,"icon":"manor_json.icon1","maxpeople":2},{"batch":75000,"type":1,"award":[{"id":10004,"count":10}],"simplespeed":133,"id":2,"level":2,"icon":"manor_json.icon1","maxpeople":3},{"batch":15000,"type":1,"award":[{"id":10004,"count":35}],"simplespeed":50,"id":3,"level":3,"icon":"manor_json.icon1","maxpeople":4},{"batch":1500,"type":1,"award":[{"id":10004,"count":55}],"simplespeed":36,"id":4,"level":4,"icon":"manor_json.icon1","maxpeople":5},{"batch":200,"type":1,"award":[{"id":10004,"count":75}],"simplespeed":22,"id":5,"level":5,"icon":"manor_json.icon1","maxpeople":6},{"batch":100,"type":1,"award":[{"id":10004,"count":95}],"simplespeed":19,"id":6,"level":6,"icon":"manor_json.icon1","maxpeople":6},{"batch":20,"type":1,"award":[{"id":10004,"count":125}],"simplespeed":16,"id":7,"level":7,"icon":"manor_json.icon1","maxpeople":6},{"batch":20,"type":5,"award":[{"id":10002,"count":900}],"simplespeed":333,"id":8,"level":1,"icon":"manor_json.icon5","maxpeople":2},{"batch":500,"type":5,"award":[{"id":10002,"count":1800}],"simplespeed":166,"id":9,"level":2,"icon":"manor_json.icon5","maxpeople":3},{"batch":2000,"type":5,"award":[{"id":10002,"count":2700}],"simplespeed":83,"id":10,"level":3,"icon":"manor_json.icon5","maxpeople":4},{"batch":1000,"type":5,"award":[{"id":10002,"count":3600}],"simplespeed":66,"id":11,"level":4,"icon":"manor_json.icon5","maxpeople":5},{"batch":20,"type":5,"award":[{"id":10002,"count":4500}],"simplespeed":55,"id":12,"level":5,"icon":"manor_json.icon5","maxpeople":6},{"batch":10,"type":5,"award":[{"id":10002,"count":5400}],"simplespeed":47,"id":13,"level":6,"icon":"manor_json.icon5","maxpeople":6},{"batch":2,"type":5,"award":[{"id":10002,"count":6300}],"simplespeed":41,"id":14,"level":7,"icon":"manor_json.icon5","maxpeople":6},{"batch":4000,"type":4,"award":[{"id":10003,"count":4}],"simplespeed":222,"id":15,"level":1,"icon":"manor_json.icon4","maxpeople":2},{"batch":100,"type":4,"award":[{"id":10003,"count":8}],"simplespeed":133,"id":16,"level":2,"icon":"manor_json.icon4","maxpeople":3},{"batch":50,"type":4,"award":[{"id":10003,"count":12}],"simplespeed":97,"id":17,"level":3,"icon":"manor_json.icon4","maxpeople":4},{"batch":20,"type":4,"award":[{"id":10003,"count":16}],"simplespeed":74,"id":18,"level":4,"icon":"manor_json.icon4","maxpeople":5},{"batch":10,"type":4,"award":[{"id":10003,"count":20}],"simplespeed":63,"id":19,"level":5,"icon":"manor_json.icon4","maxpeople":6},{"batch":5,"type":4,"award":[{"id":10003,"count":24}],"simplespeed":55,"id":20,"level":6,"icon":"manor_json.icon4","maxpeople":6},{"batch":2,"type":4,"award":[{"id":10003,"count":28}],"simplespeed":49,"id":21,"level":7,"icon":"manor_json.icon4","maxpeople":6},{"batch":18000,"type":2,"award":[{"id":10009,"count":2}],"simplespeed":166,"id":22,"level":1,"icon":"manor_json.icon2","maxpeople":2},{"batch":8000,"type":2,"award":[{"id":10009,"count":4}],"simplespeed":83,"id":23,"level":2,"icon":"manor_json.icon2","maxpeople":3},{"batch":300,"type":2,"award":[{"id":10009,"count":6}],"simplespeed":59,"id":24,"level":3,"icon":"manor_json.icon2","maxpeople":4},{"batch":100,"type":2,"award":[{"id":10009,"count":8}],"simplespeed":44,"id":25,"level":4,"icon":"manor_json.icon2","maxpeople":5},{"batch":50,"type":2,"award":[{"id":10009,"count":10}],"simplespeed":33,"id":26,"level":5,"icon":"manor_json.icon2","maxpeople":6},{"batch":10,"type":2,"award":[{"id":10009,"count":12}],"simplespeed":26,"id":27,"level":6,"icon":"manor_json.icon2","maxpeople":6},{"batch":2,"type":2,"award":[{"id":10009,"count":14}],"simplespeed":22,"id":28,"level":7,"icon":"manor_json.icon2","maxpeople":6},{"batch":500,"type":3,"award":[{"id":10008,"count":1}],"simplespeed":13,"id":29,"level":1,"icon":"manor_json.icon3","maxpeople":3},{"batch":200,"type":3,"award":[{"id":10008,"count":2}],"simplespeed":6,"id":30,"level":2,"icon":"manor_json.icon3","maxpeople":4},{"batch":50,"type":3,"award":[{"id":10008,"count":3}],"simplespeed":4,"id":31,"level":3,"icon":"manor_json.icon3","maxpeople":5},{"batch":20,"type":3,"award":[{"id":10008,"count":4}],"simplespeed":3,"id":32,"level":4,"icon":"manor_json.icon3","maxpeople":6},{"batch":10,"type":3,"award":[{"id":10008,"count":5}],"simplespeed":2,"id":33,"level":5,"icon":"manor_json.icon3","maxpeople":6},{"batch":5,"type":3,"award":[{"id":10008,"count":6}],"simplespeed":2,"id":34,"level":6,"icon":"manor_json.icon3","maxpeople":6},{"batch":1,"type":3,"award":[{"id":10008,"count":7}],"simplespeed":1,"id":35,"level":7,"icon":"manor_json.icon3","maxpeople":6},{"batch":1000,"type":6,"award":[{"id":10010,"count":1}],"simplespeed":66,"id":36,"level":1,"icon":"manor_json.icon6","maxpeople":3},{"batch":500,"type":6,"award":[{"id":10010,"count":2}],"simplespeed":33,"id":37,"level":2,"icon":"manor_json.icon6","maxpeople":4},{"batch":200,"type":6,"award":[{"id":10010,"count":3}],"simplespeed":22,"id":38,"level":3,"icon":"manor_json.icon6","maxpeople":5},{"batch":50,"type":6,"award":[{"id":10010,"count":4}],"simplespeed":16,"id":39,"level":4,"icon":"manor_json.icon6","maxpeople":6},{"batch":20,"type":6,"award":[{"id":10010,"count":5}],"simplespeed":13,"id":40,"level":5,"icon":"manor_json.icon6","maxpeople":6},{"batch":10,"type":6,"award":[{"id":10010,"count":6}],"simplespeed":11,"id":41,"level":6,"icon":"manor_json.icon6","maxpeople":6},{"batch":1,"type":6,"award":[{"id":10010,"count":7}],"simplespeed":9,"id":42,"level":7,"icon":"manor_json.icon6","maxpeople":6},{"batch":5000,"type":7,"award":[{"id":0,"count":1}],"simplespeed":333,"id":43,"level":1,"icon":"manor_json.icon7","maxpeople":2},{"batch":2000,"type":9,"award":[{"id":10028,"count":8}],"simplespeed":133,"id":44,"level":1,"icon":"manor_json.icon9","maxpeople":2},{"batch":200,"type":9,"award":[{"id":10028,"count":15}],"simplespeed":66,"id":45,"level":2,"icon":"manor_json.icon9","maxpeople":4},{"batch":50,"type":9,"award":[{"id":10028,"count":22}],"simplespeed":44,"id":46,"level":3,"icon":"manor_json.icon9","maxpeople":5},{"batch":20,"type":9,"award":[{"id":10028,"count":29}],"simplespeed":33,"id":47,"level":4,"icon":"manor_json.icon9","maxpeople":6},{"batch":10,"type":9,"award":[{"id":10028,"count":35}],"simplespeed":26,"id":48,"level":5,"icon":"manor_json.icon9","maxpeople":6},{"batch":5,"type":9,"award":[{"id":10028,"count":40}],"simplespeed":22,"id":49,"level":6,"icon":"manor_json.icon9","maxpeople":6},{"batch":2,"type":9,"award":[{"id":10028,"count":45}],"simplespeed":19,"id":50,"level":7,"icon":"manor_json.icon9","maxpeople":6},{"batch":10000,"type":8,"award":[{"id":10058,"count":1}],"simplespeed":166,"id":51,"level":1,"icon":"manor_json.icon8","maxpeople":3},{"batch":3000,"type":8,"award":[{"id":10058,"count":2}],"simplespeed":83,"id":52,"level":2,"icon":"manor_json.icon8","maxpeople":4},{"batch":500,"type":8,"award":[{"id":10058,"count":3}],"simplespeed":59,"id":53,"level":3,"icon":"manor_json.icon8","maxpeople":5},{"batch":50,"type":8,"award":[{"id":10058,"count":4}],"simplespeed":44,"id":54,"level":4,"icon":"manor_json.icon8","maxpeople":6},{"batch":3,"type":8,"award":[{"id":10058,"count":5}],"simplespeed":33,"id":55,"level":5,"icon":"manor_json.icon8","maxpeople":6},{"batch":2,"type":8,"award":[{"id":10058,"count":6}],"simplespeed":26,"id":56,"level":6,"icon":"manor_json.icon8","maxpeople":6},{"batch":1,"type":8,"award":[{"id":10058,"count":7}],"simplespeed":22,"id":57,"level":7,"icon":"manor_json.icon8","maxpeople":6}],"level":[2,2]},{"libs":[{"batch":60000,"type":1,"award":[{"id":10004,"count":5}],"simplespeed":266,"id":1,"level":1,"icon":"manor_json.icon1","maxpeople":2},{"batch":75000,"type":1,"award":[{"id":10004,"count":10}],"simplespeed":133,"id":2,"level":2,"icon":"manor_json.icon1","maxpeople":3},{"batch":28000,"type":1,"award":[{"id":10004,"count":35}],"simplespeed":50,"id":3,"level":3,"icon":"manor_json.icon1","maxpeople":4},{"batch":7000,"type":1,"award":[{"id":10004,"count":55}],"simplespeed":36,"id":4,"level":4,"icon":"manor_json.icon1","maxpeople":5},{"batch":500,"type":1,"award":[{"id":10004,"count":75}],"simplespeed":22,"id":5,"level":5,"icon":"manor_json.icon1","maxpeople":6},{"batch":100,"type":1,"award":[{"id":10004,"count":95}],"simplespeed":19,"id":6,"level":6,"icon":"manor_json.icon1","maxpeople":6},{"batch":20,"type":1,"award":[{"id":10004,"count":125}],"simplespeed":16,"id":7,"level":7,"icon":"manor_json.icon1","maxpeople":6},{"batch":1,"type":5,"award":[{"id":10002,"count":900}],"simplespeed":333,"id":8,"level":1,"icon":"manor_json.icon5","maxpeople":2},{"batch":2,"type":5,"award":[{"id":10002,"count":1800}],"simplespeed":166,"id":9,"level":2,"icon":"manor_json.icon5","maxpeople":3},{"batch":1500,"type":5,"award":[{"id":10002,"count":2700}],"simplespeed":83,"id":10,"level":3,"icon":"manor_json.icon5","maxpeople":4},{"batch":2000,"type":5,"award":[{"id":10002,"count":3600}],"simplespeed":66,"id":11,"level":4,"icon":"manor_json.icon5","maxpeople":5},{"batch":3000,"type":5,"award":[{"id":10002,"count":4500}],"simplespeed":55,"id":12,"level":5,"icon":"manor_json.icon5","maxpeople":6},{"batch":10,"type":5,"award":[{"id":10002,"count":5400}],"simplespeed":47,"id":13,"level":6,"icon":"manor_json.icon5","maxpeople":6},{"batch":2,"type":5,"award":[{"id":10002,"count":6300}],"simplespeed":41,"id":14,"level":7,"icon":"manor_json.icon5","maxpeople":6},{"batch":4000,"type":4,"award":[{"id":10003,"count":4}],"simplespeed":222,"id":15,"level":1,"icon":"manor_json.icon4","maxpeople":2},{"batch":1000,"type":4,"award":[{"id":10003,"count":8}],"simplespeed":133,"id":16,"level":2,"icon":"manor_json.icon4","maxpeople":3},{"batch":5000,"type":4,"award":[{"id":10003,"count":12}],"simplespeed":97,"id":17,"level":3,"icon":"manor_json.icon4","maxpeople":4},{"batch":20,"type":4,"award":[{"id":10003,"count":16}],"simplespeed":74,"id":18,"level":4,"icon":"manor_json.icon4","maxpeople":5},{"batch":10,"type":4,"award":[{"id":10003,"count":20}],"simplespeed":63,"id":19,"level":5,"icon":"manor_json.icon4","maxpeople":6},{"batch":5,"type":4,"award":[{"id":10003,"count":24}],"simplespeed":55,"id":20,"level":6,"icon":"manor_json.icon4","maxpeople":6},{"batch":2,"type":4,"award":[{"id":10003,"count":28}],"simplespeed":49,"id":21,"level":7,"icon":"manor_json.icon4","maxpeople":6},{"batch":8000,"type":2,"award":[{"id":10009,"count":2}],"simplespeed":166,"id":22,"level":1,"icon":"manor_json.icon2","maxpeople":2},{"batch":5000,"type":2,"award":[{"id":10009,"count":4}],"simplespeed":83,"id":23,"level":2,"icon":"manor_json.icon2","maxpeople":3},{"batch":1000,"type":2,"award":[{"id":10009,"count":6}],"simplespeed":59,"id":24,"level":3,"icon":"manor_json.icon2","maxpeople":4},{"batch":200,"type":2,"award":[{"id":10009,"count":8}],"simplespeed":44,"id":25,"level":4,"icon":"manor_json.icon2","maxpeople":5},{"batch":50,"type":2,"award":[{"id":10009,"count":10}],"simplespeed":33,"id":26,"level":5,"icon":"manor_json.icon2","maxpeople":6},{"batch":10,"type":2,"award":[{"id":10009,"count":12}],"simplespeed":26,"id":27,"level":6,"icon":"manor_json.icon2","maxpeople":6},{"batch":2,"type":2,"award":[{"id":10009,"count":14}],"simplespeed":22,"id":28,"level":7,"icon":"manor_json.icon2","maxpeople":6},{"batch":800,"type":3,"award":[{"id":10008,"count":1}],"simplespeed":13,"id":29,"level":1,"icon":"manor_json.icon3","maxpeople":3},{"batch":500,"type":3,"award":[{"id":10008,"count":2}],"simplespeed":6,"id":30,"level":2,"icon":"manor_json.icon3","maxpeople":4},{"batch":100,"type":3,"award":[{"id":10008,"count":3}],"simplespeed":4,"id":31,"level":3,"icon":"manor_json.icon3","maxpeople":5},{"batch":50,"type":3,"award":[{"id":10008,"count":4}],"simplespeed":3,"id":32,"level":4,"icon":"manor_json.icon3","maxpeople":6},{"batch":10,"type":3,"award":[{"id":10008,"count":5}],"simplespeed":2,"id":33,"level":5,"icon":"manor_json.icon3","maxpeople":6},{"batch":5,"type":3,"award":[{"id":10008,"count":6}],"simplespeed":2,"id":34,"level":6,"icon":"manor_json.icon3","maxpeople":6},{"batch":1,"type":3,"award":[{"id":10008,"count":7}],"simplespeed":1,"id":35,"level":7,"icon":"manor_json.icon3","maxpeople":6},{"batch":1200,"type":6,"award":[{"id":10010,"count":1}],"simplespeed":66,"id":36,"level":1,"icon":"manor_json.icon6","maxpeople":3},{"batch":800,"type":6,"award":[{"id":10010,"count":2}],"simplespeed":33,"id":37,"level":2,"icon":"manor_json.icon6","maxpeople":4},{"batch":300,"type":6,"award":[{"id":10010,"count":3}],"simplespeed":22,"id":38,"level":3,"icon":"manor_json.icon6","maxpeople":5},{"batch":60,"type":6,"award":[{"id":10010,"count":4}],"simplespeed":16,"id":39,"level":4,"icon":"manor_json.icon6","maxpeople":6},{"batch":20,"type":6,"award":[{"id":10010,"count":5}],"simplespeed":13,"id":40,"level":5,"icon":"manor_json.icon6","maxpeople":6},{"batch":10,"type":6,"award":[{"id":10010,"count":6}],"simplespeed":11,"id":41,"level":6,"icon":"manor_json.icon6","maxpeople":6},{"batch":1,"type":6,"award":[{"id":10010,"count":7}],"simplespeed":9,"id":42,"level":7,"icon":"manor_json.icon6","maxpeople":6},{"batch":8000,"type":7,"award":[{"id":0,"count":1}],"simplespeed":333,"id":43,"level":1,"icon":"manor_json.icon7","maxpeople":2},{"batch":1500,"type":9,"award":[{"id":10028,"count":8}],"simplespeed":133,"id":44,"level":1,"icon":"manor_json.icon9","maxpeople":2},{"batch":500,"type":9,"award":[{"id":10028,"count":15}],"simplespeed":66,"id":45,"level":2,"icon":"manor_json.icon9","maxpeople":4},{"batch":100,"type":9,"award":[{"id":10028,"count":22}],"simplespeed":44,"id":46,"level":3,"icon":"manor_json.icon9","maxpeople":5},{"batch":50,"type":9,"award":[{"id":10028,"count":29}],"simplespeed":33,"id":47,"level":4,"icon":"manor_json.icon9","maxpeople":6},{"batch":10,"type":9,"award":[{"id":10028,"count":35}],"simplespeed":26,"id":48,"level":5,"icon":"manor_json.icon9","maxpeople":6},{"batch":5,"type":9,"award":[{"id":10028,"count":40}],"simplespeed":22,"id":49,"level":6,"icon":"manor_json.icon9","maxpeople":6},{"batch":2,"type":9,"award":[{"id":10028,"count":45}],"simplespeed":19,"id":50,"level":7,"icon":"manor_json.icon9","maxpeople":6},{"batch":8000,"type":8,"award":[{"id":10058,"count":1}],"simplespeed":166,"id":51,"level":1,"icon":"manor_json.icon8","maxpeople":3},{"batch":5000,"type":8,"award":[{"id":10058,"count":2}],"simplespeed":83,"id":52,"level":2,"icon":"manor_json.icon8","maxpeople":4},{"batch":2000,"type":8,"award":[{"id":10058,"count":3}],"simplespeed":59,"id":53,"level":3,"icon":"manor_json.icon8","maxpeople":5},{"batch":100,"type":8,"award":[{"id":10058,"count":4}],"simplespeed":44,"id":54,"level":4,"icon":"manor_json.icon8","maxpeople":6},{"batch":20,"type":8,"award":[{"id":10058,"count":5}],"simplespeed":33,"id":55,"level":5,"icon":"manor_json.icon8","maxpeople":6},{"batch":5,"type":8,"award":[{"id":10058,"count":6}],"simplespeed":26,"id":56,"level":6,"icon":"manor_json.icon8","maxpeople":6},{"batch":1,"type":8,"award":[{"id":10058,"count":7}],"simplespeed":22,"id":57,"level":7,"icon":"manor_json.icon8","maxpeople":6}],"level":[3,3]},{"libs":[{"batch":20000,"type":1,"award":[{"id":10004,"count":5}],"simplespeed":266,"id":1,"level":1,"icon":"manor_json.icon1","maxpeople":2},{"batch":35000,"type":1,"award":[{"id":10004,"count":10}],"simplespeed":133,"id":2,"level":2,"icon":"manor_json.icon1","maxpeople":3},{"batch":44000,"type":1,"award":[{"id":10004,"count":35}],"simplespeed":50,"id":3,"level":3,"icon":"manor_json.icon1","maxpeople":4},{"batch":20000,"type":1,"award":[{"id":10004,"count":55}],"simplespeed":36,"id":4,"level":4,"icon":"manor_json.icon1","maxpeople":5},{"batch":5000,"type":1,"award":[{"id":10004,"count":75}],"simplespeed":22,"id":5,"level":5,"icon":"manor_json.icon1","maxpeople":6},{"batch":200,"type":1,"award":[{"id":10004,"count":95}],"simplespeed":19,"id":6,"level":6,"icon":"manor_json.icon1","maxpeople":6},{"batch":50,"type":1,"award":[{"id":10004,"count":125}],"simplespeed":16,"id":7,"level":7,"icon":"manor_json.icon1","maxpeople":6},{"batch":1,"type":5,"award":[{"id":10002,"count":900}],"simplespeed":333,"id":8,"level":1,"icon":"manor_json.icon5","maxpeople":2},{"batch":1,"type":5,"award":[{"id":10002,"count":1800}],"simplespeed":166,"id":9,"level":2,"icon":"manor_json.icon5","maxpeople":3},{"batch":100,"type":5,"award":[{"id":10002,"count":2700}],"simplespeed":83,"id":10,"level":3,"icon":"manor_json.icon5","maxpeople":4},{"batch":200,"type":5,"award":[{"id":10002,"count":3600}],"simplespeed":66,"id":11,"level":4,"icon":"manor_json.icon5","maxpeople":5},{"batch":5000,"type":5,"award":[{"id":10002,"count":4500}],"simplespeed":55,"id":12,"level":5,"icon":"manor_json.icon5","maxpeople":6},{"batch":1000,"type":5,"award":[{"id":10002,"count":5400}],"simplespeed":47,"id":13,"level":6,"icon":"manor_json.icon5","maxpeople":6},{"batch":50,"type":5,"award":[{"id":10002,"count":6300}],"simplespeed":41,"id":14,"level":7,"icon":"manor_json.icon5","maxpeople":6},{"batch":5000,"type":4,"award":[{"id":10003,"count":4}],"simplespeed":222,"id":15,"level":1,"icon":"manor_json.icon4","maxpeople":2},{"batch":2000,"type":4,"award":[{"id":10003,"count":8}],"simplespeed":133,"id":16,"level":2,"icon":"manor_json.icon4","maxpeople":3},{"batch":4000,"type":4,"award":[{"id":10003,"count":12}],"simplespeed":97,"id":17,"level":3,"icon":"manor_json.icon4","maxpeople":4},{"batch":1000,"type":4,"award":[{"id":10003,"count":16}],"simplespeed":74,"id":18,"level":4,"icon":"manor_json.icon4","maxpeople":5},{"batch":100,"type":4,"award":[{"id":10003,"count":20}],"simplespeed":63,"id":19,"level":5,"icon":"manor_json.icon4","maxpeople":6},{"batch":50,"type":4,"award":[{"id":10003,"count":24}],"simplespeed":55,"id":20,"level":6,"icon":"manor_json.icon4","maxpeople":6},{"batch":2,"type":4,"award":[{"id":10003,"count":28}],"simplespeed":49,"id":21,"level":7,"icon":"manor_json.icon4","maxpeople":6},{"batch":8000,"type":2,"award":[{"id":10009,"count":2}],"simplespeed":166,"id":22,"level":1,"icon":"manor_json.icon2","maxpeople":2},{"batch":5000,"type":2,"award":[{"id":10009,"count":4}],"simplespeed":83,"id":23,"level":2,"icon":"manor_json.icon2","maxpeople":3},{"batch":2000,"type":2,"award":[{"id":10009,"count":6}],"simplespeed":59,"id":24,"level":3,"icon":"manor_json.icon2","maxpeople":4},{"batch":1000,"type":2,"award":[{"id":10009,"count":8}],"simplespeed":44,"id":25,"level":4,"icon":"manor_json.icon2","maxpeople":5},{"batch":100,"type":2,"award":[{"id":10009,"count":10}],"simplespeed":33,"id":26,"level":5,"icon":"manor_json.icon2","maxpeople":6},{"batch":50,"type":2,"award":[{"id":10009,"count":12}],"simplespeed":26,"id":27,"level":6,"icon":"manor_json.icon2","maxpeople":6},{"batch":10,"type":2,"award":[{"id":10009,"count":14}],"simplespeed":22,"id":28,"level":7,"icon":"manor_json.icon2","maxpeople":6},{"batch":2000,"type":3,"award":[{"id":10008,"count":1}],"simplespeed":13,"id":29,"level":1,"icon":"manor_json.icon3","maxpeople":3},{"batch":1000,"type":3,"award":[{"id":10008,"count":2}],"simplespeed":6,"id":30,"level":2,"icon":"manor_json.icon3","maxpeople":4},{"batch":500,"type":3,"award":[{"id":10008,"count":3}],"simplespeed":4,"id":31,"level":3,"icon":"manor_json.icon3","maxpeople":5},{"batch":200,"type":3,"award":[{"id":10008,"count":4}],"simplespeed":3,"id":32,"level":4,"icon":"manor_json.icon3","maxpeople":6},{"batch":20,"type":3,"award":[{"id":10008,"count":5}],"simplespeed":2,"id":33,"level":5,"icon":"manor_json.icon3","maxpeople":6},{"batch":10,"type":3,"award":[{"id":10008,"count":6}],"simplespeed":2,"id":34,"level":6,"icon":"manor_json.icon3","maxpeople":6},{"batch":1,"type":3,"award":[{"id":10008,"count":7}],"simplespeed":1,"id":35,"level":7,"icon":"manor_json.icon3","maxpeople":6},{"batch":1500,"type":6,"award":[{"id":10010,"count":1}],"simplespeed":66,"id":36,"level":1,"icon":"manor_json.icon6","maxpeople":3},{"batch":500,"type":6,"award":[{"id":10010,"count":2}],"simplespeed":33,"id":37,"level":2,"icon":"manor_json.icon6","maxpeople":4},{"batch":300,"type":6,"award":[{"id":10010,"count":3}],"simplespeed":22,"id":38,"level":3,"icon":"manor_json.icon6","maxpeople":5},{"batch":10,"type":6,"award":[{"id":10010,"count":4}],"simplespeed":16,"id":39,"level":4,"icon":"manor_json.icon6","maxpeople":6},{"batch":50,"type":6,"award":[{"id":10010,"count":5}],"simplespeed":13,"id":40,"level":5,"icon":"manor_json.icon6","maxpeople":6},{"batch":20,"type":6,"award":[{"id":10010,"count":6}],"simplespeed":11,"id":41,"level":6,"icon":"manor_json.icon6","maxpeople":6},{"batch":1,"type":6,"award":[{"id":10010,"count":7}],"simplespeed":9,"id":42,"level":7,"icon":"manor_json.icon6","maxpeople":6},{"batch":10000,"type":7,"award":[{"id":0,"count":1}],"simplespeed":333,"id":43,"level":1,"icon":"manor_json.icon7","maxpeople":2},{"batch":1800,"type":9,"award":[{"id":10028,"count":8}],"simplespeed":133,"id":44,"level":1,"icon":"manor_json.icon9","maxpeople":2},{"batch":800,"type":9,"award":[{"id":10028,"count":15}],"simplespeed":66,"id":45,"level":2,"icon":"manor_json.icon9","maxpeople":4},{"batch":300,"type":9,"award":[{"id":10028,"count":22}],"simplespeed":44,"id":46,"level":3,"icon":"manor_json.icon9","maxpeople":5},{"batch":200,"type":9,"award":[{"id":10028,"count":29}],"simplespeed":33,"id":47,"level":4,"icon":"manor_json.icon9","maxpeople":6},{"batch":50,"type":9,"award":[{"id":10028,"count":35}],"simplespeed":26,"id":48,"level":5,"icon":"manor_json.icon9","maxpeople":6},{"batch":10,"type":9,"award":[{"id":10028,"count":40}],"simplespeed":22,"id":49,"level":6,"icon":"manor_json.icon9","maxpeople":6},{"batch":2,"type":9,"award":[{"id":10028,"count":45}],"simplespeed":19,"id":50,"level":7,"icon":"manor_json.icon9","maxpeople":6},{"batch":12000,"type":8,"award":[{"id":10058,"count":1}],"simplespeed":166,"id":51,"level":1,"icon":"manor_json.icon8","maxpeople":3},{"batch":5000,"type":8,"award":[{"id":10058,"count":2}],"simplespeed":83,"id":52,"level":2,"icon":"manor_json.icon8","maxpeople":4},{"batch":3000,"type":8,"award":[{"id":10058,"count":3}],"simplespeed":59,"id":53,"level":3,"icon":"manor_json.icon8","maxpeople":5},{"batch":500,"type":8,"award":[{"id":10058,"count":4}],"simplespeed":44,"id":54,"level":4,"icon":"manor_json.icon8","maxpeople":6},{"batch":100,"type":8,"award":[{"id":10058,"count":5}],"simplespeed":33,"id":55,"level":5,"icon":"manor_json.icon8","maxpeople":6},{"batch":5,"type":8,"award":[{"id":10058,"count":6}],"simplespeed":26,"id":56,"level":6,"icon":"manor_json.icon8","maxpeople":6},{"batch":1,"type":8,"award":[{"id":10058,"count":7}],"simplespeed":22,"id":57,"level":7,"icon":"manor_json.icon8","maxpeople":6}],"level":[4,4]},{"libs":[{"batch":15000,"type":1,"award":[{"id":10004,"count":5}],"simplespeed":266,"id":1,"level":1,"icon":"manor_json.icon1","maxpeople":2},{"batch":35000,"type":1,"award":[{"id":10004,"count":10}],"simplespeed":133,"id":2,"level":2,"icon":"manor_json.icon1","maxpeople":3},{"batch":54000,"type":1,"award":[{"id":10004,"count":35}],"simplespeed":50,"id":3,"level":3,"icon":"manor_json.icon1","maxpeople":4},{"batch":26000,"type":1,"award":[{"id":10004,"count":55}],"simplespeed":36,"id":4,"level":4,"icon":"manor_json.icon1","maxpeople":5},{"batch":15000,"type":1,"award":[{"id":10004,"count":75}],"simplespeed":22,"id":5,"level":5,"icon":"manor_json.icon1","maxpeople":6},{"batch":200,"type":1,"award":[{"id":10004,"count":95}],"simplespeed":19,"id":6,"level":6,"icon":"manor_json.icon1","maxpeople":6},{"batch":50,"type":1,"award":[{"id":10004,"count":125}],"simplespeed":16,"id":7,"level":7,"icon":"manor_json.icon1","maxpeople":6},{"batch":1,"type":5,"award":[{"id":10002,"count":900}],"simplespeed":333,"id":8,"level":1,"icon":"manor_json.icon5","maxpeople":2},{"batch":1,"type":5,"award":[{"id":10002,"count":1800}],"simplespeed":166,"id":9,"level":2,"icon":"manor_json.icon5","maxpeople":3},{"batch":100,"type":5,"award":[{"id":10002,"count":2700}],"simplespeed":83,"id":10,"level":3,"icon":"manor_json.icon5","maxpeople":4},{"batch":200,"type":5,"award":[{"id":10002,"count":3600}],"simplespeed":66,"id":11,"level":4,"icon":"manor_json.icon5","maxpeople":5},{"batch":5000,"type":5,"award":[{"id":10002,"count":4500}],"simplespeed":55,"id":12,"level":5,"icon":"manor_json.icon5","maxpeople":6},{"batch":2000,"type":5,"award":[{"id":10002,"count":5400}],"simplespeed":47,"id":13,"level":6,"icon":"manor_json.icon5","maxpeople":6},{"batch":100,"type":5,"award":[{"id":10002,"count":6300}],"simplespeed":41,"id":14,"level":7,"icon":"manor_json.icon5","maxpeople":6},{"batch":5000,"type":4,"award":[{"id":10003,"count":4}],"simplespeed":222,"id":15,"level":1,"icon":"manor_json.icon4","maxpeople":2},{"batch":2000,"type":4,"award":[{"id":10003,"count":8}],"simplespeed":133,"id":16,"level":2,"icon":"manor_json.icon4","maxpeople":3},{"batch":4000,"type":4,"award":[{"id":10003,"count":12}],"simplespeed":97,"id":17,"level":3,"icon":"manor_json.icon4","maxpeople":4},{"batch":1000,"type":4,"award":[{"id":10003,"count":16}],"simplespeed":74,"id":18,"level":4,"icon":"manor_json.icon4","maxpeople":5},{"batch":200,"type":4,"award":[{"id":10003,"count":20}],"simplespeed":63,"id":19,"level":5,"icon":"manor_json.icon4","maxpeople":6},{"batch":100,"type":4,"award":[{"id":10003,"count":24}],"simplespeed":55,"id":20,"level":6,"icon":"manor_json.icon4","maxpeople":6},{"batch":2,"type":4,"award":[{"id":10003,"count":28}],"simplespeed":49,"id":21,"level":7,"icon":"manor_json.icon4","maxpeople":6},{"batch":8000,"type":2,"award":[{"id":10009,"count":2}],"simplespeed":166,"id":22,"level":1,"icon":"manor_json.icon2","maxpeople":2},{"batch":5000,"type":2,"award":[{"id":10009,"count":4}],"simplespeed":83,"id":23,"level":2,"icon":"manor_json.icon2","maxpeople":3},{"batch":2000,"type":2,"award":[{"id":10009,"count":6}],"simplespeed":59,"id":24,"level":3,"icon":"manor_json.icon2","maxpeople":4},{"batch":1000,"type":2,"award":[{"id":10009,"count":8}],"simplespeed":44,"id":25,"level":4,"icon":"manor_json.icon2","maxpeople":5},{"batch":500,"type":2,"award":[{"id":10009,"count":10}],"simplespeed":33,"id":26,"level":5,"icon":"manor_json.icon2","maxpeople":6},{"batch":50,"type":2,"award":[{"id":10009,"count":12}],"simplespeed":26,"id":27,"level":6,"icon":"manor_json.icon2","maxpeople":6},{"batch":10,"type":2,"award":[{"id":10009,"count":14}],"simplespeed":22,"id":28,"level":7,"icon":"manor_json.icon2","maxpeople":6},{"batch":2000,"type":3,"award":[{"id":10008,"count":1}],"simplespeed":13,"id":29,"level":1,"icon":"manor_json.icon3","maxpeople":3},{"batch":1000,"type":3,"award":[{"id":10008,"count":2}],"simplespeed":6,"id":30,"level":2,"icon":"manor_json.icon3","maxpeople":4},{"batch":1000,"type":3,"award":[{"id":10008,"count":3}],"simplespeed":4,"id":31,"level":3,"icon":"manor_json.icon3","maxpeople":5},{"batch":500,"type":3,"award":[{"id":10008,"count":4}],"simplespeed":3,"id":32,"level":4,"icon":"manor_json.icon3","maxpeople":6},{"batch":200,"type":3,"award":[{"id":10008,"count":5}],"simplespeed":2,"id":33,"level":5,"icon":"manor_json.icon3","maxpeople":6},{"batch":10,"type":3,"award":[{"id":10008,"count":6}],"simplespeed":2,"id":34,"level":6,"icon":"manor_json.icon3","maxpeople":6},{"batch":1,"type":3,"award":[{"id":10008,"count":7}],"simplespeed":1,"id":35,"level":7,"icon":"manor_json.icon3","maxpeople":6},{"batch":2000,"type":6,"award":[{"id":10010,"count":1}],"simplespeed":66,"id":36,"level":1,"icon":"manor_json.icon6","maxpeople":3},{"batch":1000,"type":6,"award":[{"id":10010,"count":2}],"simplespeed":33,"id":37,"level":2,"icon":"manor_json.icon6","maxpeople":4},{"batch":500,"type":6,"award":[{"id":10010,"count":3}],"simplespeed":22,"id":38,"level":3,"icon":"manor_json.icon6","maxpeople":5},{"batch":200,"type":6,"award":[{"id":10010,"count":4}],"simplespeed":16,"id":39,"level":4,"icon":"manor_json.icon6","maxpeople":6},{"batch":100,"type":6,"award":[{"id":10010,"count":5}],"simplespeed":13,"id":40,"level":5,"icon":"manor_json.icon6","maxpeople":6},{"batch":20,"type":6,"award":[{"id":10010,"count":6}],"simplespeed":11,"id":41,"level":6,"icon":"manor_json.icon6","maxpeople":6},{"batch":1,"type":6,"award":[{"id":10010,"count":7}],"simplespeed":9,"id":42,"level":7,"icon":"manor_json.icon6","maxpeople":6},{"batch":10000,"type":7,"award":[{"id":0,"count":1}],"simplespeed":333,"id":43,"level":1,"icon":"manor_json.icon7","maxpeople":2},{"batch":1800,"type":9,"award":[{"id":10028,"count":8}],"simplespeed":133,"id":44,"level":1,"icon":"manor_json.icon9","maxpeople":2},{"batch":1500,"type":9,"award":[{"id":10028,"count":15}],"simplespeed":66,"id":45,"level":2,"icon":"manor_json.icon9","maxpeople":4},{"batch":1000,"type":9,"award":[{"id":10028,"count":22}],"simplespeed":44,"id":46,"level":3,"icon":"manor_json.icon9","maxpeople":5},{"batch":500,"type":9,"award":[{"id":10028,"count":29}],"simplespeed":33,"id":47,"level":4,"icon":"manor_json.icon9","maxpeople":6},{"batch":200,"type":9,"award":[{"id":10028,"count":35}],"simplespeed":26,"id":48,"level":5,"icon":"manor_json.icon9","maxpeople":6},{"batch":10,"type":9,"award":[{"id":10028,"count":40}],"simplespeed":22,"id":49,"level":6,"icon":"manor_json.icon9","maxpeople":6},{"batch":2,"type":9,"award":[{"id":10028,"count":45}],"simplespeed":19,"id":50,"level":7,"icon":"manor_json.icon9","maxpeople":6},{"batch":13000,"type":8,"award":[{"id":10058,"count":1}],"simplespeed":166,"id":51,"level":1,"icon":"manor_json.icon8","maxpeople":3},{"batch":5000,"type":8,"award":[{"id":10058,"count":2}],"simplespeed":83,"id":52,"level":2,"icon":"manor_json.icon8","maxpeople":4},{"batch":3000,"type":8,"award":[{"id":10058,"count":3}],"simplespeed":59,"id":53,"level":3,"icon":"manor_json.icon8","maxpeople":5},{"batch":1000,"type":8,"award":[{"id":10058,"count":4}],"simplespeed":44,"id":54,"level":4,"icon":"manor_json.icon8","maxpeople":6},{"batch":500,"type":8,"award":[{"id":10058,"count":5}],"simplespeed":33,"id":55,"level":5,"icon":"manor_json.icon8","maxpeople":6},{"batch":50,"type":8,"award":[{"id":10058,"count":6}],"simplespeed":26,"id":56,"level":6,"icon":"manor_json.icon8","maxpeople":6},{"batch":1,"type":8,"award":[{"id":10058,"count":7}],"simplespeed":22,"id":57,"level":7,"icon":"manor_json.icon8","maxpeople":6}],"level":[5,5]},{"libs":[{"batch":15000,"type":1,"award":[{"id":10004,"count":5}],"simplespeed":266,"id":1,"level":1,"icon":"manor_json.icon1","maxpeople":2},{"batch":45000,"type":1,"award":[{"id":10004,"count":10}],"simplespeed":133,"id":2,"level":2,"icon":"manor_json.icon1","maxpeople":3},{"batch":68000,"type":1,"award":[{"id":10004,"count":35}],"simplespeed":50,"id":3,"level":3,"icon":"manor_json.icon1","maxpeople":4},{"batch":46000,"type":1,"award":[{"id":10004,"count":55}],"simplespeed":36,"id":4,"level":4,"icon":"manor_json.icon1","maxpeople":5},{"batch":15000,"type":1,"award":[{"id":10004,"count":75}],"simplespeed":22,"id":5,"level":5,"icon":"manor_json.icon1","maxpeople":6},{"batch":5000,"type":1,"award":[{"id":10004,"count":95}],"simplespeed":19,"id":6,"level":6,"icon":"manor_json.icon1","maxpeople":6},{"batch":100,"type":1,"award":[{"id":10004,"count":125}],"simplespeed":16,"id":7,"level":7,"icon":"manor_json.icon1","maxpeople":6},{"batch":1,"type":5,"award":[{"id":10002,"count":900}],"simplespeed":333,"id":8,"level":1,"icon":"manor_json.icon5","maxpeople":2},{"batch":1,"type":5,"award":[{"id":10002,"count":1800}],"simplespeed":166,"id":9,"level":2,"icon":"manor_json.icon5","maxpeople":3},{"batch":100,"type":5,"award":[{"id":10002,"count":2700}],"simplespeed":83,"id":10,"level":3,"icon":"manor_json.icon5","maxpeople":4},{"batch":200,"type":5,"award":[{"id":10002,"count":3600}],"simplespeed":66,"id":11,"level":4,"icon":"manor_json.icon5","maxpeople":5},{"batch":5000,"type":5,"award":[{"id":10002,"count":4500}],"simplespeed":55,"id":12,"level":5,"icon":"manor_json.icon5","maxpeople":6},{"batch":3000,"type":5,"award":[{"id":10002,"count":5400}],"simplespeed":47,"id":13,"level":6,"icon":"manor_json.icon5","maxpeople":6},{"batch":100,"type":5,"award":[{"id":10002,"count":6300}],"simplespeed":41,"id":14,"level":7,"icon":"manor_json.icon5","maxpeople":6},{"batch":5000,"type":4,"award":[{"id":10003,"count":4}],"simplespeed":222,"id":15,"level":1,"icon":"manor_json.icon4","maxpeople":2},{"batch":2000,"type":4,"award":[{"id":10003,"count":8}],"simplespeed":133,"id":16,"level":2,"icon":"manor_json.icon4","maxpeople":3},{"batch":4000,"type":4,"award":[{"id":10003,"count":12}],"simplespeed":97,"id":17,"level":3,"icon":"manor_json.icon4","maxpeople":4},{"batch":1000,"type":4,"award":[{"id":10003,"count":16}],"simplespeed":74,"id":18,"level":4,"icon":"manor_json.icon4","maxpeople":5},{"batch":400,"type":4,"award":[{"id":10003,"count":20}],"simplespeed":63,"id":19,"level":5,"icon":"manor_json.icon4","maxpeople":6},{"batch":120,"type":4,"award":[{"id":10003,"count":24}],"simplespeed":55,"id":20,"level":6,"icon":"manor_json.icon4","maxpeople":6},{"batch":2,"type":4,"award":[{"id":10003,"count":28}],"simplespeed":49,"id":21,"level":7,"icon":"manor_json.icon4","maxpeople":6},{"batch":8000,"type":2,"award":[{"id":10009,"count":2}],"simplespeed":166,"id":22,"level":1,"icon":"manor_json.icon2","maxpeople":2},{"batch":5000,"type":2,"award":[{"id":10009,"count":4}],"simplespeed":83,"id":23,"level":2,"icon":"manor_json.icon2","maxpeople":3},{"batch":2000,"type":2,"award":[{"id":10009,"count":6}],"simplespeed":59,"id":24,"level":3,"icon":"manor_json.icon2","maxpeople":4},{"batch":1000,"type":2,"award":[{"id":10009,"count":8}],"simplespeed":44,"id":25,"level":4,"icon":"manor_json.icon2","maxpeople":5},{"batch":800,"type":2,"award":[{"id":10009,"count":10}],"simplespeed":33,"id":26,"level":5,"icon":"manor_json.icon2","maxpeople":6},{"batch":100,"type":2,"award":[{"id":10009,"count":12}],"simplespeed":26,"id":27,"level":6,"icon":"manor_json.icon2","maxpeople":6},{"batch":20,"type":2,"award":[{"id":10009,"count":14}],"simplespeed":22,"id":28,"level":7,"icon":"manor_json.icon2","maxpeople":6},{"batch":2000,"type":3,"award":[{"id":10008,"count":1}],"simplespeed":13,"id":29,"level":1,"icon":"manor_json.icon3","maxpeople":3},{"batch":1000,"type":3,"award":[{"id":10008,"count":2}],"simplespeed":6,"id":30,"level":2,"icon":"manor_json.icon3","maxpeople":4},{"batch":1000,"type":3,"award":[{"id":10008,"count":3}],"simplespeed":4,"id":31,"level":3,"icon":"manor_json.icon3","maxpeople":5},{"batch":500,"type":3,"award":[{"id":10008,"count":4}],"simplespeed":3,"id":32,"level":4,"icon":"manor_json.icon3","maxpeople":6},{"batch":200,"type":3,"award":[{"id":10008,"count":5}],"simplespeed":2,"id":33,"level":5,"icon":"manor_json.icon3","maxpeople":6},{"batch":10,"type":3,"award":[{"id":10008,"count":6}],"simplespeed":2,"id":34,"level":6,"icon":"manor_json.icon3","maxpeople":6},{"batch":1,"type":3,"award":[{"id":10008,"count":7}],"simplespeed":1,"id":35,"level":7,"icon":"manor_json.icon3","maxpeople":6},{"batch":2000,"type":6,"award":[{"id":10010,"count":1}],"simplespeed":66,"id":36,"level":1,"icon":"manor_json.icon6","maxpeople":3},{"batch":1000,"type":6,"award":[{"id":10010,"count":2}],"simplespeed":33,"id":37,"level":2,"icon":"manor_json.icon6","maxpeople":4},{"batch":2000,"type":6,"award":[{"id":10010,"count":3}],"simplespeed":22,"id":38,"level":3,"icon":"manor_json.icon6","maxpeople":5},{"batch":1000,"type":6,"award":[{"id":10010,"count":4}],"simplespeed":16,"id":39,"level":4,"icon":"manor_json.icon6","maxpeople":6},{"batch":500,"type":6,"award":[{"id":10010,"count":5}],"simplespeed":13,"id":40,"level":5,"icon":"manor_json.icon6","maxpeople":6},{"batch":20,"type":6,"award":[{"id":10010,"count":6}],"simplespeed":11,"id":41,"level":6,"icon":"manor_json.icon6","maxpeople":6},{"batch":1,"type":6,"award":[{"id":10010,"count":7}],"simplespeed":9,"id":42,"level":7,"icon":"manor_json.icon6","maxpeople":6},{"batch":10000,"type":7,"award":[{"id":0,"count":1}],"simplespeed":333,"id":43,"level":1,"icon":"manor_json.icon7","maxpeople":2},{"batch":4000,"type":9,"award":[{"id":10028,"count":8}],"simplespeed":133,"id":44,"level":1,"icon":"manor_json.icon9","maxpeople":2},{"batch":1500,"type":9,"award":[{"id":10028,"count":15}],"simplespeed":66,"id":45,"level":2,"icon":"manor_json.icon9","maxpeople":4},{"batch":1000,"type":9,"award":[{"id":10028,"count":22}],"simplespeed":44,"id":46,"level":3,"icon":"manor_json.icon9","maxpeople":5},{"batch":800,"type":9,"award":[{"id":10028,"count":29}],"simplespeed":33,"id":47,"level":4,"icon":"manor_json.icon9","maxpeople":6},{"batch":500,"type":9,"award":[{"id":10028,"count":35}],"simplespeed":26,"id":48,"level":5,"icon":"manor_json.icon9","maxpeople":6},{"batch":100,"type":9,"award":[{"id":10028,"count":40}],"simplespeed":22,"id":49,"level":6,"icon":"manor_json.icon9","maxpeople":6},{"batch":2,"type":9,"award":[{"id":10028,"count":45}],"simplespeed":19,"id":50,"level":7,"icon":"manor_json.icon9","maxpeople":6},{"batch":8000,"type":8,"award":[{"id":10058,"count":1}],"simplespeed":166,"id":51,"level":1,"icon":"manor_json.icon8","maxpeople":3},{"batch":5000,"type":8,"award":[{"id":10058,"count":2}],"simplespeed":83,"id":52,"level":2,"icon":"manor_json.icon8","maxpeople":4},{"batch":3000,"type":8,"award":[{"id":10058,"count":3}],"simplespeed":59,"id":53,"level":3,"icon":"manor_json.icon8","maxpeople":5},{"batch":1200,"type":8,"award":[{"id":10058,"count":4}],"simplespeed":44,"id":54,"level":4,"icon":"manor_json.icon8","maxpeople":6},{"batch":600,"type":8,"award":[{"id":10058,"count":5}],"simplespeed":33,"id":55,"level":5,"icon":"manor_json.icon8","maxpeople":6},{"batch":100,"type":8,"award":[{"id":10058,"count":6}],"simplespeed":26,"id":56,"level":6,"icon":"manor_json.icon8","maxpeople":6},{"batch":1,"type":8,"award":[{"id":10058,"count":7}],"simplespeed":22,"id":57,"level":7,"icon":"manor_json.icon8","maxpeople":6}],"level":[6,6]},{"libs":[{"batch":13000,"type":1,"award":[{"id":10004,"count":5}],"simplespeed":266,"id":1,"level":1,"icon":"manor_json.icon1","maxpeople":2},{"batch":48000,"type":1,"award":[{"id":10004,"count":10}],"simplespeed":133,"id":2,"level":2,"icon":"manor_json.icon1","maxpeople":3},{"batch":74000,"type":1,"award":[{"id":10004,"count":35}],"simplespeed":50,"id":3,"level":3,"icon":"manor_json.icon1","maxpeople":4},{"batch":52000,"type":1,"award":[{"id":10004,"count":55}],"simplespeed":36,"id":4,"level":4,"icon":"manor_json.icon1","maxpeople":5},{"batch":18000,"type":1,"award":[{"id":10004,"count":75}],"simplespeed":22,"id":5,"level":5,"icon":"manor_json.icon1","maxpeople":6},{"batch":6000,"type":1,"award":[{"id":10004,"count":95}],"simplespeed":19,"id":6,"level":6,"icon":"manor_json.icon1","maxpeople":6},{"batch":1000,"type":1,"award":[{"id":10004,"count":125}],"simplespeed":16,"id":7,"level":7,"icon":"manor_json.icon1","maxpeople":6},{"batch":1,"type":5,"award":[{"id":10002,"count":900}],"simplespeed":333,"id":8,"level":1,"icon":"manor_json.icon5","maxpeople":2},{"batch":1,"type":5,"award":[{"id":10002,"count":1800}],"simplespeed":166,"id":9,"level":2,"icon":"manor_json.icon5","maxpeople":3},{"batch":100,"type":5,"award":[{"id":10002,"count":2700}],"simplespeed":83,"id":10,"level":3,"icon":"manor_json.icon5","maxpeople":4},{"batch":200,"type":5,"award":[{"id":10002,"count":3600}],"simplespeed":66,"id":11,"level":4,"icon":"manor_json.icon5","maxpeople":5},{"batch":5000,"type":5,"award":[{"id":10002,"count":4500}],"simplespeed":55,"id":12,"level":5,"icon":"manor_json.icon5","maxpeople":6},{"batch":3000,"type":5,"award":[{"id":10002,"count":5400}],"simplespeed":47,"id":13,"level":6,"icon":"manor_json.icon5","maxpeople":6},{"batch":100,"type":5,"award":[{"id":10002,"count":6300}],"simplespeed":41,"id":14,"level":7,"icon":"manor_json.icon5","maxpeople":6},{"batch":5000,"type":4,"award":[{"id":10003,"count":4}],"simplespeed":222,"id":15,"level":1,"icon":"manor_json.icon4","maxpeople":2},{"batch":2000,"type":4,"award":[{"id":10003,"count":8}],"simplespeed":133,"id":16,"level":2,"icon":"manor_json.icon4","maxpeople":3},{"batch":4000,"type":4,"award":[{"id":10003,"count":12}],"simplespeed":97,"id":17,"level":3,"icon":"manor_json.icon4","maxpeople":4},{"batch":1000,"type":4,"award":[{"id":10003,"count":16}],"simplespeed":74,"id":18,"level":4,"icon":"manor_json.icon4","maxpeople":5},{"batch":400,"type":4,"award":[{"id":10003,"count":20}],"simplespeed":63,"id":19,"level":5,"icon":"manor_json.icon4","maxpeople":6},{"batch":200,"type":4,"award":[{"id":10003,"count":24}],"simplespeed":55,"id":20,"level":6,"icon":"manor_json.icon4","maxpeople":6},{"batch":20,"type":4,"award":[{"id":10003,"count":28}],"simplespeed":49,"id":21,"level":7,"icon":"manor_json.icon4","maxpeople":6},{"batch":8000,"type":2,"award":[{"id":10009,"count":2}],"simplespeed":166,"id":22,"level":1,"icon":"manor_json.icon2","maxpeople":2},{"batch":5000,"type":2,"award":[{"id":10009,"count":4}],"simplespeed":83,"id":23,"level":2,"icon":"manor_json.icon2","maxpeople":3},{"batch":2000,"type":2,"award":[{"id":10009,"count":6}],"simplespeed":59,"id":24,"level":3,"icon":"manor_json.icon2","maxpeople":4},{"batch":1000,"type":2,"award":[{"id":10009,"count":8}],"simplespeed":44,"id":25,"level":4,"icon":"manor_json.icon2","maxpeople":5},{"batch":800,"type":2,"award":[{"id":10009,"count":10}],"simplespeed":33,"id":26,"level":5,"icon":"manor_json.icon2","maxpeople":6},{"batch":200,"type":2,"award":[{"id":10009,"count":12}],"simplespeed":26,"id":27,"level":6,"icon":"manor_json.icon2","maxpeople":6},{"batch":50,"type":2,"award":[{"id":10009,"count":14}],"simplespeed":22,"id":28,"level":7,"icon":"manor_json.icon2","maxpeople":6},{"batch":2000,"type":3,"award":[{"id":10008,"count":1}],"simplespeed":13,"id":29,"level":1,"icon":"manor_json.icon3","maxpeople":3},{"batch":1000,"type":3,"award":[{"id":10008,"count":2}],"simplespeed":6,"id":30,"level":2,"icon":"manor_json.icon3","maxpeople":4},{"batch":1000,"type":3,"award":[{"id":10008,"count":3}],"simplespeed":4,"id":31,"level":3,"icon":"manor_json.icon3","maxpeople":5},{"batch":500,"type":3,"award":[{"id":10008,"count":4}],"simplespeed":3,"id":32,"level":4,"icon":"manor_json.icon3","maxpeople":6},{"batch":200,"type":3,"award":[{"id":10008,"count":5}],"simplespeed":2,"id":33,"level":5,"icon":"manor_json.icon3","maxpeople":6},{"batch":100,"type":3,"award":[{"id":10008,"count":6}],"simplespeed":2,"id":34,"level":6,"icon":"manor_json.icon3","maxpeople":6},{"batch":20,"type":3,"award":[{"id":10008,"count":7}],"simplespeed":1,"id":35,"level":7,"icon":"manor_json.icon3","maxpeople":6},{"batch":2000,"type":6,"award":[{"id":10010,"count":1}],"simplespeed":66,"id":36,"level":1,"icon":"manor_json.icon6","maxpeople":3},{"batch":1000,"type":6,"award":[{"id":10010,"count":2}],"simplespeed":33,"id":37,"level":2,"icon":"manor_json.icon6","maxpeople":4},{"batch":2000,"type":6,"award":[{"id":10010,"count":3}],"simplespeed":22,"id":38,"level":3,"icon":"manor_json.icon6","maxpeople":5},{"batch":1000,"type":6,"award":[{"id":10010,"count":4}],"simplespeed":16,"id":39,"level":4,"icon":"manor_json.icon6","maxpeople":6},{"batch":500,"type":6,"award":[{"id":10010,"count":5}],"simplespeed":13,"id":40,"level":5,"icon":"manor_json.icon6","maxpeople":6},{"batch":100,"type":6,"award":[{"id":10010,"count":6}],"simplespeed":11,"id":41,"level":6,"icon":"manor_json.icon6","maxpeople":6},{"batch":20,"type":6,"award":[{"id":10010,"count":7}],"simplespeed":9,"id":42,"level":7,"icon":"manor_json.icon6","maxpeople":6},{"batch":20000,"type":7,"award":[{"id":0,"count":1}],"simplespeed":333,"id":43,"level":1,"icon":"manor_json.icon7","maxpeople":2},{"batch":4000,"type":9,"award":[{"id":10028,"count":8}],"simplespeed":133,"id":44,"level":1,"icon":"manor_json.icon9","maxpeople":2},{"batch":1500,"type":9,"award":[{"id":10028,"count":15}],"simplespeed":66,"id":45,"level":2,"icon":"manor_json.icon9","maxpeople":4},{"batch":1000,"type":9,"award":[{"id":10028,"count":22}],"simplespeed":44,"id":46,"level":3,"icon":"manor_json.icon9","maxpeople":5},{"batch":800,"type":9,"award":[{"id":10028,"count":29}],"simplespeed":33,"id":47,"level":4,"icon":"manor_json.icon9","maxpeople":6},{"batch":500,"type":9,"award":[{"id":10028,"count":35}],"simplespeed":26,"id":48,"level":5,"icon":"manor_json.icon9","maxpeople":6},{"batch":200,"type":9,"award":[{"id":10028,"count":40}],"simplespeed":22,"id":49,"level":6,"icon":"manor_json.icon9","maxpeople":6},{"batch":20,"type":9,"award":[{"id":10028,"count":45}],"simplespeed":19,"id":50,"level":7,"icon":"manor_json.icon9","maxpeople":6},{"batch":15000,"type":8,"award":[{"id":10058,"count":1}],"simplespeed":166,"id":51,"level":1,"icon":"manor_json.icon8","maxpeople":3},{"batch":5000,"type":8,"award":[{"id":10058,"count":2}],"simplespeed":83,"id":52,"level":2,"icon":"manor_json.icon8","maxpeople":4},{"batch":3000,"type":8,"award":[{"id":10058,"count":3}],"simplespeed":59,"id":53,"level":3,"icon":"manor_json.icon8","maxpeople":5},{"batch":1200,"type":8,"award":[{"id":10058,"count":4}],"simplespeed":44,"id":54,"level":4,"icon":"manor_json.icon8","maxpeople":6},{"batch":600,"type":8,"award":[{"id":10058,"count":5}],"simplespeed":33,"id":55,"level":5,"icon":"manor_json.icon8","maxpeople":6},{"batch":300,"type":8,"award":[{"id":10058,"count":6}],"simplespeed":26,"id":56,"level":6,"icon":"manor_json.icon8","maxpeople":6},{"batch":20,"type":8,"award":[{"id":10058,"count":7}],"simplespeed":22,"id":57,"level":7,"icon":"manor_json.icon8","maxpeople":6}],"level":[7,7]},{"libs":[{"batch":2000,"type":1,"award":[{"id":10004,"count":5}],"simplespeed":266,"id":1,"level":1,"icon":"manor_json.icon1","maxpeople":2},{"batch":25000,"type":1,"award":[{"id":10004,"count":10}],"simplespeed":133,"id":2,"level":2,"icon":"manor_json.icon1","maxpeople":3},{"batch":34000,"type":1,"award":[{"id":10004,"count":35}],"simplespeed":50,"id":3,"level":3,"icon":"manor_json.icon1","maxpeople":4},{"batch":76000,"type":1,"award":[{"id":10004,"count":55}],"simplespeed":36,"id":4,"level":4,"icon":"manor_json.icon1","maxpeople":5},{"batch":36000,"type":1,"award":[{"id":10004,"count":75}],"simplespeed":22,"id":5,"level":5,"icon":"manor_json.icon1","maxpeople":6},{"batch":18000,"type":1,"award":[{"id":10004,"count":95}],"simplespeed":19,"id":6,"level":6,"icon":"manor_json.icon1","maxpeople":6},{"batch":3000,"type":1,"award":[{"id":10004,"count":125}],"simplespeed":16,"id":7,"level":7,"icon":"manor_json.icon1","maxpeople":6},{"batch":1,"type":5,"award":[{"id":10002,"count":900}],"simplespeed":333,"id":8,"level":1,"icon":"manor_json.icon5","maxpeople":2},{"batch":1,"type":5,"award":[{"id":10002,"count":1800}],"simplespeed":166,"id":9,"level":2,"icon":"manor_json.icon5","maxpeople":3},{"batch":100,"type":5,"award":[{"id":10002,"count":2700}],"simplespeed":83,"id":10,"level":3,"icon":"manor_json.icon5","maxpeople":4},{"batch":200,"type":5,"award":[{"id":10002,"count":3600}],"simplespeed":66,"id":11,"level":4,"icon":"manor_json.icon5","maxpeople":5},{"batch":5000,"type":5,"award":[{"id":10002,"count":4500}],"simplespeed":55,"id":12,"level":5,"icon":"manor_json.icon5","maxpeople":6},{"batch":3000,"type":5,"award":[{"id":10002,"count":5400}],"simplespeed":47,"id":13,"level":6,"icon":"manor_json.icon5","maxpeople":6},{"batch":200,"type":5,"award":[{"id":10002,"count":6300}],"simplespeed":41,"id":14,"level":7,"icon":"manor_json.icon5","maxpeople":6},{"batch":5000,"type":4,"award":[{"id":10003,"count":4}],"simplespeed":222,"id":15,"level":1,"icon":"manor_json.icon4","maxpeople":2},{"batch":2000,"type":4,"award":[{"id":10003,"count":8}],"simplespeed":133,"id":16,"level":2,"icon":"manor_json.icon4","maxpeople":3},{"batch":4000,"type":4,"award":[{"id":10003,"count":12}],"simplespeed":97,"id":17,"level":3,"icon":"manor_json.icon4","maxpeople":4},{"batch":1000,"type":4,"award":[{"id":10003,"count":16}],"simplespeed":74,"id":18,"level":4,"icon":"manor_json.icon4","maxpeople":5},{"batch":500,"type":4,"award":[{"id":10003,"count":20}],"simplespeed":63,"id":19,"level":5,"icon":"manor_json.icon4","maxpeople":6},{"batch":300,"type":4,"award":[{"id":10003,"count":24}],"simplespeed":55,"id":20,"level":6,"icon":"manor_json.icon4","maxpeople":6},{"batch":50,"type":4,"award":[{"id":10003,"count":28}],"simplespeed":49,"id":21,"level":7,"icon":"manor_json.icon4","maxpeople":6},{"batch":8000,"type":2,"award":[{"id":10009,"count":2}],"simplespeed":166,"id":22,"level":1,"icon":"manor_json.icon2","maxpeople":2},{"batch":5000,"type":2,"award":[{"id":10009,"count":4}],"simplespeed":83,"id":23,"level":2,"icon":"manor_json.icon2","maxpeople":3},{"batch":2000,"type":2,"award":[{"id":10009,"count":6}],"simplespeed":59,"id":24,"level":3,"icon":"manor_json.icon2","maxpeople":4},{"batch":1000,"type":2,"award":[{"id":10009,"count":8}],"simplespeed":44,"id":25,"level":4,"icon":"manor_json.icon2","maxpeople":5},{"batch":800,"type":2,"award":[{"id":10009,"count":10}],"simplespeed":33,"id":26,"level":5,"icon":"manor_json.icon2","maxpeople":6},{"batch":300,"type":2,"award":[{"id":10009,"count":12}],"simplespeed":26,"id":27,"level":6,"icon":"manor_json.icon2","maxpeople":6},{"batch":100,"type":2,"award":[{"id":10009,"count":14}],"simplespeed":22,"id":28,"level":7,"icon":"manor_json.icon2","maxpeople":6},{"batch":2000,"type":3,"award":[{"id":10008,"count":1}],"simplespeed":13,"id":29,"level":1,"icon":"manor_json.icon3","maxpeople":3},{"batch":1000,"type":3,"award":[{"id":10008,"count":2}],"simplespeed":6,"id":30,"level":2,"icon":"manor_json.icon3","maxpeople":4},{"batch":1000,"type":3,"award":[{"id":10008,"count":3}],"simplespeed":4,"id":31,"level":3,"icon":"manor_json.icon3","maxpeople":5},{"batch":500,"type":3,"award":[{"id":10008,"count":4}],"simplespeed":3,"id":32,"level":4,"icon":"manor_json.icon3","maxpeople":6},{"batch":200,"type":3,"award":[{"id":10008,"count":5}],"simplespeed":2,"id":33,"level":5,"icon":"manor_json.icon3","maxpeople":6},{"batch":200,"type":3,"award":[{"id":10008,"count":6}],"simplespeed":2,"id":34,"level":6,"icon":"manor_json.icon3","maxpeople":6},{"batch":50,"type":3,"award":[{"id":10008,"count":7}],"simplespeed":1,"id":35,"level":7,"icon":"manor_json.icon3","maxpeople":6},{"batch":2000,"type":6,"award":[{"id":10010,"count":1}],"simplespeed":66,"id":36,"level":1,"icon":"manor_json.icon6","maxpeople":3},{"batch":1000,"type":6,"award":[{"id":10010,"count":2}],"simplespeed":33,"id":37,"level":2,"icon":"manor_json.icon6","maxpeople":4},{"batch":2000,"type":6,"award":[{"id":10010,"count":3}],"simplespeed":22,"id":38,"level":3,"icon":"manor_json.icon6","maxpeople":5},{"batch":1000,"type":6,"award":[{"id":10010,"count":4}],"simplespeed":16,"id":39,"level":4,"icon":"manor_json.icon6","maxpeople":6},{"batch":500,"type":6,"award":[{"id":10010,"count":5}],"simplespeed":13,"id":40,"level":5,"icon":"manor_json.icon6","maxpeople":6},{"batch":200,"type":6,"award":[{"id":10010,"count":6}],"simplespeed":11,"id":41,"level":6,"icon":"manor_json.icon6","maxpeople":6},{"batch":50,"type":6,"award":[{"id":10010,"count":7}],"simplespeed":9,"id":42,"level":7,"icon":"manor_json.icon6","maxpeople":6},{"batch":30000,"type":7,"award":[{"id":0,"count":1}],"simplespeed":333,"id":43,"level":1,"icon":"manor_json.icon7","maxpeople":2},{"batch":3000,"type":9,"award":[{"id":10028,"count":8}],"simplespeed":133,"id":44,"level":1,"icon":"manor_json.icon9","maxpeople":2},{"batch":1500,"type":9,"award":[{"id":10028,"count":15}],"simplespeed":66,"id":45,"level":2,"icon":"manor_json.icon9","maxpeople":4},{"batch":1000,"type":9,"award":[{"id":10028,"count":22}],"simplespeed":44,"id":46,"level":3,"icon":"manor_json.icon9","maxpeople":5},{"batch":800,"type":9,"award":[{"id":10028,"count":29}],"simplespeed":33,"id":47,"level":4,"icon":"manor_json.icon9","maxpeople":6},{"batch":600,"type":9,"award":[{"id":10028,"count":35}],"simplespeed":26,"id":48,"level":5,"icon":"manor_json.icon9","maxpeople":6},{"batch":300,"type":9,"award":[{"id":10028,"count":40}],"simplespeed":22,"id":49,"level":6,"icon":"manor_json.icon9","maxpeople":6},{"batch":50,"type":9,"award":[{"id":10028,"count":45}],"simplespeed":19,"id":50,"level":7,"icon":"manor_json.icon9","maxpeople":6},{"batch":3000,"type":8,"award":[{"id":10058,"count":1}],"simplespeed":166,"id":51,"level":1,"icon":"manor_json.icon8","maxpeople":3},{"batch":8000,"type":8,"award":[{"id":10058,"count":2}],"simplespeed":83,"id":52,"level":2,"icon":"manor_json.icon8","maxpeople":4},{"batch":3000,"type":8,"award":[{"id":10058,"count":3}],"simplespeed":59,"id":53,"level":3,"icon":"manor_json.icon8","maxpeople":5},{"batch":1200,"type":8,"award":[{"id":10058,"count":4}],"simplespeed":44,"id":54,"level":4,"icon":"manor_json.icon8","maxpeople":6},{"batch":1000,"type":8,"award":[{"id":10058,"count":5}],"simplespeed":33,"id":55,"level":5,"icon":"manor_json.icon8","maxpeople":6},{"batch":500,"type":8,"award":[{"id":10058,"count":6}],"simplespeed":26,"id":56,"level":6,"icon":"manor_json.icon8","maxpeople":6},{"batch":50,"type":8,"award":[{"id":10058,"count":7}],"simplespeed":22,"id":57,"level":7,"icon":"manor_json.icon8","maxpeople":6}],"level":[8,8]},{"libs":[{"batch":1100,"type":1,"award":[{"id":10004,"count":5}],"simplespeed":266,"id":1,"level":1,"icon":"manor_json.icon1","maxpeople":2},{"batch":11000,"type":1,"award":[{"id":10004,"count":10}],"simplespeed":133,"id":2,"level":2,"icon":"manor_json.icon1","maxpeople":3},{"batch":44000,"type":1,"award":[{"id":10004,"count":35}],"simplespeed":50,"id":3,"level":3,"icon":"manor_json.icon1","maxpeople":4},{"batch":66000,"type":1,"award":[{"id":10004,"count":55}],"simplespeed":36,"id":4,"level":4,"icon":"manor_json.icon1","maxpeople":5},{"batch":48000,"type":1,"award":[{"id":10004,"count":75}],"simplespeed":22,"id":5,"level":5,"icon":"manor_json.icon1","maxpeople":6},{"batch":7000,"type":1,"award":[{"id":10004,"count":95}],"simplespeed":19,"id":6,"level":6,"icon":"manor_json.icon1","maxpeople":6},{"batch":1500,"type":1,"award":[{"id":10004,"count":125}],"simplespeed":16,"id":7,"level":7,"icon":"manor_json.icon1","maxpeople":6},{"batch":1,"type":5,"award":[{"id":10002,"count":900}],"simplespeed":333,"id":8,"level":1,"icon":"manor_json.icon5","maxpeople":2},{"batch":1,"type":5,"award":[{"id":10002,"count":1800}],"simplespeed":166,"id":9,"level":2,"icon":"manor_json.icon5","maxpeople":3},{"batch":100,"type":5,"award":[{"id":10002,"count":2700}],"simplespeed":83,"id":10,"level":3,"icon":"manor_json.icon5","maxpeople":4},{"batch":200,"type":5,"award":[{"id":10002,"count":3600}],"simplespeed":66,"id":11,"level":4,"icon":"manor_json.icon5","maxpeople":5},{"batch":5000,"type":5,"award":[{"id":10002,"count":4500}],"simplespeed":55,"id":12,"level":5,"icon":"manor_json.icon5","maxpeople":6},{"batch":3000,"type":5,"award":[{"id":10002,"count":5400}],"simplespeed":47,"id":13,"level":6,"icon":"manor_json.icon5","maxpeople":6},{"batch":300,"type":5,"award":[{"id":10002,"count":6300}],"simplespeed":41,"id":14,"level":7,"icon":"manor_json.icon5","maxpeople":6},{"batch":5000,"type":4,"award":[{"id":10003,"count":4}],"simplespeed":222,"id":15,"level":1,"icon":"manor_json.icon4","maxpeople":2},{"batch":2000,"type":4,"award":[{"id":10003,"count":8}],"simplespeed":133,"id":16,"level":2,"icon":"manor_json.icon4","maxpeople":3},{"batch":4000,"type":4,"award":[{"id":10003,"count":12}],"simplespeed":97,"id":17,"level":3,"icon":"manor_json.icon4","maxpeople":4},{"batch":1000,"type":4,"award":[{"id":10003,"count":16}],"simplespeed":74,"id":18,"level":4,"icon":"manor_json.icon4","maxpeople":5},{"batch":500,"type":4,"award":[{"id":10003,"count":20}],"simplespeed":63,"id":19,"level":5,"icon":"manor_json.icon4","maxpeople":6},{"batch":300,"type":4,"award":[{"id":10003,"count":24}],"simplespeed":55,"id":20,"level":6,"icon":"manor_json.icon4","maxpeople":6},{"batch":80,"type":4,"award":[{"id":10003,"count":28}],"simplespeed":49,"id":21,"level":7,"icon":"manor_json.icon4","maxpeople":6},{"batch":3000,"type":2,"award":[{"id":10009,"count":2}],"simplespeed":166,"id":22,"level":1,"icon":"manor_json.icon2","maxpeople":2},{"batch":5000,"type":2,"award":[{"id":10009,"count":4}],"simplespeed":83,"id":23,"level":2,"icon":"manor_json.icon2","maxpeople":3},{"batch":6000,"type":2,"award":[{"id":10009,"count":6}],"simplespeed":59,"id":24,"level":3,"icon":"manor_json.icon2","maxpeople":4},{"batch":1000,"type":2,"award":[{"id":10009,"count":8}],"simplespeed":44,"id":25,"level":4,"icon":"manor_json.icon2","maxpeople":5},{"batch":800,"type":2,"award":[{"id":10009,"count":10}],"simplespeed":33,"id":26,"level":5,"icon":"manor_json.icon2","maxpeople":6},{"batch":300,"type":2,"award":[{"id":10009,"count":12}],"simplespeed":26,"id":27,"level":6,"icon":"manor_json.icon2","maxpeople":6},{"batch":100,"type":2,"award":[{"id":10009,"count":14}],"simplespeed":22,"id":28,"level":7,"icon":"manor_json.icon2","maxpeople":6},{"batch":1000,"type":3,"award":[{"id":10008,"count":1}],"simplespeed":13,"id":29,"level":1,"icon":"manor_json.icon3","maxpeople":3},{"batch":2000,"type":3,"award":[{"id":10008,"count":2}],"simplespeed":6,"id":30,"level":2,"icon":"manor_json.icon3","maxpeople":4},{"batch":1000,"type":3,"award":[{"id":10008,"count":3}],"simplespeed":4,"id":31,"level":3,"icon":"manor_json.icon3","maxpeople":5},{"batch":500,"type":3,"award":[{"id":10008,"count":4}],"simplespeed":3,"id":32,"level":4,"icon":"manor_json.icon3","maxpeople":6},{"batch":200,"type":3,"award":[{"id":10008,"count":5}],"simplespeed":2,"id":33,"level":5,"icon":"manor_json.icon3","maxpeople":6},{"batch":200,"type":3,"award":[{"id":10008,"count":6}],"simplespeed":2,"id":34,"level":6,"icon":"manor_json.icon3","maxpeople":6},{"batch":80,"type":3,"award":[{"id":10008,"count":7}],"simplespeed":1,"id":35,"level":7,"icon":"manor_json.icon3","maxpeople":6},{"batch":1500,"type":6,"award":[{"id":10010,"count":1}],"simplespeed":66,"id":36,"level":1,"icon":"manor_json.icon6","maxpeople":3},{"batch":1000,"type":6,"award":[{"id":10010,"count":2}],"simplespeed":33,"id":37,"level":2,"icon":"manor_json.icon6","maxpeople":4},{"batch":2000,"type":6,"award":[{"id":10010,"count":3}],"simplespeed":22,"id":38,"level":3,"icon":"manor_json.icon6","maxpeople":5},{"batch":1500,"type":6,"award":[{"id":10010,"count":4}],"simplespeed":16,"id":39,"level":4,"icon":"manor_json.icon6","maxpeople":6},{"batch":500,"type":6,"award":[{"id":10010,"count":5}],"simplespeed":13,"id":40,"level":5,"icon":"manor_json.icon6","maxpeople":6},{"batch":300,"type":6,"award":[{"id":10010,"count":6}],"simplespeed":11,"id":41,"level":6,"icon":"manor_json.icon6","maxpeople":6},{"batch":80,"type":6,"award":[{"id":10010,"count":7}],"simplespeed":9,"id":42,"level":7,"icon":"manor_json.icon6","maxpeople":6},{"batch":20000,"type":7,"award":[{"id":0,"count":1}],"simplespeed":333,"id":43,"level":1,"icon":"manor_json.icon7","maxpeople":2},{"batch":2000,"type":9,"award":[{"id":10028,"count":8}],"simplespeed":133,"id":44,"level":1,"icon":"manor_json.icon9","maxpeople":2},{"batch":1500,"type":9,"award":[{"id":10028,"count":15}],"simplespeed":66,"id":45,"level":2,"icon":"manor_json.icon9","maxpeople":4},{"batch":1500,"type":9,"award":[{"id":10028,"count":22}],"simplespeed":44,"id":46,"level":3,"icon":"manor_json.icon9","maxpeople":5},{"batch":800,"type":9,"award":[{"id":10028,"count":29}],"simplespeed":33,"id":47,"level":4,"icon":"manor_json.icon9","maxpeople":6},{"batch":600,"type":9,"award":[{"id":10028,"count":35}],"simplespeed":26,"id":48,"level":5,"icon":"manor_json.icon9","maxpeople":6},{"batch":300,"type":9,"award":[{"id":10028,"count":40}],"simplespeed":22,"id":49,"level":6,"icon":"manor_json.icon9","maxpeople":6},{"batch":80,"type":9,"award":[{"id":10028,"count":45}],"simplespeed":19,"id":50,"level":7,"icon":"manor_json.icon9","maxpeople":6},{"batch":1000,"type":8,"award":[{"id":10058,"count":3}],"simplespeed":166,"id":51,"level":1,"icon":"manor_json.icon8","maxpeople":3},{"batch":6000,"type":8,"award":[{"id":10058,"count":6}],"simplespeed":83,"id":52,"level":2,"icon":"manor_json.icon8","maxpeople":4},{"batch":8000,"type":8,"award":[{"id":10058,"count":9}],"simplespeed":59,"id":53,"level":3,"icon":"manor_json.icon8","maxpeople":5},{"batch":2500,"type":8,"award":[{"id":10058,"count":12}],"simplespeed":44,"id":54,"level":4,"icon":"manor_json.icon8","maxpeople":6},{"batch":1000,"type":8,"award":[{"id":10058,"count":15}],"simplespeed":33,"id":55,"level":5,"icon":"manor_json.icon8","maxpeople":6},{"batch":500,"type":8,"award":[{"id":10058,"count":18}],"simplespeed":26,"id":56,"level":6,"icon":"manor_json.icon8","maxpeople":6},{"batch":80,"type":8,"award":[{"id":10058,"count":21}],"simplespeed":22,"id":57,"level":7,"icon":"manor_json.icon8","maxpeople":6}],"level":[9,19]}],"gatherTime":[{"state":"兴奋","type":0,"times":[0,15],"speed":200,"fightrate":100},{"state":"正常","type":1,"times":[16,30],"speed":100,"fightrate":85},{"state":"疲劳","type":2,"times":[31,60],"speed":50,"fightrate":70},{"state":"脱力","type":3,"times":[61,999],"speed":1,"fightrate":50}],"gift":[100,101,102,103,104,105],"refreshNeighberTime":300,"buyPeopleCost":[30,300,1000,1500,2000,3000,4000,7000,10000,15000,20000]}}