{"RedPacketConfig":{"lastGetNotice":"<font color='#31B4F8'>%s</font>的红包已被领取完，玩家<font color='#31B4F8'>%s</font>是手气♡1000♡","openDay":1,"list":[{"id":1,"desc":"第$val$个闯关到第50关的玩家","title":"闯关达人","limit":2,"value":100,"count":10,"redType":0},{"id":2,"desc":"第$val$个闯关到第80关的玩家","title":"闯关达人","limit":2,"value":100,"count":10,"redType":0},{"id":3,"desc":"第$val$个闯关到第100关的玩家","title":"闯关达人","limit":5,"value":100,"count":10,"redType":0},{"id":4,"desc":"第$val$个闯关到第120关的玩家","title":"闯关达人","limit":5,"value":100,"count":10,"redType":0},{"id":5,"desc":"第$val$个闯关到第150关的玩家","title":"闯关达人","limit":5,"value":100,"count":10,"redType":0},{"id":6,"desc":"第$val$个闯关到第180关的玩家","title":"闯关达人","limit":3,"value":100,"count":10,"redType":0},{"id":7,"desc":"第$val$个闯关到第200关的玩家","title":"闯关达人","limit":3,"value":100,"count":10,"redType":0},{"id":8,"desc":"第$val$个闯关到第250关的玩家","title":"闯关达人","limit":3,"value":100,"count":10,"redType":0},{"id":9,"desc":"第$val$个闯关到第300关的玩家","title":"闯关达人","limit":3,"value":100,"count":10,"redType":0},{"id":10,"desc":"第$val$个闯关到第350关的玩家","title":"闯关达人","limit":3,"value":100,"count":10,"redType":0},{"id":11,"desc":"第$val$个闯关到第400关的玩家","title":"闯关达人","limit":3,"value":100,"count":10,"redType":0},{"id":12,"desc":"第$val$个闯关到第450关的玩家","title":"闯关达人","limit":3,"value":100,"count":10,"redType":0},{"id":13,"desc":"第$val$个闯关到第500关的玩家","title":"闯关达人","limit":3,"value":100,"count":10,"redType":0},{"id":14,"desc":"第$val$个闯关到第600关的玩家","title":"闯关达人","limit":3,"value":100,"count":10,"redType":0},{"id":15,"desc":"第$val$个闯关到第700关的玩家","title":"闯关达人","limit":3,"value":100,"count":10,"redType":0},{"id":16,"desc":"第$val$个闯关到第800关的玩家","title":"闯关达人","limit":3,"value":100,"count":10,"redType":0},{"id":17,"desc":"第$val$个闯关到第900关的玩家","title":"闯关达人","limit":3,"value":100,"count":10,"redType":0},{"id":18,"desc":"第$val$个闯关到第1000关的玩家","title":"闯关达人","limit":3,"value":100,"count":10,"redType":0},{"id":19,"desc":"第$val$个闯关到第1100关的玩家","title":"闯关达人","limit":3,"value":100,"count":10,"redType":0},{"id":20,"desc":"第$val$个闯关到第1200关的玩家","title":"闯关达人","limit":3,"value":100,"count":10,"redType":0},{"id":21,"desc":"第$val$个闯关到第1300关的玩家","title":"闯关达人","limit":3,"value":100,"count":10,"redType":0},{"id":22,"desc":"第$val$个闯关到第1400关的玩家","title":"闯关达人","limit":3,"value":100,"count":10,"redType":0},{"id":23,"desc":"第$val$个闯关到第1500关的玩家","title":"闯关达人","limit":3,"value":100,"count":10,"redType":0},{"id":24,"desc":"第$val$个闯关到第1600关的玩家","title":"闯关达人","limit":3,"value":100,"count":10,"redType":0},{"id":25,"desc":"第$val$个闯关到第1700关的玩家","title":"闯关达人","limit":3,"value":100,"count":10,"redType":0},{"id":26,"desc":"第$val$个闯关到第1800关的玩家","title":"闯关达人","limit":3,"value":100,"count":10,"redType":0},{"id":27,"desc":"第$val$个闯关到第1900关的玩家","title":"闯关达人","limit":3,"value":100,"count":10,"redType":0},{"id":28,"desc":"第$val$个闯关到第2000关的玩家","title":"闯关达人","limit":3,"value":100,"count":10,"redType":0},{"id":29,"desc":"第$val$个闯关到第2100关的玩家","title":"闯关达人","limit":3,"value":100,"count":10,"redType":0},{"id":30,"desc":"第$val$个闯关到第2200关的玩家","title":"闯关达人","limit":3,"value":100,"count":10,"redType":0},{"id":31,"desc":"第$val$个闯关到第2300关的玩家","title":"闯关达人","limit":3,"value":100,"count":10,"redType":0},{"id":32,"desc":"第$val$个闯关到第2400关的玩家","title":"闯关达人","limit":3,"value":100,"count":10,"redType":0},{"id":33,"desc":"第$val$个闯关到第2500关的玩家","title":"闯关达人","limit":3,"value":100,"count":10,"redType":0},{"id":34,"desc":"第$val$个闯关到第2600关的玩家","title":"闯关达人","limit":3,"value":100,"count":10,"redType":0},{"id":35,"desc":"第$val$个闯关到第2700关的玩家","title":"闯关达人","limit":3,"value":100,"count":10,"redType":0},{"id":36,"desc":"第$val$个闯关到第2800关的玩家","title":"闯关达人","limit":3,"value":100,"count":10,"redType":0},{"id":37,"desc":"第$val$个闯关到第2900关的玩家","title":"闯关达人","limit":3,"value":100,"count":10,"redType":0},{"id":38,"desc":"第$val$个闯关到第3000关的玩家","title":"闯关达人","limit":3,"value":100,"count":10,"redType":0},{"id":101,"title":"天工巧匠","desc":"第$val$个打造出<font color='0xffeb00'>传说级武器</font>的玩家","limit":1,"value":100,"count":10,"redType":0},{"id":102,"title":"天工巧匠","desc":"第$val$个打造出<font color='0xffeb00'>传说级衣服</font>的玩家","limit":1,"value":100,"count":10,"redType":0},{"id":103,"title":"天工巧匠","desc":"第$val$个打造出<font color='0xffeb00'>传说级头盔</font>的玩家","limit":1,"value":100,"count":10,"redType":0},{"id":104,"title":"天工巧匠","desc":"第$val$个打造出<font color='0xffeb00'>传说级项链</font>的玩家","limit":1,"value":100,"count":10,"redType":0},{"id":105,"title":"天工巧匠","desc":"第$val$个打造出<font color='0xffeb00'>传说级手镯</font>的玩家","limit":1,"value":100,"count":10,"redType":0},{"id":106,"title":"天工巧匠","desc":"第$val$个打造出<font color='0xffeb00'>传说级戒指</font>的玩家","limit":1,"value":100,"count":10,"redType":0},{"id":107,"title":"天工巧匠","desc":"第$val$个打造出<font color='0xffeb00'>传说级腰带</font>的玩家","limit":1,"value":100,"count":10,"redType":0},{"id":108,"title":"天工巧匠","desc":"第$val$个打造出<font color='0xffeb00'>传说级鞋子</font>的玩家","limit":1,"value":100,"count":10,"redType":0},{"id":109,"title":"天工巧匠","desc":"第$val$个打造出<font color='0xffeb00'>传说级盾牌</font>的玩家","limit":1,"value":100,"count":10,"redType":0},{"id":110,"title":"天工巧匠","desc":"第$val$个打造出<font color='0xffeb00'>传说级斗笠</font>的玩家","limit":1,"value":100,"count":10,"redType":0},{"id":111,"title":"天工巧匠","desc":"第$val$个打造出<font color='0xffeb00'>传说级勋章</font>的玩家","limit":1,"value":100,"count":10,"redType":0},{"id":112,"title":"天工巧匠","desc":"第$val$个打造出<font color='0xffeb00'>传说级战鼓</font>的玩家","limit":1,"value":100,"count":10,"redType":0},{"id":113,"title":"天工巧匠","desc":"第$val$个打造出<font color='0xfe0000'>神话级武器</font>的玩家","limit":1,"value":100,"count":10,"redType":0},{"id":114,"title":"天工巧匠","desc":"第$val$个打造出<font color='0xfe0000'>神话级衣服</font>的玩家","limit":1,"value":100,"count":10,"redType":0},{"id":115,"title":"天工巧匠","desc":"第$val$个打造出<font color='0xfe0000'>神话级头盔</font>的玩家","limit":1,"value":100,"count":10,"redType":0},{"id":116,"title":"天工巧匠","desc":"第$val$个打造出<font color='0xfe0000'>神话级项链</font>的玩家","limit":1,"value":100,"count":10,"redType":0},{"id":117,"title":"天工巧匠","desc":"第$val$个打造出<font color='0xfe0000'>神话级手镯</font>的玩家","limit":1,"value":100,"count":10,"redType":0},{"id":118,"title":"天工巧匠","desc":"第$val$个打造出<font color='0xfe0000'>神话级戒指</font>的玩家","limit":1,"value":100,"count":10,"redType":0},{"id":119,"title":"天工巧匠","desc":"第$val$个打造出<font color='0xfe0000'>神话级腰带</font>的玩家","limit":1,"value":100,"count":10,"redType":0},{"id":120,"title":"天工巧匠","desc":"第$val$个打造出<font color='0xfe0000'>神话级鞋子</font>的玩家","limit":1,"value":100,"count":10,"redType":0},{"id":121,"title":"天工巧匠","desc":"第$val$个打造出<font color='0xfe0000'>神话级盾牌</font>的玩家","limit":1,"value":100,"count":10,"redType":0},{"id":122,"title":"天工巧匠","desc":"第$val$个打造出<font color='0xfe0000'>神话级斗笠</font>的玩家","limit":1,"value":100,"count":10,"redType":0},{"id":123,"title":"天工巧匠","desc":"第$val$个打造出<font color='0xfe0000'>神话级勋章</font>的玩家","limit":1,"value":100,"count":10,"redType":0},{"id":124,"title":"天工巧匠","desc":"第$val$个打造出<font color='0xfe0000'>神话级战鼓</font>的玩家","limit":1,"value":100,"count":10,"redType":0},{"id":125,"title":"天工巧匠","desc":"第$val$个打造出<font color='0xff1493'>原始级武器</font>的玩家","limit":2,"value":100,"count":10,"redType":0},{"id":126,"title":"天工巧匠","desc":"第$val$个打造出<font color='0xff1493'>原始级衣服</font>的玩家","limit":2,"value":100,"count":10,"redType":0},{"id":127,"title":"天工巧匠","desc":"第$val$个打造出<font color='0xff1493'>原始级头盔</font>的玩家","limit":2,"value":100,"count":10,"redType":0},{"id":128,"title":"天工巧匠","desc":"第$val$个打造出<font color='0xff1493'>原始级项链</font>的玩家","limit":2,"value":100,"count":10,"redType":0},{"id":129,"title":"天工巧匠","desc":"第$val$个打造出<font color='0xff1493'>原始级手镯</font>的玩家","limit":2,"value":100,"count":10,"redType":0},{"id":130,"title":"天工巧匠","desc":"第$val$个打造出<font color='0xff1493'>原始级戒指</font>的玩家","limit":2,"value":100,"count":10,"redType":0},{"id":131,"title":"天工巧匠","desc":"第$val$个打造出<font color='0xff1493'>原始级腰带</font>的玩家","limit":2,"value":100,"count":10,"redType":0},{"id":132,"title":"天工巧匠","desc":"第$val$个打造出<font color='0xff1493'>原始级鞋子</font>的玩家","limit":2,"value":100,"count":10,"redType":0},{"id":133,"title":"天工巧匠","desc":"第$val$个打造出<font color='0xff1493'>原始级盾牌</font>的玩家","limit":2,"value":100,"count":10,"redType":0},{"id":134,"title":"天工巧匠","desc":"第$val$个打造出<font color='0xff1493'>原始级斗笠</font>的玩家","limit":2,"value":100,"count":10,"redType":0},{"id":135,"title":"天工巧匠","desc":"第$val$个打造出<font color='0xff1493'>原始级勋章</font>的玩家","limit":2,"value":100,"count":10,"redType":0},{"id":136,"title":"天工巧匠","desc":"第$val$个打造出<font color='0xff1493'>原始级战鼓</font>的玩家","limit":2,"value":100,"count":10,"redType":0},{"id":137,"title":"天工巧匠","desc":"第$val$个打造出<font color='0x41ffb2'>上古级武器</font>的玩家","limit":3,"value":100,"count":10,"redType":0},{"id":138,"title":"天工巧匠","desc":"第$val$个打造出<font color='0x41ffb2'>上古级衣服</font>的玩家","limit":3,"value":100,"count":10,"redType":0},{"id":139,"title":"天工巧匠","desc":"第$val$个打造出<font color='0x41ffb2'>上古级头盔</font>的玩家","limit":3,"value":100,"count":10,"redType":0},{"id":140,"title":"天工巧匠","desc":"第$val$个打造出<font color='0x41ffb2'>上古级项链</font>的玩家","limit":3,"value":100,"count":10,"redType":0},{"id":141,"title":"天工巧匠","desc":"第$val$个打造出<font color='0x41ffb2'>上古级手镯</font>的玩家","limit":3,"value":100,"count":10,"redType":0},{"id":142,"title":"天工巧匠","desc":"第$val$个打造出<font color='0x41ffb2'>上古级戒指</font>的玩家","limit":3,"value":100,"count":10,"redType":0},{"id":143,"title":"天工巧匠","desc":"第$val$个打造出<font color='0x41ffb2'>上古级腰带</font>的玩家","limit":3,"value":100,"count":10,"redType":0},{"id":144,"title":"天工巧匠","desc":"第$val$个打造出<font color='0x41ffb2'>上古级鞋子</font>的玩家","limit":3,"value":100,"count":10,"redType":0},{"id":145,"title":"天工巧匠","desc":"第$val$个打造出<font color='0x41ffb2'>上古级盾牌</font>的玩家","limit":3,"value":100,"count":10,"redType":0},{"id":146,"title":"天工巧匠","desc":"第$val$个打造出<font color='0x41ffb2'>上古级斗笠</font>的玩家","limit":3,"value":100,"count":10,"redType":0},{"id":147,"title":"天工巧匠","desc":"第$val$个打造出<font color='0x41ffb2'>上古级勋章</font>的玩家","limit":3,"value":100,"count":10,"redType":0},{"id":148,"title":"天工巧匠","desc":"第$val$个打造出<font color='0x41ffb2'>上古级战鼓</font>的玩家","limit":3,"value":100,"count":10,"redType":0},{"id":149,"title":"天工巧匠","desc":"第$val$个打造出<font color='0x48d3ff'>洪荒级武器</font>的玩家","limit":3,"value":100,"count":10,"redType":0},{"id":150,"title":"天工巧匠","desc":"第$val$个打造出<font color='0x48d3ff'>洪荒级衣服</font>的玩家","limit":3,"value":100,"count":10,"redType":0},{"id":151,"title":"天工巧匠","desc":"第$val$个打造出<font color='0x48d3ff'>洪荒级头盔</font>的玩家","limit":3,"value":100,"count":10,"redType":0},{"id":152,"title":"天工巧匠","desc":"第$val$个打造出<font color='0x48d3ff'>洪荒级项链</font>的玩家","limit":3,"value":100,"count":10,"redType":0},{"id":153,"title":"天工巧匠","desc":"第$val$个打造出<font color='0x48d3ff'>洪荒级手镯</font>的玩家","limit":3,"value":100,"count":10,"redType":0},{"id":154,"title":"天工巧匠","desc":"第$val$个打造出<font color='0x48d3ff'>洪荒级戒指</font>的玩家","limit":3,"value":100,"count":10,"redType":0},{"id":155,"title":"天工巧匠","desc":"第$val$个打造出<font color='0x48d3ff'>洪荒级腰带</font>的玩家","limit":3,"value":100,"count":10,"redType":0},{"id":156,"title":"天工巧匠","desc":"第$val$个打造出<font color='0x48d3ff'>洪荒级鞋子</font>的玩家","limit":3,"value":100,"count":10,"redType":0},{"id":157,"title":"天工巧匠","desc":"第$val$个打造出<font color='0x48d3ff'>洪荒级盾牌</font>的玩家","limit":3,"value":100,"count":10,"redType":0},{"id":158,"title":"天工巧匠","desc":"第$val$个打造出<font color='0x48d3ff'>洪荒级斗笠</font>的玩家","limit":3,"value":100,"count":10,"redType":0},{"id":159,"title":"天工巧匠","desc":"第$val$个打造出<font color='0x48d3ff'>洪荒级勋章</font>的玩家","limit":3,"value":100,"count":10,"redType":0},{"id":160,"title":"天工巧匠","desc":"第$val$个打造出<font color='0x48d3ff'>洪荒级战鼓</font>的玩家","limit":3,"value":100,"count":10,"redType":0},{"id":161,"title":"天工巧匠","desc":"第$val$个打造出<font color='0xe446ff'>混沌级武器</font>的玩家","limit":3,"value":100,"count":10,"redType":0},{"id":162,"title":"天工巧匠","desc":"第$val$个打造出<font color='0xe446ff'>混沌级衣服</font>的玩家","limit":3,"value":100,"count":10,"redType":0},{"id":163,"title":"天工巧匠","desc":"第$val$个打造出<font color='0xe446ff'>混沌级头盔</font>的玩家","limit":3,"value":100,"count":10,"redType":0},{"id":164,"title":"天工巧匠","desc":"第$val$个打造出<font color='0xe446ff'>混沌级项链</font>的玩家","limit":3,"value":100,"count":10,"redType":0},{"id":165,"title":"天工巧匠","desc":"第$val$个打造出<font color='0xe446ff'>混沌级手镯</font>的玩家","limit":3,"value":100,"count":10,"redType":0},{"id":166,"title":"天工巧匠","desc":"第$val$个打造出<font color='0xe446ff'>混沌级戒指</font>的玩家","limit":3,"value":100,"count":10,"redType":0},{"id":167,"title":"天工巧匠","desc":"第$val$个打造出<font color='0xe446ff'>混沌级腰带</font>的玩家","limit":3,"value":100,"count":10,"redType":0},{"id":168,"title":"天工巧匠","desc":"第$val$个打造出<font color='0xe446ff'>混沌级鞋子</font>的玩家","limit":3,"value":100,"count":10,"redType":0},{"id":169,"title":"天工巧匠","desc":"第$val$个打造出<font color='0xe446ff'>混沌级盾牌</font>的玩家","limit":3,"value":100,"count":10,"redType":0},{"id":170,"title":"天工巧匠","desc":"第$val$个打造出<font color='0xe446ff'>混沌级斗笠</font>的玩家","limit":3,"value":100,"count":10,"redType":0},{"id":171,"title":"天工巧匠","desc":"第$val$个打造出<font color='0xe446ff'>混沌级勋章</font>的玩家","limit":3,"value":100,"count":10,"redType":0},{"id":172,"title":"天工巧匠","desc":"第$val$个打造出<font color='0xe446ff'>混沌级战鼓</font>的玩家","limit":3,"value":100,"count":10,"redType":0},{"id":173,"title":"天工巧匠","desc":"第$val$个打造出<font color='0xedff85'>鸿蒙级武器</font>的玩家","limit":3,"value":100,"count":10,"redType":0},{"id":174,"title":"天工巧匠","desc":"第$val$个打造出<font color='0xedff85'>鸿蒙级衣服</font>的玩家","limit":3,"value":100,"count":10,"redType":0},{"id":175,"title":"天工巧匠","desc":"第$val$个打造出<font color='0xedff85'>鸿蒙级头盔</font>的玩家","limit":3,"value":100,"count":10,"redType":0},{"id":176,"title":"天工巧匠","desc":"第$val$个打造出<font color='0xedff85'>鸿蒙级项链</font>的玩家","limit":3,"value":100,"count":10,"redType":0},{"id":177,"title":"天工巧匠","desc":"第$val$个打造出<font color='0xedff85'>鸿蒙级手镯</font>的玩家","limit":3,"value":100,"count":10,"redType":0},{"id":178,"title":"天工巧匠","desc":"第$val$个打造出<font color='0xedff85'>鸿蒙级戒指</font>的玩家","limit":3,"value":100,"count":10,"redType":0},{"id":179,"title":"天工巧匠","desc":"第$val$个打造出<font color='0xedff85'>鸿蒙级腰带</font>的玩家","limit":3,"value":100,"count":10,"redType":0},{"id":180,"title":"天工巧匠","desc":"第$val$个打造出<font color='0xedff85'>鸿蒙级鞋子</font>的玩家","limit":3,"value":100,"count":10,"redType":0},{"id":181,"title":"天工巧匠","desc":"第$val$个打造出<font color='0xedff85'>鸿蒙级盾牌</font>的玩家","limit":3,"value":100,"count":10,"redType":0},{"id":182,"title":"天工巧匠","desc":"第$val$个打造出<font color='0xedff85'>鸿蒙级斗笠</font>的玩家","limit":3,"value":100,"count":10,"redType":0},{"id":183,"title":"天工巧匠","desc":"第$val$个打造出<font color='0xedff85'>鸿蒙级勋章</font>的玩家","limit":3,"value":100,"count":10,"redType":0},{"id":184,"title":"天工巧匠","desc":"第$val$个打造出<font color='0xedff85'>鸿蒙级战鼓</font>的玩家","limit":3,"value":100,"count":10,"redType":0},{"id":185,"title":"天工巧匠","desc":"第$val$个打造出<font color='0xff6969'>本源级武器</font>的玩家","limit":3,"value":100,"count":10,"redType":0},{"id":186,"title":"天工巧匠","desc":"第$val$个打造出<font color='0xff6969'>本源级衣服</font>的玩家","limit":3,"value":100,"count":10,"redType":0},{"id":187,"title":"天工巧匠","desc":"第$val$个打造出<font color='0xff6969'>本源级头盔</font>的玩家","limit":3,"value":100,"count":10,"redType":0},{"id":188,"title":"天工巧匠","desc":"第$val$个打造出<font color='0xff6969'>本源级项链</font>的玩家","limit":3,"value":100,"count":10,"redType":0},{"id":189,"title":"天工巧匠","desc":"第$val$个打造出<font color='0xff6969'>本源级手镯</font>的玩家","limit":3,"value":100,"count":10,"redType":0},{"id":190,"title":"天工巧匠","desc":"第$val$个打造出<font color='0xff6969'>本源级戒指</font>的玩家","limit":3,"value":100,"count":10,"redType":0},{"id":191,"title":"天工巧匠","desc":"第$val$个打造出<font color='0xff6969'>本源级腰带</font>的玩家","limit":3,"value":100,"count":10,"redType":0},{"id":192,"title":"天工巧匠","desc":"第$val$个打造出<font color='0xff6969'>本源级鞋子</font>的玩家","limit":3,"value":100,"count":10,"redType":0},{"id":193,"title":"天工巧匠","desc":"第$val$个打造出<font color='0xff6969'>本源级盾牌</font>的玩家","limit":3,"value":100,"count":10,"redType":0},{"id":194,"title":"天工巧匠","desc":"第$val$个打造出<font color='0xff6969'>本源级斗笠</font>的玩家","limit":3,"value":100,"count":10,"redType":0},{"id":195,"title":"天工巧匠","desc":"第$val$个打造出<font color='0xff6969'>本源级勋章</font>的玩家","limit":3,"value":100,"count":10,"redType":0},{"id":196,"title":"天工巧匠","desc":"第$val$个打造出<font color='0xff6969'>本源级战鼓</font>的玩家","limit":3,"value":100,"count":10,"redType":0},{"id":501,"desc":"沙巴克占领皇宫的行会","title":"笑傲沙城","limit":999999,"value":200,"count":18,"redType":1},{"id":502,"desc":"行会屠龙排名第一的行会","title":"屠龙高手","limit":999999,"value":100,"count":18,"redType":1}]}}