{"RMBItemConfig":{"items":[{"type":1,"name":"6元","id":1,"awards":[{"id":10003,"count":60},{"id":11120,"count":60}],"money":6},{"type":1,"name":"30元","id":2,"awards":[{"id":10003,"count":300},{"id":11120,"count":300}],"money":30},{"type":1,"name":"68元","id":3,"awards":[{"id":10003,"count":680},{"id":11120,"count":680}],"money":68},{"type":1,"name":"128元","id":4,"awards":[{"id":10003,"count":1280},{"id":11120,"count":1280}],"money":128},{"type":1,"name":"328元","id":5,"awards":[{"id":10003,"count":3280},{"id":11120,"count":3280}],"money":328},{"type":1,"name":"648元","id":6,"awards":[{"id":10003,"count":6480},{"id":11120,"count":6480}],"money":648},{"type":18,"name":"6元代币","id":7,"awards":[{"id":10063,"count":6}],"money":6},{"type":18,"name":"30元代币","id":8,"awards":[{"id":10063,"count":31}],"money":30},{"type":18,"name":"68元代币","id":9,"awards":[{"id":10063,"count":71}],"money":68},{"type":18,"name":"128元代币","id":10,"awards":[{"id":10063,"count":134}],"money":128},{"type":18,"name":"328元代币","id":11,"awards":[{"id":10063,"count":344}],"money":328},{"type":18,"name":"648元代币","id":12,"awards":[{"id":10063,"count":680}],"money":648},{"type":18,"name":"1000元代币","id":13,"awards":[{"id":10063,"count":1050}],"money":1000},{"type":18,"name":"2000元代币","id":14,"awards":[{"id":10063,"count":2100}],"money":2000},{"type":18,"name":"3000元代币","id":15,"awards":[{"id":10063,"count":3150}],"money":3000},{"type":18,"name":"5000元代币","id":16,"awards":[{"id":10063,"count":5250}],"money":5000},{"type":2,"name":"神器特惠礼包","id":110,"awards":[{"id":10003,"count":300},{"id":10028,"count":3000}],"money":30},{"idx":0,"type":3,"name":"首充6元","id":500,"notice":"玩家<font color='#31B4F8'>%s</font>购买<font color='#fe0000'>盾牌礼包</font>获得稀有装备！<font color = '#1ccb14'><a href='event:@@showWin,125'><u>我要购买</u></a></font>","awards":[{"id":10003,"count":0}],"money":6},{"idx":1,"type":3,"name":"首充30元","id":501,"notice":"玩家<font color='#31B4F8'>%s</font>购买<font color='#fe0000'>幻武礼包</font>获得绝版称号<font color='#e446ff'>“你先出手吧”</font>！<font color = '#1ccb14'><a href='event:@@showWin,125'><u>我要购买</u></a></font>","awards":[{"id":10003,"count":0}],"money":30},{"idx":2,"type":3,"name":"首充98元","id":502,"notice":"玩家<font color='#31B4F8'>%s</font>购买<font color='#fe0000'>时装礼包</font>获得酷炫时装！<font color = '#1ccb14'><a href='event:@@showWin,125'><u>我要购买</u></a></font>","awards":[{"id":10003,"count":0}],"money":98},{"idx":3,"type":3,"name":"首充68元","id":503,"notice":"玩家<font color='#31B4F8'>%s</font>购买<font color='#fe0000'>特戒礼包</font>获得传奇特戒！<font color = '#1ccb14'><a href='event:@@showWin,125'><u>我要购买</u></a></font>","awards":[{"id":10003,"count":0}],"money":68},{"idx":4,"type":3,"name":"首充328元","id":504,"notice":"玩家<font color='#31B4F8'>%s</font>购买<font color='#fe0000'>特戒礼包</font>获得绝版称号<font color='#e446ff'>“我让你三招”</font>！<font color = '#1ccb14'><a href='event:@@showWin,125'><u>我要购买</u></a></font>","awards":[{"id":10003,"count":0}],"money":328},{"idx":5,"type":3,"name":"首充648元","id":505,"notice":"玩家<font color='#31B4F8'>%s</font>购买<font color='#fe0000'>时装礼包</font>获得海量钻石！<font color = '#1ccb14'><a href='event:@@showWin,125'><u>我要购买</u></a></font>","awards":[{"id":10003,"count":0}],"money":648},{"idx":1,"type":4,"name":"免费礼包","id":1001,"awards":[{"id":10003,"count":5},{"id":10004,"count":10}],"money":0},{"idx":2,"type":4,"name":"充值12元","id":1002,"awards":[{"id":10003,"count":120},{"id":10004,"count":60},{"id":10010,"count":2}],"money":12},{"idx":3,"type":4,"name":"充值18元","id":1003,"awards":[{"id":10003,"count":180},{"id":10011,"count":120}],"money":18},{"idx":4,"type":4,"name":"充值30元","id":1004,"awards":[{"id":10003,"count":300},{"id":10004,"count":100},{"id":10010,"count":5}],"money":30},{"idx":5,"type":4,"name":"充值68元","id":1005,"awards":[{"id":10003,"count":680},{"id":10004,"count":200},{"id":10010,"count":10}],"money":68},{"idx":6,"type":4,"name":"充值198元","id":1006,"awards":[{"id":10003,"count":1980},{"id":10028,"count":400}],"money":198},{"idx":7,"type":4,"name":"充值198元","id":1007,"awards":[{"id":10003,"count":1980},{"id":10005,"count":60}],"money":198},{"idx":8,"type":4,"name":"充值198元","id":1008,"awards":[{"id":10003,"count":1980},{"id":10007,"count":30000}],"money":198},{"type":24,"name":"矿洞密匙","id":1009,"awards":[{"id":10003,"count":60},{"id":22008,"count":3}],"money":6},{"type":24,"name":"绿色宝箱","id":1010,"awards":[{"id":10003,"count":120},{"id":10991,"count":25}],"money":12},{"type":24,"name":"蓝色宝箱","id":1011,"awards":[{"id":10003,"count":300},{"id":10992,"count":30}],"money":30},{"type":24,"name":"强化石","id":1012,"awards":[{"id":10003,"count":300},{"id":10505,"count":100}],"money":30},{"type":24,"name":"矿洞密匙","id":1013,"awards":[{"id":10003,"count":120},{"id":22008,"count":7}],"money":12},{"type":24,"name":"绿色宝箱","id":1014,"awards":[{"id":10003,"count":300},{"id":10991,"count":125}],"money":30},{"type":24,"name":"蓝色宝箱","id":1015,"awards":[{"id":10003,"count":680},{"id":10992,"count":70}],"money":68},{"type":24,"name":"强化石","id":1016,"awards":[{"id":10003,"count":680},{"id":10505,"count":130}],"money":68},{"type":24,"name":"矿洞密匙","id":1017,"awards":[{"id":10003,"count":300},{"id":22008,"count":16}],"money":30},{"type":24,"name":"蓝色宝箱","id":1018,"awards":[{"id":10003,"count":680},{"id":10992,"count":50}],"money":68},{"type":24,"name":"紫色宝箱","id":1019,"awards":[{"id":10003,"count":1280},{"id":10993,"count":50}],"money":128},{"type":24,"name":"强化石","id":1020,"awards":[{"id":10003,"count":1280},{"id":10505,"count":250}],"money":128},{"type":10,"name":"绿钻礼包","notice":"玩家<font color='#31B4F8'>%s</font>领取<font color='#fe0000'>绿钻礼包</font>获得海量奖励！<font color = '#1ccb14'><a href='event:@@showWin,289'><u>我要购买</u></a></font>","id":1021,"awards":[{"id":22000,"count":6},{"id":10991,"count":10},{"id":22004,"count":30}],"money":6,"limit":3},{"type":10,"name":"蓝钻礼包","notice":"玩家<font color='#31B4F8'>%s</font>领取<font color='#fe0000'>蓝钻礼包</font>获得海量奖励！<font color = '#1ccb14'><a href='event:@@showWin,289'><u>我要购买</u></a></font>","id":1022,"awards":[{"id":22000,"count":30},{"id":10992,"count":20},{"id":10505,"count":150}],"money":30,"limit":3},{"type":10,"name":"紫钻礼包","notice":"玩家<font color='#31B4F8'>%s</font>领取<font color='#fe0000'>紫钻礼包</font>获得海量奖励！<font color = '#1ccb14'><a href='event:@@showWin,289'><u>我要购买</u></a></font>","id":1023,"awards":[{"id":22000,"count":68},{"id":10993,"count":20},{"id":10906,"count":10}],"money":68,"limit":3},{"type":10,"name":"金钻礼包①","notice":"玩家<font color='#31B4F8'>%s</font>领取<font color='#fe0000'>金钻礼包①</font>获得海量奖励！<font color = '#1ccb14'><a href='event:@@showWin,289'><u>我要购买</u></a></font>","id":1024,"awards":[{"id":22000,"count":128},{"id":10994,"count":15},{"id":10906,"count":20}],"money":128,"limit":3},{"type":10,"name":"金钻礼包②","notice":"玩家<font color='#31B4F8'>%s</font>领取<font color='#fe0000'>金钻礼包②</font>获得海量奖励！<font color = '#1ccb14'><a href='event:@@showWin,289'><u>我要购买</u></a></font>","id":1025,"awards":[{"id":22008,"count":99},{"id":10994,"count":20},{"id":10906,"count":30}],"money":198,"limit":2},{"type":10,"name":"红钻礼包①","notice":"玩家<font color='#31B4F8'>%s</font>领取<font color='#fe0000'>红钻礼包①</font>获得海量奖励！<font color = '#1ccb14'><a href='event:@@showWin,289'><u>我要购买</u></a></font>","id":1026,"awards":[{"id":22008,"count":164},{"id":10995,"count":15},{"id":10906,"count":50}],"money":328,"limit":2},{"type":10,"name":"红钻礼包②","notice":"玩家<font color='#31B4F8'>%s</font>领取<font color='#fe0000'>红钻礼包②</font>获得海量奖励！<font color = '#1ccb14'><a href='event:@@showWin,289'><u>我要购买</u></a></font>","id":1027,"awards":[{"id":22008,"count":324},{"id":10995,"count":25},{"id":10906,"count":100}],"money":648,"limit":2},{"type":25,"name":"狂暴之神","id":1028,"notice":"玩家<font color='#31B4F8'>%s</font>激活<font color='#fe0000'>【狂暴之神】</font>获得专属特权！<font color = '#1ccb14'><a href='event:@@showWin,292'><u>我要购买</u></a></font>","awards":[],"money":18},{"type":10,"name":"全民烹饪礼包","notice":"玩家<font color='#31B4F8'>%s</font>领取<font color='#fe0000'>全民烹饪礼包</font>获得海量奖励！<font color = '#1ccb14'><a href='event:@@showWin,306,2'><u>我要购买</u></a></font>","id":1029,"awards":[{"id":10219,"count":3},{"id":10225,"count":6},{"id":10226,"count":6}],"money":6,"limit":5},{"type":10,"name":"畅享烹饪礼包","notice":"玩家<font color='#31B4F8'>%s</font>领取<font color='#fe0000'>畅享烹饪礼包</font>获得海量奖励！<font color = '#1ccb14'><a href='event:@@showWin,306,2'><u>我要购买</u></a></font>","id":1030,"awards":[{"id":10220,"count":10},{"id":10225,"count":30},{"id":10226,"count":30}],"money":30,"limit":5},{"type":10,"name":"超值烹饪礼包","notice":"玩家<font color='#31B4F8'>%s</font>领取<font color='#fe0000'>超值烹饪礼包</font>获得海量奖励！<font color = '#1ccb14'><a href='event:@@showWin,306,2'><u>我要购买</u></a></font>","id":1031,"awards":[{"id":10221,"count":18},{"id":10225,"count":34},{"id":10226,"count":34}],"money":68,"limit":5},{"type":10,"name":"惊喜烹饪礼包","notice":"玩家<font color='#31B4F8'>%s</font>领取<font color='#fe0000'>惊喜烹饪礼包</font>获得海量奖励！<font color = '#1ccb14'><a href='event:@@showWin,306,2'><u>我要购买</u></a></font>","id":1032,"awards":[{"id":10222,"count":30},{"id":10225,"count":128},{"id":10226,"count":128}],"money":128,"limit":3},{"type":10,"name":"豪华烹饪礼包","notice":"玩家<font color='#31B4F8'>%s</font>领取<font color='#fe0000'>豪华烹饪礼包</font>获得海量奖励！<font color = '#1ccb14'><a href='event:@@showWin,306,2'><u>我要购买</u></a></font>","id":1033,"awards":[{"id":10223,"count":45},{"id":10225,"count":164},{"id":10226,"count":164}],"money":328,"limit":3},{"type":10,"name":"至尊烹饪礼包","notice":"玩家<font color='#31B4F8'>%s</font>领取<font color='#fe0000'>至尊烹饪礼包</font>获得海量奖励！<font color = '#1ccb14'><a href='event:@@showWin,306,2'><u>我要购买</u></a></font>","id":1034,"awards":[{"id":10224,"count":70},{"id":10225,"count":648},{"id":10226,"count":648}],"money":648,"limit":3},{"type":10,"name":"全民探宝礼包","notice":"玩家<font color='#31B4F8'>%s</font>领取<font color='#fe0000'>全民探宝礼包</font>获得海量奖励！<font color = '#1ccb14'><a href='event:@@showWin,115'><u>我要购买</u></a></font>","id":1035,"awards":[{"id":10003,"count":60},{"id":10079,"count":10}],"money":6,"limit":5},{"type":10,"name":"畅享探宝礼包","notice":"玩家<font color='#31B4F8'>%s</font>领取<font color='#fe0000'>畅享探宝礼包</font>获得海量奖励！<font color = '#1ccb14'><a href='event:@@showWin,115'><u>我要购买</u></a></font>","id":1036,"awards":[{"id":10003,"count":300},{"id":10079,"count":50}],"money":30,"limit":5},{"type":10,"name":"超值探宝礼包","notice":"玩家<font color='#31B4F8'>%s</font>领取<font color='#fe0000'>超值探宝礼包</font>获得海量奖励！<font color = '#1ccb14'><a href='event:@@showWin,115'><u>我要购买</u></a></font>","id":1037,"awards":[{"id":10003,"count":680},{"id":10079,"count":115}],"money":68,"limit":5},{"type":10,"name":"惊喜探宝礼包","notice":"玩家<font color='#31B4F8'>%s</font>领取<font color='#fe0000'>惊喜探宝礼包</font>获得海量奖励！<font color = '#1ccb14'><a href='event:@@showWin,115'><u>我要购买</u></a></font>","id":1038,"awards":[{"id":10003,"count":1280},{"id":10079,"count":215}],"money":128,"limit":3},{"type":10,"name":"豪华探宝礼包","notice":"玩家<font color='#31B4F8'>%s</font>领取<font color='#fe0000'>豪华探宝礼包</font>获得海量奖励！<font color = '#1ccb14'><a href='event:@@showWin,115'><u>我要购买</u></a></font>","id":1039,"awards":[{"id":10003,"count":3280},{"id":10079,"count":550}],"money":328,"limit":3},{"type":10,"name":"至尊探宝礼包","notice":"玩家<font color='#31B4F8'>%s</font>领取<font color='#fe0000'>至尊探宝礼包</font>获得海量奖励！<font color = '#1ccb14'><a href='event:@@showWin,115'><u>我要购买</u></a></font>","id":1040,"awards":[{"id":10003,"count":6480},{"id":10079,"count":1080}],"money":648,"limit":3},{"idx":9,"type":4,"name":"渔场18元礼包","id":1050,"awards":[{"id":10011,"count":120},{"id":10003,"count":180}],"money":18},{"idx":10,"type":4,"name":"渔场30元礼包","id":1051,"awards":[{"id":10011,"count":120},{"id":10026,"count":50}],"money":30},{"idx":11,"type":4,"name":"渔场98元礼包","id":1052,"awards":[{"id":10011,"count":180},{"id":10059,"count":1}],"money":98},{"idx":12,"type":4,"name":"渔场免费礼包","id":1053,"awards":[{"id":10011,"count":5},{"id":10014,"count":1}],"money":0},{"type":5,"name":"角色成长礼包","id":1102,"notice":"玩家<font color='#31B4F8'>%s</font>购买<font color='#fe0000'>角色成长礼包</font>获得大量钻石！<font color = '#1ccb14'><a href='event:@@showWin,115'><u>我要购买</u></a></font>","awards":[{"id":10003,"count":880}],"money":88},{"type":6,"name":"打造升级礼包","id":1103,"notice":"玩家<font color='#31B4F8'>%s</font>购买<font color='#fe0000'>打造升级礼包</font>获得海量打造次数！<font color = '#1ccb14'><a href='event:@@showWin,115'><u>我要购买</u></a></font>","awards":[{"id":10003,"count":880}],"money":88},{"type":7,"name":"月卡","id":1104,"notice":"玩家<font color='#31B4F8'>%s</font>购买<font color='#fe0000'>超值月卡</font>获得大量打造次数！<font color = '#1ccb14'><a href='event:@@showWin,115'><u>我要购买</u></a></font>","awards":[{"id":10003,"count":300}],"money":30},{"type":8,"name":"终身卡","id":1105,"notice":"玩家<font color='#31B4F8'>%s</font>购买<font color='#fe0000'>终身卡</font>获得永久属性称号！<font color = '#1ccb14'><a href='event:@@showWin,115'><u>我要购买</u></a></font>","awards":[{"id":10003,"count":1980}],"money":198},{"type":9,"name":"钓鱼委托","id":1106,"notice":"玩家<font color='#31B4F8'>%s</font>购买<font color='#fe0000'>钓鱼卡</font>尊享自动钓鱼特权！<font color = '#1ccb14'><a href='event:@@showWin,116,1'><u>我要购买</u></a></font>","awards":[{"id":10003,"count":0}],"money":68},{"type":26,"name":"鲲灵祝福","id":1107,"notice":"玩家<font color='#31B4F8'>%s</font>领取<font color='#fe0000'>鲲灵祝福</font>获得鲲灵升级加速！<font color = '#1ccb14'><a href='event:@@showWin,116,2'><u>我要购买</u></a></font>","awards":[{"id":10003,"count":0}],"money":68},{"type":10,"name":"魂环礼包","id":1201,"awards":[{"id":10003,"count":300},{"id":10005,"count":25},{"id":10006,"count":1}],"money":30},{"type":10,"name":"魂环礼包","id":1202,"awards":[{"id":10003,"count":680},{"id":10005,"count":62},{"id":10006,"count":1}],"money":68},{"type":10,"name":"魂环礼包","id":1203,"awards":[{"id":10003,"count":1280},{"id":10005,"count":112},{"id":10006,"count":1}],"money":128},{"type":10,"name":"魂环礼包","id":1204,"awards":[{"id":10003,"count":1980},{"id":10005,"count":175},{"id":10006,"count":1}],"money":198},{"type":10,"name":"魂环礼包","id":1205,"awards":[{"id":10003,"count":3280},{"id":10005,"count":300},{"id":10006,"count":2}],"money":328},{"type":10,"name":"魂环礼包","id":1206,"awards":[{"id":10003,"count":6480},{"id":10005,"count":625},{"id":10006,"count":3}],"money":648},{"type":10,"name":"宝石礼包","id":1207,"awards":[{"id":10003,"count":300},{"id":10010,"count":12}],"money":30},{"type":10,"name":"宝石礼包","id":1208,"awards":[{"id":10003,"count":680},{"id":10010,"count":25}],"money":68},{"type":10,"name":"宝石礼包","id":1209,"awards":[{"id":10003,"count":1280},{"id":10081,"count":2}],"money":128},{"type":10,"name":"宝石礼包","id":1210,"awards":[{"id":10003,"count":1980},{"id":10081,"count":3}],"money":198},{"type":10,"name":"宝石礼包","id":1211,"awards":[{"id":10003,"count":3280},{"id":10081,"count":5}],"money":328},{"type":10,"name":"宝石礼包","id":1212,"awards":[{"id":10003,"count":6480},{"id":10081,"count":10}],"money":648},{"type":10,"name":"神器礼包","id":1213,"awards":[{"id":10003,"count":300},{"id":10028,"count":80}],"money":30},{"type":10,"name":"神器礼包","id":1214,"awards":[{"id":10003,"count":680},{"id":10028,"count":170}],"money":68},{"type":10,"name":"神器礼包","id":1215,"awards":[{"id":10003,"count":1280},{"id":10028,"count":350}],"money":128},{"type":10,"name":"神器礼包","id":1216,"awards":[{"id":10003,"count":1980},{"id":10028,"count":500}],"money":198},{"type":10,"name":"神器礼包","id":1217,"awards":[{"id":10003,"count":3280},{"id":10028,"count":800}],"money":328},{"type":10,"name":"神器礼包","id":1218,"awards":[{"id":10003,"count":6480},{"id":10028,"count":1680}],"money":648},{"type":10,"name":"宠物礼包","id":1219,"awards":[{"id":10003,"count":300},{"id":10007,"count":5000}],"money":30},{"type":10,"name":"宠物礼包","id":1220,"awards":[{"id":10003,"count":680},{"id":10007,"count":11000}],"money":68},{"type":10,"name":"宠物礼包","id":1221,"awards":[{"id":10003,"count":1280},{"id":10007,"count":22000}],"money":128},{"type":10,"name":"宠物礼包","id":1222,"awards":[{"id":10003,"count":1980},{"id":10007,"count":30000}],"money":198},{"type":10,"name":"宠物礼包","id":1223,"awards":[{"id":10003,"count":3280},{"id":10007,"count":45000}],"money":328},{"type":10,"name":"宠物礼包","id":1224,"awards":[{"id":10003,"count":6480},{"id":10007,"count":85000}],"money":648},{"type":10,"name":"铭文礼包","id":1225,"awards":[{"id":10003,"count":300},{"id":10500,"count":150},{"id":10501,"count":15}],"money":30},{"type":10,"name":"铭文礼包","id":1226,"awards":[{"id":10003,"count":680},{"id":10500,"count":300},{"id":10501,"count":30}],"money":68},{"type":10,"name":"铭文礼包","id":1227,"awards":[{"id":10003,"count":1280},{"id":10500,"count":500},{"id":10501,"count":60}],"money":128},{"type":10,"name":"铭文礼包","id":1228,"awards":[{"id":10003,"count":1980},{"id":10500,"count":900},{"id":10501,"count":90}],"money":198},{"type":10,"name":"铭文礼包","id":1229,"awards":[{"id":10003,"count":3280},{"id":10500,"count":1500},{"id":10501,"count":150}],"money":328},{"type":10,"name":"铭文礼包","id":1230,"awards":[{"id":10003,"count":6480},{"id":10500,"count":3000},{"id":10514,"count":1}],"money":648},{"type":10,"name":"将魂礼包","id":1231,"awards":[{"id":10003,"count":300},{"id":20106,"count":20}],"money":30},{"type":10,"name":"将魂礼包","id":1232,"awards":[{"id":10003,"count":680},{"id":20106,"count":45}],"money":68},{"type":10,"name":"将魂礼包","id":1233,"awards":[{"id":10003,"count":1280},{"id":20106,"count":85}],"money":128},{"type":10,"name":"将魂礼包","id":1234,"awards":[{"id":10003,"count":1980},{"id":20106,"count":130}],"money":198},{"type":10,"name":"将魂礼包","id":1235,"awards":[{"id":10003,"count":3280},{"id":20106,"count":220}],"money":328},{"type":10,"name":"将魂礼包","id":1236,"awards":[{"id":10003,"count":6480},{"id":20106,"count":435}],"money":648},{"type":10,"name":"石料礼包","id":1251,"awards":[{"id":10003,"count":300},{"id":10058,"count":300}],"money":30},{"type":10,"name":"石料礼包","id":1252,"awards":[{"id":10003,"count":680},{"id":10058,"count":700}],"money":68},{"type":10,"name":"石料礼包","id":1253,"awards":[{"id":10003,"count":1280},{"id":10058,"count":1500}],"money":128},{"type":10,"name":"石料礼包","id":1254,"awards":[{"id":10003,"count":1980},{"id":10058,"count":2000}],"money":198},{"type":10,"name":"石料礼包","id":1255,"awards":[{"id":10003,"count":3280},{"id":10058,"count":3200}],"money":328},{"type":10,"name":"石料礼包","id":1256,"awards":[{"id":10003,"count":6480},{"id":10058,"count":6200}],"money":648},{"type":10,"name":"食物礼包","id":1257,"awards":[{"id":10003,"count":300},{"id":10009,"count":300}],"money":30},{"type":10,"name":"食物礼包","id":1258,"awards":[{"id":10003,"count":680},{"id":10009,"count":700}],"money":68},{"type":10,"name":"食物礼包","id":1259,"awards":[{"id":10003,"count":1280},{"id":10009,"count":1500}],"money":128},{"type":10,"name":"食物礼包","id":1260,"awards":[{"id":10003,"count":1980},{"id":10009,"count":2000}],"money":198},{"type":10,"name":"食物礼包","id":1261,"awards":[{"id":10003,"count":3280},{"id":10009,"count":3200}],"money":328},{"type":10,"name":"食物礼包","id":1262,"awards":[{"id":10003,"count":6480},{"id":10009,"count":6200}],"money":648},{"type":11,"name":"初级铭文礼包","id":1270,"awards":[{"id":10003,"count":60},{"id":10500,"count":30},{"id":10501,"count":15}],"limit":5,"money":6},{"type":11,"name":"中级铭文礼包","id":1271,"awards":[{"id":10003,"count":300},{"id":10500,"count":150},{"id":10501,"count":30}],"limit":5,"money":30},{"type":11,"name":"高级铭文礼包","id":1272,"awards":[{"id":10003,"count":680},{"id":10500,"count":300},{"id":10501,"count":60}],"limit":3,"money":68},{"type":11,"name":"特级铭文礼包","id":1273,"awards":[{"id":10003,"count":1280},{"id":10500,"count":500},{"id":10501,"count":90}],"limit":3,"money":128},{"type":11,"name":"超级铭文礼包","id":1274,"awards":[{"id":10003,"count":1980},{"id":10500,"count":900},{"id":10514,"count":1}],"limit":3,"money":198},{"type":11,"name":"终极铭文礼包","id":1275,"awards":[{"id":10003,"count":3280},{"id":10500,"count":1500},{"id":10514,"count":2}],"limit":3,"money":328},{"type":11,"name":"究极铭文礼包","id":1276,"awards":[{"id":10003,"count":6480},{"id":10500,"count":3000},{"id":10514,"count":3}],"limit":3,"money":648},{"type":10,"name":"升星礼包","id":1277,"awards":[{"id":10003,"count":300},{"id":10503,"count":100},{"id":10504,"count":100}],"money":30},{"type":10,"name":"升星礼包","id":1278,"awards":[{"id":10003,"count":680},{"id":10503,"count":200},{"id":10504,"count":200}],"money":68},{"type":10,"name":"升星礼包","id":1279,"awards":[{"id":10003,"count":1280},{"id":10503,"count":700},{"id":10504,"count":350}],"money":128},{"type":10,"name":"升星礼包","id":1280,"awards":[{"id":10003,"count":1980},{"id":10503,"count":1200},{"id":10504,"count":600}],"money":198},{"type":10,"name":"升星礼包","id":1281,"awards":[{"id":10003,"count":3280},{"id":10503,"count":2000},{"id":10504,"count":1000}],"money":328},{"type":10,"name":"升星礼包","id":1282,"awards":[{"id":10003,"count":6480},{"id":10503,"count":4000},{"id":10504,"count":2000}],"money":648},{"type":12,"name":"新服补给礼包1","id":1301,"awards":[{"id":10003,"count":60},{"id":10004,"count":30}],"money":6},{"type":12,"name":"新服补给礼包2","id":1302,"awards":[{"id":10003,"count":300},{"id":10010,"count":20}],"money":30},{"type":12,"name":"新服补给礼包3","id":1303,"awards":[{"id":10003,"count":680},{"id":10028,"count":200}],"money":68},{"type":12,"name":"新服补给礼包4","id":1304,"awards":[{"id":10003,"count":1280},{"id":10081,"count":3}],"money":128},{"type":12,"name":"新服补给礼包5","id":1305,"awards":[{"id":10003,"count":1980},{"id":10006,"count":5}],"money":198},{"type":12,"name":"新服补给礼包6","id":1306,"awards":[{"id":10003,"count":3280},{"id":10007,"count":6500}],"money":328},{"type":12,"name":"新服补给礼包7","id":1307,"awards":[{"id":10003,"count":6480},{"id":10006,"count":8},{"id":10005,"count":100}],"money":648},{"type":13,"name":"好物·高级幻影","id":1351,"awards":[{"id":10517,"count":1},{"id":10003,"count":60}],"money":6},{"type":13,"name":"好物·特级铭文","id":1352,"awards":[{"id":10514,"count":4},{"id":10003,"count":300}],"money":30},{"type":13,"name":"好物·超级将魂","id":1353,"awards":[{"id":20106,"count":70},{"id":10003,"count":680}],"money":68},{"type":13,"name":"好物·终极幻影","id":1354,"awards":[{"id":10518,"count":1},{"id":10003,"count":1280},{"id":11099,"count":50}],"money":128},{"type":13,"name":"好物·传奇红宠","id":1355,"awards":[{"id":11113,"count":1},{"id":10003,"count":1980},{"id":10007,"count":30000}],"money":198},{"type":13,"name":"好物·七彩神宠","id":1356,"awards":[{"id":11112,"count":1},{"id":10003,"count":3280},{"id":11105,"count":40}],"money":328},{"type":13,"name":"好物·至尊幻影","id":1357,"awards":[{"id":10519,"count":1},{"id":10003,"count":6480},{"id":11099,"count":200}],"money":648},{"type":14,"name":"渔宴礼包1","id":1401,"awards":[{"id":10003,"count":60},{"id":10011,"count":50}],"money":6},{"type":14,"name":"渔宴礼包2","id":1402,"awards":[{"id":10003,"count":300},{"id":10014,"count":60}],"money":30},{"type":14,"name":"渔宴礼包3","id":1403,"awards":[{"id":10003,"count":980},{"id":10026,"count":200}],"money":98},{"type":14,"name":"渔宴礼包4","id":1404,"awards":[{"id":10003,"count":1980},{"id":10013,"count":200}],"money":198},{"type":14,"name":"渔宴礼包5","id":1405,"awards":[{"id":10003,"count":3280},{"id":10012,"count":26000}],"money":328},{"type":14,"name":"渔宴礼包6","id":1406,"awards":[{"id":10003,"count":6480},{"id":10013,"count":600}],"money":648},{"type":15,"name":"6元","id":1501,"awards":[{"id":10003,"count":60},{"id":10062,"count":6}],"money":6},{"type":15,"name":"30元","id":1502,"awards":[{"id":10003,"count":300},{"id":10062,"count":30}],"money":30},{"type":15,"name":"68元","id":1503,"awards":[{"id":10003,"count":680},{"id":10062,"count":68}],"money":68},{"type":15,"name":"128元","id":1504,"awards":[{"id":10003,"count":1280},{"id":10062,"count":128}],"money":128},{"type":15,"name":"198元","id":1505,"awards":[{"id":10003,"count":1980},{"id":10062,"count":198},{"id":11106,"count":20}],"money":198},{"type":15,"name":"328元","id":1506,"awards":[{"id":10003,"count":3280},{"id":10062,"count":328},{"id":11105,"count":40}],"money":328},{"type":15,"name":"648元","id":1507,"awards":[{"id":10003,"count":6480},{"id":10062,"count":648},{"id":11105,"count":100}],"money":648},{"type":15,"name":"6元","id":1520,"awards":[{"id":10003,"count":60},{"id":10062,"count":6}],"money":6},{"type":15,"name":"30元","id":1521,"awards":[{"id":10003,"count":300},{"id":10062,"count":30}],"money":30},{"type":15,"name":"68元","id":1522,"awards":[{"id":10003,"count":680},{"id":10062,"count":68}],"money":68},{"type":15,"name":"128元","id":1523,"awards":[{"id":10003,"count":1280},{"id":10062,"count":128}],"money":128},{"type":15,"name":"198元","id":1524,"awards":[{"id":10003,"count":1980},{"id":10062,"count":198},{"id":11106,"count":20}],"money":198},{"type":15,"name":"328元","id":1525,"awards":[{"id":10003,"count":3280},{"id":10062,"count":328},{"id":11105,"count":40}],"money":328},{"type":15,"name":"648元","id":1526,"awards":[{"id":10003,"count":6480},{"id":10062,"count":648},{"id":11105,"count":100}],"money":648},{"type":15,"name":"6元","id":1527,"awards":[{"id":10003,"count":60},{"id":10062,"count":6}],"money":6},{"type":15,"name":"30元","id":1528,"awards":[{"id":10003,"count":300},{"id":10062,"count":30}],"money":30},{"type":15,"name":"68元","id":1529,"awards":[{"id":10003,"count":680},{"id":10062,"count":68}],"money":68},{"type":15,"name":"128元","id":1530,"awards":[{"id":10003,"count":1280},{"id":10062,"count":128}],"money":128},{"type":15,"name":"198元","id":1531,"awards":[{"id":10003,"count":1980},{"id":10062,"count":198},{"id":11106,"count":20}],"money":198},{"type":15,"name":"328元","id":1532,"awards":[{"id":10003,"count":3280},{"id":10062,"count":328},{"id":11105,"count":40}],"money":328},{"type":15,"name":"648元","id":1533,"awards":[{"id":10003,"count":6480},{"id":10062,"count":648},{"id":11105,"count":100}],"money":648},{"type":15,"name":"6元","id":1534,"awards":[{"id":10003,"count":60},{"id":10062,"count":6}],"money":6},{"type":15,"name":"30元","id":1535,"awards":[{"id":10003,"count":300},{"id":10062,"count":30}],"money":30},{"type":15,"name":"68元","id":1536,"awards":[{"id":10003,"count":680},{"id":10062,"count":68}],"money":68},{"type":15,"name":"128元","id":1537,"awards":[{"id":10003,"count":1280},{"id":10062,"count":128}],"money":128},{"type":15,"name":"198元","id":1538,"awards":[{"id":10003,"count":1980},{"id":10062,"count":198},{"id":11106,"count":20}],"money":198},{"type":15,"name":"328元","id":1539,"awards":[{"id":10003,"count":3280},{"id":10062,"count":328},{"id":11105,"count":40}],"money":328},{"type":15,"name":"648元","id":1540,"awards":[{"id":10003,"count":6480},{"id":10062,"count":648},{"id":11105,"count":100}],"money":648},{"type":15,"name":"6元","id":1541,"awards":[{"id":10003,"count":60},{"id":10062,"count":6}],"money":6},{"type":15,"name":"30元","id":1542,"awards":[{"id":10003,"count":300},{"id":10062,"count":30}],"money":30},{"type":15,"name":"68元","id":1543,"awards":[{"id":10003,"count":680},{"id":10062,"count":68}],"money":68},{"type":15,"name":"128元","id":1544,"awards":[{"id":10003,"count":1280},{"id":10062,"count":128}],"money":128},{"type":15,"name":"198元","id":1545,"awards":[{"id":10003,"count":1980},{"id":10062,"count":198},{"id":11106,"count":20}],"money":198},{"type":15,"name":"328元","id":1546,"awards":[{"id":10003,"count":3280},{"id":10062,"count":328},{"id":11105,"count":40}],"money":328},{"type":15,"name":"648元","id":1547,"awards":[{"id":10003,"count":6480},{"id":10062,"count":648},{"id":11105,"count":100}],"money":648},{"type":16,"name":"进阶战令","id":1601,"notice":"玩家<font color='#31B4F8'>%s</font>购买<font color='#fe0000'>进阶战令</font>获得大量好礼！<font color = '#1ccb14'><a href='event:@@showWin,149'><u>我要购买</u></a></font>","awards":[{"id":10003,"count":0}],"money":30},{"type":16,"name":"王者战令","id":1602,"notice":"玩家<font color='#31B4F8'>%s</font>购买<font color='#fe0000'>王者战令</font>获得海量好礼！<font color = '#1ccb14'><a href='event:@@showWin,149'><u>我要购买</u></a></font>","awards":[{"id":10003,"count":0}],"money":128},{"type":19,"name":"免费礼包","id":1900,"awards":[{"id":10003,"count":5},{"id":10004,"count":10}],"money":0},{"type":19,"name":"中级魂器礼包","id":1901,"awards":[{"id":10003,"count":120},{"id":20106,"count":1}],"money":12},{"type":19,"name":"高级魂器礼包","id":1902,"notice":"玩家<font color='#31B4F8'>%s</font>购买<font color='#fe0000'>高级魂器礼包</font>战力大幅提升！<font color = '#1ccb14'><a href='event:@@showWin,180'><u>前往购买</u></a></font>","awards":[{"id":10003,"count":680},{"id":20106,"count":5}],"money":68},{"type":19,"name":"超级魂器礼包","id":1903,"notice":"玩家<font color='#31B4F8'>%s</font>购买<font color='#fe0000'>超级魂器礼包</font>战力大幅提升！<font color = '#1ccb14'><a href='event:@@showWin,180'><u>前往购买</u></a></font>","awards":[{"id":10003,"count":1980},{"id":20106,"count":15}],"money":198},{"type":20,"name":"传世神链礼包","id":2001,"notice":"壕气的<font color='#31B4F8'>%s</font>领取<font color='#fe0000'>传世神链礼包</font>战力原地起飞！<font color = '#1ccb14'><a href='event:@@showWin,196'><u>前往围观</u></a></font>","awards":[{"id":10554,"count":1},{"id":10005,"count":50},{"id":10028,"count":100},{"id":10406,"count":1}],"money":648},{"type":20,"name":"传世神镯礼包","id":2002,"notice":"壕气的<font color='#31B4F8'>%s</font>领取<font color='#fe0000'>传世神镯礼包</font>战力原地起飞！<font color = '#1ccb14'><a href='event:@@showWin,196'><u>前往围观</u></a></font>","awards":[{"id":10557,"count":1},{"id":10005,"count":30},{"id":10081,"count":1},{"id":10405,"count":1}],"money":648},{"type":20,"name":"传世神带礼包","id":2003,"notice":"壕气的<font color='#31B4F8'>%s</font>领取<font color='#fe0000'>传世神带礼包</font>战力原地起飞！<font color = '#1ccb14'><a href='event:@@showWin,196'><u>前往围观</u></a></font>","awards":[{"id":10555,"count":1},{"id":10005,"count":50},{"id":10028,"count":100},{"id":10403,"count":1}],"money":648},{"type":20,"name":"传世神戒礼包","id":2004,"notice":"壕气的<font color='#31B4F8'>%s</font>领取<font color='#fe0000'>传世神戒礼包</font>战力原地起飞！<font color = '#1ccb14'><a href='event:@@showWin,196'><u>前往围观</u></a></font>","awards":[{"id":10556,"count":1},{"id":10007,"count":4000},{"id":10028,"count":100},{"id":10402,"count":1}],"money":648},{"type":20,"name":"传世神盔礼包","id":2005,"notice":"壕气的<font color='#31B4F8'>%s</font>领取<font color='#fe0000'>传世神盔礼包</font>战力原地起飞！<font color = '#1ccb14'><a href='event:@@showWin,196'><u>前往围观</u></a></font>","awards":[{"id":10553,"count":1},{"id":10081,"count":1},{"id":10028,"count":100},{"id":10401,"count":1}],"money":648},{"type":20,"name":"传世神靴礼包","id":2006,"notice":"壕气的<font color='#31B4F8'>%s</font>领取<font color='#fe0000'>传世神靴礼包</font>战力原地起飞！<font color = '#1ccb14'><a href='event:@@showWin,196'><u>前往围观</u></a></font>","awards":[{"id":10558,"count":1},{"id":10005,"count":50},{"id":10028,"count":100},{"id":10406,"count":1}],"money":648},{"type":20,"name":"传世神戒礼包","id":2007,"notice":"壕气的<font color='#31B4F8'>%s</font>领取<font color='#fe0000'>传世神戒礼包</font>战力原地起飞！<font color = '#1ccb14'><a href='event:@@showWin,196'><u>前往围观</u></a></font>","awards":[{"id":10556,"count":1},{"id":10005,"count":50},{"id":10081,"count":1},{"id":10405,"count":1}],"money":648},{"type":21,"name":"点金见面礼包","id":2008,"notice":"玩家<font color='#31B4F8'>%s</font>领取<font color='#fe0000'>点金见面礼包</font>战力原地起飞！<font color = '#1ccb14'><a href='event:@@showWin,199'><u>前往围观</u></a></font>","awards":[{"id":10068,"count":2},{"id":10069,"count":6}],"money":6},{"type":21,"name":"点金初级礼包","id":2009,"notice":"玩家<font color='#31B4F8'>%s</font>领取<font color='#fe0000'>点金初级礼包</font>战力原地起飞！<font color = '#1ccb14'><a href='event:@@showWin,199'><u>前往围观</u></a></font>","awards":[{"id":10068,"count":10},{"id":10069,"count":30}],"money":30},{"type":21,"name":"点金中级礼包","id":2010,"notice":"玩家<font color='#31B4F8'>%s</font>领取<font color='#fe0000'>点金中级礼包</font>战力原地起飞！<font color = '#1ccb14'><a href='event:@@showWin,199'><u>前往围观</u></a></font>","awards":[{"id":10068,"count":20},{"id":10069,"count":68}],"money":68},{"type":21,"name":"点金高级礼包","id":2011,"notice":"玩家<font color='#31B4F8'>%s</font>领取<font color='#fe0000'>点金高级礼包</font>战力原地起飞！<font color = '#1ccb14'><a href='event:@@showWin,199'><u>前往围观</u></a></font>","awards":[{"id":10068,"count":40},{"id":10069,"count":128}],"money":128},{"type":21,"name":"点金特级礼包","id":2012,"notice":"玩家<font color='#31B4F8'>%s</font>领取<font color='#fe0000'>点金特级礼包</font>战力原地起飞！<font color = '#1ccb14'><a href='event:@@showWin,199'><u>前往围观</u></a></font>","awards":[{"id":10068,"count":60},{"id":10069,"count":198}],"money":198},{"type":21,"name":"点金土壕礼包","id":2013,"notice":"玩家<font color='#31B4F8'>%s</font>领取<font color='#fe0000'>点金土壕礼包</font>战力原地起飞！<font color = '#1ccb14'><a href='event:@@showWin,199'><u>前往围观</u></a></font>","awards":[{"id":10068,"count":80},{"id":10069,"count":328}],"money":328},{"type":21,"name":"点金神壕礼包","id":2014,"notice":"玩家<font color='#31B4F8'>%s</font>领取<font color='#fe0000'>点金神壕礼包</font>战力原地起飞！<font color = '#1ccb14'><a href='event:@@showWin,199'><u>前往围观</u></a></font>","awards":[{"id":10068,"count":120},{"id":10069,"count":648}],"money":648},{"type":22,"name":"进阶技能","id":2201,"notice":"玩家<font color='#31B4F8'>%s</font>解锁<font color='#fe0000'>白银技能投资</font>获得大量好礼！<font color = '#1ccb14'><a href='event:@@showWin,154,2'><u>我要投资</u></a></font>","awards":[{"id":10003,"count":0}],"money":30},{"type":22,"name":"王者技能","id":2202,"notice":"玩家<font color='#31B4F8'>%s</font>解锁<font color='#fe0000'>王者技能投资</font>获得海量好礼！<font color = '#1ccb14'><a href='event:@@showWin,154,2'><u>我要投资</u></a></font>","awards":[{"id":10003,"count":0}],"money":328},{"type":22,"name":"战力成长礼包","id":2203,"notice":"玩家<font color='#31B4F8'>%s</font>解锁<font color='#fe0000'>战力成长礼包</font>获得海量好礼！<font color = '#1ccb14'><a href='event:@@showWin,115'><u>我要解锁</u></a></font>","awards":[{"id":10003,"count":0}],"money":68},{"type":22,"name":"0","id":2204,"awards":[{"id":10875,"count":1},{"id":10071,"count":500}],"money":0},{"type":22,"name":"18","id":2205,"awards":[{"id":10875,"count":9},{"id":10071,"count":3600}],"money":18},{"type":22,"name":"30","id":2206,"awards":[{"id":10875,"count":15},{"id":10071,"count":6000}],"money":30},{"type":22,"name":"98","id":2207,"awards":[{"id":10875,"count":30},{"id":10876,"count":5}],"money":98},{"type":22,"name":"初级技能礼包","id":2208,"notice":"玩家<font color='#31B4F8'>%s</font>购买<font color='#fe0000'>初级技能礼包</font>战力显著提升！<font color = '#1ccb14'><a href='event:@@showWin,154,3'><u>前往购买</u></a></font>","awards":[{"id":10875,"count":6},{"id":10071,"count":2000},{"id":10072,"count":8000000}],"money":1},{"type":22,"name":"中级技能礼包","id":2209,"notice":"玩家<font color='#31B4F8'>%s</font>购买<font color='#fe0000'>中级技能礼包</font>战力显著提升！<font color = '#1ccb14'><a href='event:@@showWin,154,3'><u>前往购买</u></a></font>","awards":[{"id":10875,"count":15},{"id":10071,"count":5000},{"id":10601,"count":5}],"money":30},{"type":22,"name":"高级技能礼包","id":2210,"notice":"玩家<font color='#31B4F8'>%s</font>购买<font color='#fe0000'>高级技能礼包</font>战力急速提升！<font color = '#1ccb14'><a href='event:@@showWin,154,3'><u>前往购买</u></a></font>","awards":[{"id":10875,"count":30},{"id":10072,"count":1000000},{"id":10602,"count":5}],"money":68},{"type":22,"name":"特级技能礼包","id":2211,"notice":"玩家<font color='#31B4F8'>%s</font>购买<font color='#fe0000'>特级技能礼包</font>战力大幅提升！<font color = '#1ccb14'><a href='event:@@showWin,154,3'><u>前往购买</u></a></font>","awards":[{"id":10875,"count":60},{"id":10071,"count":2000000},{"id":10805,"count":1}],"money":128},{"type":22,"name":"超级技能礼包","id":2212,"notice":"玩家<font color='#31B4F8'>%s</font>购买<font color='#fe0000'>超级技能礼包</font>战力原地起飞！<font color = '#1ccb14'><a href='event:@@showWin,154,3'><u>前往购买</u></a></font>","awards":[{"id":10875,"count":100},{"id":10071,"count":10000},{"id":10806,"count":1}],"money":198},{"type":22,"name":"终级技能礼包","id":2213,"notice":"玩家<font color='#31B4F8'>%s</font>购买<font color='#fe0000'>终级技能礼包</font>战力急速上涨！<font color = '#1ccb14'><a href='event:@@showWin,154,3'><u>前往购买</u></a></font>","awards":[{"id":10875,"count":150},{"id":10071,"count":25000},{"id":10807,"count":1}],"money":328},{"type":22,"name":"究极技能礼包","id":2214,"notice":"玩家<font color='#31B4F8'>%s</font>购买<font color='#fe0000'>究极技能礼包</font>战力大幅提升！<font color = '#1ccb14'><a href='event:@@showWin,154,3'><u>前往购买</u></a></font>","awards":[{"id":10875,"count":300},{"id":10071,"count":50000},{"id":10876,"count":1}],"money":648},{"type":23,"name":"通天塔投资","id":2301,"notice":"玩家<font color='#31B4F8'>%s</font>解锁<font color='#fe0000'>通天塔投资</font>获得海量好礼！<font color = '#1ccb14'><a href='event:@@showWin,282,1'><u>前往解锁</u></a></font>","awards":[{"id":10003,"count":0}],"money":198},{"type":11,"name":"全民助力礼包","notice":"玩家<font color='#31B4F8'>%s</font>领取<font color='#fe0000'>全民助力礼包</font>获得海量好礼！<font color = '#1ccb14'><a href='event:@@showWin,234'><u>我要领取</u></a></font>","id":3001,"awards":[{"id":10500,"count":30},{"id":10004,"count":30}],"limit":5,"money":6},{"type":11,"name":"全民畅享礼包","notice":"玩家<font color='#31B4F8'>%s</font>领取<font color='#fe0000'>全民畅享礼包</font>获得海量好礼！<font color = '#1ccb14'><a href='event:@@showWin,234'><u>我要领取</u></a></font>","id":3002,"awards":[{"id":10501,"count":30},{"id":10010,"count":20}],"limit":5,"money":30},{"type":11,"name":"全民进阶礼包","notice":"玩家<font color='#31B4F8'>%s</font>领取<font color='#fe0000'>全民进阶礼包</font>获得海量好礼！<font color = '#1ccb14'><a href='event:@@showWin,234'><u>我要领取</u></a></font>","id":3003,"awards":[{"id":10500,"count":300},{"id":10028,"count":200}],"limit":3,"money":68},{"type":11,"name":"全民豪华礼包","notice":"玩家<font color='#31B4F8'>%s</font>领取<font color='#fe0000'>全民豪华礼包</font>获得海量好礼！<font color = '#1ccb14'><a href='event:@@showWin,234'><u>我要领取</u></a></font>","id":3004,"awards":[{"id":10081,"count":3},{"id":10501,"count":60}],"limit":3,"money":128},{"type":11,"name":"全民惊喜礼包","notice":"玩家<font color='#31B4F8'>%s</font>领取<font color='#fe0000'>全民惊喜礼包</font>获得海量好礼！<font color = '#1ccb14'><a href='event:@@showWin,234'><u>我要领取</u></a></font>","id":3005,"awards":[{"id":10514,"count":1},{"id":10006,"count":5},{"id":10005,"count":30}],"limit":3,"money":198},{"type":11,"name":"全民传奇礼包","notice":"玩家<font color='#31B4F8'>%s</font>领取<font color='#fe0000'>全民传奇礼包</font>获得海量好礼！<font color = '#1ccb14'><a href='event:@@showWin,234'><u>我要领取</u></a></font>","id":3006,"awards":[{"id":10514,"count":2},{"id":10875,"count":30},{"id":10007,"count":6500}],"limit":3,"money":328},{"type":11,"name":"全民至尊礼包","notice":"玩家<font color='#31B4F8'>%s</font>领取<font color='#fe0000'>全民至尊礼包</font>获得海量好礼！<font color = '#1ccb14'><a href='event:@@showWin,234'><u>我要领取</u></a></font>","id":3007,"awards":[{"id":10514,"count":3},{"id":10006,"count":8},{"id":10005,"count":100}],"limit":3,"money":648},{"type":11,"name":"将魂助力礼包","notice":"玩家<font color='#31B4F8'>%s</font>领取<font color='#fe0000'>将魂助力礼包</font>获得海量好礼！<font color = '#1ccb14'><a href='event:@@showWin,235'><u>我要领取</u></a></font>","id":3101,"awards":[{"id":10003,"count":60},{"id":20106,"count":3}],"limit":5,"money":6},{"type":11,"name":"将魂畅享礼包","notice":"玩家<font color='#31B4F8'>%s</font>领取<font color='#fe0000'>将魂畅享礼包</font>获得海量好礼！<font color = '#1ccb14'><a href='event:@@showWin,235'><u>我要领取</u></a></font>","id":3102,"awards":[{"id":10003,"count":300},{"id":20106,"count":15}],"limit":5,"money":30},{"type":11,"name":"将魂进阶礼包","notice":"玩家<font color='#31B4F8'>%s</font>领取<font color='#fe0000'>将魂进阶礼包</font>获得海量好礼！<font color = '#1ccb14'><a href='event:@@showWin,235'><u>我要领取</u></a></font>","id":3103,"awards":[{"id":10003,"count":680},{"id":20106,"count":34}],"limit":3,"money":68},{"type":11,"name":"将魂豪华礼包","notice":"玩家<font color='#31B4F8'>%s</font>领取<font color='#fe0000'>将魂豪华礼包</font>获得海量好礼！<font color = '#1ccb14'><a href='event:@@showWin,235'><u>我要领取</u></a></font>","id":3104,"awards":[{"id":10003,"count":1280},{"id":20106,"count":64}],"limit":3,"money":128},{"type":11,"name":"将魂惊喜礼包","notice":"玩家<font color='#31B4F8'>%s</font>领取<font color='#fe0000'>将魂惊喜礼包</font>获得海量好礼！<font color = '#1ccb14'><a href='event:@@showWin,235'><u>我要领取</u></a></font>","id":3105,"awards":[{"id":10003,"count":1980},{"id":20106,"count":99},{"id":10754,"count":30}],"limit":3,"money":198},{"type":11,"name":"将魂传奇礼包","notice":"玩家<font color='#31B4F8'>%s</font>领取<font color='#fe0000'>将魂传奇礼包</font>获得海量好礼！<font color = '#1ccb14'><a href='event:@@showWin,235'><u>我要领取</u></a></font>","id":3106,"awards":[{"id":10003,"count":3280},{"id":20106,"count":164},{"id":10753,"count":30}],"limit":3,"money":328},{"type":11,"name":"将魂至尊礼包","notice":"玩家<font color='#31B4F8'>%s</font>领取<font color='#fe0000'>将魂至尊礼包</font>获得海量好礼！<font color = '#1ccb14'><a href='event:@@showWin,235'><u>我要领取</u></a></font>","id":3107,"awards":[{"id":10003,"count":6480},{"id":20106,"count":324},{"id":10752,"count":30}],"limit":3,"money":648},{"type":27,"name":"七天签到一元礼包","id":3201,"notice":"玩家<font color='#31B4F8'>%s</font>解锁<font color='#fe0000'>七天签到一元礼包</font>获得海量好礼！<font color = '#1ccb14'><a href='event:@@showWin,126'><u>前往解锁</u></a></font>","awards":[{"id":10003,"count":0}],"money":1},{"type":28,"name":"迷阵见面礼包","notice":"玩家<font color='#31B4F8'>%s</font>领取<font color='#fe0000'>迷阵见面礼包</font>战力原地起飞！<font color = '#1ccb14'><a href='event:@@showWin,337'><u>前往围观</u></a></font>","id":3301,"awards":[{"id":10003,"count":60},{"id":20118,"count":60},{"id":20119,"count":20}],"limit":5,"money":6},{"type":28,"name":"迷阵初级礼包","notice":"玩家<font color='#31B4F8'>%s</font>领取<font color='#fe0000'>迷阵初级礼包</font>战力原地起飞！<font color = '#1ccb14'><a href='event:@@showWin,337'><u>前往围观</u></a></font>","id":3302,"awards":[{"id":10003,"count":300},{"id":20118,"count":300},{"id":20119,"count":50}],"limit":5,"money":30},{"type":28,"name":"迷阵中级礼包","notice":"玩家<font color='#31B4F8'>%s</font>领取<font color='#fe0000'>迷阵中级礼包</font>战力原地起飞！<font color = '#1ccb14'><a href='event:@@showWin,337'><u>前往围观</u></a></font>","id":3303,"awards":[{"id":10003,"count":680},{"id":20120,"count":1},{"id":20118,"count":680}],"limit":3,"money":68},{"type":28,"name":"迷阵高级礼包","notice":"玩家<font color='#31B4F8'>%s</font>领取<font color='#fe0000'>迷阵高级礼包</font>战力原地起飞！<font color = '#1ccb14'><a href='event:@@showWin,337'><u>前往围观</u></a></font>","id":3304,"awards":[{"id":10003,"count":1280},{"id":20120,"count":2},{"id":20118,"count":1280}],"limit":3,"money":128},{"type":28,"name":"迷阵特级礼包","notice":"玩家<font color='#31B4F8'>%s</font>领取<font color='#fe0000'>迷阵特级礼包</font>战力原地起飞！<font color = '#1ccb14'><a href='event:@@showWin,337'><u>前往围观</u></a></font>","id":3305,"awards":[{"id":10003,"count":1980},{"id":20120,"count":3},{"id":20118,"count":1980}],"limit":3,"money":198},{"type":28,"name":"迷阵土壕礼包","notice":"玩家<font color='#31B4F8'>%s</font>领取<font color='#fe0000'>迷阵土壕礼包</font>战力原地起飞！<font color = '#1ccb14'><a href='event:@@showWin,337'><u>前往围观</u></a></font>","id":3306,"awards":[{"id":10003,"count":3280},{"id":20120,"count":4},{"id":20118,"count":3280}],"limit":3,"money":328},{"type":28,"name":"迷阵神壕礼包","notice":"玩家<font color='#31B4F8'>%s</font>领取<font color='#fe0000'>迷阵神壕礼包</font>战力原地起飞！<font color = '#1ccb14'><a href='event:@@showWin,337'><u>前往围观</u></a></font>","id":3307,"awards":[{"id":10003,"count":6480},{"id":20120,"count":5},{"id":20118,"count":6480}],"limit":3,"money":648},{"type":11,"name":"宠物见面礼包","notice":"玩家<font color='#31B4F8'>%s</font>领取<font color='#fe0000'>宠物见面礼包</font>战力原地起飞！<font color = '#1ccb14'><a href='event:@@showWin,339'><u>前往围观</u></a></font>","id":3401,"awards":[{"id":11116,"count":1},{"id":10007,"count":1000}],"limit":5,"money":6},{"type":11,"name":"宠物初级礼包","notice":"玩家<font color='#31B4F8'>%s</font>领取<font color='#fe0000'>宠物初级礼包</font>战力原地起飞！<font color = '#1ccb14'><a href='event:@@showWin,339'><u>前往围观</u></a></font>","id":3402,"awards":[{"id":11116,"count":2},{"id":10007,"count":5000}],"limit":5,"money":30},{"type":11,"name":"宠物中级礼包","notice":"玩家<font color='#31B4F8'>%s</font>领取<font color='#fe0000'>宠物中级礼包</font>战力原地起飞！<font color = '#1ccb14'><a href='event:@@showWin,339'><u>前往围观</u></a></font>","id":3403,"awards":[{"id":11115,"count":1},{"id":10007,"count":11000}],"limit":3,"money":68},{"type":11,"name":"宠物高级礼包","notice":"玩家<font color='#31B4F8'>%s</font>领取<font color='#fe0000'>宠物高级礼包</font>战力原地起飞！<font color = '#1ccb14'><a href='event:@@showWin,339'><u>前往围观</u></a></font>","id":3404,"awards":[{"id":11115,"count":2},{"id":10007,"count":22000}],"limit":3,"money":128},{"type":11,"name":"宠物特级礼包","notice":"玩家<font color='#31B4F8'>%s</font>领取<font color='#fe0000'>宠物特级礼包</font>战力原地起飞！<font color = '#1ccb14'><a href='event:@@showWin,339'><u>前往围观</u></a></font>","id":3405,"awards":[{"id":11114,"count":1},{"id":10007,"count":30000}],"limit":2,"money":198},{"type":11,"name":"宠物土壕礼包","notice":"玩家<font color='#31B4F8'>%s</font>领取<font color='#fe0000'>宠物土壕礼包</font>战力原地起飞！<font color = '#1ccb14'><a href='event:@@showWin,339'><u>前往围观</u></a></font>","id":3406,"awards":[{"id":11113,"count":1},{"id":10007,"count":45000}],"limit":2,"money":328},{"type":11,"name":"宠物神壕礼包","notice":"玩家<font color='#31B4F8'>%s</font>领取<font color='#fe0000'>宠物神壕礼包</font>战力原地起飞！<font color = '#1ccb14'><a href='event:@@showWin,339'><u>前往围观</u></a></font>","id":3407,"awards":[{"id":11112,"count":1},{"id":10007,"count":85000}],"limit":2,"money":648},{"type":11,"name":"宝石见面礼包","notice":"玩家<font color='#31B4F8'>%s</font>领取<font color='#fe0000'>宝石见面礼包</font>战力原地起飞！<font color = '#1ccb14'><a href='event:@@showWin,339'><u>前往围观</u></a></font>","id":3411,"awards":[{"id":11120,"count":60},{"id":10010,"count":3}],"limit":5,"money":6},{"type":11,"name":"宝石初级礼包","notice":"玩家<font color='#31B4F8'>%s</font>领取<font color='#fe0000'>宝石初级礼包</font>战力原地起飞！<font color = '#1ccb14'><a href='event:@@showWin,339'><u>前往围观</u></a></font>","id":3412,"awards":[{"id":11120,"count":300},{"id":10010,"count":15}],"limit":5,"money":30},{"type":11,"name":"宝石中级礼包","notice":"玩家<font color='#31B4F8'>%s</font>领取<font color='#fe0000'>宝石中级礼包</font>战力原地起飞！<font color = '#1ccb14'><a href='event:@@showWin,339'><u>前往围观</u></a></font>","id":3413,"awards":[{"id":11120,"count":680},{"id":10010,"count":30}],"limit":3,"money":68},{"type":11,"name":"宝石高级礼包","notice":"玩家<font color='#31B4F8'>%s</font>领取<font color='#fe0000'>宝石高级礼包</font>战力原地起飞！<font color = '#1ccb14'><a href='event:@@showWin,339'><u>前往围观</u></a></font>","id":3414,"awards":[{"id":11120,"count":1280},{"id":10081,"count":3}],"limit":3,"money":128},{"type":11,"name":"宝石特级礼包","notice":"玩家<font color='#31B4F8'>%s</font>领取<font color='#fe0000'>宝石特级礼包</font>战力原地起飞！<font color = '#1ccb14'><a href='event:@@showWin,339'><u>前往围观</u></a></font>","id":3415,"awards":[{"id":11120,"count":1980},{"id":10081,"count":4}],"limit":2,"money":198},{"type":11,"name":"宝石土壕礼包","notice":"玩家<font color='#31B4F8'>%s</font>领取<font color='#fe0000'>宝石土壕礼包</font>战力原地起飞！<font color = '#1ccb14'><a href='event:@@showWin,339'><u>前往围观</u></a></font>","id":3416,"awards":[{"id":11120,"count":3280},{"id":10081,"count":6}],"limit":2,"money":328},{"type":11,"name":"宝石神壕礼包","notice":"玩家<font color='#31B4F8'>%s</font>领取<font color='#fe0000'>宝石神壕礼包</font>战力原地起飞！<font color = '#1ccb14'><a href='event:@@showWin,339'><u>前往围观</u></a></font>","id":3417,"awards":[{"id":11120,"count":6480},{"id":10081,"count":12}],"limit":2,"money":648},{"type":11,"name":"古董见面礼包","notice":"玩家<font color='#31B4F8'>%s</font>领取<font color='#fe0000'>古董见面礼包</font>战力原地起飞！<font color = '#1ccb14'><a href='event:@@showWin,339'><u>前往围观</u></a></font>","id":3421,"awards":[{"id":10991,"count":10},{"id":10901,"count":20}],"limit":5,"money":6},{"type":11,"name":"古董初级礼包","notice":"玩家<font color='#31B4F8'>%s</font>领取<font color='#fe0000'>古董初级礼包</font>战力原地起飞！<font color = '#1ccb14'><a href='event:@@showWin,339'><u>前往围观</u></a></font>","id":3422,"awards":[{"id":10992,"count":20},{"id":10902,"count":30}],"limit":5,"money":30},{"type":11,"name":"古董中级礼包","notice":"玩家<font color='#31B4F8'>%s</font>领取<font color='#fe0000'>古董中级礼包</font>战力原地起飞！<font color = '#1ccb14'><a href='event:@@showWin,339'><u>前往围观</u></a></font>","id":3423,"awards":[{"id":10993,"count":20},{"id":10903,"count":50}],"limit":3,"money":68},{"type":11,"name":"古董高级礼包","notice":"玩家<font color='#31B4F8'>%s</font>领取<font color='#fe0000'>古董高级礼包</font>战力原地起飞！<font color = '#1ccb14'><a href='event:@@showWin,339'><u>前往围观</u></a></font>","id":3424,"awards":[{"id":10994,"count":15},{"id":10904,"count":100}],"limit":3,"money":128},{"type":11,"name":"古董特级礼包","notice":"玩家<font color='#31B4F8'>%s</font>领取<font color='#fe0000'>古董特级礼包</font>战力原地起飞！<font color = '#1ccb14'><a href='event:@@showWin,339'><u>前往围观</u></a></font>","id":3425,"awards":[{"id":10994,"count":20},{"id":10904,"count":150}],"limit":2,"money":198},{"type":11,"name":"古董土壕礼包","notice":"玩家<font color='#31B4F8'>%s</font>领取<font color='#fe0000'>古董土壕礼包</font>战力原地起飞！<font color = '#1ccb14'><a href='event:@@showWin,339'><u>前往围观</u></a></font>","id":3426,"awards":[{"id":10995,"count":15},{"id":10905,"count":180}],"limit":2,"money":328},{"type":11,"name":"古董神壕礼包","notice":"玩家<font color='#31B4F8'>%s</font>领取<font color='#fe0000'>古董神壕礼包</font>战力原地起飞！<font color = '#1ccb14'><a href='event:@@showWin,339'><u>前往围观</u></a></font>","id":3427,"awards":[{"id":10995,"count":25},{"id":10905,"count":300}],"limit":2,"money":648},{"type":11,"name":"幻影见面礼包","notice":"玩家<font color='#31B4F8'>%s</font>领取<font color='#fe0000'>幻影见面礼包</font>战力原地起飞！<font color = '#1ccb14'><a href='event:@@showWin,339'><u>前往围观</u></a></font>","id":3431,"awards":[{"id":10516,"count":2},{"id":11099,"count":10}],"limit":5,"money":6},{"type":11,"name":"幻影初级礼包","notice":"玩家<font color='#31B4F8'>%s</font>领取<font color='#fe0000'>幻影初级礼包</font>战力原地起飞！<font color = '#1ccb14'><a href='event:@@showWin,339'><u>前往围观</u></a></font>","id":3432,"awards":[{"id":10516,"count":10},{"id":11099,"count":30}],"limit":5,"money":30},{"type":11,"name":"幻影中级礼包","notice":"玩家<font color='#31B4F8'>%s</font>领取<font color='#fe0000'>幻影中级礼包</font>战力原地起飞！<font color = '#1ccb14'><a href='event:@@showWin,339'><u>前往围观</u></a></font>","id":3433,"awards":[{"id":10517,"count":3},{"id":11099,"count":50}],"limit":3,"money":68},{"type":11,"name":"幻影高级礼包","notice":"玩家<font color='#31B4F8'>%s</font>领取<font color='#fe0000'>幻影高级礼包</font>战力原地起飞！<font color = '#1ccb14'><a href='event:@@showWin,339'><u>前往围观</u></a></font>","id":3434,"awards":[{"id":10517,"count":5},{"id":11099,"count":100}],"limit":3,"money":128},{"type":11,"name":"幻影特级礼包","notice":"玩家<font color='#31B4F8'>%s</font>领取<font color='#fe0000'>幻影特级礼包</font>战力原地起飞！<font color = '#1ccb14'><a href='event:@@showWin,339'><u>前往围观</u></a></font>","id":3435,"awards":[{"id":10517,"count":8},{"id":11099,"count":150}],"limit":2,"money":198},{"type":11,"name":"幻影土壕礼包","notice":"玩家<font color='#31B4F8'>%s</font>领取<font color='#fe0000'>幻影土壕礼包</font>战力原地起飞！<font color = '#1ccb14'><a href='event:@@showWin,339'><u>前往围观</u></a></font>","id":3436,"awards":[{"id":10518,"count":1},{"id":11099,"count":200}],"limit":2,"money":328},{"type":11,"name":"幻影神壕礼包","notice":"玩家<font color='#31B4F8'>%s</font>领取<font color='#fe0000'>幻影神壕礼包</font>战力原地起飞！<font color = '#1ccb14'><a href='event:@@showWin,339'><u>前往围观</u></a></font>","id":3437,"awards":[{"id":10519,"count":1},{"id":11099,"count":500}],"limit":2,"money":648},{"type":11,"name":"魂环见面礼包","notice":"玩家<font color='#31B4F8'>%s</font>领取<font color='#fe0000'>魂环见面礼包</font>战力原地起飞！<font color = '#1ccb14'><a href='event:@@showWin,339'><u>前往围观</u></a></font>","id":3441,"awards":[{"id":11120,"count":60},{"id":10005,"count":5}],"limit":5,"money":6},{"type":11,"name":"魂环初级礼包","notice":"玩家<font color='#31B4F8'>%s</font>领取<font color='#fe0000'>魂环初级礼包</font>战力原地起飞！<font color = '#1ccb14'><a href='event:@@showWin,339'><u>前往围观</u></a></font>","id":3442,"awards":[{"id":11120,"count":300},{"id":10005,"count":25}],"limit":5,"money":30},{"type":11,"name":"魂环中级礼包","notice":"玩家<font color='#31B4F8'>%s</font>领取<font color='#fe0000'>魂环中级礼包</font>战力原地起飞！<font color = '#1ccb14'><a href='event:@@showWin,339'><u>前往围观</u></a></font>","id":3443,"awards":[{"id":11120,"count":680},{"id":10005,"count":65}],"limit":3,"money":68},{"type":11,"name":"魂环高级礼包","notice":"玩家<font color='#31B4F8'>%s</font>领取<font color='#fe0000'>魂环高级礼包</font>战力原地起飞！<font color = '#1ccb14'><a href='event:@@showWin,339'><u>前往围观</u></a></font>","id":3444,"awards":[{"id":11120,"count":1280},{"id":10005,"count":115}],"limit":3,"money":128},{"type":11,"name":"魂环特级礼包","notice":"玩家<font color='#31B4F8'>%s</font>领取<font color='#fe0000'>魂环特级礼包</font>战力原地起飞！<font color = '#1ccb14'><a href='event:@@showWin,339'><u>前往围观</u></a></font>","id":3445,"awards":[{"id":11120,"count":1980},{"id":10005,"count":180}],"limit":2,"money":198},{"type":11,"name":"魂环土壕礼包","notice":"玩家<font color='#31B4F8'>%s</font>领取<font color='#fe0000'>魂环土壕礼包</font>战力原地起飞！<font color = '#1ccb14'><a href='event:@@showWin,339'><u>前往围观</u></a></font>","id":3446,"awards":[{"id":11120,"count":3280},{"id":10005,"count":320}],"limit":2,"money":328},{"type":11,"name":"魂环神壕礼包","notice":"玩家<font color='#31B4F8'>%s</font>领取<font color='#fe0000'>魂环神壕礼包</font>战力原地起飞！<font color = '#1ccb14'><a href='event:@@showWin,339'><u>前往围观</u></a></font>","id":3447,"awards":[{"id":11120,"count":6480},{"id":10005,"count":650}],"limit":2,"money":648},{"type":11,"name":"将魂见面礼包","notice":"玩家<font color='#31B4F8'>%s</font>领取<font color='#fe0000'>将魂见面礼包</font>战力原地起飞！<font color = '#1ccb14'><a href='event:@@showWin,339'><u>前往围观</u></a></font>","id":3451,"awards":[{"id":10756,"count":5},{"id":20106,"count":4}],"limit":5,"money":6},{"type":11,"name":"将魂初级礼包","notice":"玩家<font color='#31B4F8'>%s</font>领取<font color='#fe0000'>将魂初级礼包</font>战力原地起飞！<font color = '#1ccb14'><a href='event:@@showWin,339'><u>前往围观</u></a></font>","id":3452,"awards":[{"id":10755,"count":10},{"id":20106,"count":20}],"limit":5,"money":30},{"type":11,"name":"将魂中级礼包","notice":"玩家<font color='#31B4F8'>%s</font>领取<font color='#fe0000'>将魂中级礼包</font>战力原地起飞！<font color = '#1ccb14'><a href='event:@@showWin,339'><u>前往围观</u></a></font>","id":3453,"awards":[{"id":10754,"count":20},{"id":20106,"count":45}],"limit":3,"money":68},{"type":11,"name":"将魂高级礼包","notice":"玩家<font color='#31B4F8'>%s</font>领取<font color='#fe0000'>将魂高级礼包</font>战力原地起飞！<font color = '#1ccb14'><a href='event:@@showWin,339'><u>前往围观</u></a></font>","id":3454,"awards":[{"id":10753,"count":25},{"id":20106,"count":85}],"limit":3,"money":128},{"type":11,"name":"将魂特级礼包","notice":"玩家<font color='#31B4F8'>%s</font>领取<font color='#fe0000'>将魂特级礼包</font>战力原地起飞！<font color = '#1ccb14'><a href='event:@@showWin,339'><u>前往围观</u></a></font>","id":3455,"awards":[{"id":10753,"count":30},{"id":20106,"count":130}],"limit":2,"money":198},{"type":11,"name":"将魂土壕礼包","notice":"玩家<font color='#31B4F8'>%s</font>领取<font color='#fe0000'>将魂土壕礼包</font>战力原地起飞！<font color = '#1ccb14'><a href='event:@@showWin,339'><u>前往围观</u></a></font>","id":3456,"awards":[{"id":10752,"count":50},{"id":20106,"count":220}],"limit":2,"money":328},{"type":11,"name":"将魂神壕礼包","notice":"玩家<font color='#31B4F8'>%s</font>领取<font color='#fe0000'>将魂神壕礼包</font>战力原地起飞！<font color = '#1ccb14'><a href='event:@@showWin,339'><u>前往围观</u></a></font>","id":3457,"awards":[{"id":10752,"count":100},{"id":20106,"count":435}],"limit":2,"money":648},{"type":11,"name":"神器见面礼包","notice":"玩家<font color='#31B4F8'>%s</font>领取<font color='#fe0000'>将魂见面礼包</font>战力原地起飞！<font color = '#1ccb14'><a href='event:@@showWin,339'><u>前往围观</u></a></font>","id":3461,"awards":[{"id":10029,"count":2},{"id":10028,"count":10}],"limit":5,"money":6},{"type":11,"name":"神器初级礼包","notice":"玩家<font color='#31B4F8'>%s</font>领取<font color='#fe0000'>神器初级礼包</font>战力原地起飞！<font color = '#1ccb14'><a href='event:@@showWin,339'><u>前往围观</u></a></font>","id":3462,"awards":[{"id":10029,"count":3},{"id":10028,"count":90}],"limit":5,"money":30},{"type":11,"name":"神器中级礼包","notice":"玩家<font color='#31B4F8'>%s</font>领取<font color='#fe0000'>神器中级礼包</font>战力原地起飞！<font color = '#1ccb14'><a href='event:@@showWin,339'><u>前往围观</u></a></font>","id":3463,"awards":[{"id":10029,"count":6},{"id":10028,"count":180}],"limit":3,"money":68},{"type":11,"name":"神器高级礼包","notice":"玩家<font color='#31B4F8'>%s</font>领取<font color='#fe0000'>神器高级礼包</font>战力原地起飞！<font color = '#1ccb14'><a href='event:@@showWin,339'><u>前往围观</u></a></font>","id":3464,"awards":[{"id":10029,"count":12},{"id":10028,"count":360}],"limit":3,"money":128},{"type":11,"name":"神器特级礼包","notice":"玩家<font color='#31B4F8'>%s</font>领取<font color='#fe0000'>神器特级礼包</font>战力原地起飞！<font color = '#1ccb14'><a href='event:@@showWin,339'><u>前往围观</u></a></font>","id":3465,"awards":[{"id":10029,"count":19},{"id":10028,"count":520}],"limit":2,"money":198},{"type":11,"name":"神器土壕礼包","notice":"玩家<font color='#31B4F8'>%s</font>领取<font color='#fe0000'>神器土壕礼包</font>战力原地起飞！<font color = '#1ccb14'><a href='event:@@showWin,339'><u>前往围观</u></a></font>","id":3466,"awards":[{"id":10029,"count":32},{"id":10028,"count":850}],"limit":2,"money":328},{"type":11,"name":"神器神壕礼包","notice":"玩家<font color='#31B4F8'>%s</font>领取<font color='#fe0000'>神器神壕礼包</font>战力原地起飞！<font color = '#1ccb14'><a href='event:@@showWin,339'><u>前往围观</u></a></font>","id":3467,"awards":[{"id":10029,"count":64},{"id":10028,"count":1700}],"limit":2,"money":648},{"type":11,"name":"生肖见面礼包","notice":"玩家<font color='#31B4F8'>%s</font>领取<font color='#fe0000'>生肖见面礼包</font>战力原地起飞！<font color = '#1ccb14'><a href='event:@@showWin,339'><u>前往围观</u></a></font>","id":3471,"awards":[{"id":11120,"count":60},{"id":10503,"count":10}],"limit":5,"money":6},{"type":11,"name":"生肖初级礼包","notice":"玩家<font color='#31B4F8'>%s</font>领取<font color='#fe0000'>生肖初级礼包</font>战力原地起飞！<font color = '#1ccb14'><a href='event:@@showWin,339'><u>前往围观</u></a></font>","id":3472,"awards":[{"id":11120,"count":300},{"id":10503,"count":90}],"limit":5,"money":30},{"type":11,"name":"生肖中级礼包","notice":"玩家<font color='#31B4F8'>%s</font>领取<font color='#fe0000'>生肖中级礼包</font>战力原地起飞！<font color = '#1ccb14'><a href='event:@@showWin,339'><u>前往围观</u></a></font>","id":3473,"awards":[{"id":11120,"count":680},{"id":10503,"count":180}],"limit":3,"money":68},{"type":11,"name":"生肖高级礼包","notice":"玩家<font color='#31B4F8'>%s</font>领取<font color='#fe0000'>生肖高级礼包</font>战力原地起飞！<font color = '#1ccb14'><a href='event:@@showWin,339'><u>前往围观</u></a></font>","id":3474,"awards":[{"id":11120,"count":1280},{"id":10503,"count":360}],"limit":3,"money":128},{"type":11,"name":"生肖特级礼包","notice":"玩家<font color='#31B4F8'>%s</font>领取<font color='#fe0000'>生肖特级礼包</font>战力原地起飞！<font color = '#1ccb14'><a href='event:@@showWin,339'><u>前往围观</u></a></font>","id":3475,"awards":[{"id":11120,"count":1980},{"id":10503,"count":520}],"limit":2,"money":198},{"type":11,"name":"生肖土壕礼包","notice":"玩家<font color='#31B4F8'>%s</font>领取<font color='#fe0000'>生肖土壕礼包</font>战力原地起飞！<font color = '#1ccb14'><a href='event:@@showWin,339'><u>前往围观</u></a></font>","id":3476,"awards":[{"id":11120,"count":3280},{"id":10503,"count":850}],"limit":2,"money":328},{"type":11,"name":"生肖神壕礼包","notice":"玩家<font color='#31B4F8'>%s</font>领取<font color='#fe0000'>生肖神壕礼包</font>战力原地起飞！<font color = '#1ccb14'><a href='event:@@showWin,339'><u>前往围观</u></a></font>","id":3477,"awards":[{"id":11120,"count":6480},{"id":10503,"count":1700}],"limit":2,"money":648}],"rate":10,"types":{"CombineGift":21,"FishCard":9,"BoxUpAct":12,"ForeverCard":8,"SkillDailyGift":22,"KunCard":26,"Limit":11,"GoldMoney666":29,"TimeLimit":13,"ChantomGift":28,"SignEx":27,"TitleGift":25,"MonCard":7,"DailyGift":4,"CaveGift":24,"TongTianInvest":23,"PetGift":15,"First":3,"FULI":2,"WarPermitGift":16,"ChuanShiGift":20,"YB":1,"GoldMoney":18,"EquipMagic":19,"GrowUpGift":5,"DayLimit":10,"BoxUpGift":6,"FishFeast":14}}}