{"SBKConfig":{"fishionId":1,"FirstShowAwards":[{"id":10301,"count":1}],"GuildRankCnt":10,"defendTiem":60,"opentime":1800,"addPointTime":10,"killPoint":2,"KillCount":9,"FirstLeaderAwards":[{"id":10004,"count":188},{"id":10061,"count":188},{"id":10003,"count":1288}],"GuildMemConfig":[{"id":1,"list":[[{"id":10004,"count":88},{"id":10061,"count":188},{"id":10003,"count":888}],[{"id":10004,"count":68},{"id":10061,"count":158},{"id":10003,"count":688}],[{"id":10004,"count":58},{"id":10061,"count":138},{"id":10003,"count":588}],[{"id":10004,"count":48},{"id":10061,"count":128},{"id":10003,"count":488}],[{"id":10004,"count":38},{"id":10061,"count":118},{"id":10003,"count":388}],[{"id":10004,"count":28},{"id":10061,"count":108},{"id":10003,"count":288}],[{"id":10004,"count":28},{"id":10061,"count":108},{"id":10003,"count":288}],[{"id":10004,"count":28},{"id":10061,"count":108},{"id":10003,"count":288}],[{"id":10004,"count":28},{"id":10061,"count":108},{"id":10003,"count":288}],[{"id":10004,"count":28},{"id":10061,"count":108},{"id":10003,"count":288}],[{"id":10004,"count":18},{"id":10061,"count":98},{"id":10003,"count":188}]]},{"id":2,"list":[[{"id":10004,"count":68},{"id":10061,"count":158},{"id":10003,"count":688}],[{"id":10004,"count":58},{"id":10061,"count":138},{"id":10003,"count":588}],[{"id":10004,"count":48},{"id":10061,"count":128},{"id":10003,"count":488}],[{"id":10004,"count":38},{"id":10061,"count":118},{"id":10003,"count":388}],[{"id":10004,"count":28},{"id":10061,"count":108},{"id":10003,"count":288}],[{"id":10004,"count":18},{"id":10061,"count":98},{"id":10003,"count":188}],[{"id":10004,"count":18},{"id":10061,"count":98},{"id":10003,"count":188}],[{"id":10004,"count":18},{"id":10061,"count":98},{"id":10003,"count":188}],[{"id":10004,"count":18},{"id":10061,"count":98},{"id":10003,"count":188}],[{"id":10004,"count":18},{"id":10061,"count":98},{"id":10003,"count":188}],[{"id":10004,"count":15},{"id":10061,"count":88},{"id":10003,"count":158}]]},{"id":3,"list":[[{"id":10004,"count":58},{"id":10061,"count":138},{"id":10003,"count":588}],[{"id":10004,"count":48},{"id":10061,"count":128},{"id":10003,"count":488}],[{"id":10004,"count":38},{"id":10061,"count":118},{"id":10003,"count":388}],[{"id":10004,"count":28},{"id":10061,"count":108},{"id":10003,"count":288}],[{"id":10004,"count":18},{"id":10061,"count":98},{"id":10003,"count":188}],[{"id":10004,"count":15},{"id":10061,"count":88},{"id":10003,"count":158}],[{"id":10004,"count":15},{"id":10061,"count":88},{"id":10003,"count":158}],[{"id":10004,"count":15},{"id":10061,"count":88},{"id":10003,"count":158}],[{"id":10004,"count":15},{"id":10061,"count":88},{"id":10003,"count":158}],[{"id":10004,"count":15},{"id":10061,"count":88},{"id":10003,"count":158}],[{"id":10004,"count":12},{"id":10061,"count":78},{"id":10003,"count":128}]]},{"id":4,"list":[[{"id":10004,"count":48},{"id":10061,"count":128},{"id":10003,"count":488}],[{"id":10004,"count":38},{"id":10061,"count":118},{"id":10003,"count":388}],[{"id":10004,"count":28},{"id":10061,"count":108},{"id":10003,"count":288}],[{"id":10004,"count":18},{"id":10061,"count":98},{"id":10003,"count":188}],[{"id":10004,"count":15},{"id":10061,"count":88},{"id":10003,"count":158}],[{"id":10004,"count":12},{"id":10061,"count":78},{"id":10003,"count":128}],[{"id":10004,"count":12},{"id":10061,"count":78},{"id":10003,"count":128}],[{"id":10004,"count":12},{"id":10061,"count":78},{"id":10003,"count":128}],[{"id":10004,"count":12},{"id":10061,"count":78},{"id":10003,"count":128}],[{"id":10004,"count":12},{"id":10061,"count":78},{"id":10003,"count":128}],[{"id":10004,"count":10},{"id":10061,"count":68},{"id":10003,"count":108}]]}],"titleId":14,"personAwards":[{"point":3,"award":[{"id":10004,"count":5},{"id":10061,"count":10}]},{"point":10,"award":[{"id":10004,"count":5},{"id":10061,"count":10}]},{"point":30,"award":[{"id":10004,"count":5},{"id":10061,"count":10}]},{"point":60,"award":[{"id":10004,"count":5},{"id":10061,"count":10}]},{"point":100,"award":[{"id":10004,"count":10},{"id":10061,"count":20}]},{"point":200,"award":[{"id":10004,"count":10},{"id":10061,"count":20}]},{"point":400,"award":[{"id":10004,"count":10},{"id":10061,"count":30}]},{"point":800,"award":[{"id":10004,"count":20},{"id":10061,"count":50}]}],"monConfig":[{"name":"北城护卫","appear":10002,"prop_tab":[{"value":500,"type":1},{"value":10000,"type":2},{"value":1000,"type":3},{"value":100,"type":4},{"value":1300,"type":5},{"value":1300,"type":6},{"value":1300,"type":7},{"value":1300,"type":8},{"value":1300,"type":9},{"value":1300,"type":10},{"value":200,"type":11},{"value":200,"type":12},{"value":200,"type":13},{"value":200,"type":14},{"value":200,"type":15},{"value":200,"type":16},{"value":2200,"type":52},{"value":800,"type":88}],"point":2,"award":[{"id":10004,"count":4},{"id":10003,"count":2}],"cd":240},{"name":"东城护卫","appear":10005,"prop_tab":[{"value":500,"type":1},{"value":10000,"type":2},{"value":1000,"type":3},{"value":100,"type":4},{"value":1300,"type":5},{"value":1300,"type":6},{"value":1300,"type":7},{"value":1300,"type":8},{"value":1300,"type":9},{"value":1300,"type":10},{"value":200,"type":11},{"value":200,"type":12},{"value":200,"type":13},{"value":200,"type":14},{"value":200,"type":15},{"value":200,"type":16},{"value":2200,"type":52},{"value":800,"type":88}],"point":2,"award":[{"id":10004,"count":4},{"id":10003,"count":2}],"cd":240},{"name":"南城护卫","appear":10006,"prop_tab":[{"value":500,"type":1},{"value":10000,"type":2},{"value":1000,"type":3},{"value":100,"type":4},{"value":1300,"type":5},{"value":1300,"type":6},{"value":1300,"type":7},{"value":1300,"type":8},{"value":1300,"type":9},{"value":1300,"type":10},{"value":200,"type":11},{"value":200,"type":12},{"value":200,"type":13},{"value":200,"type":14},{"value":200,"type":15},{"value":200,"type":16},{"value":2200,"type":52},{"value":800,"type":88}],"point":2,"award":[{"id":10004,"count":4},{"id":10003,"count":2}],"cd":240},{"name":"西城护卫","appear":10008,"prop_tab":[{"value":500,"type":1},{"value":10000,"type":2},{"value":1000,"type":3},{"value":100,"type":4},{"value":1300,"type":5},{"value":1300,"type":6},{"value":1300,"type":7},{"value":1300,"type":8},{"value":1300,"type":9},{"value":1300,"type":10},{"value":200,"type":11},{"value":200,"type":12},{"value":200,"type":13},{"value":200,"type":14},{"value":200,"type":15},{"value":200,"type":16},{"value":2200,"type":52},{"value":800,"type":88}],"point":2,"award":[{"id":10004,"count":4},{"id":10003,"count":2}],"cd":240}],"pointConfig":[{"type":1,"all":5,"point":2,"name":"北城门"},{"type":1,"all":5,"point":2,"name":"东城门"},{"type":1,"all":5,"point":2,"name":"南城门"},{"type":1,"all":5,"point":2,"name":"西城门"},{"type":2,"all":3,"point":20,"name":"皇城"},{"type":0,"all":2,"point":4,"name":"青龙据点"},{"type":0,"all":2,"point":4,"name":"玄武据点"},{"type":0,"all":2,"point":4,"name":"朱雀据点"},{"type":0,"all":2,"point":4,"name":"白虎据点"}],"GuildMemRankCnt":30}}