{"SchoolConfig":{"list":[{"awards":[{"id":10081,"count":1},{"id":10003,"count":666},{"id":10030,"count":10},{"id":10004,"count":50}],"type":7,"rate":7000,"title":17},{"awards":[{"id":10081,"count":1},{"id":10003,"count":666},{"id":10030,"count":10},{"id":10004,"count":50}],"type":6,"rate":7000,"title":18},{"awards":[{"id":10081,"count":1},{"id":10003,"count":666},{"id":10030,"count":10},{"id":10004,"count":50}],"type":9,"rate":7000,"title":19},{"awards":[{"id":10081,"count":1},{"id":10003,"count":666},{"id":10030,"count":10},{"id":10004,"count":50}],"type":10,"rate":7000,"title":20},{"awards":[{"id":10081,"count":1},{"id":10003,"count":666},{"id":10030,"count":10},{"id":10004,"count":50}],"type":8,"rate":7000,"title":21},{"awards":[{"id":10081,"count":1},{"id":10003,"count":666},{"id":10030,"count":10},{"id":10004,"count":50}],"type":5,"rate":7000,"title":22}]}}