{"SkillConfigClient":{"buffEffIds":[85,89],"skills":[{"id":0,"name":"平砍","renderList":[{"targetId":0,"effectInterval":0,"during":500,"skillType":1,"renderAction":2,"effId":2,"playTimes":1,"posY":0,"posX":0}]},{"id":2,"name":"龙影剑法","renderList":[{"targetId":0,"scale":1,"effectInterval":100,"during":500,"skillType":1,"renderAction":2,"effId":26,"playTimes":1,"posY":0,"posX":0}]},{"id":3,"name":"火球术","renderList":[{"targetId":0,"scale":1.50,"effectInterval":100,"during":300,"skillType":5,"renderAction":3,"effId":34,"playTimes":1,"posY":0,"posX":0},{"targetId":0,"scale":1.50,"effectInterval":100,"during":150,"skillType":2,"renderAction":0,"effId":35,"playTimes":-1,"posY":150,"posX":-30},{"targetId":2,"scale":2,"effectInterval":100,"during":200,"skillType":3,"renderAction":0,"effId":36,"playTimes":1,"posY":100,"posX":50}]},{"id":5,"name":"冰球术","renderList":[{"targetId":0,"scale":1,"effectInterval":100,"during":200,"skillType":5,"renderAction":3,"effId":51,"playTimes":1,"posY":-40,"posX":0},{"targetId":0,"scale":1.50,"effectInterval":100,"during":100,"skillType":2,"renderAction":0,"effId":52,"playTimes":1,"posY":185,"posX":-50},{"targetId":2,"scale":1.50,"effectInterval":100,"during":200,"skillType":3,"renderAction":0,"effId":53,"playTimes":1,"posY":120,"posX":50}]},{"id":6,"damageType":64,"name":"红毒术","renderList":[{"targetId":0,"scale":2,"effectInterval":100,"during":300,"skillType":5,"renderAction":3,"effId":64,"playTimes":1,"posY":0,"posX":-10},{"targetId":2,"scale":2,"effectInterval":100,"during":200,"skillType":3,"renderAction":0,"effId":65,"playTimes":1,"posY":110,"posX":70},{"targetId":2,"scale":0,"effectInterval":0,"during":0,"skillType":5,"playTimes":-1,"renderAction":0,"effId":0,"colorFilters":[254,0,0],"round":5,"posY":0,"posX":0}]},{"id":9,"name":"雷电术","renderList":[{"targetId":0,"scale":1.50,"effectInterval":120,"during":400,"skillType":5,"renderAction":3,"effId":78,"playTimes":1,"posY":-100,"posX":-10},{"targetId":2,"scale":1.50,"effectInterval":100,"during":200,"skillType":3,"renderAction":0,"effId":100,"playTimes":1,"posY":200,"posX":50}]},{"id":11,"name":"护体神盾","renderList":[{"targetId":0,"scale":2,"effectInterval":0,"during":500,"skillType":5,"posX":0,"renderAction":3,"effId":85,"playTimes":-1,"round":2,"posY":2,"isOnlyOne":1}]},{"id":12,"name":"野蛮冲撞","renderList":[{"targetId":0,"scale":0.70,"effectInterval":100,"during":300,"skillType":1,"renderAction":2,"effId":27,"playTimes":1,"posY":-20,"posX":0}]},{"id":14,"name":"地狱火","renderList":[{"targetId":0,"scale":1.50,"effectInterval":50,"during":400,"skillType":5,"renderAction":3,"effId":37,"playTimes":1,"posY":-50,"posX":0},{"targetId":0,"scale":1.50,"effectInterval":50,"during":200,"skillType":2,"renderAction":0,"effId":35,"playTimes":-1,"posY":140,"posX":0},{"targetId":2,"scale":1,"effectInterval":100,"during":200,"skillType":3,"renderAction":0,"effId":38,"playTimes":1,"posY":150,"posX":70}]},{"id":16,"name":"绿毒术","renderList":[{"targetId":0,"scale":2,"effectInterval":100,"during":500,"skillType":5,"renderAction":3,"effId":64,"playTimes":1,"posY":0,"posX":-10},{"targetId":2,"scale":1.50,"effectInterval":100,"during":200,"skillType":3,"renderAction":0,"effId":66,"playTimes":1,"posY":100,"posX":50},{"targetId":2,"scale":0,"effectInterval":0,"during":0,"skillType":5,"playTimes":-1,"renderAction":0,"effId":0,"colorFilters":[42,255,0],"round":5,"posY":0,"posX":0}]},{"id":18,"name":"召唤骷髅","renderList":[{"targetId":0,"scale":1.50,"effectInterval":100,"during":200,"skillType":4,"renderAction":3,"effId":74,"playTimes":1,"posY":0,"posX":0},{"callSkills":[{"skills":[1000],"modelId":20017,"name":"骷髅","distance":1}],"targetId":1,"scale":1,"effectInterval":50,"during":300,"skillType":6,"renderAction":0,"effId":158,"playTimes":1,"posY":-5,"posX":-5}]},{"id":20,"name":"魔法盾","renderList":[{"targetId":0,"scale":1.20,"effectInterval":100,"during":300,"skillType":5,"renderAction":2,"effId":80,"playTimes":1,"posY":0,"posX":0},{"targetId":0,"scale":1.20,"effectInterval":100,"during":100,"skillType":5,"playTimes":-1,"renderAction":0,"effId":81,"posX":0,"round":5,"posY":0,"isOnlyOne":1}]},{"id":22,"name":"神圣战甲术","renderList":[{"targetId":0,"scale":1.20,"effectInterval":100,"during":300,"skillType":5,"renderAction":3,"effId":28,"playTimes":1,"posY":-120,"posX":-5}]},{"id":23,"name":"爆裂火焰","renderList":[{"targetId":0,"scale":1.50,"effectInterval":100,"during":400,"skillType":5,"renderAction":3,"effId":39,"playTimes":1,"posY":-50,"posX":0},{"targetId":0,"scale":1.50,"effectInterval":100,"during":200,"skillType":2,"renderAction":0,"effId":35,"playTimes":-1,"posY":140,"posX":0},{"targetId":2,"scale":1,"effectInterval":50,"during":200,"skillType":3,"renderAction":0,"effId":40,"playTimes":1,"posY":130,"posX":60}]},{"id":24,"name":"冰箭术","renderList":[{"targetId":0,"scale":1,"effectInterval":-100,"during":200,"skillType":5,"renderAction":3,"effId":51,"playTimes":1,"posY":-40,"posX":0},{"targetId":0,"scale":1,"effectInterval":0,"during":90,"skillType":2,"renderAction":0,"effId":54,"playTimes":-1,"posY":130,"posX":10},{"targetId":2,"scale":1.50,"effectInterval":100,"during":100,"skillType":3,"renderAction":0,"effId":53,"playTimes":1,"posY":120,"posX":50}]},{"id":26,"name":"剧毒术","renderList":[{"targetId":0,"scale":1.50,"effectInterval":100,"during":400,"skillType":5,"renderAction":3,"effId":67,"playTimes":1,"posY":10,"posX":-5},{"targetId":2,"scale":1,"effectInterval":100,"during":500,"skillType":3,"renderAction":0,"effId":69,"playTimes":1,"posY":40,"posX":60},{"targetId":2,"scale":0,"effectInterval":0,"during":0,"skillType":5,"playTimes":-1,"renderAction":0,"effId":0,"colorFilters":[255,0,255],"round":5,"posY":0,"posX":0}]},{"id":28,"name":"地狱雷光","renderList":[{"targetId":0,"scale":1.50,"effectInterval":0,"during":400,"skillType":5,"renderAction":3,"effId":91,"playTimes":1,"posY":-30,"posX":-5}]},{"id":29,"name":"狮子吼","renderList":[{"targetId":0,"scale":1,"effectInterval":120,"during":200,"skillType":5,"renderAction":3,"effId":29,"playTimes":1,"posY":0,"posX":-5},{"targetId":2,"scale":1,"effectInterval":0,"during":0,"skillType":11,"renderAction":0,"effId":0,"playTimes":1,"posY":0,"posX":0}]},{"id":31,"name":"抗拒火环","renderList":[{"targetId":0,"scale":1.50,"effectInterval":100,"during":400,"skillType":4,"renderAction":3,"effId":41,"playTimes":1,"posY":-40,"posX":20}]},{"id":33,"name":"暴风雪","renderList":[{"targetId":0,"scale":1.20,"effectInterval":0,"during":300,"skillType":5,"renderAction":3,"effId":55,"playTimes":1,"posY":-10,"posX":0},{"targetId":2,"scale":1.50,"effectInterval":50,"during":0,"skillType":3,"renderAction":0,"effId":56,"playTimes":1,"posY":90,"posX":60}]},{"id":38,"name":"巨像化","renderList":[{"targetId":0,"effectInterval":0,"during":400,"skillType":1,"renderAction":2,"effId":2,"playTimes":1,"posY":0,"posX":0},{"targetId":0,"scale":2,"effectInterval":0,"during":300,"skillType":7,"renderAction":0,"effId":0,"playTimes":1,"posY":0,"posX":0}]},{"id":40,"name":"烈火剑法","renderList":[{"targetId":0,"scale":1.20,"effectInterval":0,"during":300,"skillType":1,"renderAction":2,"effId":30,"playTimes":1,"posY":10,"posX":-80}]},{"id":41,"name":"灵魂火符","renderList":[{"targetId":0,"scale":1.20,"effectInterval":60,"during":500,"skillType":5,"renderAction":3,"effId":42,"playTimes":1,"posY":0,"posX":0},{"targetId":0,"scale":1.20,"effectInterval":100,"during":200,"skillType":2,"renderAction":0,"effId":43,"playTimes":-1,"posY":120,"posX":15},{"targetId":2,"scale":1.50,"effectInterval":120,"during":200,"skillType":3,"renderAction":0,"effId":44,"playTimes":1,"posY":100,"posX":60}]},{"id":42,"name":"冰咆哮","renderList":[{"targetId":0,"scale":1.50,"effectInterval":100,"during":400,"skillType":5,"renderAction":3,"effId":57,"playTimes":1,"posY":-10,"posX":0},{"targetId":2,"scale":1.50,"effectInterval":50,"during":100,"skillType":3,"renderAction":0,"effId":58,"playTimes":1,"posY":180,"posX":60}]},{"id":43,"name":"精神战斗法","renderList":[{"targetId":0,"scale":1.20,"effectInterval":100,"during":300,"skillType":5,"renderAction":3,"effId":70,"playTimes":1,"posY":-120,"posX":-5}]},{"id":44,"name":"召唤神兽","renderList":[{"targetId":0,"scale":1.50,"effectInterval":100,"during":200,"skillType":4,"renderAction":3,"effId":74,"playTimes":1,"posY":0,"posX":0},{"callSkills":[{"skills":[1001],"modelId":20018,"name":"神兽","distance":2}],"targetId":0,"effectInterval":50,"during":300,"skillType":6,"renderAction":0,"effId":158,"playTimes":1,"posY":-5,"posX":0}]},{"id":45,"name":"法相天地","renderList":[{"targetId":0,"scale":2,"effectInterval":0,"during":0,"skillType":8,"renderAction":0,"effId":0,"playTimes":1,"posY":0,"posX":0}]},{"id":46,"name":"疾光电影","renderList":[{"targetId":0,"scale":0.50,"effectInterval":100,"during":500,"skillType":1,"renderAction":3,"effId":83,"playTimes":1,"posY":-10,"posX":0}]},{"id":47,"name":"逐日剑法","renderList":[{"targetId":0,"scale":1,"effectInterval":120,"during":400,"skillType":1,"renderAction":2,"effId":31,"playTimes":1,"posY":10,"posX":-10}]},{"id":48,"name":"开天斩","renderList":[{"targetId":0,"scale":1,"effectInterval":100,"during":400,"skillType":1,"renderAction":2,"effId":32,"playTimes":1,"posY":0,"posX":-70}]},{"id":49,"name":"火墙术","renderList":[{"targetId":0,"scale":2,"effectInterval":100,"during":400,"skillType":4,"renderAction":3,"effId":45,"playTimes":1,"posY":0,"posX":0},{"targetId":2,"scale":1,"effectInterval":100,"during":200,"skillType":5,"renderAction":0,"effId":46,"playTimes":-1,"round":4,"posY":-100,"posX":15}]},{"id":51,"name":"寒冰掌","renderList":[{"targetId":0,"effectInterval":100,"during":400,"skillType":5,"renderAction":3,"effId":59,"playTimes":1,"posY":0,"posX":0},{"targetId":0,"scale":1.50,"effectInterval":100,"during":200,"skillType":2,"renderAction":0,"effId":60,"posX":0,"playTimes":1,"posY":130,"useFlyEffDir":1},{"targetId":2,"scale":1.50,"effectInterval":100,"during":200,"skillType":3,"renderAction":0,"effId":61,"playTimes":1,"posY":120,"posX":40}]},{"id":52,"name":"无极真气","renderList":[{"targetId":0,"scale":1,"effectInterval":0,"during":500,"skillType":1,"renderAction":2,"effId":2,"playTimes":1,"posY":0,"posX":0},{"targetId":0,"scale":1,"effectInterval":100,"during":100,"skillType":5,"renderAction":0,"effId":89,"playTimes":-1,"round":3,"posY":0,"posX":0}]},{"id":54,"name":"召唤月灵","renderList":[{"targetId":0,"scale":1.50,"effectInterval":100,"during":200,"skillType":4,"renderAction":3,"effId":74,"playTimes":1,"posY":0,"posX":0},{"callSkills":[{"skills":[1002],"modelId":20020,"name":"月灵","distance":2}],"targetId":0,"effectInterval":50,"during":300,"skillType":6,"renderAction":0,"effId":158,"playTimes":1,"posY":-5,"posX":0}]},{"id":56,"name":"狂雷紫电","renderList":[{"targetId":0,"scale":1,"effectInterval":100,"during":300,"skillType":5,"renderAction":3,"effId":101,"playTimes":1,"posY":-70,"posX":0},{"targetId":2,"scale":1,"effectInterval":100,"during":300,"skillType":3,"renderAction":0,"effId":84,"playTimes":1,"posY":-85,"posX":45}]},{"id":57,"name":"十步一杀","renderList":[{"targetId":0,"scale":1,"effectInterval":100,"during":500,"skillType":4,"renderAction":3,"effId":33,"playTimes":1,"posY":-10,"posX":0}]},{"id":59,"multiDMTime":3,"name":"流星火雨","renderList":[{"targetId":0,"scale":1.20,"effectInterval":100,"during":300,"skillType":5,"renderAction":3,"effId":47,"playTimes":1,"posY":0,"posX":0},{"targetId":2,"scale":1.80,"effectInterval":50,"during":300,"skillType":3,"renderAction":0,"effId":48,"playTimes":1,"posY":120,"posX":70}]},{"id":60,"name":"灭天火","renderList":[{"targetId":0,"scale":1.20,"effectInterval":0,"during":400,"skillType":4,"renderAction":3,"effId":49,"playTimes":1,"posY":0,"posX":-5},{"targetId":2,"scale":1.50,"effectInterval":50,"during":200,"skillType":3,"renderAction":0,"effId":50,"playTimes":1,"posY":150,"posX":70},{"targetId":2,"scale":1,"effectInterval":0,"during":0,"skillType":10,"renderAction":0,"effId":0,"playTimes":1,"posY":0,"posX":0}]},{"id":61,"multiDMTime":3,"name":"灭杀冰雨","renderList":[{"targetId":0,"scale":2,"effectInterval":100,"during":500,"skillType":4,"renderAction":3,"effId":62,"playTimes":1,"posY":0,"posX":-5},{"targetId":2,"scale":1.80,"effectInterval":70,"during":100,"skillType":5,"renderAction":0,"effId":63,"playTimes":1,"posY":-100,"posX":10}]},{"id":62,"name":"嗜血术","renderList":[{"targetId":0,"scale":1.50,"effectInterval":0,"during":500,"skillType":5,"renderAction":3,"effId":71,"playTimes":1,"posY":0,"posX":-5},{"targetId":2,"scale":1.50,"effectInterval":100,"during":500,"skillType":5,"renderAction":0,"effId":72,"playTimes":1,"posY":0,"posX":10},{"targetId":0,"scale":1.20,"effectInterval":100,"during":500,"skillType":5,"renderAction":0,"effId":73,"playTimes":1,"posY":-10,"posX":0}]},{"id":64,"name":"召唤白虎","renderList":[{"targetId":0,"scale":1.50,"effectInterval":100,"during":200,"skillType":4,"renderAction":3,"effId":74,"playTimes":1,"posY":0,"posX":0},{"callSkills":[{"skills":[1003],"modelId":20019,"name":"白虎","distance":1}],"targetId":0,"effectInterval":50,"during":300,"skillType":6,"renderAction":0,"effId":158,"playTimes":1,"posY":0,"posX":0}]},{"id":66,"name":"死亡献祭","renderList":[{"targetId":0,"scale":1.50,"effectInterval":0,"during":400,"skillType":4,"renderAction":3,"effId":76,"playTimes":1,"posY":0,"posX":0},{"targetId":2,"effectInterval":100,"during":300,"skillType":9,"renderAction":0,"effId":158,"playTimes":1,"posY":-5,"posX":0},{"targetId":2,"scale":1,"effectInterval":100,"during":300,"skillType":3,"renderAction":0,"effId":77,"playTimes":1,"posY":170,"posX":50}]},{"id":68,"name":"雷霆万钧","renderList":[{"targetId":0,"scale":1,"effectInterval":100,"during":500,"skillType":4,"renderAction":3,"effId":99,"playTimes":1,"posY":-10,"posX":0}]},{"id":1000,"renderList":[{"skillType":0,"targetId":0,"posX":0,"playTimes":1,"renderAction":2,"during":500,"posY":0},{"targetId":2,"scale":2,"effectInterval":100,"during":200,"skillType":3,"renderAction":0,"effId":92,"playTimes":1,"posY":-180,"posX":65}],"multiDMTime":3,"isPetSkill":1},{"id":1001,"renderList":[{"skillType":0,"targetId":0,"posX":0,"playTimes":1,"renderAction":2,"during":500,"posY":0},{"targetId":2,"scale":1.50,"effectInterval":100,"during":200,"skillType":3,"renderAction":0,"effId":93,"playTimes":1,"posY":20,"posX":65}],"multiDMTime":3,"isPetSkill":1},{"id":1002,"renderList":[{"targetId":0,"scale":1.20,"effectInterval":100,"during":200,"skillType":5,"renderAction":2,"effId":94,"playTimes":1,"posY":-80,"posX":10},{"targetId":2,"scale":2,"effectInterval":100,"during":200,"skillType":3,"renderAction":0,"effId":96,"playTimes":1,"posY":120,"posX":78}],"isPetSkill":1},{"id":1003,"renderList":[{"skillType":0,"targetId":0,"posX":0,"playTimes":1,"renderAction":2,"during":500,"posY":0},{"targetId":2,"scale":1.50,"effectInterval":100,"during":200,"skillType":3,"renderAction":0,"effId":97,"playTimes":1,"posY":-150,"posX":250}],"multiDMTime":3,"isPetSkill":1},{"id":2000,"name":"雷罚","renderList":[{"targetId":2,"scale":1,"effectInterval":50,"during":500,"skillType":3,"renderAction":0,"effId":79,"playTimes":1,"posY":155,"posX":50}]},{"id":201,"name":"龙炎焚天","renderList":[{"targetId":0,"posY1":100,"effectInterval":100,"during":1500,"posX":100,"skillType":13,"playTimes":-1,"renderAction":0,"effId":201,"scale":1.50,"posX1":-100,"posY":-70,"useFlyEffDir":1},{"targetId":0,"scale":1,"effectInterval":100,"during":1500,"skillType":12,"renderAction":0,"effId":411,"playTimes":-1,"posY":40,"posX":30},{"targetId":2,"scale":1,"effectInterval":100,"during":100,"skillType":5,"renderAction":0,"effId":301,"playTimes":1,"posY":0,"posX":0},{"targetId":0,"scale":1,"effectInterval":100,"during":100,"skillType":5,"renderAction":0,"effId":401,"playTimes":-1,"round":4,"posY":-220,"posX":0}]},{"id":202,"name":"极冰之力","renderList":[{"targetId":0,"posY1":70,"effectInterval":100,"during":1500,"posX":100,"skillType":13,"playTimes":-1,"renderAction":0,"effId":202,"scale":1.50,"posX1":-100,"posY":-70,"useFlyEffDir":1},{"targetId":0,"scale":1,"effectInterval":100,"during":1500,"skillType":12,"renderAction":0,"effId":412,"playTimes":-1,"posY":40,"posX":30},{"targetId":2,"scale":1,"effectInterval":100,"during":100,"skillType":5,"renderAction":0,"effId":302,"playTimes":1,"posY":0,"posX":0},{"targetId":0,"scale":1,"effectInterval":100,"during":100,"skillType":5,"renderAction":0,"effId":402,"playTimes":-1,"round":4,"posY":-220,"posX":0}]},{"id":203,"name":"白虎一击","renderList":[{"targetId":0,"posY1":90,"effectInterval":100,"during":1500,"posX":100,"skillType":13,"playTimes":-1,"renderAction":0,"effId":203,"scale":1.50,"posX1":-100,"posY":-70,"useFlyEffDir":1},{"targetId":0,"scale":1,"effectInterval":100,"during":1500,"skillType":12,"renderAction":0,"effId":413,"playTimes":-1,"posY":40,"posX":30},{"targetId":0,"scale":0.70,"effectInterval":100,"during":100,"skillType":1,"renderAction":0,"effId":303,"playTimes":1,"posY":0,"posX":0},{"targetId":0,"scale":1,"effectInterval":100,"during":100,"skillType":5,"renderAction":0,"effId":403,"playTimes":-1,"round":4,"posY":-220,"posX":0}]},{"id":204,"name":"惊雷一击","renderList":[{"targetId":0,"posY1":130,"effectInterval":100,"during":1500,"posX":100,"skillType":13,"playTimes":-1,"renderAction":0,"effId":204,"scale":1.50,"posX1":-100,"posY":-30,"useFlyEffDir":1},{"targetId":0,"scale":1,"effectInterval":100,"during":1500,"skillType":12,"renderAction":0,"effId":414,"playTimes":-1,"posY":40,"posX":30},{"targetId":2,"scale":1,"effectInterval":100,"during":100,"skillType":5,"renderAction":0,"effId":304,"playTimes":1,"posY":0,"posX":0},{"targetId":0,"scale":1,"effectInterval":100,"during":100,"skillType":5,"renderAction":0,"effId":404,"playTimes":-1,"round":4,"posY":-220,"posX":0}]},{"id":205,"name":"道法自然","renderList":[{"targetId":0,"posY1":90,"effectInterval":100,"during":1500,"posX":90,"skillType":13,"playTimes":-1,"renderAction":0,"effId":205,"scale":1.50,"posX1":-80,"posY":-60,"useFlyEffDir":1},{"targetId":0,"scale":1,"effectInterval":100,"during":1500,"skillType":12,"renderAction":0,"effId":415,"playTimes":-1,"posY":40,"posX":30},{"targetId":2,"scale":1,"effectInterval":100,"during":100,"skillType":5,"renderAction":0,"effId":305,"playTimes":1,"posY":0,"posX":0},{"targetId":0,"scale":1,"effectInterval":100,"during":100,"skillType":5,"renderAction":0,"effId":405,"playTimes":-1,"round":4,"posY":-220,"posX":0}]},{"id":206,"name":"爆炎新星","renderList":[{"targetId":0,"posY1":90,"effectInterval":100,"during":1500,"posX":100,"skillType":13,"playTimes":-1,"renderAction":0,"effId":206,"scale":1.50,"posX1":-100,"posY":-70,"useFlyEffDir":1},{"targetId":0,"scale":1,"effectInterval":100,"during":1500,"skillType":12,"renderAction":0,"effId":416,"playTimes":-1,"posY":40,"posX":30},{"targetId":2,"scale":1,"effectInterval":100,"during":100,"skillType":5,"renderAction":0,"effId":306,"playTimes":1,"posY":0,"posX":0},{"targetId":0,"scale":1,"effectInterval":100,"during":100,"skillType":5,"renderAction":0,"effId":401,"playTimes":-1,"round":4,"posY":-220,"posX":0}]},{"id":207,"name":"冰牙刃击","renderList":[{"targetId":0,"posY1":70,"effectInterval":100,"during":1500,"posX":100,"skillType":13,"playTimes":-1,"renderAction":0,"effId":207,"scale":1.50,"posX1":-100,"posY":-70,"useFlyEffDir":1},{"targetId":0,"scale":1,"effectInterval":100,"during":1500,"skillType":12,"renderAction":0,"effId":417,"playTimes":-1,"posY":40,"posX":30},{"targetId":2,"scale":1,"effectInterval":100,"during":100,"skillType":5,"renderAction":0,"effId":307,"playTimes":1,"posY":0,"posX":0},{"targetId":0,"scale":1,"effectInterval":100,"during":100,"skillType":5,"renderAction":0,"effId":402,"playTimes":-1,"round":4,"posY":-220,"posX":0}]},{"id":208,"name":"地狱使者","renderList":[{"targetId":0,"posY1":70,"effectInterval":100,"during":1500,"posX":100,"skillType":13,"playTimes":-1,"renderAction":0,"effId":208,"scale":1.50,"posX1":-100,"posY":-70,"useFlyEffDir":1},{"targetId":0,"scale":1,"effectInterval":100,"during":1500,"skillType":12,"renderAction":0,"effId":418,"playTimes":-1,"posY":40,"posX":30},{"targetId":2,"scale":1,"effectInterval":100,"during":100,"skillType":5,"renderAction":0,"effId":308,"playTimes":1,"posY":0,"posX":0},{"targetId":0,"scale":1,"effectInterval":100,"during":100,"skillType":5,"renderAction":0,"effId":403,"playTimes":-1,"round":4,"posY":-220,"posX":0}]},{"id":209,"name":"电光一闪","renderList":[{"targetId":0,"posY1":70,"effectInterval":100,"during":1500,"posX":100,"skillType":13,"playTimes":-1,"renderAction":0,"effId":209,"scale":1.50,"posX1":-100,"posY":-70,"useFlyEffDir":1},{"targetId":0,"scale":1,"effectInterval":100,"during":1500,"skillType":12,"renderAction":0,"effId":419,"playTimes":-1,"posY":40,"posX":30},{"targetId":2,"scale":1,"effectInterval":100,"during":100,"skillType":5,"renderAction":0,"effId":309,"playTimes":1,"posY":0,"posX":0},{"targetId":0,"scale":1,"effectInterval":100,"during":100,"skillType":5,"renderAction":0,"effId":404,"playTimes":-1,"round":4,"posY":-220,"posX":0}]},{"id":210,"name":"毒绽莲花","renderList":[{"targetId":0,"posY1":100,"effectInterval":100,"during":1500,"posX":100,"skillType":13,"playTimes":-1,"renderAction":0,"effId":210,"scale":1.50,"posX1":-70,"posY":-40,"useFlyEffDir":1},{"targetId":0,"scale":1,"effectInterval":100,"during":1500,"skillType":12,"renderAction":0,"effId":420,"playTimes":-1,"posY":40,"posX":30},{"targetId":2,"scale":1,"effectInterval":100,"during":100,"skillType":5,"renderAction":0,"effId":310,"playTimes":1,"posY":0,"posX":0},{"targetId":0,"scale":1,"effectInterval":100,"during":100,"skillType":5,"renderAction":0,"effId":405,"playTimes":-1,"round":4,"posY":-220,"posX":0}]},{"id":211,"name":"昊天一握","renderList":[{"targetId":0,"posY1":70,"effectInterval":100,"during":1500,"posX":80,"skillType":13,"playTimes":-1,"renderAction":0,"effId":211,"scale":1.50,"posX1":-100,"posY":-50,"useFlyEffDir":1},{"targetId":0,"scale":1,"effectInterval":100,"during":1500,"skillType":12,"renderAction":0,"effId":421,"playTimes":-1,"posY":40,"posX":30},{"targetId":2,"scale":1,"effectInterval":100,"during":100,"skillType":5,"renderAction":0,"effId":311,"playTimes":1,"posY":0,"posX":0},{"targetId":0,"scale":1,"effectInterval":100,"during":100,"skillType":5,"renderAction":0,"effId":10000,"playTimes":-1,"round":4,"posY":-220,"posX":0}]},{"id":212,"name":"焚心地火","renderList":[{"targetId":0,"posY1":70,"effectInterval":100,"during":1500,"posX":100,"skillType":13,"playTimes":-1,"renderAction":0,"effId":212,"scale":1.50,"posX1":-100,"posY":-50,"useFlyEffDir":1},{"targetId":0,"scale":1,"effectInterval":100,"during":1500,"skillType":12,"renderAction":0,"effId":422,"playTimes":-1,"posY":40,"posX":30},{"targetId":2,"scale":1,"effectInterval":100,"during":100,"skillType":5,"renderAction":0,"effId":312,"playTimes":1,"posY":0,"posX":0},{"targetId":0,"scale":1,"effectInterval":100,"during":100,"skillType":5,"renderAction":0,"effId":401,"playTimes":-1,"round":4,"posY":-220,"posX":0}]},{"id":213,"name":"冰川微风","renderList":[{"targetId":0,"posY1":70,"effectInterval":100,"during":1500,"posX":100,"skillType":13,"playTimes":-1,"renderAction":0,"effId":213,"scale":1.60,"posX1":-100,"posY":-70,"useFlyEffDir":1},{"targetId":0,"scale":1,"effectInterval":100,"during":1500,"skillType":12,"renderAction":0,"effId":423,"playTimes":-1,"posY":40,"posX":30},{"targetId":2,"scale":1,"effectInterval":100,"during":100,"skillType":5,"renderAction":0,"effId":313,"playTimes":1,"posY":0,"posX":0},{"targetId":0,"scale":1,"effectInterval":100,"during":100,"skillType":5,"renderAction":0,"effId":402,"playTimes":-1,"round":4,"posY":-220,"posX":0}]},{"id":214,"name":"唤灵挽歌","renderList":[{"targetId":0,"posY1":70,"effectInterval":100,"during":1500,"posX":80,"skillType":13,"playTimes":-1,"renderAction":0,"effId":214,"scale":1.40,"posX1":-100,"posY":-50,"useFlyEffDir":1},{"targetId":0,"scale":1,"effectInterval":100,"during":1500,"skillType":12,"renderAction":0,"effId":424,"playTimes":-1,"posY":40,"posX":30},{"targetId":2,"scale":1,"effectInterval":100,"during":100,"skillType":5,"renderAction":0,"effId":314,"playTimes":1,"posY":0,"posX":0},{"targetId":0,"scale":1,"effectInterval":100,"during":100,"skillType":5,"renderAction":0,"effId":403,"playTimes":-1,"round":4,"posY":-220,"posX":0}]},{"id":215,"name":"雷动八方","renderList":[{"targetId":0,"posY1":70,"effectInterval":100,"during":1500,"posX":100,"skillType":13,"playTimes":-1,"renderAction":0,"effId":215,"scale":1.60,"posX1":-100,"posY":-70,"useFlyEffDir":1},{"targetId":0,"scale":1,"effectInterval":100,"during":1500,"skillType":12,"renderAction":0,"effId":425,"playTimes":-1,"posY":40,"posX":30},{"targetId":2,"scale":1,"effectInterval":100,"during":100,"skillType":5,"renderAction":0,"effId":315,"playTimes":1,"posY":0,"posX":0},{"targetId":0,"scale":1,"effectInterval":100,"during":100,"skillType":5,"renderAction":0,"effId":404,"playTimes":-1,"round":4,"posY":-220,"posX":0}]},{"id":216,"name":"怨灵生息","renderList":[{"targetId":0,"posY1":80,"effectInterval":100,"during":1500,"posX":50,"skillType":13,"playTimes":-1,"renderAction":0,"effId":216,"scale":1.40,"posX1":0,"posY":20,"useFlyEffDir":1},{"targetId":0,"scale":1,"effectInterval":100,"during":1500,"skillType":12,"renderAction":0,"effId":426,"playTimes":-1,"posY":40,"posX":30},{"targetId":2,"scale":1,"effectInterval":100,"during":100,"skillType":5,"renderAction":0,"effId":316,"playTimes":1,"posY":0,"posX":0},{"targetId":0,"scale":1,"effectInterval":100,"during":100,"skillType":5,"renderAction":0,"effId":405,"playTimes":-1,"round":4,"posY":-220,"posX":0}]},{"id":217,"name":"赤炎神钟","renderList":[{"targetId":0,"posY1":70,"effectInterval":100,"during":1500,"posX":100,"skillType":13,"playTimes":-1,"renderAction":0,"effId":217,"scale":1.50,"posX1":-100,"posY":-30,"useFlyEffDir":1},{"targetId":0,"scale":1,"effectInterval":100,"during":1500,"skillType":12,"renderAction":0,"effId":427,"playTimes":-1,"posY":40,"posX":150},{"targetId":2,"scale":1.20,"effectInterval":100,"during":100,"skillType":5,"renderAction":0,"effId":317,"playTimes":1,"posY":0,"posX":0},{"targetId":0,"scale":1,"effectInterval":100,"during":100,"skillType":5,"renderAction":0,"effId":401,"playTimes":-1,"round":5,"posY":-220,"posX":0}]},{"id":218,"name":"寒冰破灭","renderList":[{"targetId":0,"posY1":70,"effectInterval":100,"during":1500,"posX":80,"skillType":13,"playTimes":-1,"renderAction":0,"effId":218,"scale":1.50,"posX1":-100,"posY":-50,"useFlyEffDir":1},{"targetId":0,"scale":1,"effectInterval":100,"during":1500,"skillType":12,"renderAction":0,"effId":428,"playTimes":-1,"posY":40,"posX":30},{"targetId":2,"scale":1,"effectInterval":100,"during":100,"skillType":5,"renderAction":0,"effId":318,"playTimes":1,"posY":0,"posX":0},{"targetId":0,"scale":1,"effectInterval":100,"during":100,"skillType":5,"renderAction":0,"effId":402,"playTimes":-1,"round":5,"posY":-220,"posX":0}]},{"id":219,"name":"影子杀法","renderList":[{"targetId":0,"posY1":70,"effectInterval":100,"during":1500,"posX":80,"skillType":13,"playTimes":-1,"renderAction":0,"effId":219,"scale":1.50,"posX1":-100,"posY":-50,"useFlyEffDir":1},{"targetId":0,"scale":1,"effectInterval":100,"during":1500,"skillType":12,"renderAction":0,"effId":429,"playTimes":-1,"posY":40,"posX":30},{"targetId":2,"scale":1,"effectInterval":100,"during":100,"skillType":5,"renderAction":0,"effId":319,"playTimes":1,"posY":0,"posX":0},{"targetId":0,"scale":1,"effectInterval":100,"during":100,"skillType":5,"renderAction":0,"effId":403,"playTimes":-1,"round":5,"posY":-220,"posX":0}]},{"id":220,"name":"九霄神雷","renderList":[{"targetId":0,"posY1":70,"effectInterval":100,"during":1500,"posX":100,"skillType":13,"playTimes":-1,"renderAction":0,"effId":220,"scale":1.50,"posX1":-100,"posY":-70,"useFlyEffDir":1},{"targetId":0,"scale":1,"effectInterval":100,"during":1500,"skillType":12,"renderAction":0,"effId":430,"playTimes":-1,"posY":40,"posX":30},{"targetId":2,"scale":1,"effectInterval":100,"during":100,"skillType":5,"renderAction":0,"effId":320,"playTimes":1,"posY":0,"posX":0},{"targetId":0,"scale":1,"effectInterval":100,"during":100,"skillType":5,"renderAction":0,"effId":404,"playTimes":-1,"round":5,"posY":-220,"posX":0}]},{"id":221,"name":"万毒归宗","renderList":[{"targetId":0,"posY1":70,"effectInterval":100,"during":1500,"posX":80,"skillType":13,"playTimes":-1,"renderAction":0,"effId":221,"scale":1.50,"posX1":-100,"posY":-50,"useFlyEffDir":1},{"targetId":0,"scale":1,"effectInterval":100,"during":1500,"skillType":12,"renderAction":0,"effId":431,"playTimes":-1,"posY":40,"posX":30},{"targetId":2,"scale":1,"effectInterval":100,"during":100,"skillType":5,"renderAction":0,"effId":321,"playTimes":1,"posY":0,"posX":0},{"targetId":0,"scale":1,"effectInterval":100,"during":100,"skillType":5,"renderAction":0,"effId":405,"playTimes":-1,"round":5,"posY":-220,"posX":0}]},{"id":222,"name":"如来神掌","renderList":[{"targetId":0,"posY1":100,"effectInterval":100,"during":1500,"posX":100,"skillType":13,"playTimes":-1,"renderAction":0,"effId":222,"scale":1.50,"posX1":-100,"posY":-50,"useFlyEffDir":1},{"targetId":0,"scale":1,"effectInterval":100,"during":1500,"skillType":12,"renderAction":0,"effId":432,"playTimes":-1,"posY":40,"posX":30},{"targetId":2,"scale":1,"effectInterval":100,"during":100,"skillType":5,"renderAction":0,"effId":322,"playTimes":1,"posY":0,"posX":0},{"targetId":0,"scale":1,"effectInterval":100,"during":100,"skillType":5,"renderAction":0,"effId":10000,"playTimes":-1,"round":5,"posY":-220,"posX":0}]},{"id":223,"name":"飞龙在天","renderList":[{"targetId":0,"posY1":70,"effectInterval":100,"during":1500,"posX":100,"skillType":13,"playTimes":-1,"renderAction":0,"effId":223,"scale":1.50,"posX1":-100,"posY":-70,"useFlyEffDir":1},{"targetId":0,"scale":1,"effectInterval":100,"during":1500,"skillType":12,"renderAction":0,"effId":433,"playTimes":-1,"posY":40,"posX":30},{"targetId":2,"scale":1,"effectInterval":100,"during":100,"skillType":5,"renderAction":0,"effId":323,"playTimes":1,"posY":0,"posX":0},{"targetId":0,"scale":1,"effectInterval":100,"during":100,"skillType":5,"renderAction":0,"effId":401,"playTimes":-1,"round":6,"posY":-220,"posX":0}]},{"id":224,"name":"冰龙传说","renderList":[{"targetId":0,"posY1":70,"effectInterval":100,"during":1500,"posX":80,"skillType":13,"playTimes":-1,"renderAction":0,"effId":224,"scale":1.50,"posX1":-100,"posY":-50,"useFlyEffDir":1},{"targetId":0,"scale":1,"effectInterval":100,"during":1500,"skillType":12,"renderAction":0,"effId":434,"playTimes":-1,"posY":40,"posX":30},{"targetId":0,"scale":0.70,"effectInterval":100,"during":100,"skillType":1,"renderAction":0,"effId":324,"playTimes":1,"posY":0,"posX":0},{"targetId":0,"scale":1,"effectInterval":100,"during":100,"skillType":5,"renderAction":0,"effId":402,"playTimes":-1,"round":6,"posY":-220,"posX":0}]},{"id":225,"name":"真龙降世","renderList":[{"targetId":0,"posY1":70,"effectInterval":100,"during":1500,"posX":80,"skillType":13,"playTimes":-1,"renderAction":0,"effId":225,"scale":1.50,"posX1":-100,"posY":-50,"useFlyEffDir":1},{"targetId":0,"scale":1,"effectInterval":100,"during":1500,"skillType":12,"renderAction":0,"effId":435,"playTimes":-1,"posY":40,"posX":30},{"targetId":2,"scale":1.20,"effectInterval":100,"during":100,"skillType":5,"renderAction":0,"effId":325,"playTimes":1,"posY":0,"posX":0},{"targetId":0,"scale":1,"effectInterval":100,"during":100,"skillType":5,"renderAction":0,"effId":403,"playTimes":-1,"round":6,"posY":-220,"posX":0}]},{"id":226,"name":"雷震乾坤","renderList":[{"targetId":0,"posY1":70,"effectInterval":100,"during":1500,"posX":80,"skillType":13,"playTimes":-1,"renderAction":0,"effId":226,"scale":1.50,"posX1":-100,"posY":-50,"useFlyEffDir":1},{"targetId":0,"scale":1,"effectInterval":100,"during":1500,"skillType":12,"renderAction":0,"effId":436,"playTimes":-1,"posY":40,"posX":30},{"targetId":2,"scale":1,"effectInterval":100,"during":100,"skillType":5,"renderAction":0,"effId":326,"playTimes":1,"posY":0,"posX":0},{"targetId":0,"scale":1,"effectInterval":100,"during":100,"skillType":5,"renderAction":0,"effId":404,"playTimes":-1,"round":6,"posY":-220,"posX":0}]},{"id":227,"name":"真空寂灭","renderList":[{"targetId":0,"posY1":70,"effectInterval":100,"during":1500,"posX":100,"skillType":13,"playTimes":-1,"renderAction":0,"effId":227,"scale":1.50,"posX1":-100,"posY":-70,"useFlyEffDir":1},{"targetId":0,"scale":1,"effectInterval":100,"during":1500,"skillType":12,"renderAction":0,"effId":437,"playTimes":-1,"posY":40,"posX":30},{"targetId":2,"scale":1,"effectInterval":100,"during":100,"skillType":5,"renderAction":0,"effId":327,"playTimes":1,"posY":0,"posX":0},{"targetId":0,"scale":1,"effectInterval":100,"during":100,"skillType":5,"renderAction":0,"effId":405,"playTimes":-1,"round":6,"posY":-220,"posX":0}]},{"id":228,"name":"金钟护体","renderList":[{"targetId":0,"posY1":70,"effectInterval":100,"during":1500,"posX":80,"skillType":13,"playTimes":-1,"renderAction":0,"effId":228,"scale":1.50,"posX1":-100,"posY":-50,"useFlyEffDir":1},{"targetId":0,"scale":1,"effectInterval":100,"during":1500,"skillType":12,"renderAction":0,"effId":438,"playTimes":-1,"posY":40,"posX":30},{"targetId":0,"scale":1,"effectInterval":100,"during":100,"skillType":5,"renderAction":0,"effId":328,"playTimes":1,"posY":0,"posX":0},{"targetId":0,"scale":1,"effectInterval":100,"during":100,"skillType":5,"renderAction":0,"effId":329,"playTimes":-1,"round":4,"posY":0,"posX":0}]},{"id":301,"name":"石头人","renderList":[{"targetId":0,"scale":1,"effectInterval":0,"during":300,"skillType":5,"renderAction":3,"effId":501,"playTimes":1,"posY":0,"posX":0},{"targetId":2,"scale":1,"effectInterval":0,"during":300,"skillType":5,"renderAction":0,"effId":502,"playTimes":1,"posY":0,"posX":0}]},{"id":302,"name":"龟丞相","renderList":[{"targetId":0,"scale":1,"effectInterval":0,"during":300,"skillType":5,"renderAction":3,"effId":503,"playTimes":1,"posY":0,"posX":0},{"targetId":2,"scale":1,"effectInterval":0,"during":300,"skillType":5,"renderAction":0,"effId":504,"playTimes":1,"posY":0,"posX":0}]},{"id":303,"name":"暗影狼","renderList":[{"targetId":0,"scale":1,"effectInterval":0,"during":300,"skillType":5,"renderAction":3,"effId":505,"playTimes":1,"posY":0,"posX":0},{"targetId":2,"scale":1,"effectInterval":0,"during":300,"skillType":5,"renderAction":0,"effId":506,"playTimes":1,"posY":0,"posX":0}]},{"id":304,"name":"蟹将","renderList":[{"targetId":0,"scale":1,"effectInterval":0,"during":300,"skillType":5,"renderAction":3,"effId":507,"playTimes":1,"posY":0,"posX":0},{"targetId":2,"scale":1,"effectInterval":0,"during":300,"skillType":5,"renderAction":0,"effId":508,"playTimes":1,"posY":0,"posX":0}]},{"id":305,"name":"石甲虫","renderList":[{"targetId":0,"scale":1,"effectInterval":0,"during":300,"skillType":5,"renderAction":3,"effId":509,"playTimes":1,"posY":0,"posX":0},{"targetId":2,"scale":1,"effectInterval":0,"during":300,"skillType":5,"renderAction":0,"effId":510,"playTimes":1,"posY":0,"posX":0}]},{"id":306,"name":"虾兵","renderList":[{"targetId":0,"scale":1,"effectInterval":0,"during":300,"skillType":5,"renderAction":3,"effId":511,"playTimes":1,"posY":0,"posX":0},{"targetId":2,"scale":1,"effectInterval":0,"during":300,"skillType":5,"renderAction":0,"effId":512,"playTimes":1,"posY":0,"posX":0}]},{"id":307,"name":"树精","renderList":[{"targetId":0,"scale":1,"effectInterval":0,"during":300,"skillType":5,"renderAction":3,"effId":513,"playTimes":1,"posY":0,"posX":0},{"targetId":2,"scale":1,"effectInterval":0,"during":300,"skillType":5,"renderAction":0,"effId":514,"playTimes":1,"posY":-55,"posX":0}]},{"id":308,"name":"野蛮人","renderList":[{"targetId":0,"scale":1,"effectInterval":0,"during":300,"skillType":5,"renderAction":3,"effId":515,"playTimes":1,"posY":0,"posX":0},{"targetId":2,"scale":1,"effectInterval":0,"during":300,"skillType":5,"renderAction":0,"effId":516,"playTimes":1,"posY":0,"posX":0}]},{"id":309,"name":"蝎魔","renderList":[{"targetId":0,"scale":1,"effectInterval":0,"during":300,"skillType":5,"renderAction":3,"effId":517,"playTimes":1,"posY":0,"posX":0},{"targetId":2,"scale":1,"effectInterval":0,"during":300,"skillType":5,"renderAction":0,"effId":518,"playTimes":1,"posY":0,"posX":0}]},{"id":310,"name":"斧王","renderList":[{"targetId":0,"scale":1,"effectInterval":0,"during":300,"skillType":5,"renderAction":3,"effId":519,"playTimes":1,"posY":0,"posX":0},{"targetId":2,"scale":1,"effectInterval":0,"during":300,"skillType":5,"renderAction":0,"effId":520,"playTimes":1,"posY":0,"posX":0}]},{"id":311,"name":"巨猿","renderList":[{"targetId":0,"scale":1,"effectInterval":0,"during":300,"skillType":5,"renderAction":3,"effId":521,"playTimes":1,"posY":0,"posX":0},{"targetId":2,"scale":1,"effectInterval":0,"during":300,"skillType":5,"renderAction":0,"effId":522,"playTimes":1,"posY":0,"posX":0}]},{"id":312,"name":"蜘蛛精","renderList":[{"targetId":0,"scale":1,"effectInterval":0,"during":300,"skillType":5,"renderAction":3,"effId":523,"playTimes":1,"posY":0,"posX":0},{"targetId":2,"scale":1,"effectInterval":0,"during":300,"skillType":5,"renderAction":0,"effId":524,"playTimes":1,"posY":-60,"posX":0}]},{"id":313,"name":"大鱼人","renderList":[{"targetId":0,"scale":1,"effectInterval":0,"during":300,"skillType":5,"renderAction":3,"effId":525,"playTimes":1,"posY":0,"posX":0},{"targetId":2,"scale":1,"effectInterval":0,"during":300,"skillType":5,"renderAction":0,"effId":526,"playTimes":1,"posY":0,"posX":0}]},{"id":314,"name":"机关鸟","renderList":[{"targetId":0,"scale":1,"effectInterval":0,"during":300,"skillType":5,"renderAction":3,"effId":527,"playTimes":1,"posY":0,"posX":0},{"targetId":2,"scale":1,"effectInterval":0,"during":300,"skillType":5,"renderAction":0,"effId":528,"playTimes":1,"posY":0,"posX":0}]},{"id":315,"name":"变异祖玛","renderList":[{"targetId":0,"scale":1,"effectInterval":0,"during":300,"skillType":5,"renderAction":3,"effId":529,"playTimes":1,"posY":0,"posX":0},{"targetId":2,"scale":1,"effectInterval":0,"during":300,"skillType":5,"renderAction":0,"effId":530,"playTimes":1,"posY":0,"posX":0}]},{"id":316,"name":"紫金兽","renderList":[{"targetId":0,"scale":1,"effectInterval":0,"during":300,"skillType":5,"renderAction":3,"effId":531,"playTimes":1,"posY":0,"posX":0},{"targetId":2,"scale":1,"effectInterval":0,"during":300,"skillType":5,"renderAction":0,"effId":532,"playTimes":1,"posY":0,"posX":0}]},{"id":317,"name":"冰牙熊","renderList":[{"targetId":0,"scale":1,"effectInterval":0,"during":300,"skillType":5,"renderAction":3,"effId":533,"playTimes":1,"posY":0,"posX":0},{"targetId":2,"scale":1,"effectInterval":0,"during":300,"skillType":5,"renderAction":0,"effId":534,"playTimes":1,"posY":0,"posX":0}]},{"id":318,"name":"吞金兽","renderList":[{"targetId":0,"scale":1,"effectInterval":0,"during":300,"skillType":5,"renderAction":3,"effId":535,"playTimes":1,"posY":0,"posX":0},{"targetId":2,"scale":1,"effectInterval":0,"during":300,"skillType":5,"renderAction":0,"effId":536,"playTimes":1,"posY":0,"posX":0}]},{"id":319,"name":"猿神","renderList":[{"targetId":0,"scale":1,"effectInterval":0,"during":300,"skillType":5,"renderAction":3,"effId":537,"playTimes":1,"posY":0,"posX":0},{"targetId":2,"scale":1,"effectInterval":0,"during":300,"skillType":5,"renderAction":0,"effId":538,"playTimes":1,"posY":0,"posX":0}]},{"id":320,"name":"女娲","renderList":[{"targetId":0,"scale":1,"effectInterval":0,"during":300,"skillType":5,"renderAction":3,"effId":539,"playTimes":1,"posY":0,"posX":0},{"targetId":2,"scale":1,"effectInterval":0,"during":300,"skillType":5,"renderAction":0,"effId":540,"playTimes":1,"posY":0,"posX":0}]},{"id":321,"name":"暗麒麟","renderList":[{"targetId":0,"scale":1,"effectInterval":0,"during":300,"skillType":5,"renderAction":3,"effId":541,"playTimes":1,"posY":0,"posX":0},{"targetId":2,"scale":1,"effectInterval":0,"during":300,"skillType":5,"renderAction":0,"effId":542,"playTimes":1,"posY":0,"posX":0}]},{"id":322,"name":"火龙","renderList":[{"targetId":0,"scale":1,"effectInterval":0,"during":300,"skillType":5,"renderAction":3,"effId":543,"playTimes":1,"posY":0,"posX":0},{"targetId":2,"scale":1,"effectInterval":0,"during":300,"skillType":5,"renderAction":0,"effId":544,"playTimes":1,"posY":0,"posX":0}]},{"id":323,"name":"花灵","renderList":[{"targetId":0,"scale":1,"effectInterval":0,"during":300,"skillType":5,"renderAction":3,"effId":545,"playTimes":1,"posY":0,"posX":0},{"targetId":2,"scale":1,"effectInterval":0,"during":300,"skillType":5,"renderAction":0,"effId":546,"playTimes":1,"posY":0,"posX":0}]},{"id":324,"name":"猿魔","renderList":[{"targetId":0,"scale":1,"effectInterval":0,"during":300,"skillType":5,"renderAction":3,"effId":547,"playTimes":1,"posY":0,"posX":0},{"targetId":2,"scale":1,"effectInterval":0,"during":300,"skillType":5,"renderAction":0,"effId":548,"playTimes":1,"posY":0,"posX":0}]},{"id":325,"name":"木魔神","renderList":[{"targetId":0,"scale":1,"effectInterval":0,"during":300,"skillType":5,"renderAction":3,"effId":549,"playTimes":1,"posY":0,"posX":0},{"targetId":2,"scale":1,"effectInterval":0,"during":300,"skillType":5,"renderAction":0,"effId":550,"playTimes":1,"posY":0,"posX":0}]},{"id":326,"name":"大鹏","renderList":[{"targetId":0,"scale":1,"effectInterval":0,"during":300,"skillType":5,"renderAction":3,"effId":551,"playTimes":1,"posY":0,"posX":0},{"targetId":2,"scale":1,"effectInterval":0,"during":300,"skillType":5,"renderAction":0,"effId":552,"playTimes":1,"posY":0,"posX":0}]},{"id":327,"name":"水魔神","renderList":[{"targetId":0,"scale":1,"effectInterval":0,"during":300,"skillType":5,"renderAction":3,"effId":553,"playTimes":1,"posY":0,"posX":0},{"targetId":2,"scale":1,"effectInterval":0,"during":300,"skillType":5,"renderAction":0,"effId":554,"playTimes":1,"posY":0,"posX":0}]},{"id":328,"name":"火魔神","renderList":[{"targetId":0,"scale":1,"effectInterval":0,"during":300,"skillType":5,"renderAction":3,"effId":555,"playTimes":1,"posY":0,"posX":0},{"targetId":2,"scale":1,"effectInterval":0,"during":300,"skillType":5,"renderAction":0,"effId":556,"playTimes":1,"posY":0,"posX":0}]},{"id":329,"name":"土魔神","renderList":[{"targetId":0,"scale":1,"effectInterval":0,"during":300,"skillType":5,"renderAction":3,"effId":557,"playTimes":1,"posY":0,"posX":0},{"targetId":2,"scale":1,"effectInterval":0,"during":300,"skillType":5,"renderAction":0,"effId":558,"playTimes":1,"posY":0,"posX":0}]},{"id":330,"name":"阴魔神","renderList":[{"targetId":0,"scale":1,"effectInterval":0,"during":300,"skillType":5,"renderAction":3,"effId":559,"playTimes":1,"posY":0,"posX":0},{"targetId":2,"scale":1,"effectInterval":0,"during":300,"skillType":5,"renderAction":0,"effId":560,"playTimes":1,"posY":0,"posX":0}]},{"id":331,"name":"骨龙","renderList":[{"targetId":0,"scale":1,"effectInterval":0,"during":300,"skillType":4,"renderAction":3,"effId":561,"playTimes":1,"posY":0,"posX":0},{"targetId":2,"scale":1,"effectInterval":0,"during":300,"skillType":5,"renderAction":0,"effId":562,"playTimes":1,"posY":0,"posX":0}]},{"id":332,"name":"玄武","renderList":[{"targetId":0,"scale":1,"effectInterval":0,"during":300,"skillType":4,"renderAction":3,"effId":563,"playTimes":1,"posY":0,"posX":0},{"targetId":2,"scale":1,"effectInterval":0,"during":300,"skillType":4,"renderAction":0,"effId":564,"playTimes":1,"posY":0,"posX":0}]},{"id":333,"name":"朱雀","renderList":[{"targetId":0,"scale":1,"effectInterval":0,"during":300,"skillType":4,"renderAction":3,"effId":565,"playTimes":1,"posY":0,"posX":0},{"targetId":2,"scale":1,"effectInterval":0,"during":300,"skillType":5,"renderAction":0,"effId":566,"playTimes":1,"posY":0,"posX":0}]},{"id":334,"name":"树王","renderList":[{"targetId":0,"scale":1,"effectInterval":0,"during":300,"skillType":4,"renderAction":3,"effId":567,"playTimes":1,"posY":0,"posX":0},{"targetId":2,"scale":1,"effectInterval":0,"during":300,"skillType":5,"renderAction":0,"effId":568,"playTimes":1,"posY":0,"posX":0}]},{"id":335,"name":"青龙","renderList":[{"targetId":0,"scale":1,"effectInterval":0,"during":300,"skillType":4,"renderAction":3,"effId":569,"playTimes":1,"posY":0,"posX":0},{"targetId":2,"scale":1,"effectInterval":0,"during":300,"skillType":5,"renderAction":0,"effId":570,"playTimes":1,"posY":0,"posX":0}]},{"id":336,"name":"泰坦","renderList":[{"targetId":0,"scale":1,"effectInterval":0,"during":300,"skillType":4,"renderAction":3,"effId":571,"playTimes":1,"posY":0,"posX":0},{"targetId":2,"scale":1,"effectInterval":0,"during":300,"skillType":5,"renderAction":0,"effId":572,"playTimes":1,"posY":0,"posX":0}]},{"id":337,"name":"白虎","renderList":[{"targetId":0,"scale":1,"effectInterval":0,"during":300,"skillType":4,"renderAction":3,"effId":573,"playTimes":1,"posY":0,"posX":0},{"targetId":2,"scale":1,"effectInterval":0,"during":300,"skillType":5,"renderAction":0,"effId":574,"playTimes":1,"posY":0,"posX":0}]},{"id":399,"name":"落雷","renderList":[{"targetId":2,"scale":1,"effectInterval":0,"during":300,"skillType":5,"renderAction":0,"effId":575,"playTimes":1,"posY":0,"posX":0}]}],"debuffEffIds":[]}}