{"SkillBookConfig":{"notice1":"玩家<font color='#31B4F8'>%s</font>合成获得<font color = '#ff0502'> %s <font color = '#2aff00'><a href='event:@@showWin,204'><u>前往合成</u></a></font>","learnCfg":[{"name":"D级技能书","id":10801,"awards":[{"id":10071,"count":200}],"skillLib":[{"skillId":1,"pro":1000},{"skillId":2,"pro":1000},{"skillId":3,"pro":1000},{"skillId":4,"pro":1000},{"skillId":5,"pro":1000},{"skillId":6,"pro":1000},{"skillId":7,"pro":1000},{"skillId":8,"pro":1000},{"skillId":9,"pro":1000},{"skillId":10,"pro":1000}],"consume":[{"id":10801,"count":1}]},{"name":"C级技能书","id":10802,"awards":[{"id":10071,"count":500}],"skillLib":[{"skillId":11,"pro":1000},{"skillId":12,"pro":1000},{"skillId":13,"pro":1000},{"skillId":14,"pro":1000},{"skillId":15,"pro":1000},{"skillId":16,"pro":1000},{"skillId":17,"pro":1000},{"skillId":18,"pro":1000},{"skillId":19,"pro":1000},{"skillId":20,"pro":1000},{"skillId":21,"pro":1000}],"consume":[{"id":10802,"count":1}]},{"name":"B级技能书","id":10803,"awards":[{"id":10071,"count":1500}],"skillLib":[{"skillId":22,"pro":1000},{"skillId":23,"pro":1000},{"skillId":24,"pro":1000},{"skillId":25,"pro":1000},{"skillId":26,"pro":1000},{"skillId":27,"pro":1000},{"skillId":28,"pro":1000}],"consume":[{"id":10803,"count":1}]},{"name":"A级技能书","id":10804,"awards":[{"id":10071,"count":3000}],"skillLib":[{"notice":1,"skillId":29,"pro":1000},{"notice":1,"skillId":30,"pro":1000},{"notice":1,"skillId":31,"pro":1000},{"notice":1,"skillId":32,"pro":1000},{"notice":1,"skillId":33,"pro":1000},{"notice":1,"skillId":34,"pro":1000},{"notice":1,"skillId":35,"pro":1000},{"notice":1,"skillId":36,"pro":1000},{"notice":1,"skillId":37,"pro":1000},{"notice":1,"skillId":38,"pro":1000},{"notice":1,"skillId":39,"pro":1000}],"consume":[{"id":10804,"count":1}]},{"name":"S级技能书","id":10805,"awards":[{"id":10071,"count":8000}],"skillLib":[{"notice":1,"skillId":40,"pro":1000},{"notice":1,"skillId":41,"pro":1000},{"notice":1,"skillId":42,"pro":1000},{"notice":1,"skillId":43,"pro":1000},{"notice":1,"skillId":44,"pro":1000},{"notice":1,"skillId":45,"pro":1000},{"notice":1,"skillId":46,"pro":1000}],"consume":[{"id":10805,"count":1}]},{"name":"SS级技能书","id":10806,"awards":[{"id":10071,"count":12000}],"skillLib":[{"notice":1,"skillId":47,"pro":1000},{"notice":1,"skillId":48,"pro":1000},{"notice":1,"skillId":49,"pro":1000},{"notice":1,"skillId":50,"pro":1000},{"notice":1,"skillId":51,"pro":1000},{"notice":1,"skillId":52,"pro":1000},{"notice":1,"skillId":53,"pro":1000},{"notice":1,"skillId":54,"pro":1000},{"notice":1,"skillId":55,"pro":1000},{"notice":1,"skillId":56,"pro":1000}],"consume":[{"id":10806,"count":1}]},{"name":"SSS级技能书","id":10807,"awards":[{"id":10071,"count":30000}],"skillLib":[{"notice":1,"skillId":57,"pro":1000},{"notice":1,"skillId":58,"pro":1000},{"notice":1,"skillId":59,"pro":1000},{"notice":1,"skillId":60,"pro":1000},{"notice":1,"skillId":61,"pro":1000},{"notice":1,"skillId":62,"pro":1000},{"notice":1,"skillId":63,"pro":1000},{"notice":1,"skillId":64,"pro":1000},{"notice":1,"skillId":65,"pro":1000},{"notice":1,"skillId":66,"pro":1000},{"notice":1,"skillId":67,"pro":1000}],"consume":[{"id":10807,"count":1}]}],"notice2":"玩家<font color='#31B4F8'>%s</font>领悟<font color = '#ff0502'>%s</font>获得<font color = '#ffeb00'> %s </font><font color = '#2aff00'><a href='event:@@showWin,204'><u>前往领悟</u></a></font>","day_free_times":1,"notice":"玩家<font color='#31B4F8'>%s</font>通过<font color = '#ff0502'>%s技能包</font>抽到 %s <font color = '#2aff00'><a href='event:@@showWin,204'><u>前往抽奖</u></a></font>","lotteryLib":[{"Maxlist":[],"name":"普通","MaxTimes":0,"list":[{"awards":[{"id":10801,"count":1}],"pro":1000}],"consume":[{"id":10875,"count":1}]},{"Maxlist":[{"awards":[{"id":10805,"count":1,"notice":1}],"pro":1000}],"name":"高级","MaxTimes":10,"list":[{"awards":[{"id":10803,"count":1,"notice":1}],"pro":1000}],"consume":[{"id":10876,"count":1}]}],"allSkillBooks":[10801,10802,10803,10804,10805,10806,10807],"MaxLoopTimes":10}}