{"SkillGiftConfig":{"freeDayGiftId":2204,"threelevelid":2202,"secondpklevelid":2203,"PkInvest":[{"awards":[[{"id":10875,"count":1}],[{"id":10003,"count":680}]],"level":10},{"awards":[[{"id":10071,"count":500}],[{"id":10875,"count":25}]],"level":15},{"awards":[[{"id":10072,"count":50000}],[{"id":10071,"count":2000}]],"level":20},{"awards":[[{"id":10804,"count":1}],[{"id":10805,"count":1}]],"level":25},{"awards":[[{"id":10071,"count":500}],[{"id":10071,"count":2000}]],"level":30},{"awards":[[{"id":10072,"count":50000}],[{"id":10071,"count":2000}]],"level":35},{"awards":[[{"id":10875,"count":1}],[{"id":10875,"count":2}]],"level":40},{"awards":[[{"id":10071,"count":500}],[{"id":10071,"count":2000}]],"level":45},{"awards":[[{"id":10812,"count":1}],[{"id":10815,"count":1}]],"level":50},{"awards":[[{"id":10875,"count":1}],[{"id":10875,"count":2}]],"level":55},{"awards":[[{"id":10071,"count":500}],[{"id":10071,"count":2000}]],"level":60},{"awards":[[{"id":10072,"count":50000}],[{"id":10071,"count":2000}]],"level":65},{"awards":[[{"id":10875,"count":1}],[{"id":10875,"count":2}]],"level":70},{"awards":[[{"id":10071,"count":500}],[{"id":10071,"count":2000}]],"level":75},{"awards":[[{"id":10072,"count":50000}],[{"id":10071,"count":2000}]],"level":80},{"awards":[[{"id":10875,"count":1}],[{"id":10875,"count":2}]],"level":85},{"awards":[[{"id":10071,"count":500}],[{"id":10071,"count":2000}]],"level":90},{"awards":[[{"id":10824,"count":1}],[{"id":10827,"count":1}]],"level":95},{"awards":[[{"id":10875,"count":1}],[{"id":10875,"count":2}]],"level":100},{"awards":[[{"id":10071,"count":500}],[{"id":10071,"count":2000}]],"level":105},{"awards":[[{"id":10072,"count":100000}],[{"id":10071,"count":4800}]],"level":110},{"awards":[[{"id":10875,"count":1}],[{"id":10875,"count":2}]],"level":115},{"awards":[[{"id":10071,"count":600}],[{"id":10071,"count":4800}]],"level":120},{"awards":[[{"id":10834,"count":1}],[{"id":10838,"count":1}]],"level":125},{"awards":[[{"id":10875,"count":1}],[{"id":10875,"count":2}]],"level":130},{"awards":[[{"id":10072,"count":100000}],[{"id":10071,"count":4800}]],"level":135},{"awards":[[{"id":10071,"count":600}],[{"id":10071,"count":4800}]],"level":140},{"awards":[[{"id":10875,"count":1}],[{"id":10875,"count":2}]],"level":145},{"awards":[[{"id":10072,"count":100000}],[{"id":10071,"count":4800}]],"level":150},{"awards":[[{"id":10846,"count":1}],[{"id":10848,"count":1}]],"level":155},{"awards":[[{"id":10875,"count":1}],[{"id":10875,"count":2}]],"level":160},{"awards":[[{"id":10072,"count":100000}],[{"id":10071,"count":4800}]],"level":165},{"awards":[[{"id":10071,"count":600}],[{"id":10071,"count":4800}]],"level":170},{"awards":[[{"id":10875,"count":1}],[{"id":10875,"count":2}]],"level":175},{"awards":[[{"id":10071,"count":600}],[{"id":10071,"count":4800}]],"level":180},{"awards":[[{"id":10856,"count":1}],[{"id":10857,"count":1}]],"level":185},{"awards":[[{"id":10875,"count":1}],[{"id":10875,"count":2}]],"level":190},{"awards":[[{"id":10071,"count":600}],[{"id":10071,"count":4800}]],"level":195},{"awards":[[{"id":10072,"count":150000}],[{"id":10071,"count":4800}]],"level":200},{"awards":[[{"id":10875,"count":1}],[{"id":10875,"count":2}]],"level":205},{"awards":[[{"id":10071,"count":700}],[{"id":10071,"count":4800}]],"level":210},{"awards":[[{"id":10869,"count":1}],[{"id":10871,"count":1}]],"level":215},{"awards":[[{"id":10875,"count":1}],[{"id":10875,"count":2}]],"level":220},{"awards":[[{"id":10071,"count":700}],[{"id":10071,"count":5600}]],"level":225},{"awards":[[{"id":10072,"count":150000}],[{"id":10071,"count":5600}]],"level":230},{"awards":[[{"id":10875,"count":1}],[{"id":10875,"count":2}]],"level":235},{"awards":[[{"id":10071,"count":700}],[{"id":10071,"count":5600}]],"level":240},{"awards":[[{"id":10072,"count":150000}],[{"id":10071,"count":5600}]],"level":245},{"awards":[[{"id":10875,"count":1}],[{"id":10875,"count":2}]],"level":250},{"awards":[[{"id":10071,"count":700}],[{"id":10071,"count":5600}]],"level":255},{"awards":[[{"id":10072,"count":150000}],[{"id":10071,"count":5600}]],"level":260},{"awards":[[{"id":10875,"count":1}],[{"id":10875,"count":2}]],"level":265},{"awards":[[{"id":10071,"count":700}],[{"id":10071,"count":5600}]],"level":270},{"awards":[[{"id":10072,"count":150000}],[{"id":10071,"count":5600}]],"level":275},{"awards":[[{"id":10875,"count":1}],[{"id":10875,"count":2}]],"level":280},{"awards":[[{"id":10071,"count":700}],[{"id":10071,"count":5600}]],"level":285},{"awards":[[{"id":10072,"count":150000}],[{"id":10071,"count":5600}]],"level":290},{"awards":[[{"id":10875,"count":1}],[{"id":10875,"count":2}]],"level":295},{"awards":[[{"id":10071,"count":700}],[{"id":10071,"count":5600}]],"level":300},{"awards":[[{"id":10072,"count":150000}],[{"id":10071,"count":5600}]],"level":305},{"awards":[[{"id":10875,"count":1}],[{"id":10875,"count":2}]],"level":310},{"awards":[[{"id":10071,"count":800}],[{"id":10071,"count":6400}]],"level":315},{"awards":[[{"id":10072,"count":200000}],[{"id":10071,"count":6400}]],"level":320},{"awards":[[{"id":10875,"count":1}],[{"id":10875,"count":2}]],"level":325},{"awards":[[{"id":10071,"count":800}],[{"id":10071,"count":6400}]],"level":330},{"awards":[[{"id":10072,"count":200000}],[{"id":10071,"count":6400}]],"level":335},{"awards":[[{"id":10875,"count":1}],[{"id":10875,"count":2}]],"level":340},{"awards":[[{"id":10071,"count":800}],[{"id":10071,"count":6400}]],"level":345},{"awards":[[{"id":10072,"count":200000}],[{"id":10071,"count":6400}]],"level":350},{"awards":[[{"id":10875,"count":1}],[{"id":10875,"count":2}]],"level":355},{"awards":[[{"id":10071,"count":800}],[{"id":10071,"count":6400}]],"level":360},{"awards":[[{"id":10072,"count":200000}],[{"id":10071,"count":6400}]],"level":365},{"awards":[[{"id":10875,"count":1}],[{"id":10875,"count":2}]],"level":370},{"awards":[[{"id":10071,"count":800}],[{"id":10071,"count":6400}]],"level":375},{"awards":[[{"id":10072,"count":200000}],[{"id":10071,"count":6400}]],"level":380},{"awards":[[{"id":10875,"count":1}],[{"id":10875,"count":2}]],"level":385},{"awards":[[{"id":10071,"count":800}],[{"id":10071,"count":6400}]],"level":390},{"awards":[[{"id":10072,"count":200000}],[{"id":10071,"count":6400}]],"level":395},{"awards":[[{"id":10875,"count":1}],[{"id":10875,"count":2}]],"level":400},{"awards":[[{"id":10071,"count":800}],[{"id":10071,"count":6400}]],"level":405},{"awards":[[{"id":10072,"count":250000}],[{"id":10071,"count":6400}]],"level":410},{"awards":[[{"id":10875,"count":1}],[{"id":10875,"count":2}]],"level":415},{"awards":[[{"id":10071,"count":1000}],[{"id":10071,"count":8000}]],"level":420},{"awards":[[{"id":10072,"count":250000}],[{"id":10071,"count":8000}]],"level":425},{"awards":[[{"id":10875,"count":1}],[{"id":10875,"count":2}]],"level":430},{"awards":[[{"id":10071,"count":1000}],[{"id":10071,"count":8000}]],"level":435},{"awards":[[{"id":10072,"count":250000}],[{"id":10071,"count":8000}]],"level":440},{"awards":[[{"id":10875,"count":1}],[{"id":10875,"count":2}]],"level":445},{"awards":[[{"id":10071,"count":1000}],[{"id":10071,"count":8000}]],"level":450},{"awards":[[{"id":10072,"count":250000}],[{"id":10071,"count":8000}]],"level":455},{"awards":[[{"id":10875,"count":1}],[{"id":10875,"count":2}]],"level":460},{"awards":[[{"id":10071,"count":1000}],[{"id":10071,"count":8000}]],"level":465},{"awards":[[{"id":10072,"count":250000}],[{"id":10071,"count":8000}]],"level":470},{"awards":[[{"id":10875,"count":1}],[{"id":10875,"count":2}]],"level":475},{"awards":[[{"id":10071,"count":1000}],[{"id":10071,"count":8000}]],"level":480},{"awards":[[{"id":10072,"count":250000}],[{"id":10071,"count":8000}]],"level":485},{"awards":[[{"id":10875,"count":1}],[{"id":10875,"count":2}]],"level":490},{"awards":[[{"id":10071,"count":1000}],[{"id":10071,"count":8000}]],"level":495},{"awards":[[{"id":10805,"count":1}],[{"id":10806,"count":1}]],"level":500},{"awards":[[{"id":10875,"count":1}],[{"id":10875,"count":2}]],"level":505},{"awards":[[{"id":10072,"count":250000}],[{"id":10071,"count":8000}]],"level":510}],"BuyCfg":[{"limit":5,"id":2208,"btnSkin":"Button05","bgIcon":50,"dsc":"初级技能礼包"},{"limit":5,"id":2209,"btnSkin":"Button07","bgIcon":43,"dsc":"中级技能礼包"},{"limit":5,"id":2210,"btnSkin":"Button04_1","bgIcon":42,"dsc":"高级技能礼包"},{"limit":3,"id":2211,"btnSkin":"Button06","bgIcon":41,"dsc":"特级技能礼包"},{"limit":3,"id":2212,"btnSkin":"Button06","bgIcon":41,"dsc":"超级技能礼包"},{"limit":3,"id":2213,"btnSkin":"Button06","bgIcon":41,"dsc":"终极技能礼包"},{"limit":3,"id":2214,"btnSkin":"Button06","bgIcon":41,"dsc":"究极技能礼包"}],"SkillInvest":[{"awards":[[{"id":10071,"count":500}],[{"id":10003,"count":300}],[{"id":10003,"count":3280}]],"level":5},{"awards":[[{"id":10072,"count":50000}],[{"id":10875,"count":10}],[{"id":10875,"count":100}]],"level":10},{"awards":[[{"id":10875,"count":1}],[{"id":10071,"count":1000}],[{"id":10071,"count":10000}]],"level":20},{"awards":[[{"id":10071,"count":500}],[{"id":10072,"count":100000}],[{"id":10072,"count":1000000}]],"level":30},{"awards":[[{"id":10803,"count":1}],[{"id":10805,"count":1}],[{"id":10806,"count":1}]],"level":40},{"awards":[[{"id":10071,"count":500}],[{"id":10071,"count":1000}],[{"id":10071,"count":10000}]],"level":50},{"awards":[[{"id":10875,"count":1}],[{"id":10875,"count":1}],[{"id":10875,"count":10}]],"level":60},{"awards":[[{"id":10071,"count":500}],[{"id":10071,"count":1000}],[{"id":10071,"count":10000}]],"level":70},{"awards":[[{"id":10072,"count":50000}],[{"id":10072,"count":100000}],[{"id":10071,"count":10000}]],"level":80},{"awards":[[{"id":10804,"count":1}],[{"id":10804,"count":1}],[{"id":10804,"count":2}]],"level":90},{"awards":[[{"id":10600,"count":2}],[{"id":10601,"count":3}],[{"id":10602,"count":5}]],"level":100},{"awards":[[{"id":10072,"count":50000}],[{"id":10071,"count":1000}],[{"id":10071,"count":10000}]],"level":120},{"awards":[[{"id":10071,"count":500}],[{"id":10072,"count":100000}],[{"id":10072,"count":1000000}]],"level":140},{"awards":[[{"id":10072,"count":50000}],[{"id":10071,"count":1000}],[{"id":10071,"count":10000}]],"level":160},{"awards":[[{"id":10875,"count":1}],[{"id":10875,"count":1}],[{"id":10875,"count":10}]],"level":180},{"awards":[[{"id":10071,"count":500}],[{"id":10072,"count":100000}],[{"id":10071,"count":10000}]],"level":200},{"awards":[[{"id":10072,"count":50000}],[{"id":10071,"count":1000}],[{"id":10072,"count":1000000}]],"level":220},{"awards":[[{"id":10804,"count":1}],[{"id":10805,"count":1}],[{"id":10805,"count":2}]],"level":240},{"awards":[[{"id":10071,"count":500}],[{"id":10072,"count":100000}],[{"id":10071,"count":10000}]],"level":260},{"awards":[[{"id":10072,"count":50000}],[{"id":10071,"count":1000}],[{"id":10072,"count":1000000}]],"level":280},{"awards":[[{"id":10875,"count":1}],[{"id":10875,"count":1}],[{"id":10875,"count":10}]],"level":300},{"awards":[[{"id":10072,"count":50000}],[{"id":10071,"count":1000}],[{"id":10071,"count":10000}]],"level":320},{"awards":[[{"id":10071,"count":500}],[{"id":10072,"count":100000}],[{"id":10071,"count":10000}]],"level":340},{"awards":[[{"id":10072,"count":50000}],[{"id":10071,"count":1000}],[{"id":10072,"count":1000000}]],"level":360},{"awards":[[{"id":10875,"count":1}],[{"id":10875,"count":1}],[{"id":10875,"count":10}]],"level":380},{"awards":[[{"id":10071,"count":500}],[{"id":10071,"count":1000}],[{"id":10071,"count":10000}]],"level":400},{"awards":[[{"id":10072,"count":50000}],[{"id":10072,"count":100000}],[{"id":10072,"count":1000000}]],"level":420},{"awards":[[{"id":10804,"count":1}],[{"id":10805,"count":1}],[{"id":10806,"count":1}]],"level":440},{"awards":[[{"id":10875,"count":1}],[{"id":10875,"count":1}],[{"id":10875,"count":10}]],"level":460},{"awards":[[{"id":10072,"count":50000}],[{"id":10071,"count":1000}],[{"id":10071,"count":10000}]],"level":480},{"awards":[[{"id":10071,"count":500}],[{"id":10072,"count":100000}],[{"id":10072,"count":1000000}]],"level":500},{"awards":[[{"id":10072,"count":50000}],[{"id":10071,"count":1000}],[{"id":10071,"count":10000}]],"level":520},{"awards":[[{"id":10875,"count":1}],[{"id":10875,"count":1}],[{"id":10875,"count":10}]],"level":540},{"awards":[[{"id":10072,"count":50000}],[{"id":10071,"count":1000}],[{"id":10071,"count":10000}]],"level":560},{"awards":[[{"id":10071,"count":500}],[{"id":10072,"count":100000}],[{"id":10072,"count":1000000}]],"level":580},{"awards":[[{"id":10072,"count":50000}],[{"id":10071,"count":1000}],[{"id":10071,"count":10000}]],"level":600},{"awards":[[{"id":10875,"count":1}],[{"id":10875,"count":1}],[{"id":10875,"count":10}]],"level":620},{"awards":[[{"id":10071,"count":500}],[{"id":10071,"count":1000}],[{"id":10071,"count":10000}]],"level":640},{"awards":[[{"id":10072,"count":50000}],[{"id":10071,"count":1000}],[{"id":10071,"count":10000}]],"level":660},{"awards":[[{"id":10804,"count":1}],[{"id":10805,"count":1}],[{"id":10806,"count":1}]],"level":680},{"awards":[[{"id":10875,"count":1}],[{"id":10875,"count":1}],[{"id":10875,"count":10}]],"level":700},{"awards":[[{"id":10072,"count":50000}],[{"id":10071,"count":1000}],[{"id":10071,"count":10000}]],"level":720},{"awards":[[{"id":10071,"count":500}],[{"id":10072,"count":100000}],[{"id":10072,"count":1000000}]],"level":740},{"awards":[[{"id":10072,"count":50000}],[{"id":10071,"count":1000}],[{"id":10071,"count":10000}]],"level":760},{"awards":[[{"id":10875,"count":1}],[{"id":10875,"count":1}],[{"id":10875,"count":10}]],"level":780},{"awards":[[{"id":10072,"count":50000}],[{"id":10071,"count":1000}],[{"id":10071,"count":10000}]],"level":800},{"awards":[[{"id":10071,"count":500}],[{"id":10072,"count":100000}],[{"id":10072,"count":1000000}]],"level":820},{"awards":[[{"id":10072,"count":50000}],[{"id":10071,"count":1000}],[{"id":10071,"count":10000}]],"level":840},{"awards":[[{"id":10875,"count":1}],[{"id":10875,"count":1}],[{"id":10875,"count":10}]],"level":860},{"awards":[[{"id":10072,"count":50000}],[{"id":10072,"count":100000}],[{"id":10071,"count":10000}]],"level":880},{"awards":[[{"id":10071,"count":500}],[{"id":10071,"count":1000}],[{"id":10072,"count":1000000}]],"level":900},{"awards":[[{"id":10875,"count":1}],[{"id":10875,"count":1}],[{"id":10875,"count":10}]],"level":920},{"awards":[[{"id":10071,"count":500}],[{"id":10072,"count":100000}],[{"id":10071,"count":10000}]],"level":940},{"awards":[[{"id":10072,"count":50000}],[{"id":10071,"count":1000}],[{"id":10072,"count":1000000}]],"level":960},{"awards":[[{"id":10805,"count":1}],[{"id":10806,"count":1}],[{"id":10876,"count":1}]],"level":980}],"secondlevelid":2201}}