{"SkillSystemConfig":{"skillBookAward":[{"id":10071,"count":10}],"nearConditions":[{"value":300,"type":21041},{"value":750,"type":21041},{"value":1250,"type":21041},{"value":1750,"type":21041},{"value":2750,"type":21041}],"recordMaxNum":30,"maxAwardTime":28800,"strengthCost":10,"neighboursCnt":6,"adTimes":3,"shareFPTimes":1,"fatePeople":[{"addrate":1.50,"storeId":8800,"cost":[{"id":10610,"count":1}],"monsterId":30002,"addtime":3600},{"addrate":2,"storeId":8801,"cost":[{"id":10611,"count":1}],"monsterId":30003,"addtime":3600},{"addrate":3,"storeId":8802,"cost":[{"id":10612,"count":1}],"monsterId":30004,"addtime":7200}],"freePeapleId":30001,"sg_2_lv":30,"adAdCost":[{"id":10003,"count":5}],"slaveMaxCnt":5,"strengthMax":100,"strengthAddTime":300,"refreshTime":300,"openSkillRoomLevel":100}}