{"StdQuest":[{"guideId":"","promData":{"sceneid":1},"comp":10,"prom":0,"isAutoQuest":0,"target":[{"y":0,"type":3,"count":0,"sceneid":1,"id":12,"showType":0,"x":0,"desc":"招募<font color='#31b4f7'>一个武将</font>助战"}],"level":1,"type":0,"awards":[{"id":0,"type":2,"count":500000,"job":-1},{"id":0,"type":8,"count":2000,"job":-1},{"id":740,"type":0,"count":1,"job":1},{"id":746,"type":0,"count":1,"job":2},{"id":753,"type":0,"count":1,"job":3}],"teleport":-1,"id":1,"nexts":[2],"conds":[{"id":999,"type":0,"count":1}],"name":"共谋天下","parentid":2,"item":1,"npcTalks":"守卫：话说天下大势，分久必合，合久必分。","content":"招募<font color='#31b4f7'>一个武将</font>助战","notice":"开启激情打宝"}]}