{"StoreConfig":{"freshstores":[{"freshcount":6,"type":5,"freshtime":7200,"actorprop":21027,"freshcost":[{"id":10003,"count":20}]}],"freeIds":[13],"storeBuyList":[{"name":"消耗品","list":[13,4,5,6,11,12]},{"name":"加速券","list":[1,2,3]},{"name":"注灵材料","list":[7,8,9,10]}],"stores":[{"type":0,"count":10,"id":1,"costcount":150,"itemid":10030,"costid":10003},{"type":0,"count":50,"id":2,"costcount":750,"itemid":10030,"costid":10003},{"type":0,"count":100,"id":3,"costcount":1500,"itemid":10030,"costid":10003},{"type":0,"count":5,"id":4,"costcount":30,"itemid":10014,"costid":10003},{"type":0,"count":1,"id":5,"costcount":80,"itemid":10031,"costid":10003},{"type":0,"count":5,"id":6,"costcount":100,"itemid":10008,"costid":10003},{"type":0,"count":200,"id":7,"costcount":50,"itemid":10032,"costid":10003},{"type":0,"count":10,"id":8,"costcount":120,"itemid":10033,"costid":10003},{"type":0,"count":10,"id":9,"costcount":120,"itemid":10034,"costid":10003},{"type":0,"count":2,"id":10,"costcount":100,"itemid":10035,"costid":10003},{"type":0,"count":1,"id":11,"costcount":100,"itemid":10875,"costid":10003},{"type":0,"count":1,"id":12,"costcount":200,"itemid":20106,"costid":10003},{"type":0,"count":5,"daylimit":1,"id":13,"costcount":0,"itemid":10030,"costid":10003},{"type":1,"count":4800,"costcount":20,"id":100,"costid":10003,"icon":100001,"itemid":10002},{"type":1,"count":10500,"costcount":40,"id":101,"costid":10003,"icon":100002,"itemid":10002},{"type":1,"count":27000,"costcount":100,"id":102,"costid":10003,"icon":100003,"itemid":10002},{"type":1,"count":57000,"costcount":200,"id":103,"costid":10003,"icon":100004,"itemid":10002},{"type":1,"count":120000,"costcount":400,"id":104,"costid":10003,"icon":100005,"itemid":10002},{"type":1,"count":306000,"costcount":1000,"id":105,"costid":10003,"icon":100006,"itemid":10002},{"rmbId":1,"type":2,"count":60,"costcount":0,"id":200,"costid":0,"icon":100007,"itemid":10003},{"rmbId":2,"type":2,"count":300,"costcount":0,"id":201,"costid":0,"icon":100008,"itemid":10003},{"rmbId":3,"type":2,"count":680,"costcount":0,"id":202,"costid":0,"icon":100009,"itemid":10003},{"rmbId":4,"type":2,"count":1280,"costcount":0,"id":203,"costid":0,"icon":100010,"itemid":10003},{"rmbId":5,"type":2,"count":3280,"costcount":0,"id":204,"costid":0,"icon":100011,"itemid":10003},{"rmbId":6,"type":2,"count":6480,"costcount":0,"id":205,"costid":0,"icon":100012,"itemid":10003},{"type":3,"count":1,"id":300,"costcount":5,"itemid":10005,"costid":10003},{"type":3,"count":1,"id":301,"costcount":15,"itemid":10006,"costid":10003},{"type":4,"count":5,"id":400,"costcount":40,"itemid":10026,"costid":10003},{"type":4,"count":5,"id":401,"costcount":40,"itemid":10027,"costid":10003},{"type":4,"count":10,"id":402,"costcount":30,"itemid":10020,"costid":10003},{"type":4,"count":10,"id":403,"costcount":20,"itemid":10025,"costid":10003},{"type":4,"count":10,"id":404,"costcount":20,"itemid":10024,"costid":10003},{"type":4,"count":10,"id":405,"costcount":20,"itemid":10023,"costid":10003},{"type":4,"count":10,"id":406,"costcount":20,"itemid":10022,"costid":10003},{"type":4,"count":10,"id":407,"costcount":20,"itemid":10021,"costid":10003},{"type":4,"count":10,"id":408,"costcount":10,"itemid":10019,"costid":10003},{"type":4,"count":10,"id":409,"costcount":10,"itemid":10018,"costid":10003},{"type":4,"count":10,"id":410,"costcount":10,"itemid":10017,"costid":10003},{"type":4,"count":10,"id":411,"costcount":10,"itemid":10016,"costid":10003},{"type":4,"count":1,"id":412,"costcount":10,"itemid":10225,"costid":10003},{"type":4,"count":1,"id":413,"costcount":10,"itemid":10226,"costid":10003},{"batch":1000,"type":5,"count":1,"id":500,"costcount":20000,"itemid":10005,"costid":10012},{"batch":1000,"type":5,"count":1,"id":501,"costcount":18000,"itemid":10005,"costid":10012},{"batch":1000,"type":5,"count":1,"id":502,"costcount":16000,"itemid":10005,"costid":10012},{"batch":1000,"type":5,"count":1,"id":503,"costcount":14000,"itemid":10005,"costid":10012},{"batch":1000,"type":5,"count":1,"id":504,"costcount":10000,"itemid":10005,"costid":10012},{"batch":1000,"type":5,"count":20,"id":505,"costcount":5000,"itemid":10004,"costid":10012},{"batch":1000,"type":5,"count":20,"id":506,"costcount":4500,"itemid":10004,"costid":10012},{"batch":1000,"type":5,"count":20,"id":507,"costcount":4000,"itemid":10004,"costid":10012},{"batch":1000,"type":5,"count":20,"id":508,"costcount":3500,"itemid":10004,"costid":10012},{"batch":1000,"type":5,"count":20,"id":509,"costcount":2500,"itemid":10004,"costid":10012},{"batch":1000,"type":5,"count":30,"id":510,"costcount":9000,"itemid":10007,"costid":10012},{"batch":1000,"type":5,"count":30,"id":511,"costcount":8100,"itemid":10007,"costid":10012},{"batch":1000,"type":5,"count":30,"id":512,"costcount":7200,"itemid":10007,"costid":10012},{"batch":1000,"type":5,"count":30,"id":513,"costcount":6300,"itemid":10007,"costid":10012},{"batch":1000,"type":5,"count":30,"id":514,"costcount":4500,"itemid":10007,"costid":10012},{"batch":1000,"type":5,"count":10,"id":515,"costcount":25000,"itemid":10028,"costid":10012},{"batch":1000,"type":5,"count":10,"id":516,"costcount":22500,"itemid":10028,"costid":10012},{"batch":1000,"type":5,"count":10,"id":517,"costcount":20000,"itemid":10028,"costid":10012},{"batch":1000,"type":5,"count":10,"id":518,"costcount":17500,"itemid":10028,"costid":10012},{"batch":1000,"type":5,"count":10,"id":519,"costcount":12500,"itemid":10028,"costid":10012},{"batch":1000,"type":5,"count":1,"id":520,"costcount":40000,"itemid":10031,"costid":10012},{"batch":1000,"type":5,"count":1,"id":521,"costcount":36000,"itemid":10031,"costid":10012},{"batch":1000,"type":5,"count":1,"id":522,"costcount":32000,"itemid":10031,"costid":10012},{"batch":1000,"type":5,"count":1,"id":523,"costcount":28000,"itemid":10031,"costid":10012},{"batch":1000,"type":5,"count":1,"id":524,"costcount":20000,"itemid":10031,"costid":10012},{"type":6,"count":3,"weeklimit":2,"id":600,"costcount":1000,"itemid":10005,"costid":21007},{"type":6,"count":10,"weeklimit":4,"id":601,"costcount":500,"itemid":10028,"costid":21007},{"type":6,"count":300,"weeklimit":5,"id":602,"costcount":1000,"itemid":10007,"costid":21007},{"type":6,"count":2,"weeklimit":4,"id":603,"costcount":600,"itemid":10010,"costid":21007},{"type":6,"count":2,"weeklimit":5,"id":604,"costcount":400,"itemid":10008,"costid":21007},{"type":7,"count":1,"daylimit":1,"id":700,"costcount":50000,"itemid":10308,"costid":10060},{"type":7,"count":1,"daylimit":1,"id":701,"costcount":50000,"itemid":10309,"costid":10060},{"type":7,"count":1,"daylimit":1,"id":702,"costcount":30000,"itemid":10405,"costid":10060},{"type":7,"count":1,"daylimit":1,"id":703,"costcount":30000,"itemid":10404,"costid":10060},{"type":7,"count":1,"daylimit":1,"id":704,"costcount":30000,"itemid":10406,"costid":10060},{"daylimit":3,"type":7,"count":4800,"costcount":100,"id":705,"costid":10060,"icon":100001,"itemid":10002},{"daylimit":2,"type":7,"count":10500,"costcount":200,"id":706,"costid":10060,"icon":100002,"itemid":10002},{"daylimit":2,"type":7,"count":27000,"costcount":450,"id":707,"costid":10060,"icon":100003,"itemid":10002},{"daylimit":1,"type":7,"count":57000,"costcount":900,"id":708,"costid":10060,"icon":100004,"itemid":10002},{"type":7,"count":120,"daylimit":3,"id":709,"costcount":400,"itemid":10004,"costid":10060},{"type":7,"count":200,"daylimit":2,"id":710,"costcount":600,"itemid":10004,"costid":10060},{"type":7,"count":360,"daylimit":2,"id":711,"costcount":900,"itemid":10004,"costid":10060},{"type":7,"count":660,"daylimit":1,"id":712,"costcount":1500,"itemid":10004,"costid":10060},{"type":8,"count":1,"weeklimit":1,"id":800,"costcount":1800,"itemid":10302,"costid":10061},{"type":8,"count":1,"id":801,"costcount":500,"itemid":10401,"costid":10061},{"type":8,"count":1,"id":802,"costcount":500,"itemid":10402,"costid":10061},{"type":8,"count":1,"id":803,"costcount":500,"itemid":10403,"costid":10061},{"type":8,"count":50,"id":804,"costcount":20,"itemid":10007,"costid":10061},{"type":8,"count":10,"id":805,"costcount":50,"itemid":10028,"costid":10061},{"type":8,"count":1,"id":806,"costcount":30,"itemid":10005,"costid":10061},{"type":8,"count":1,"id":807,"costcount":35,"itemid":10010,"costid":10061},{"type":9,"count":1,"weeklimit":1,"id":900,"costcount":20000,"itemid":10306,"costid":10067},{"type":9,"count":10,"weeklimit":1,"id":901,"costcount":15000,"itemid":10749,"costid":10067},{"type":9,"count":10,"weeklimit":1,"id":902,"costcount":8000,"itemid":10752,"costid":10067},{"type":9,"count":10,"weeklimit":2,"id":903,"costcount":6000,"itemid":10753,"costid":10067},{"type":9,"count":10,"weeklimit":2,"id":904,"costcount":4000,"itemid":10754,"costid":10067},{"type":9,"count":10,"weeklimit":2,"id":905,"costcount":3000,"itemid":10755,"costid":10067},{"type":9,"count":10,"weeklimit":2,"id":906,"costcount":2000,"itemid":10756,"costid":10067},{"type":9,"count":1,"weeklimit":2,"id":907,"costcount":1000,"itemid":10404,"costid":10067},{"type":9,"count":1,"weeklimit":2,"id":908,"costcount":1000,"itemid":10405,"costid":10067},{"type":9,"count":1,"weeklimit":2,"id":909,"costcount":1000,"itemid":10406,"costid":10067},{"type":9,"count":1,"weeklimit":30,"id":911,"costcount":200,"itemid":10005,"costid":10067},{"type":9,"count":1,"weeklimit":20,"id":912,"costcount":400,"itemid":20106,"costid":10067},{"type":9,"count":50000,"weeklimit":50,"id":913,"costcount":100,"itemid":10072,"costid":10067},{"type":10,"count":100,"daylimit":10,"id":1000,"costcount":100,"itemid":10003,"costid":11120},{"type":11,"count":1,"daylimit":10,"id":1100,"costcount":50,"itemid":11121,"costid":11120},{"type":11,"count":50,"daylimit":5,"id":1101,"costcount":50,"itemid":10004,"costid":11120},{"type":11,"count":10000,"daylimit":5,"id":1102,"costcount":10,"itemid":10002,"costid":11120},{"costcount":50,"type":11,"count":1,"daylimit":2,"id":1103,"level":60,"itemid":11122,"costid":11120},{"costcount":175,"type":11,"count":1,"daylimit":2,"id":1104,"level":110,"itemid":11123,"costid":11120},{"costcount":350,"type":11,"count":1,"daylimit":2,"id":1105,"level":160,"itemid":11124,"costid":11120},{"costcount":1000,"type":11,"count":1,"daylimit":2,"id":1106,"level":210,"itemid":11125,"costid":11120},{"costcount":1600,"type":11,"count":1,"daylimit":2,"id":1107,"level":260,"itemid":11126,"costid":11120},{"costcount":2400,"type":11,"count":1,"daylimit":2,"id":1108,"level":310,"itemid":11127,"costid":11120},{"costcount":4000,"type":11,"count":1,"daylimit":2,"id":1109,"level":360,"itemid":11128,"costid":11120},{"costcount":5000,"type":11,"count":1,"daylimit":2,"id":1110,"level":410,"itemid":11129,"costid":11120},{"costcount":6000,"type":11,"count":1,"daylimit":2,"id":1111,"level":460,"itemid":11130,"costid":11120},{"costcount":8640,"type":11,"count":1,"daylimit":2,"id":1112,"level":510,"itemid":11131,"costid":11120},{"costcount":10440,"type":11,"count":1,"daylimit":2,"id":1113,"level":560,"itemid":11132,"costid":11120},{"costcount":12360,"type":11,"count":1,"daylimit":2,"id":1114,"level":610,"itemid":11133,"costid":11120},{"costcount":18150,"type":11,"count":1,"daylimit":2,"id":1115,"level":660,"itemid":11134,"costid":11120},{"costcount":21000,"type":11,"count":1,"daylimit":2,"id":1116,"level":710,"itemid":11135,"costid":11120},{"costcount":24000,"type":11,"count":1,"daylimit":2,"id":1117,"level":760,"itemid":11136,"costid":11120},{"costcount":36400,"type":11,"count":1,"daylimit":2,"id":1118,"level":810,"itemid":11137,"costid":11120},{"costcount":41000,"type":11,"count":1,"daylimit":2,"id":1119,"level":860,"itemid":11138,"costid":11120},{"costcount":46000,"type":11,"count":1,"daylimit":2,"id":1120,"level":910,"itemid":11139,"costid":11120},{"costcount":64000,"type":11,"count":1,"daylimit":2,"id":1121,"level":960,"itemid":11140,"costid":11120},{"type":12,"count":20,"id":1200,"costcount":10,"itemid":10107,"costid":10003},{"type":12,"count":5,"id":1201,"costcount":50,"itemid":10108,"costid":10003},{"type":88,"count":1,"costid":10003,"id":8800,"costcount":20,"itemid":10610,"desc":"练功收益提升1.5倍"},{"type":88,"count":1,"costid":10003,"id":8801,"costcount":40,"itemid":10611,"desc":"练功收益提升2.0倍"},{"type":88,"count":1,"costid":10003,"id":8802,"costcount":150,"itemid":10612,"desc":"练功收益提升3.0倍"},{"type":99,"count":1,"costid":10003,"id":9900,"costcount":20,"itemid":10600,"desc":"闯关开启加速、增伤特权"},{"type":99,"count":1,"costid":10003,"id":9901,"costcount":50,"itemid":10601,"desc":"闯关开启加速、增伤特权"},{"type":99,"count":1,"costid":10003,"id":9902,"costcount":100,"itemid":10602,"desc":"闯关开启加速、增伤特权"}]}}