{"TaskConfig":[{"id":1,"achieveId":[10001]},{"id":2,"achieveId":[10002]},{"id":3,"achieveId":[10003]},{"id":4,"achieveId":[10004]},{"id":5,"achieveId":[10005]},{"id":6,"achieveId":[10006]},{"id":7,"achieveId":[10007]},{"id":8,"achieveId":[10008]},{"id":9,"achieveId":[10009]},{"id":10,"achieveId":[10010]},{"id":11,"achieveId":[10011]},{"id":12,"achieveId":[10012]},{"id":13,"achieveId":[10013]},{"id":14,"achieveId":[10014]},{"id":15,"achieveId":[10015]},{"id":16,"achieveId":[10016]},{"id":17,"achieveId":[10017]},{"id":18,"achieveId":[10018]},{"id":19,"achieveId":[10019]},{"id":20,"achieveId":[10020]},{"id":21,"achieveId":[10021]},{"id":22,"achieveId":[10022]},{"id":23,"achieveId":[10023]},{"id":24,"achieveId":[10024]},{"id":25,"achieveId":[10025]},{"id":26,"achieveId":[10026]},{"id":27,"achieveId":[10027]},{"id":28,"achieveId":[10028]},{"id":29,"achieveId":[10029]},{"id":30,"achieveId":[10030]},{"id":31,"achieveId":[10031]},{"id":32,"achieveId":[10032]},{"id":33,"achieveId":[10033]},{"id":34,"achieveId":[10034]},{"id":35,"achieveId":[10035]},{"id":36,"achieveId":[10036]},{"id":37,"achieveId":[10037]},{"id":38,"achieveId":[10038]},{"id":39,"achieveId":[10039]},{"id":40,"achieveId":[10040]},{"id":41,"achieveId":[10041]},{"id":42,"achieveId":[10042]},{"id":43,"achieveId":[10043]},{"id":44,"achieveId":[10044]},{"id":45,"achieveId":[10045]},{"id":46,"achieveId":[10046]},{"id":47,"achieveId":[10047]},{"id":48,"achieveId":[10048]},{"id":49,"achieveId":[10049]},{"id":50,"achieveId":[10050]},{"id":51,"achieveId":[10051]},{"id":52,"achieveId":[10052]},{"id":53,"achieveId":[10053]},{"id":54,"achieveId":[10054]},{"id":55,"achieveId":[10055]},{"id":56,"achieveId":[10056]},{"id":57,"achieveId":[10057]},{"id":58,"achieveId":[10058]},{"id":59,"achieveId":[10059]},{"id":60,"achieveId":[10060]},{"id":61,"achieveId":[10061]},{"id":62,"achieveId":[10062]},{"id":63,"achieveId":[10063]},{"id":64,"achieveId":[10064]},{"id":65,"achieveId":[10065]},{"id":66,"achieveId":[10066]},{"id":67,"achieveId":[10067]},{"id":68,"achieveId":[10068]},{"id":69,"achieveId":[10069]},{"id":70,"achieveId":[10070]},{"id":71,"achieveId":[10071]},{"id":72,"achieveId":[10072]},{"id":73,"achieveId":[10073]},{"id":74,"achieveId":[10074]},{"id":75,"achieveId":[10075]},{"id":76,"achieveId":[10076]},{"id":77,"achieveId":[10077]},{"id":78,"achieveId":[10078]},{"id":79,"achieveId":[10079]},{"id":80,"achieveId":[10080]},{"id":81,"achieveId":[10081]},{"id":82,"achieveId":[10082]},{"id":83,"achieveId":[10083]},{"id":84,"achieveId":[10084]},{"id":85,"achieveId":[10085]},{"id":86,"achieveId":[10086]},{"id":87,"achieveId":[10087]},{"id":88,"achieveId":[10088]},{"id":89,"achieveId":[10089]},{"id":90,"achieveId":[10090]},{"id":91,"achieveId":[10091]},{"id":92,"achieveId":[10092]},{"id":93,"achieveId":[10093]},{"id":94,"achieveId":[10094]},{"id":95,"achieveId":[10095]},{"id":96,"achieveId":[10096]},{"id":97,"achieveId":[10097]},{"id":98,"achieveId":[10098]},{"id":99,"achieveId":[10099]},{"id":100,"achieveId":[10100]},{"id":101,"achieveId":[10101]},{"id":102,"achieveId":[10102]},{"id":103,"achieveId":[10103]},{"id":104,"achieveId":[10104]},{"id":105,"achieveId":[10105]},{"id":106,"achieveId":[10106]},{"id":107,"achieveId":[10107]},{"id":108,"achieveId":[10108]},{"id":109,"achieveId":[10109]},{"id":110,"achieveId":[10110]},{"id":111,"achieveId":[10111]},{"id":112,"achieveId":[10112]},{"id":113,"achieveId":[10113]},{"id":114,"achieveId":[10114]},{"id":115,"achieveId":[10115]},{"id":116,"achieveId":[10116]},{"id":117,"achieveId":[10117]},{"id":118,"achieveId":[10118]},{"id":119,"achieveId":[10119]},{"id":120,"achieveId":[10120]},{"id":121,"achieveId":[10121]},{"id":122,"achieveId":[10122]},{"id":123,"achieveId":[10123]},{"id":124,"achieveId":[10124]},{"id":125,"achieveId":[10125]},{"id":126,"achieveId":[10126]},{"id":127,"achieveId":[10127]},{"id":128,"achieveId":[10128]},{"id":129,"achieveId":[10129]},{"id":130,"achieveId":[10130]},{"id":131,"achieveId":[10131]},{"id":132,"achieveId":[10132]},{"id":133,"achieveId":[10133]},{"id":134,"achieveId":[10134]},{"id":135,"achieveId":[10135]},{"id":136,"achieveId":[10136]},{"id":137,"achieveId":[10137]},{"id":138,"achieveId":[10138]},{"id":139,"achieveId":[10139]},{"id":140,"achieveId":[10140]},{"id":141,"achieveId":[10141]},{"id":142,"achieveId":[10142]},{"id":143,"achieveId":[10143]},{"id":144,"achieveId":[10144]},{"id":145,"achieveId":[10145]},{"id":146,"achieveId":[10146]},{"id":147,"achieveId":[10147]},{"id":148,"achieveId":[10148]},{"id":149,"achieveId":[10149]},{"id":150,"achieveId":[10150]},{"id":151,"achieveId":[10151]},{"id":152,"achieveId":[10152]},{"id":153,"achieveId":[10153]},{"id":154,"achieveId":[10154]},{"id":155,"achieveId":[10155]},{"id":156,"achieveId":[10156]},{"id":157,"achieveId":[10157]},{"id":158,"achieveId":[10158]},{"id":159,"achieveId":[10159]},{"id":160,"achieveId":[10160]},{"id":161,"achieveId":[10161]},{"id":162,"achieveId":[10162]},{"id":163,"achieveId":[10163]},{"id":164,"achieveId":[10164]},{"id":165,"achieveId":[10165]},{"id":166,"achieveId":[10166]},{"id":167,"achieveId":[10167]},{"id":168,"achieveId":[10168]},{"id":169,"achieveId":[10169]},{"id":170,"achieveId":[10170]},{"id":171,"achieveId":[10171]},{"id":172,"achieveId":[10172]},{"id":173,"achieveId":[10173]},{"id":174,"achieveId":[10174]},{"id":175,"achieveId":[10175]},{"id":176,"achieveId":[10176]},{"id":177,"achieveId":[10177]},{"id":178,"achieveId":[10178]},{"id":179,"achieveId":[10179]},{"id":180,"achieveId":[10180]},{"id":181,"achieveId":[10181]},{"id":182,"achieveId":[10182]},{"id":183,"achieveId":[10183]},{"id":184,"achieveId":[10184]},{"id":185,"achieveId":[10185]},{"id":186,"achieveId":[10186]},{"id":187,"achieveId":[10187]},{"id":188,"achieveId":[10188]},{"id":189,"achieveId":[10189]},{"id":190,"achieveId":[10190]},{"id":191,"achieveId":[10191]},{"id":192,"achieveId":[10192]},{"id":193,"achieveId":[10193]},{"id":194,"achieveId":[10194]},{"id":195,"achieveId":[10195]},{"id":196,"achieveId":[10196]},{"id":197,"achieveId":[10197]},{"id":198,"achieveId":[10198]},{"id":199,"achieveId":[10199]},{"id":200,"achieveId":[10200]},{"id":201,"achieveId":[10201]},{"id":202,"achieveId":[10202]},{"id":203,"achieveId":[10203]},{"id":204,"achieveId":[10204]},{"id":205,"achieveId":[10205]},{"id":206,"achieveId":[10206]},{"id":207,"achieveId":[10207]},{"id":208,"achieveId":[10208]},{"id":209,"achieveId":[10209]},{"id":210,"achieveId":[10210]},{"id":211,"achieveId":[10211]},{"id":212,"achieveId":[10212]},{"id":213,"achieveId":[10213]},{"id":214,"achieveId":[10214]},{"id":215,"achieveId":[10215]},{"id":216,"achieveId":[10216]},{"id":217,"achieveId":[10217]},{"id":218,"achieveId":[10218]},{"id":219,"achieveId":[10219]},{"id":220,"achieveId":[10220]},{"id":221,"achieveId":[10221]},{"id":222,"achieveId":[10222]},{"id":223,"achieveId":[10223]},{"id":224,"achieveId":[10224]},{"id":225,"achieveId":[10225]},{"id":226,"achieveId":[10226]},{"id":227,"achieveId":[10227]},{"id":228,"achieveId":[10228]},{"id":229,"achieveId":[10229]},{"id":230,"achieveId":[10230]},{"id":231,"achieveId":[10231]},{"id":232,"achieveId":[10232]},{"id":233,"achieveId":[10233]},{"id":234,"achieveId":[10234]},{"id":235,"achieveId":[10235]},{"id":236,"achieveId":[10236]},{"id":237,"achieveId":[10237]},{"id":238,"achieveId":[10238]},{"id":239,"achieveId":[10239]},{"id":240,"achieveId":[10240]},{"id":241,"achieveId":[10241]},{"id":242,"achieveId":[10242]},{"id":243,"achieveId":[10243]},{"id":244,"achieveId":[10244]},{"id":245,"achieveId":[10245]},{"id":246,"achieveId":[10246]},{"id":247,"achieveId":[10247]},{"id":248,"achieveId":[10248]},{"id":249,"achieveId":[10249]},{"id":250,"achieveId":[10250]},{"id":251,"achieveId":[10251]},{"id":252,"achieveId":[10252]},{"id":253,"achieveId":[10253]},{"id":254,"achieveId":[10254]},{"id":255,"achieveId":[10255]},{"id":256,"achieveId":[10256]},{"id":257,"achieveId":[10257]},{"id":258,"achieveId":[10258]},{"id":259,"achieveId":[10259]},{"id":260,"achieveId":[10260]},{"id":261,"achieveId":[10261]},{"id":262,"achieveId":[10262]},{"id":263,"achieveId":[10263]},{"id":264,"achieveId":[10264]},{"id":265,"achieveId":[10265]},{"id":266,"achieveId":[10266]},{"id":267,"achieveId":[10267]},{"id":268,"achieveId":[10268]},{"id":269,"achieveId":[10269]},{"id":270,"achieveId":[10270]},{"id":271,"achieveId":[10271]},{"id":272,"achieveId":[10272]},{"id":273,"achieveId":[10273]},{"id":274,"achieveId":[10274]},{"id":275,"achieveId":[10275]},{"id":276,"achieveId":[10276]},{"id":277,"achieveId":[10277]},{"id":278,"achieveId":[10278]},{"id":279,"achieveId":[10279]},{"id":280,"achieveId":[10280]},{"id":281,"achieveId":[10281]},{"id":282,"achieveId":[10282]},{"id":283,"achieveId":[10283]},{"id":284,"achieveId":[10284]},{"id":285,"achieveId":[10285]},{"id":286,"achieveId":[10286]},{"id":287,"achieveId":[10287]},{"id":288,"achieveId":[10288]},{"id":289,"achieveId":[10289]},{"id":290,"achieveId":[10290]},{"id":291,"achieveId":[10291]},{"id":292,"achieveId":[10292]},{"id":293,"achieveId":[10293]},{"id":294,"achieveId":[10294]},{"id":295,"achieveId":[10295]},{"id":296,"achieveId":[10296]},{"id":297,"achieveId":[10297]},{"id":298,"achieveId":[10298]},{"id":299,"achieveId":[10299]},{"id":300,"achieveId":[10300]},{"id":301,"achieveId":[10301]},{"id":302,"achieveId":[10302]},{"id":303,"achieveId":[10303]},{"id":304,"achieveId":[10304]},{"id":305,"achieveId":[10305]},{"id":306,"achieveId":[10306]},{"id":307,"achieveId":[10307]},{"id":308,"achieveId":[10308]},{"id":309,"achieveId":[10309]},{"id":310,"achieveId":[10310]},{"id":311,"achieveId":[10311]},{"id":312,"achieveId":[10312]},{"id":313,"achieveId":[10313]},{"id":314,"achieveId":[10314]},{"id":315,"achieveId":[10315]},{"id":316,"achieveId":[10316]},{"id":317,"achieveId":[10317]},{"id":318,"achieveId":[10318]},{"id":319,"achieveId":[10319]},{"id":320,"achieveId":[10320]},{"id":321,"achieveId":[10321]},{"id":322,"achieveId":[10322]},{"id":323,"achieveId":[10323]},{"id":324,"achieveId":[10324]},{"id":325,"achieveId":[10325]},{"id":326,"achieveId":[10326]},{"id":327,"achieveId":[10327]},{"id":328,"achieveId":[10328]},{"id":329,"achieveId":[10329]},{"id":330,"achieveId":[10330]},{"id":331,"achieveId":[10331]},{"id":332,"achieveId":[10332]},{"id":333,"achieveId":[10333]},{"id":334,"achieveId":[10334]},{"id":335,"achieveId":[10335]},{"id":336,"achieveId":[10336]},{"id":337,"achieveId":[10337]},{"id":338,"achieveId":[10338]},{"id":339,"achieveId":[10339]},{"id":340,"achieveId":[10340]},{"id":341,"achieveId":[10341]},{"id":342,"achieveId":[10342]},{"id":343,"achieveId":[10343]},{"id":344,"achieveId":[10344]},{"id":345,"achieveId":[10345]},{"id":346,"achieveId":[10346]},{"id":347,"achieveId":[10347]},{"id":348,"achieveId":[10348]},{"id":349,"achieveId":[10349]},{"id":350,"achieveId":[10350]},{"id":351,"achieveId":[10351]},{"id":352,"achieveId":[10352]},{"id":353,"achieveId":[10353]},{"id":354,"achieveId":[10354]},{"id":355,"achieveId":[10355]},{"id":356,"achieveId":[10356]},{"id":357,"achieveId":[10357]},{"id":358,"achieveId":[10358]},{"id":359,"achieveId":[10359]},{"id":360,"achieveId":[10360]},{"id":361,"achieveId":[10361]},{"id":362,"achieveId":[10362]},{"id":363,"achieveId":[10363]},{"id":364,"achieveId":[10364]},{"id":365,"achieveId":[10365]},{"id":366,"achieveId":[10366]},{"id":367,"achieveId":[10367]},{"id":368,"achieveId":[10368]},{"id":369,"achieveId":[10369]},{"id":370,"achieveId":[10370]},{"id":371,"achieveId":[10371]},{"id":372,"achieveId":[10372]},{"id":373,"achieveId":[10373]},{"id":374,"achieveId":[10374]},{"id":375,"achieveId":[10375]},{"id":376,"achieveId":[10376]},{"id":377,"achieveId":[10377]},{"id":378,"achieveId":[10378]},{"id":379,"achieveId":[10379]},{"id":380,"achieveId":[10380]},{"id":381,"achieveId":[10381]},{"id":382,"achieveId":[10382]},{"id":383,"achieveId":[10383]},{"id":384,"achieveId":[10384]},{"id":385,"achieveId":[10385]},{"id":386,"achieveId":[10386]},{"id":387,"achieveId":[10387]},{"id":388,"achieveId":[10388]},{"id":389,"achieveId":[10389]},{"id":390,"achieveId":[10390]},{"id":391,"achieveId":[10391]},{"id":392,"achieveId":[10392]},{"id":393,"achieveId":[10393]},{"id":394,"achieveId":[10394]},{"id":395,"achieveId":[10395]},{"id":396,"achieveId":[10396]},{"id":397,"achieveId":[10397]},{"id":398,"achieveId":[10398]},{"id":399,"achieveId":[10399]},{"id":400,"achieveId":[10400]},{"id":401,"achieveId":[10401]},{"id":402,"achieveId":[10402]},{"id":403,"achieveId":[10403]},{"id":404,"achieveId":[10404]},{"id":405,"achieveId":[10405]},{"id":406,"achieveId":[10406]},{"id":407,"achieveId":[10407]},{"id":408,"achieveId":[10408]},{"id":409,"achieveId":[10409]},{"id":410,"achieveId":[10410]},{"id":411,"achieveId":[10411]},{"id":412,"achieveId":[10412]},{"id":413,"achieveId":[10413]},{"id":414,"achieveId":[10414]},{"id":415,"achieveId":[10415]},{"id":416,"achieveId":[10416]},{"id":417,"achieveId":[10417]},{"id":418,"achieveId":[10418]},{"id":419,"achieveId":[10419]},{"id":420,"achieveId":[10420]},{"id":421,"achieveId":[10421]},{"id":422,"achieveId":[10422]},{"id":423,"achieveId":[10423]},{"id":424,"achieveId":[10424]},{"id":425,"achieveId":[10425]},{"id":426,"achieveId":[10426]},{"id":427,"achieveId":[10427]},{"id":428,"achieveId":[10428]},{"id":429,"achieveId":[10429]},{"id":430,"achieveId":[10430]},{"id":431,"achieveId":[10431]},{"id":432,"achieveId":[10432]},{"id":433,"achieveId":[10433]},{"id":434,"achieveId":[10434]},{"id":435,"achieveId":[10435]},{"id":436,"achieveId":[10436]},{"id":437,"achieveId":[10437]},{"id":438,"achieveId":[10438]},{"id":439,"achieveId":[10439]},{"id":440,"achieveId":[10440]},{"id":441,"achieveId":[10441]},{"id":442,"achieveId":[10442]},{"id":443,"achieveId":[10443]},{"id":444,"achieveId":[10444]},{"id":445,"achieveId":[10445]},{"id":446,"achieveId":[10446]},{"id":447,"achieveId":[10447]},{"id":448,"achieveId":[10448]},{"id":449,"achieveId":[10449]},{"id":450,"achieveId":[10450]},{"id":451,"achieveId":[10451]},{"id":452,"achieveId":[10452]},{"id":453,"achieveId":[10453]},{"id":454,"achieveId":[10454]},{"id":455,"achieveId":[10455]},{"id":456,"achieveId":[10456]},{"id":457,"achieveId":[10457]},{"id":458,"achieveId":[10458]},{"id":459,"achieveId":[10459]},{"id":460,"achieveId":[10460]},{"id":461,"achieveId":[10461]},{"id":462,"achieveId":[10462]},{"id":463,"achieveId":[10463]},{"id":464,"achieveId":[10464]},{"id":465,"achieveId":[10465]},{"id":466,"achieveId":[10466]},{"id":467,"achieveId":[10467]},{"id":468,"achieveId":[10468]},{"id":469,"achieveId":[10469]},{"id":470,"achieveId":[10470]},{"id":471,"achieveId":[10471]},{"id":472,"achieveId":[10472]},{"id":473,"achieveId":[10473]},{"id":474,"achieveId":[10474]},{"id":475,"achieveId":[10475]},{"id":476,"achieveId":[10476]},{"id":477,"achieveId":[10477]},{"id":478,"achieveId":[10478]},{"id":479,"achieveId":[10479]},{"id":480,"achieveId":[10480]},{"id":481,"achieveId":[10481]},{"id":482,"achieveId":[10482]},{"id":483,"achieveId":[10483]},{"id":484,"achieveId":[10484]},{"id":485,"achieveId":[10485]},{"id":486,"achieveId":[10486]},{"id":487,"achieveId":[10487]},{"id":488,"achieveId":[10488]},{"id":489,"achieveId":[10489]},{"id":490,"achieveId":[10490]},{"id":491,"achieveId":[10491]},{"id":492,"achieveId":[10492]},{"id":493,"achieveId":[10493]},{"id":494,"achieveId":[10494]},{"id":495,"achieveId":[10495]},{"id":496,"achieveId":[10496]},{"id":497,"achieveId":[10497]},{"id":498,"achieveId":[10498]},{"id":499,"achieveId":[10499]},{"id":500,"achieveId":[10500]},{"id":501,"achieveId":[10501]},{"id":502,"achieveId":[10502]},{"id":503,"achieveId":[10503]},{"id":504,"achieveId":[10504]},{"id":505,"achieveId":[10505]},{"id":506,"achieveId":[10506]},{"id":507,"achieveId":[10507]},{"id":508,"achieveId":[10508]},{"id":509,"achieveId":[10509]},{"id":510,"achieveId":[10510]},{"id":511,"achieveId":[10511]},{"id":512,"achieveId":[10512]},{"id":513,"achieveId":[10513]},{"id":514,"achieveId":[10514]},{"id":515,"achieveId":[10515]},{"id":516,"achieveId":[10516]},{"id":517,"achieveId":[10517]},{"id":518,"achieveId":[10518]},{"id":519,"achieveId":[10519]},{"id":520,"achieveId":[10520]},{"id":521,"achieveId":[10521]},{"id":522,"achieveId":[10522]},{"id":523,"achieveId":[10523]},{"id":524,"achieveId":[10524]},{"id":525,"achieveId":[10525]},{"id":526,"achieveId":[10526]},{"id":527,"achieveId":[10527]},{"id":528,"achieveId":[10528]},{"id":529,"achieveId":[10529]},{"id":530,"achieveId":[10530]},{"id":531,"achieveId":[10531]},{"id":532,"achieveId":[10532]},{"id":533,"achieveId":[10533]},{"id":534,"achieveId":[10534]},{"id":535,"achieveId":[10535]},{"id":536,"achieveId":[10536]},{"id":537,"achieveId":[10537]},{"id":538,"achieveId":[10538]},{"id":539,"achieveId":[10539]},{"id":540,"achieveId":[10540]},{"id":541,"achieveId":[10541]},{"id":542,"achieveId":[10542]},{"id":543,"achieveId":[10543]},{"id":544,"achieveId":[10544]},{"id":545,"achieveId":[10545]},{"id":546,"achieveId":[10546]},{"id":547,"achieveId":[10547]},{"id":548,"achieveId":[10548]},{"id":549,"achieveId":[10549]},{"id":550,"achieveId":[10550]},{"id":551,"achieveId":[10551]},{"id":552,"achieveId":[10552]},{"id":553,"achieveId":[10553]},{"id":554,"achieveId":[10554]},{"id":555,"achieveId":[10555]},{"id":556,"achieveId":[10556]},{"id":557,"achieveId":[10557]},{"id":558,"achieveId":[10558]},{"id":559,"achieveId":[10559]},{"id":560,"achieveId":[10560]},{"id":561,"achieveId":[10561]},{"id":562,"achieveId":[10562]},{"id":563,"achieveId":[10563]},{"id":564,"achieveId":[10564]},{"id":565,"achieveId":[10565]},{"id":566,"achieveId":[10566]},{"id":567,"achieveId":[10567]},{"id":568,"achieveId":[10568]},{"id":569,"achieveId":[10569]},{"id":570,"achieveId":[10570]},{"id":571,"achieveId":[10571]},{"id":572,"achieveId":[10572]},{"id":573,"achieveId":[10573]},{"id":574,"achieveId":[10574]},{"id":575,"achieveId":[10575]},{"id":576,"achieveId":[10576]},{"id":577,"achieveId":[10577]},{"id":578,"achieveId":[10578]},{"id":579,"achieveId":[10579]},{"id":580,"achieveId":[10580]},{"id":581,"achieveId":[10581]},{"id":582,"achieveId":[10582]},{"id":583,"achieveId":[10583]},{"id":584,"achieveId":[10584]},{"id":585,"achieveId":[10585]},{"id":586,"achieveId":[10586]},{"id":587,"achieveId":[10587]},{"id":588,"achieveId":[10588]},{"id":589,"achieveId":[10589]},{"id":590,"achieveId":[10590]},{"id":591,"achieveId":[10591]},{"id":592,"achieveId":[10592]},{"id":593,"achieveId":[10593]},{"id":594,"achieveId":[10594]},{"id":595,"achieveId":[10595]},{"id":596,"achieveId":[10596]},{"id":597,"achieveId":[10597]},{"id":598,"achieveId":[10598]},{"id":599,"achieveId":[10599]},{"id":600,"achieveId":[10600]},{"id":601,"achieveId":[10601]},{"id":602,"achieveId":[10602]},{"id":603,"achieveId":[10603]},{"id":604,"achieveId":[10604]},{"id":605,"achieveId":[10605]},{"id":606,"achieveId":[10606]},{"id":607,"achieveId":[10607]},{"id":608,"achieveId":[10608]},{"id":609,"achieveId":[10609]},{"id":610,"achieveId":[10610]},{"id":611,"achieveId":[10611]},{"id":612,"achieveId":[10612]},{"id":613,"achieveId":[10613]},{"id":614,"achieveId":[10614]},{"id":615,"achieveId":[10615]},{"id":616,"achieveId":[10616]},{"id":617,"achieveId":[10617]},{"id":618,"achieveId":[10618]},{"id":619,"achieveId":[10619]},{"id":620,"achieveId":[10620]},{"id":621,"achieveId":[10621]},{"id":622,"achieveId":[10622]},{"id":623,"achieveId":[10623]},{"id":624,"achieveId":[10624]},{"id":625,"achieveId":[10625]},{"id":626,"achieveId":[10626]},{"id":627,"achieveId":[10627]},{"id":628,"achieveId":[10628]},{"id":629,"achieveId":[10629]},{"id":630,"achieveId":[10630]},{"id":631,"achieveId":[10631]},{"id":632,"achieveId":[10632]},{"id":633,"achieveId":[10633]},{"id":634,"achieveId":[10634]},{"id":635,"achieveId":[10635]},{"id":636,"achieveId":[10636]},{"id":637,"achieveId":[10637]},{"id":638,"achieveId":[10638]},{"id":639,"achieveId":[10639]},{"id":640,"achieveId":[10640]},{"id":641,"achieveId":[10641]},{"id":642,"achieveId":[10642]},{"id":643,"achieveId":[10643]},{"id":644,"achieveId":[10644]},{"id":645,"achieveId":[10645]},{"id":646,"achieveId":[10646]},{"id":647,"achieveId":[10647]},{"id":648,"achieveId":[10648]},{"id":649,"achieveId":[10649]},{"id":650,"achieveId":[10650]},{"id":651,"achieveId":[10651]},{"id":652,"achieveId":[10652]},{"id":653,"achieveId":[10653]},{"id":654,"achieveId":[10654]},{"id":655,"achieveId":[10655]},{"id":656,"achieveId":[10656]},{"id":657,"achieveId":[10657]},{"id":658,"achieveId":[10658]},{"id":659,"achieveId":[10659]},{"id":660,"achieveId":[10660]},{"id":661,"achieveId":[10661]},{"id":662,"achieveId":[10662]},{"id":663,"achieveId":[10663]},{"id":664,"achieveId":[10664]},{"id":665,"achieveId":[10665]},{"id":666,"achieveId":[10666]},{"id":667,"achieveId":[10667]},{"id":668,"achieveId":[10668]},{"id":669,"achieveId":[10669]},{"id":670,"achieveId":[10670]},{"id":671,"achieveId":[10671]},{"id":672,"achieveId":[10672]},{"id":673,"achieveId":[10673]},{"id":674,"achieveId":[10674]},{"id":675,"achieveId":[10675]},{"id":676,"achieveId":[10676]},{"id":677,"achieveId":[10677]},{"id":678,"achieveId":[10678]},{"id":679,"achieveId":[10679]},{"id":680,"achieveId":[10680]},{"id":681,"achieveId":[10681]},{"id":682,"achieveId":[10682]},{"id":683,"achieveId":[10683]},{"id":684,"achieveId":[10684]},{"id":685,"achieveId":[10685]},{"id":686,"achieveId":[10686]},{"id":687,"achieveId":[10687]},{"id":688,"achieveId":[10688]},{"id":689,"achieveId":[10689]},{"id":690,"achieveId":[10690]},{"id":691,"achieveId":[10691]},{"id":692,"achieveId":[10692]},{"id":693,"achieveId":[10693]},{"id":694,"achieveId":[10694]},{"id":695,"achieveId":[10695]},{"id":696,"achieveId":[10696]},{"id":697,"achieveId":[10697]},{"id":698,"achieveId":[10698]},{"id":699,"achieveId":[10699]},{"id":700,"achieveId":[10700]},{"id":701,"achieveId":[10701]},{"id":702,"achieveId":[10702]},{"id":703,"achieveId":[10703]},{"id":704,"achieveId":[10704]},{"id":705,"achieveId":[10705]},{"id":706,"achieveId":[10706]},{"id":707,"achieveId":[10707]},{"id":708,"achieveId":[10708]},{"id":709,"achieveId":[10709]},{"id":710,"achieveId":[10710]},{"id":711,"achieveId":[10711]},{"id":712,"achieveId":[10712]},{"id":713,"achieveId":[10713]},{"id":714,"achieveId":[10714]},{"id":715,"achieveId":[10715]},{"id":716,"achieveId":[10716]},{"id":717,"achieveId":[10717]},{"id":718,"achieveId":[10718]},{"id":719,"achieveId":[10719]},{"id":720,"achieveId":[10720]},{"id":721,"achieveId":[10721]},{"id":722,"achieveId":[10722]},{"id":723,"achieveId":[10723]},{"id":724,"achieveId":[10724]},{"id":725,"achieveId":[10725]},{"id":726,"achieveId":[10726]},{"id":727,"achieveId":[10727]},{"id":728,"achieveId":[10728]},{"id":729,"achieveId":[10729]},{"id":730,"achieveId":[10730]},{"id":731,"achieveId":[10731]},{"id":732,"achieveId":[10732]},{"id":733,"achieveId":[10733]},{"id":734,"achieveId":[10734]},{"id":735,"achieveId":[10735]},{"id":736,"achieveId":[10736]},{"id":737,"achieveId":[10737]},{"id":738,"achieveId":[10738]},{"id":739,"achieveId":[10739]},{"id":740,"achieveId":[10740]},{"id":741,"achieveId":[10741]},{"id":742,"achieveId":[10742]},{"id":743,"achieveId":[10743]},{"id":744,"achieveId":[10744]},{"id":745,"achieveId":[10745]},{"id":746,"achieveId":[10746]},{"id":747,"achieveId":[10747]},{"id":748,"achieveId":[10748]},{"id":749,"achieveId":[10749]},{"id":750,"achieveId":[10750]},{"id":751,"achieveId":[10751]},{"id":752,"achieveId":[10752]},{"id":753,"achieveId":[10753]},{"id":754,"achieveId":[10754]},{"id":755,"achieveId":[10755]},{"id":756,"achieveId":[10756]},{"id":757,"achieveId":[10757]},{"id":758,"achieveId":[10758]},{"id":759,"achieveId":[10759]},{"id":760,"achieveId":[10760]},{"id":761,"achieveId":[10761]},{"id":762,"achieveId":[10762]},{"id":763,"achieveId":[10763]},{"id":764,"achieveId":[10764]},{"id":765,"achieveId":[10765]},{"id":766,"achieveId":[10766]},{"id":767,"achieveId":[10767]},{"id":768,"achieveId":[10768]},{"id":769,"achieveId":[10769]},{"id":770,"achieveId":[10770]},{"id":771,"achieveId":[10771]},{"id":772,"achieveId":[10772]},{"id":773,"achieveId":[10773]},{"id":774,"achieveId":[10774]},{"id":775,"achieveId":[10775]},{"id":776,"achieveId":[10776]},{"id":777,"achieveId":[10777]},{"id":778,"achieveId":[10778]},{"id":779,"achieveId":[10779]},{"id":780,"achieveId":[10780]},{"id":781,"achieveId":[10781]},{"id":782,"achieveId":[10782]},{"id":783,"achieveId":[10783]},{"id":784,"achieveId":[10784]},{"id":785,"achieveId":[10785]},{"id":786,"achieveId":[10786]},{"id":787,"achieveId":[10787]},{"id":788,"achieveId":[10788]},{"id":789,"achieveId":[10789]},{"id":790,"achieveId":[10790]},{"id":791,"achieveId":[10791]},{"id":792,"achieveId":[10792]},{"id":793,"achieveId":[10793]},{"id":794,"achieveId":[10794]},{"id":795,"achieveId":[10795]},{"id":796,"achieveId":[10796]},{"id":797,"achieveId":[10797]},{"id":798,"achieveId":[10798]},{"id":799,"achieveId":[10799]},{"id":800,"achieveId":[10800]},{"id":801,"achieveId":[10801]},{"id":802,"achieveId":[10802]},{"id":803,"achieveId":[10803]},{"id":804,"achieveId":[10804]},{"id":805,"achieveId":[10805]},{"id":806,"achieveId":[10806]},{"id":807,"achieveId":[10807]},{"id":808,"achieveId":[10808]},{"id":809,"achieveId":[10809]},{"id":810,"achieveId":[10810]},{"id":811,"achieveId":[10811]},{"id":812,"achieveId":[10812]},{"id":813,"achieveId":[10813]},{"id":814,"achieveId":[10814]},{"id":815,"achieveId":[10815]},{"id":816,"achieveId":[10816]},{"id":817,"achieveId":[10817]},{"id":818,"achieveId":[10818]},{"id":819,"achieveId":[10819]},{"id":820,"achieveId":[10820]},{"id":821,"achieveId":[10821]},{"id":822,"achieveId":[10822]},{"id":823,"achieveId":[10823]},{"id":824,"achieveId":[10824]},{"id":825,"achieveId":[10825]},{"id":826,"achieveId":[10826]},{"id":827,"achieveId":[10827]},{"id":828,"achieveId":[10828]},{"id":829,"achieveId":[10829]},{"id":830,"achieveId":[10830]},{"id":831,"achieveId":[10831]},{"id":832,"achieveId":[10832]},{"id":833,"achieveId":[10833]},{"id":834,"achieveId":[10834]},{"id":835,"achieveId":[10835]},{"id":836,"achieveId":[10836]},{"id":837,"achieveId":[10837]},{"id":838,"achieveId":[10838]},{"id":839,"achieveId":[10839]},{"id":840,"achieveId":[10840]},{"id":841,"achieveId":[10841]},{"id":842,"achieveId":[10842]},{"id":843,"achieveId":[10843]},{"id":844,"achieveId":[10844]},{"id":845,"achieveId":[10845]},{"id":846,"achieveId":[10846]},{"id":847,"achieveId":[10847]},{"id":848,"achieveId":[10848]},{"id":849,"achieveId":[10849]},{"id":850,"achieveId":[10850]},{"id":851,"achieveId":[10851]},{"id":852,"achieveId":[10852]},{"id":853,"achieveId":[10853]},{"id":854,"achieveId":[10854]},{"id":855,"achieveId":[10855]},{"id":856,"achieveId":[10856]},{"id":857,"achieveId":[10857]},{"id":858,"achieveId":[10858]},{"id":859,"achieveId":[10859]},{"id":860,"achieveId":[10860]},{"id":861,"achieveId":[10861]},{"id":862,"achieveId":[10862]},{"id":863,"achieveId":[10863]},{"id":864,"achieveId":[10864]},{"id":865,"achieveId":[10865]},{"id":866,"achieveId":[10866]},{"id":867,"achieveId":[10867]},{"id":868,"achieveId":[10868]},{"id":869,"achieveId":[10869]},{"id":870,"achieveId":[10870]},{"id":871,"achieveId":[10871]},{"id":872,"achieveId":[10872]},{"id":873,"achieveId":[10873]},{"id":874,"achieveId":[10874]},{"id":875,"achieveId":[10875]},{"id":876,"achieveId":[10876]},{"id":877,"achieveId":[10877]},{"id":878,"achieveId":[10878]},{"id":879,"achieveId":[10879]},{"id":880,"achieveId":[10880]},{"id":881,"achieveId":[10881]},{"id":882,"achieveId":[10882]},{"id":883,"achieveId":[10883]},{"id":884,"achieveId":[10884]},{"id":885,"achieveId":[10885]},{"id":886,"achieveId":[10886]},{"id":887,"achieveId":[10887]},{"id":888,"achieveId":[10888]},{"id":889,"achieveId":[10889]},{"id":890,"achieveId":[10890]},{"id":891,"achieveId":[10891]},{"id":892,"achieveId":[10892]},{"id":893,"achieveId":[10893]},{"id":894,"achieveId":[10894]},{"id":895,"achieveId":[10895]},{"id":896,"achieveId":[10896]},{"id":897,"achieveId":[10897]},{"id":898,"achieveId":[10898]},{"id":899,"achieveId":[10899]},{"id":900,"achieveId":[10900]},{"id":901,"achieveId":[10901]},{"id":902,"achieveId":[10902]},{"id":903,"achieveId":[10903]},{"id":904,"achieveId":[10904]},{"id":905,"achieveId":[10905]},{"id":906,"achieveId":[10906]},{"id":907,"achieveId":[10907]},{"id":908,"achieveId":[10908]},{"id":909,"achieveId":[10909]},{"id":910,"achieveId":[10910]},{"id":911,"achieveId":[10911]},{"id":912,"achieveId":[10912]},{"id":913,"achieveId":[10913]},{"id":914,"achieveId":[10914]},{"id":915,"achieveId":[10915]},{"id":916,"achieveId":[10916]},{"id":917,"achieveId":[10917]},{"id":918,"achieveId":[10918]},{"id":919,"achieveId":[10919]},{"id":920,"achieveId":[10920]},{"id":921,"achieveId":[10921]},{"id":922,"achieveId":[10922]},{"id":923,"achieveId":[10923]},{"id":924,"achieveId":[10924]},{"id":925,"achieveId":[10925]},{"id":926,"achieveId":[10926]},{"id":927,"achieveId":[10927]},{"id":928,"achieveId":[10928]},{"id":929,"achieveId":[10929]},{"id":930,"achieveId":[10930]},{"id":931,"achieveId":[10931]},{"id":932,"achieveId":[10932]},{"id":933,"achieveId":[10933]},{"id":934,"achieveId":[10934]},{"id":935,"achieveId":[10935]},{"id":936,"achieveId":[10936]},{"id":937,"achieveId":[10937]},{"id":938,"achieveId":[10938]},{"id":939,"achieveId":[10939]},{"id":940,"achieveId":[10940]},{"id":941,"achieveId":[10941]},{"id":942,"achieveId":[10942]},{"id":943,"achieveId":[10943]},{"id":944,"achieveId":[10944]},{"id":945,"achieveId":[10945]},{"id":946,"achieveId":[10946]},{"id":947,"achieveId":[10947]},{"id":948,"achieveId":[10948]},{"id":949,"achieveId":[10949]},{"id":950,"achieveId":[10950]},{"id":951,"achieveId":[10951]},{"id":952,"achieveId":[10952]},{"id":953,"achieveId":[10953]},{"id":954,"achieveId":[10954]},{"id":955,"achieveId":[10955]},{"id":956,"achieveId":[10956]},{"id":957,"achieveId":[10957]},{"id":958,"achieveId":[10958]},{"id":959,"achieveId":[10959]},{"id":960,"achieveId":[10960]},{"id":961,"achieveId":[10961]},{"id":962,"achieveId":[10962]},{"id":963,"achieveId":[10963]},{"id":964,"achieveId":[10964]},{"id":965,"achieveId":[10965]},{"id":966,"achieveId":[10966]},{"id":967,"achieveId":[10967]},{"id":968,"achieveId":[10968]},{"id":969,"achieveId":[10969]},{"id":970,"achieveId":[10970]},{"id":971,"achieveId":[10971]},{"id":972,"achieveId":[10972]},{"id":973,"achieveId":[10973]},{"id":974,"achieveId":[10974]},{"id":975,"achieveId":[10975]},{"id":976,"achieveId":[10976]},{"id":977,"achieveId":[10977]},{"id":978,"achieveId":[10978]},{"id":979,"achieveId":[10979]},{"id":980,"achieveId":[10980]},{"id":981,"achieveId":[10981]},{"id":982,"achieveId":[10982]},{"id":983,"achieveId":[10983]},{"id":984,"achieveId":[10984]},{"id":985,"achieveId":[10985]},{"id":986,"achieveId":[10986]},{"id":987,"achieveId":[10987]},{"id":988,"achieveId":[10988]},{"id":989,"achieveId":[10989]},{"id":990,"achieveId":[10990]},{"id":991,"achieveId":[10991]},{"id":992,"achieveId":[10992]},{"id":993,"achieveId":[10993]},{"id":994,"achieveId":[10994]},{"id":995,"achieveId":[10995]},{"id":996,"achieveId":[10996]},{"id":997,"achieveId":[10997]},{"id":998,"achieveId":[10998]},{"id":999,"achieveId":[10999]},{"id":1000,"achieveId":[11000]}]}