{"TimeLimitConfig":{"BlackStoreCfg":{"maxCnt":6,"allCfg":[{"range":{"min":1,"max":999},"list":[{"limit":1,"pro":1000,"id":1,"awards":[{"id":10401,"count":1}],"consume":[{"id":10003,"count":500}],"discount":100},{"limit":1,"pro":1000,"id":2,"awards":[{"id":10402,"count":1}],"consume":[{"id":10003,"count":500}],"discount":100},{"limit":1,"pro":1000,"id":3,"awards":[{"id":10403,"count":1}],"consume":[{"id":10003,"count":500}],"discount":100},{"limit":1,"pro":1000,"id":4,"awards":[{"id":10404,"count":1}],"consume":[{"id":10003,"count":500}],"discount":100},{"limit":1,"pro":1000,"id":5,"awards":[{"id":10405,"count":1}],"consume":[{"id":10003,"count":500}],"discount":100},{"limit":1,"pro":1000,"id":6,"awards":[{"id":10406,"count":1}],"consume":[{"id":10003,"count":500}],"discount":100},{"limit":1,"pro":1000,"id":7,"awards":[{"id":10030,"count":6}],"consume":[{"id":10003,"count":90}],"discount":100},{"limit":1,"pro":1000,"id":8,"awards":[{"id":10014,"count":6}],"consume":[{"id":10003,"count":36}],"discount":100},{"limit":1,"pro":1000,"id":9,"awards":[{"id":10007,"count":50}],"consume":[{"id":10003,"count":60}],"discount":100},{"limit":1,"pro":1000,"id":10,"awards":[{"id":10007,"count":80}],"consume":[{"id":10003,"count":96}],"discount":100},{"limit":1,"pro":1000,"id":11,"awards":[{"id":10008,"count":6}],"consume":[{"id":10003,"count":120}],"discount":100},{"limit":1,"pro":1000,"id":12,"awards":[{"id":10032,"count":200}],"consume":[{"id":10003,"count":50}],"discount":100},{"limit":1,"pro":1000,"id":13,"awards":[{"id":10033,"count":10}],"consume":[{"id":10003,"count":120}],"discount":100},{"limit":1,"pro":1000,"id":14,"awards":[{"id":10034,"count":10}],"consume":[{"id":10003,"count":120}],"discount":100},{"limit":1,"pro":1000,"id":15,"awards":[{"id":10035,"count":5}],"consume":[{"id":10003,"count":250}],"discount":100},{"limit":1,"pro":1000,"id":16,"awards":[{"id":10031,"count":1}],"consume":[{"id":10003,"count":80}],"discount":100},{"limit":1,"pro":1000,"id":17,"awards":[{"id":10005,"count":2}],"consume":[{"id":10003,"count":200}],"discount":100},{"limit":1,"pro":1000,"id":18,"awards":[{"id":10005,"count":5}],"consume":[{"id":10003,"count":500}],"discount":100},{"limit":1,"pro":1000,"id":19,"awards":[{"id":10005,"count":10}],"consume":[{"id":10003,"count":1000}],"discount":100},{"limit":1,"pro":300,"id":20,"awards":[{"id":10006,"count":2}],"consume":[{"id":10003,"count":600}],"discount":100},{"limit":1,"pro":1000,"id":21,"awards":[{"id":10010,"count":3}],"consume":[{"id":10003,"count":90}],"discount":100},{"limit":1,"pro":1000,"id":22,"awards":[{"id":10010,"count":6}],"consume":[{"id":10003,"count":180}],"discount":100},{"limit":1,"pro":1000,"id":23,"awards":[{"id":10081,"count":1}],"consume":[{"id":10003,"count":810}],"discount":100},{"limit":1,"pro":1000,"id":24,"awards":[{"id":10009,"count":10}],"consume":[{"id":10003,"count":20}],"discount":100},{"limit":1,"pro":1000,"id":25,"awards":[{"id":10058,"count":10}],"consume":[{"id":10003,"count":20}],"discount":100},{"limit":1,"pro":1000,"id":26,"awards":[{"id":10028,"count":10}],"consume":[{"id":10003,"count":50}],"discount":100},{"limit":1,"pro":1000,"id":27,"awards":[{"id":10028,"count":20}],"consume":[{"id":10003,"count":100}],"discount":100},{"limit":1,"pro":1000,"id":28,"awards":[{"id":10019,"count":30}],"consume":[{"id":10003,"count":30}],"discount":100},{"limit":1,"pro":1000,"id":29,"awards":[{"id":10018,"count":30}],"consume":[{"id":10003,"count":30}],"discount":100},{"limit":1,"pro":1000,"id":30,"awards":[{"id":10017,"count":30}],"consume":[{"id":10003,"count":30}],"discount":100},{"limit":1,"pro":1000,"id":31,"awards":[{"id":10016,"count":30}],"consume":[{"id":10003,"count":30}],"discount":100},{"limit":1,"pro":1000,"id":32,"awards":[{"id":10020,"count":30}],"consume":[{"id":10003,"count":60}],"discount":100},{"limit":1,"pro":1000,"id":33,"awards":[{"id":10025,"count":20}],"consume":[{"id":10003,"count":40}],"discount":100},{"limit":1,"pro":1000,"id":34,"awards":[{"id":10024,"count":20}],"consume":[{"id":10003,"count":40}],"discount":100},{"limit":1,"pro":1000,"id":35,"awards":[{"id":10023,"count":20}],"consume":[{"id":10003,"count":40}],"discount":100},{"limit":1,"pro":1000,"id":36,"awards":[{"id":10022,"count":20}],"consume":[{"id":10003,"count":40}],"discount":100},{"limit":1,"pro":1000,"id":37,"awards":[{"id":10021,"count":20}],"consume":[{"id":10003,"count":40}],"discount":100},{"limit":1,"pro":1000,"id":38,"awards":[{"id":10026,"count":20}],"consume":[{"id":10003,"count":160}],"discount":100},{"limit":1,"pro":1000,"id":39,"awards":[{"id":10027,"count":20}],"consume":[{"id":10003,"count":160}],"discount":100},{"limit":1,"pro":1000,"id":40,"awards":[{"id":10401,"count":1}],"consume":[{"id":10003,"count":450}],"discount":90},{"limit":1,"pro":1000,"id":41,"awards":[{"id":10402,"count":1}],"consume":[{"id":10003,"count":450}],"discount":90},{"limit":1,"pro":1000,"id":42,"awards":[{"id":10403,"count":1}],"consume":[{"id":10003,"count":450}],"discount":90},{"limit":1,"pro":1000,"id":43,"awards":[{"id":10404,"count":1}],"consume":[{"id":10003,"count":450}],"discount":90},{"limit":1,"pro":1000,"id":44,"awards":[{"id":10405,"count":1}],"consume":[{"id":10003,"count":450}],"discount":90},{"limit":1,"pro":1000,"id":45,"awards":[{"id":10406,"count":1}],"consume":[{"id":10003,"count":450}],"discount":90},{"limit":1,"pro":1000,"id":46,"awards":[{"id":10030,"count":6}],"consume":[{"id":10003,"count":81}],"discount":90},{"limit":1,"pro":1000,"id":47,"awards":[{"id":10014,"count":6}],"consume":[{"id":10003,"count":32}],"discount":90},{"limit":1,"pro":1000,"id":48,"awards":[{"id":10007,"count":80}],"consume":[{"id":10003,"count":86}],"discount":90},{"limit":1,"pro":1000,"id":49,"awards":[{"id":10007,"count":50}],"consume":[{"id":10003,"count":54}],"discount":90},{"limit":1,"pro":1000,"id":50,"awards":[{"id":10008,"count":6}],"consume":[{"id":10003,"count":108}],"discount":90},{"limit":1,"pro":1000,"id":51,"awards":[{"id":10032,"count":200}],"consume":[{"id":10003,"count":45}],"discount":90},{"limit":1,"pro":1000,"id":52,"awards":[{"id":10033,"count":10}],"consume":[{"id":10003,"count":108}],"discount":90},{"limit":1,"pro":1000,"id":53,"awards":[{"id":10034,"count":10}],"consume":[{"id":10003,"count":108}],"discount":90},{"limit":1,"pro":1000,"id":54,"awards":[{"id":10035,"count":5}],"consume":[{"id":10003,"count":225}],"discount":90},{"limit":1,"pro":1000,"id":55,"awards":[{"id":10031,"count":1}],"consume":[{"id":10003,"count":72}],"discount":90},{"limit":1,"pro":1000,"id":56,"awards":[{"id":10005,"count":2}],"consume":[{"id":10003,"count":180}],"discount":90},{"limit":1,"pro":1000,"id":57,"awards":[{"id":10005,"count":5}],"consume":[{"id":10003,"count":450}],"discount":90},{"limit":1,"pro":1000,"id":58,"awards":[{"id":10005,"count":10}],"consume":[{"id":10003,"count":900}],"discount":90},{"limit":1,"pro":300,"id":59,"awards":[{"id":10006,"count":2}],"consume":[{"id":10003,"count":540}],"discount":90},{"limit":1,"pro":1000,"id":60,"awards":[{"id":10010,"count":3}],"consume":[{"id":10003,"count":81}],"discount":90},{"limit":1,"pro":1000,"id":61,"awards":[{"id":10010,"count":6}],"consume":[{"id":10003,"count":162}],"discount":90},{"limit":1,"pro":1000,"id":62,"awards":[{"id":10081,"count":1}],"consume":[{"id":10003,"count":729}],"discount":90},{"limit":1,"pro":1000,"id":63,"awards":[{"id":10009,"count":10}],"consume":[{"id":10003,"count":18}],"discount":90},{"limit":1,"pro":1000,"id":64,"awards":[{"id":10058,"count":10}],"consume":[{"id":10003,"count":18}],"discount":90},{"limit":1,"pro":1000,"id":65,"awards":[{"id":10028,"count":10}],"consume":[{"id":10003,"count":45}],"discount":90},{"limit":1,"pro":1000,"id":66,"awards":[{"id":10028,"count":20}],"consume":[{"id":10003,"count":90}],"discount":90},{"limit":1,"pro":1000,"id":67,"awards":[{"id":10019,"count":30}],"consume":[{"id":10003,"count":27}],"discount":90},{"limit":1,"pro":1000,"id":68,"awards":[{"id":10018,"count":30}],"consume":[{"id":10003,"count":27}],"discount":90},{"limit":1,"pro":1000,"id":69,"awards":[{"id":10017,"count":30}],"consume":[{"id":10003,"count":27}],"discount":90},{"limit":1,"pro":1000,"id":70,"awards":[{"id":10016,"count":30}],"consume":[{"id":10003,"count":27}],"discount":90},{"limit":1,"pro":1000,"id":71,"awards":[{"id":10020,"count":30}],"consume":[{"id":10003,"count":54}],"discount":90},{"limit":1,"pro":1000,"id":72,"awards":[{"id":10025,"count":20}],"consume":[{"id":10003,"count":36}],"discount":90},{"limit":1,"pro":1000,"id":73,"awards":[{"id":10024,"count":20}],"consume":[{"id":10003,"count":36}],"discount":90},{"limit":1,"pro":1000,"id":74,"awards":[{"id":10023,"count":20}],"consume":[{"id":10003,"count":36}],"discount":90},{"limit":1,"pro":1000,"id":75,"awards":[{"id":10022,"count":20}],"consume":[{"id":10003,"count":36}],"discount":90},{"limit":1,"pro":1000,"id":76,"awards":[{"id":10021,"count":20}],"consume":[{"id":10003,"count":36}],"discount":90},{"limit":1,"pro":1000,"id":77,"awards":[{"id":10026,"count":20}],"consume":[{"id":10003,"count":144}],"discount":90},{"limit":1,"pro":1000,"id":78,"awards":[{"id":10027,"count":20}],"consume":[{"id":10003,"count":144}],"discount":90},{"limit":1,"pro":1000,"id":79,"awards":[{"id":10401,"count":1}],"consume":[{"id":10003,"count":400}],"discount":80},{"limit":1,"pro":1000,"id":80,"awards":[{"id":10402,"count":1}],"consume":[{"id":10003,"count":400}],"discount":80},{"limit":1,"pro":1000,"id":81,"awards":[{"id":10403,"count":1}],"consume":[{"id":10003,"count":400}],"discount":80},{"limit":1,"pro":1000,"id":82,"awards":[{"id":10404,"count":1}],"consume":[{"id":10003,"count":400}],"discount":80},{"limit":1,"pro":1000,"id":83,"awards":[{"id":10405,"count":1}],"consume":[{"id":10003,"count":400}],"discount":80},{"limit":1,"pro":1000,"id":84,"awards":[{"id":10406,"count":1}],"consume":[{"id":10003,"count":400}],"discount":80},{"limit":1,"pro":1000,"id":85,"awards":[{"id":10030,"count":6}],"consume":[{"id":10003,"count":72}],"discount":80},{"limit":1,"pro":1000,"id":86,"awards":[{"id":10014,"count":6}],"consume":[{"id":10003,"count":28}],"discount":80},{"limit":1,"pro":1000,"id":87,"awards":[{"id":10007,"count":50}],"consume":[{"id":10003,"count":48}],"discount":80},{"limit":1,"pro":1000,"id":88,"awards":[{"id":10007,"count":80}],"consume":[{"id":10003,"count":76}],"discount":80},{"limit":1,"pro":1000,"id":89,"awards":[{"id":10008,"count":6}],"consume":[{"id":10003,"count":96}],"discount":80},{"limit":1,"pro":1000,"id":90,"awards":[{"id":10032,"count":200}],"consume":[{"id":10003,"count":40}],"discount":80},{"limit":1,"pro":1000,"id":91,"awards":[{"id":10033,"count":10}],"consume":[{"id":10003,"count":96}],"discount":80},{"limit":1,"pro":1000,"id":92,"awards":[{"id":10034,"count":10}],"consume":[{"id":10003,"count":96}],"discount":80},{"limit":1,"pro":1000,"id":93,"awards":[{"id":10035,"count":5}],"consume":[{"id":10003,"count":200}],"discount":80},{"limit":1,"pro":1000,"id":94,"awards":[{"id":10031,"count":1}],"consume":[{"id":10003,"count":64}],"discount":80},{"limit":1,"pro":1000,"id":95,"awards":[{"id":10005,"count":2}],"consume":[{"id":10003,"count":160}],"discount":80},{"limit":1,"pro":1000,"id":96,"awards":[{"id":10005,"count":5}],"consume":[{"id":10003,"count":400}],"discount":80},{"limit":1,"pro":1000,"id":97,"awards":[{"id":10005,"count":10}],"consume":[{"id":10003,"count":800}],"discount":80},{"limit":1,"pro":300,"id":98,"awards":[{"id":10006,"count":2}],"consume":[{"id":10003,"count":480}],"discount":80},{"limit":1,"pro":1000,"id":99,"awards":[{"id":10010,"count":3}],"consume":[{"id":10003,"count":72}],"discount":80},{"limit":1,"pro":1000,"id":100,"awards":[{"id":10010,"count":6}],"consume":[{"id":10003,"count":144}],"discount":80},{"limit":1,"pro":1000,"id":101,"awards":[{"id":10081,"count":1}],"consume":[{"id":10003,"count":648}],"discount":80},{"limit":1,"pro":1000,"id":102,"awards":[{"id":10009,"count":10}],"consume":[{"id":10003,"count":16}],"discount":80},{"limit":1,"pro":1000,"id":103,"awards":[{"id":10058,"count":10}],"consume":[{"id":10003,"count":16}],"discount":80},{"limit":1,"pro":1000,"id":104,"awards":[{"id":10028,"count":10}],"consume":[{"id":10003,"count":40}],"discount":80},{"limit":1,"pro":1000,"id":105,"awards":[{"id":10028,"count":20}],"consume":[{"id":10003,"count":80}],"discount":80},{"limit":1,"pro":1000,"id":106,"awards":[{"id":10019,"count":30}],"consume":[{"id":10003,"count":24}],"discount":80},{"limit":1,"pro":1000,"id":107,"awards":[{"id":10018,"count":30}],"consume":[{"id":10003,"count":24}],"discount":80},{"limit":1,"pro":1000,"id":108,"awards":[{"id":10017,"count":30}],"consume":[{"id":10003,"count":24}],"discount":80},{"limit":1,"pro":1000,"id":109,"awards":[{"id":10016,"count":30}],"consume":[{"id":10003,"count":24}],"discount":80},{"limit":1,"pro":1000,"id":110,"awards":[{"id":10020,"count":30}],"consume":[{"id":10003,"count":48}],"discount":80},{"limit":1,"pro":1000,"id":111,"awards":[{"id":10025,"count":20}],"consume":[{"id":10003,"count":32}],"discount":80},{"limit":1,"pro":1000,"id":112,"awards":[{"id":10024,"count":20}],"consume":[{"id":10003,"count":32}],"discount":80},{"limit":1,"pro":1000,"id":113,"awards":[{"id":10023,"count":20}],"consume":[{"id":10003,"count":32}],"discount":80},{"limit":1,"pro":1000,"id":114,"awards":[{"id":10022,"count":20}],"consume":[{"id":10003,"count":32}],"discount":80},{"limit":1,"pro":1000,"id":115,"awards":[{"id":10021,"count":20}],"consume":[{"id":10003,"count":32}],"discount":80},{"limit":1,"pro":1000,"id":116,"awards":[{"id":10026,"count":20}],"consume":[{"id":10003,"count":128}],"discount":80},{"limit":1,"pro":1000,"id":117,"awards":[{"id":10027,"count":20}],"consume":[{"id":10003,"count":128}],"discount":80},{"limit":1,"pro":700,"id":118,"awards":[{"id":10401,"count":1}],"consume":[{"id":10003,"count":350}],"discount":70},{"limit":1,"pro":700,"id":119,"awards":[{"id":10402,"count":1}],"consume":[{"id":10003,"count":350}],"discount":70},{"limit":1,"pro":700,"id":120,"awards":[{"id":10403,"count":1}],"consume":[{"id":10003,"count":350}],"discount":70},{"limit":1,"pro":700,"id":121,"awards":[{"id":10404,"count":1}],"consume":[{"id":10003,"count":350}],"discount":70},{"limit":1,"pro":700,"id":122,"awards":[{"id":10405,"count":1}],"consume":[{"id":10003,"count":350}],"discount":70},{"limit":1,"pro":700,"id":123,"awards":[{"id":10406,"count":1}],"consume":[{"id":10003,"count":350}],"discount":70},{"limit":1,"pro":700,"id":124,"awards":[{"id":10030,"count":6}],"consume":[{"id":10003,"count":63}],"discount":70},{"limit":1,"pro":700,"id":125,"awards":[{"id":10014,"count":6}],"consume":[{"id":10003,"count":25}],"discount":70},{"limit":1,"pro":700,"id":126,"awards":[{"id":10007,"count":50}],"consume":[{"id":10003,"count":42}],"discount":70},{"limit":1,"pro":700,"id":127,"awards":[{"id":10007,"count":80}],"consume":[{"id":10003,"count":67}],"discount":70},{"limit":1,"pro":700,"id":128,"awards":[{"id":10008,"count":6}],"consume":[{"id":10003,"count":84}],"discount":70},{"limit":1,"pro":700,"id":129,"awards":[{"id":10032,"count":200}],"consume":[{"id":10003,"count":35}],"discount":70},{"limit":1,"pro":700,"id":130,"awards":[{"id":10033,"count":10}],"consume":[{"id":10003,"count":84}],"discount":70},{"limit":1,"pro":700,"id":131,"awards":[{"id":10034,"count":10}],"consume":[{"id":10003,"count":84}],"discount":70},{"limit":1,"pro":700,"id":132,"awards":[{"id":10035,"count":5}],"consume":[{"id":10003,"count":175}],"discount":70},{"limit":1,"pro":700,"id":133,"awards":[{"id":10031,"count":1}],"consume":[{"id":10003,"count":56}],"discount":70},{"limit":1,"pro":700,"id":134,"awards":[{"id":10005,"count":2}],"consume":[{"id":10003,"count":140}],"discount":70},{"limit":1,"pro":700,"id":135,"awards":[{"id":10005,"count":5}],"consume":[{"id":10003,"count":350}],"discount":70},{"limit":1,"pro":700,"id":136,"awards":[{"id":10005,"count":10}],"consume":[{"id":10003,"count":700}],"discount":70},{"limit":1,"pro":300,"id":137,"awards":[{"id":10006,"count":2}],"consume":[{"id":10003,"count":420}],"discount":70},{"limit":1,"pro":700,"id":138,"awards":[{"id":10010,"count":3}],"consume":[{"id":10003,"count":63}],"discount":70},{"limit":1,"pro":700,"id":139,"awards":[{"id":10010,"count":6}],"consume":[{"id":10003,"count":126}],"discount":70},{"limit":1,"pro":700,"id":140,"awards":[{"id":10081,"count":1}],"consume":[{"id":10003,"count":567}],"discount":70},{"limit":1,"pro":700,"id":141,"awards":[{"id":10009,"count":10}],"consume":[{"id":10003,"count":14}],"discount":70},{"limit":1,"pro":700,"id":142,"awards":[{"id":10058,"count":10}],"consume":[{"id":10003,"count":14}],"discount":70},{"limit":1,"pro":700,"id":143,"awards":[{"id":10028,"count":10}],"consume":[{"id":10003,"count":35}],"discount":70},{"limit":1,"pro":700,"id":144,"awards":[{"id":10028,"count":20}],"consume":[{"id":10003,"count":70}],"discount":70},{"limit":1,"pro":700,"id":145,"awards":[{"id":10019,"count":30}],"consume":[{"id":10003,"count":21}],"discount":70},{"limit":1,"pro":700,"id":146,"awards":[{"id":10018,"count":30}],"consume":[{"id":10003,"count":21}],"discount":70},{"limit":1,"pro":700,"id":147,"awards":[{"id":10017,"count":30}],"consume":[{"id":10003,"count":21}],"discount":70},{"limit":1,"pro":700,"id":148,"awards":[{"id":10016,"count":30}],"consume":[{"id":10003,"count":21}],"discount":70},{"limit":1,"pro":700,"id":149,"awards":[{"id":10020,"count":30}],"consume":[{"id":10003,"count":42}],"discount":70},{"limit":1,"pro":700,"id":150,"awards":[{"id":10025,"count":20}],"consume":[{"id":10003,"count":28}],"discount":70},{"limit":1,"pro":700,"id":151,"awards":[{"id":10024,"count":20}],"consume":[{"id":10003,"count":28}],"discount":70},{"limit":1,"pro":700,"id":152,"awards":[{"id":10023,"count":20}],"consume":[{"id":10003,"count":28}],"discount":70},{"limit":1,"pro":700,"id":153,"awards":[{"id":10022,"count":20}],"consume":[{"id":10003,"count":28}],"discount":70},{"limit":1,"pro":700,"id":154,"awards":[{"id":10021,"count":20}],"consume":[{"id":10003,"count":28}],"discount":70},{"limit":1,"pro":700,"id":155,"awards":[{"id":10026,"count":20}],"consume":[{"id":10003,"count":112}],"discount":70},{"limit":1,"pro":700,"id":156,"awards":[{"id":10027,"count":20}],"consume":[{"id":10003,"count":112}],"discount":70},{"limit":1,"pro":600,"id":157,"awards":[{"id":10401,"count":1}],"consume":[{"id":10003,"count":300}],"discount":60},{"limit":1,"pro":600,"id":158,"awards":[{"id":10402,"count":1}],"consume":[{"id":10003,"count":300}],"discount":60},{"limit":1,"pro":600,"id":159,"awards":[{"id":10403,"count":1}],"consume":[{"id":10003,"count":300}],"discount":60},{"limit":1,"pro":600,"id":160,"awards":[{"id":10404,"count":1}],"consume":[{"id":10003,"count":300}],"discount":60},{"limit":1,"pro":600,"id":161,"awards":[{"id":10405,"count":1}],"consume":[{"id":10003,"count":300}],"discount":60},{"limit":1,"pro":600,"id":162,"awards":[{"id":10406,"count":1}],"consume":[{"id":10003,"count":300}],"discount":60},{"limit":1,"pro":600,"id":163,"awards":[{"id":10030,"count":6}],"consume":[{"id":10003,"count":54}],"discount":60},{"limit":1,"pro":600,"id":164,"awards":[{"id":10014,"count":6}],"consume":[{"id":10003,"count":21}],"discount":60},{"limit":1,"pro":600,"id":165,"awards":[{"id":10007,"count":50}],"consume":[{"id":10003,"count":36}],"discount":60},{"limit":1,"pro":600,"id":166,"awards":[{"id":10007,"count":80}],"consume":[{"id":10003,"count":57}],"discount":60},{"limit":1,"pro":600,"id":167,"awards":[{"id":10008,"count":6}],"consume":[{"id":10003,"count":72}],"discount":60},{"limit":1,"pro":1000,"id":168,"awards":[{"id":10032,"count":200}],"consume":[{"id":10003,"count":30}],"discount":60},{"limit":1,"pro":1000,"id":169,"awards":[{"id":10033,"count":10}],"consume":[{"id":10003,"count":72}],"discount":60},{"limit":1,"pro":1000,"id":170,"awards":[{"id":10034,"count":10}],"consume":[{"id":10003,"count":72}],"discount":60},{"limit":1,"pro":1000,"id":171,"awards":[{"id":10035,"count":5}],"consume":[{"id":10003,"count":150}],"discount":60},{"limit":1,"pro":1000,"id":172,"awards":[{"id":10031,"count":1}],"consume":[{"id":10003,"count":48}],"discount":60},{"limit":1,"pro":600,"id":173,"awards":[{"id":10005,"count":2}],"consume":[{"id":10003,"count":120}],"discount":60},{"limit":1,"pro":600,"id":174,"awards":[{"id":10005,"count":5}],"consume":[{"id":10003,"count":300}],"discount":60},{"limit":1,"pro":600,"id":175,"awards":[{"id":10005,"count":10}],"consume":[{"id":10003,"count":600}],"discount":60},{"limit":1,"pro":300,"id":176,"awards":[{"id":10006,"count":2}],"consume":[{"id":10003,"count":360}],"discount":60},{"limit":1,"pro":600,"id":177,"awards":[{"id":10010,"count":3}],"consume":[{"id":10003,"count":54}],"discount":60},{"limit":1,"pro":600,"id":178,"awards":[{"id":10010,"count":6}],"consume":[{"id":10003,"count":108}],"discount":60},{"limit":1,"pro":600,"id":179,"awards":[{"id":10081,"count":1}],"consume":[{"id":10003,"count":486}],"discount":60},{"limit":1,"pro":600,"id":180,"awards":[{"id":10009,"count":10}],"consume":[{"id":10003,"count":12}],"discount":60},{"limit":1,"pro":600,"id":181,"awards":[{"id":10058,"count":10}],"consume":[{"id":10003,"count":12}],"discount":60},{"limit":1,"pro":600,"id":182,"awards":[{"id":10028,"count":10}],"consume":[{"id":10003,"count":30}],"discount":60},{"limit":1,"pro":600,"id":183,"awards":[{"id":10028,"count":20}],"consume":[{"id":10003,"count":60}],"discount":60},{"limit":1,"pro":600,"id":184,"awards":[{"id":10019,"count":30}],"consume":[{"id":10003,"count":18}],"discount":60},{"limit":1,"pro":600,"id":185,"awards":[{"id":10018,"count":30}],"consume":[{"id":10003,"count":18}],"discount":60},{"limit":1,"pro":600,"id":186,"awards":[{"id":10017,"count":30}],"consume":[{"id":10003,"count":18}],"discount":60},{"limit":1,"pro":600,"id":187,"awards":[{"id":10016,"count":30}],"consume":[{"id":10003,"count":18}],"discount":60},{"limit":1,"pro":600,"id":188,"awards":[{"id":10020,"count":30}],"consume":[{"id":10003,"count":36}],"discount":60},{"limit":1,"pro":600,"id":189,"awards":[{"id":10025,"count":20}],"consume":[{"id":10003,"count":24}],"discount":60},{"limit":1,"pro":600,"id":190,"awards":[{"id":10024,"count":20}],"consume":[{"id":10003,"count":24}],"discount":60},{"limit":1,"pro":600,"id":191,"awards":[{"id":10023,"count":20}],"consume":[{"id":10003,"count":24}],"discount":60},{"limit":1,"pro":600,"id":192,"awards":[{"id":10022,"count":20}],"consume":[{"id":10003,"count":24}],"discount":60},{"limit":1,"pro":600,"id":193,"awards":[{"id":10021,"count":20}],"consume":[{"id":10003,"count":24}],"discount":60},{"limit":1,"pro":600,"id":194,"awards":[{"id":10026,"count":20}],"consume":[{"id":10003,"count":96}],"discount":60},{"limit":1,"pro":600,"id":195,"awards":[{"id":10027,"count":20}],"consume":[{"id":10003,"count":96}],"discount":60},{"limit":1,"pro":500,"id":196,"awards":[{"id":10401,"count":1}],"consume":[{"id":10003,"count":250}],"discount":50},{"limit":1,"pro":300,"id":197,"awards":[{"id":10402,"count":1}],"consume":[{"id":10003,"count":250}],"discount":50},{"limit":1,"pro":300,"id":198,"awards":[{"id":10403,"count":1}],"consume":[{"id":10003,"count":250}],"discount":50},{"limit":1,"pro":300,"id":199,"awards":[{"id":10404,"count":1}],"consume":[{"id":10003,"count":250}],"discount":50},{"limit":1,"pro":300,"id":200,"awards":[{"id":10405,"count":1}],"consume":[{"id":10003,"count":250}],"discount":50},{"limit":1,"pro":300,"id":201,"awards":[{"id":10406,"count":1}],"consume":[{"id":10003,"count":250}],"discount":50},{"limit":1,"pro":300,"id":202,"awards":[{"id":10030,"count":6}],"consume":[{"id":10003,"count":45}],"discount":50},{"limit":1,"pro":300,"id":203,"awards":[{"id":10014,"count":6}],"consume":[{"id":10003,"count":18}],"discount":50},{"limit":1,"pro":300,"id":204,"awards":[{"id":10007,"count":50}],"consume":[{"id":10003,"count":30}],"discount":50},{"limit":1,"pro":300,"id":205,"awards":[{"id":10007,"count":80}],"consume":[{"id":10003,"count":48}],"discount":50},{"limit":1,"pro":300,"id":206,"awards":[{"id":10008,"count":6}],"consume":[{"id":10003,"count":60}],"discount":50},{"limit":1,"pro":1000,"id":207,"awards":[{"id":10032,"count":200}],"consume":[{"id":10003,"count":25}],"discount":50},{"limit":1,"pro":1000,"id":208,"awards":[{"id":10033,"count":10}],"consume":[{"id":10003,"count":60}],"discount":50},{"limit":1,"pro":1000,"id":209,"awards":[{"id":10034,"count":10}],"consume":[{"id":10003,"count":60}],"discount":50},{"limit":1,"pro":1000,"id":210,"awards":[{"id":10035,"count":5}],"consume":[{"id":10003,"count":125}],"discount":50},{"limit":1,"pro":1000,"id":211,"awards":[{"id":10031,"count":1}],"consume":[{"id":10003,"count":40}],"discount":50},{"limit":1,"pro":300,"id":212,"awards":[{"id":10005,"count":2}],"consume":[{"id":10003,"count":100}],"discount":50},{"limit":1,"pro":300,"id":213,"awards":[{"id":10005,"count":5}],"consume":[{"id":10003,"count":250}],"discount":50},{"limit":1,"pro":300,"id":214,"awards":[{"id":10005,"count":10}],"consume":[{"id":10003,"count":500}],"discount":50},{"limit":1,"pro":300,"id":215,"awards":[{"id":10006,"count":2}],"consume":[{"id":10003,"count":300}],"discount":50},{"limit":1,"pro":300,"id":216,"awards":[{"id":10010,"count":3}],"consume":[{"id":10003,"count":45}],"discount":50},{"limit":1,"pro":300,"id":217,"awards":[{"id":10010,"count":6}],"consume":[{"id":10003,"count":90}],"discount":50},{"limit":1,"pro":300,"id":218,"awards":[{"id":10081,"count":1}],"consume":[{"id":10003,"count":405}],"discount":50},{"limit":1,"pro":300,"id":219,"awards":[{"id":10009,"count":10}],"consume":[{"id":10003,"count":10}],"discount":50},{"limit":1,"pro":300,"id":220,"awards":[{"id":10058,"count":10}],"consume":[{"id":10003,"count":10}],"discount":50},{"limit":1,"pro":300,"id":221,"awards":[{"id":10028,"count":10}],"consume":[{"id":10003,"count":25}],"discount":50},{"limit":1,"pro":300,"id":222,"awards":[{"id":10028,"count":20}],"consume":[{"id":10003,"count":50}],"discount":50},{"limit":1,"pro":300,"id":223,"awards":[{"id":10019,"count":30}],"consume":[{"id":10003,"count":15}],"discount":50},{"limit":1,"pro":300,"id":224,"awards":[{"id":10018,"count":30}],"consume":[{"id":10003,"count":15}],"discount":50},{"limit":1,"pro":300,"id":225,"awards":[{"id":10017,"count":30}],"consume":[{"id":10003,"count":15}],"discount":50},{"limit":1,"pro":300,"id":226,"awards":[{"id":10016,"count":30}],"consume":[{"id":10003,"count":15}],"discount":50},{"limit":1,"pro":300,"id":227,"awards":[{"id":10020,"count":30}],"consume":[{"id":10003,"count":30}],"discount":50},{"limit":1,"pro":300,"id":228,"awards":[{"id":10025,"count":20}],"consume":[{"id":10003,"count":20}],"discount":50},{"limit":1,"pro":300,"id":229,"awards":[{"id":10024,"count":20}],"consume":[{"id":10003,"count":20}],"discount":50},{"limit":1,"pro":300,"id":230,"awards":[{"id":10023,"count":20}],"consume":[{"id":10003,"count":20}],"discount":50},{"limit":1,"pro":300,"id":231,"awards":[{"id":10022,"count":20}],"consume":[{"id":10003,"count":20}],"discount":50},{"limit":1,"pro":300,"id":232,"awards":[{"id":10021,"count":20}],"consume":[{"id":10003,"count":20}],"discount":50},{"limit":1,"pro":300,"id":233,"awards":[{"id":10026,"count":20}],"consume":[{"id":10003,"count":80}],"discount":50},{"limit":1,"pro":300,"id":234,"awards":[{"id":10027,"count":20}],"consume":[{"id":10003,"count":80}],"discount":50},{"limit":1,"pro":150,"id":235,"awards":[{"id":10401,"count":1}],"consume":[{"id":10003,"count":200}],"discount":40},{"limit":1,"pro":150,"id":236,"awards":[{"id":10402,"count":1}],"consume":[{"id":10003,"count":200}],"discount":40},{"limit":1,"pro":150,"id":237,"awards":[{"id":10403,"count":1}],"consume":[{"id":10003,"count":200}],"discount":40},{"limit":1,"pro":150,"id":238,"awards":[{"id":10404,"count":1}],"consume":[{"id":10003,"count":200}],"discount":40},{"limit":1,"pro":150,"id":239,"awards":[{"id":10405,"count":1}],"consume":[{"id":10003,"count":200}],"discount":40},{"limit":1,"pro":150,"id":240,"awards":[{"id":10406,"count":1}],"consume":[{"id":10003,"count":200}],"discount":40},{"limit":1,"pro":150,"id":241,"awards":[{"id":10030,"count":6}],"consume":[{"id":10003,"count":36}],"discount":40},{"limit":1,"pro":150,"id":242,"awards":[{"id":10014,"count":6}],"consume":[{"id":10003,"count":14}],"discount":40},{"limit":1,"pro":150,"id":243,"awards":[{"id":10007,"count":50}],"consume":[{"id":10003,"count":24}],"discount":40},{"limit":1,"pro":150,"id":244,"awards":[{"id":10007,"count":80}],"consume":[{"id":10003,"count":38}],"discount":40},{"limit":1,"pro":150,"id":245,"awards":[{"id":10008,"count":6}],"consume":[{"id":10003,"count":48}],"discount":40},{"limit":1,"pro":1000,"id":246,"awards":[{"id":10032,"count":200}],"consume":[{"id":10003,"count":20}],"discount":40},{"limit":1,"pro":1000,"id":247,"awards":[{"id":10033,"count":10}],"consume":[{"id":10003,"count":48}],"discount":40},{"limit":1,"pro":1000,"id":248,"awards":[{"id":10034,"count":10}],"consume":[{"id":10003,"count":48}],"discount":40},{"limit":1,"pro":1000,"id":249,"awards":[{"id":10035,"count":5}],"consume":[{"id":10003,"count":100}],"discount":40},{"limit":1,"pro":150,"id":250,"awards":[{"id":10031,"count":1}],"consume":[{"id":10003,"count":32}],"discount":40},{"limit":1,"pro":150,"id":251,"awards":[{"id":10005,"count":2}],"consume":[{"id":10003,"count":80}],"discount":40},{"limit":1,"pro":150,"id":252,"awards":[{"id":10005,"count":5}],"consume":[{"id":10003,"count":200}],"discount":40},{"limit":1,"pro":150,"id":253,"awards":[{"id":10005,"count":10}],"consume":[{"id":10003,"count":400}],"discount":40},{"limit":1,"pro":100,"id":254,"awards":[{"id":10006,"count":2}],"consume":[{"id":10003,"count":240}],"discount":40},{"limit":1,"pro":150,"id":255,"awards":[{"id":10010,"count":3}],"consume":[{"id":10003,"count":36}],"discount":40},{"limit":1,"pro":150,"id":256,"awards":[{"id":10010,"count":6}],"consume":[{"id":10003,"count":72}],"discount":40},{"limit":1,"pro":150,"id":257,"awards":[{"id":10081,"count":1}],"consume":[{"id":10003,"count":324}],"discount":40},{"limit":1,"pro":150,"id":258,"awards":[{"id":10009,"count":10}],"consume":[{"id":10003,"count":8}],"discount":40},{"limit":1,"pro":150,"id":259,"awards":[{"id":10058,"count":10}],"consume":[{"id":10003,"count":8}],"discount":40},{"limit":1,"pro":150,"id":260,"awards":[{"id":10028,"count":10}],"consume":[{"id":10003,"count":20}],"discount":40},{"limit":1,"pro":150,"id":261,"awards":[{"id":10028,"count":20}],"consume":[{"id":10003,"count":40}],"discount":40},{"limit":1,"pro":150,"id":262,"awards":[{"id":10019,"count":30}],"consume":[{"id":10003,"count":12}],"discount":40},{"limit":1,"pro":150,"id":263,"awards":[{"id":10018,"count":30}],"consume":[{"id":10003,"count":12}],"discount":40},{"limit":1,"pro":150,"id":264,"awards":[{"id":10017,"count":30}],"consume":[{"id":10003,"count":12}],"discount":40},{"limit":1,"pro":150,"id":265,"awards":[{"id":10016,"count":30}],"consume":[{"id":10003,"count":12}],"discount":40},{"limit":1,"pro":150,"id":266,"awards":[{"id":10020,"count":30}],"consume":[{"id":10003,"count":24}],"discount":40},{"limit":1,"pro":150,"id":267,"awards":[{"id":10025,"count":20}],"consume":[{"id":10003,"count":16}],"discount":40},{"limit":1,"pro":150,"id":268,"awards":[{"id":10024,"count":20}],"consume":[{"id":10003,"count":16}],"discount":40},{"limit":1,"pro":150,"id":269,"awards":[{"id":10023,"count":20}],"consume":[{"id":10003,"count":16}],"discount":40},{"limit":1,"pro":150,"id":270,"awards":[{"id":10022,"count":20}],"consume":[{"id":10003,"count":16}],"discount":40},{"limit":1,"pro":150,"id":271,"awards":[{"id":10021,"count":20}],"consume":[{"id":10003,"count":16}],"discount":40},{"limit":1,"pro":150,"id":272,"awards":[{"id":10026,"count":20}],"consume":[{"id":10003,"count":64}],"discount":40},{"limit":1,"pro":150,"id":273,"awards":[{"id":10027,"count":20}],"consume":[{"id":10003,"count":64}],"discount":40},{"limit":1,"pro":100,"id":274,"awards":[{"id":10401,"count":1}],"consume":[{"id":10003,"count":150}],"discount":30},{"limit":1,"pro":100,"id":275,"awards":[{"id":10402,"count":1}],"consume":[{"id":10003,"count":150}],"discount":30},{"limit":1,"pro":100,"id":276,"awards":[{"id":10403,"count":1}],"consume":[{"id":10003,"count":150}],"discount":30},{"limit":1,"pro":100,"id":277,"awards":[{"id":10404,"count":1}],"consume":[{"id":10003,"count":150}],"discount":30},{"limit":1,"pro":100,"id":278,"awards":[{"id":10405,"count":1}],"consume":[{"id":10003,"count":150}],"discount":30},{"limit":1,"pro":100,"id":279,"awards":[{"id":10406,"count":1}],"consume":[{"id":10003,"count":150}],"discount":30},{"limit":1,"pro":100,"id":280,"awards":[{"id":10030,"count":6}],"consume":[{"id":10003,"count":27}],"discount":30},{"limit":1,"pro":100,"id":281,"awards":[{"id":10014,"count":6}],"consume":[{"id":10003,"count":10}],"discount":30},{"limit":1,"pro":100,"id":282,"awards":[{"id":10007,"count":50}],"consume":[{"id":10003,"count":18}],"discount":30},{"limit":1,"pro":100,"id":283,"awards":[{"id":10007,"count":80}],"consume":[{"id":10003,"count":28}],"discount":30},{"limit":1,"pro":100,"id":284,"awards":[{"id":10008,"count":6}],"consume":[{"id":10003,"count":36}],"discount":30},{"limit":1,"pro":1000,"id":285,"awards":[{"id":10032,"count":200}],"consume":[{"id":10003,"count":15}],"discount":30},{"limit":1,"pro":1000,"id":286,"awards":[{"id":10033,"count":10}],"consume":[{"id":10003,"count":36}],"discount":30},{"limit":1,"pro":1000,"id":287,"awards":[{"id":10034,"count":10}],"consume":[{"id":10003,"count":36}],"discount":30},{"limit":1,"pro":1000,"id":288,"awards":[{"id":10035,"count":5}],"consume":[{"id":10003,"count":75}],"discount":30},{"limit":1,"pro":100,"id":289,"awards":[{"id":10031,"count":1}],"consume":[{"id":10003,"count":24}],"discount":30},{"limit":1,"pro":100,"id":290,"awards":[{"id":10005,"count":2}],"consume":[{"id":10003,"count":60}],"discount":30},{"limit":1,"pro":100,"id":291,"awards":[{"id":10005,"count":5}],"consume":[{"id":10003,"count":150}],"discount":30},{"limit":1,"pro":100,"id":292,"awards":[{"id":10005,"count":10}],"consume":[{"id":10003,"count":300}],"discount":30},{"limit":1,"pro":100,"id":293,"awards":[{"id":10006,"count":2}],"consume":[{"id":10003,"count":180}],"discount":30},{"limit":1,"pro":100,"id":294,"awards":[{"id":10010,"count":3}],"consume":[{"id":10003,"count":27}],"discount":30},{"limit":1,"pro":100,"id":295,"awards":[{"id":10010,"count":6}],"consume":[{"id":10003,"count":54}],"discount":30},{"limit":1,"pro":100,"id":296,"awards":[{"id":10081,"count":1}],"consume":[{"id":10003,"count":243}],"discount":30},{"limit":1,"pro":100,"id":297,"awards":[{"id":10009,"count":10}],"consume":[{"id":10003,"count":6}],"discount":30},{"limit":1,"pro":100,"id":298,"awards":[{"id":10058,"count":10}],"consume":[{"id":10003,"count":6}],"discount":30},{"limit":1,"pro":100,"id":299,"awards":[{"id":10028,"count":10}],"consume":[{"id":10003,"count":15}],"discount":30},{"limit":1,"pro":100,"id":300,"awards":[{"id":10028,"count":20}],"consume":[{"id":10003,"count":30}],"discount":30},{"limit":1,"pro":100,"id":301,"awards":[{"id":10019,"count":30}],"consume":[{"id":10003,"count":9}],"discount":30},{"limit":1,"pro":100,"id":302,"awards":[{"id":10018,"count":30}],"consume":[{"id":10003,"count":9}],"discount":30},{"limit":1,"pro":100,"id":303,"awards":[{"id":10017,"count":30}],"consume":[{"id":10003,"count":9}],"discount":30},{"limit":1,"pro":100,"id":304,"awards":[{"id":10016,"count":30}],"consume":[{"id":10003,"count":9}],"discount":30},{"limit":1,"pro":100,"id":305,"awards":[{"id":10020,"count":30}],"consume":[{"id":10003,"count":18}],"discount":30},{"limit":1,"pro":100,"id":306,"awards":[{"id":10025,"count":20}],"consume":[{"id":10003,"count":12}],"discount":30},{"limit":1,"pro":100,"id":307,"awards":[{"id":10024,"count":20}],"consume":[{"id":10003,"count":12}],"discount":30},{"limit":1,"pro":100,"id":308,"awards":[{"id":10023,"count":20}],"consume":[{"id":10003,"count":12}],"discount":30},{"limit":1,"pro":100,"id":309,"awards":[{"id":10022,"count":20}],"consume":[{"id":10003,"count":12}],"discount":30},{"limit":1,"pro":100,"id":310,"awards":[{"id":10021,"count":20}],"consume":[{"id":10003,"count":12}],"discount":30},{"limit":1,"pro":100,"id":311,"awards":[{"id":10026,"count":20}],"consume":[{"id":10003,"count":48}],"discount":30},{"limit":1,"pro":100,"id":312,"awards":[{"id":10027,"count":20}],"consume":[{"id":10003,"count":48}],"discount":30}]}],"resetCon":[{"id":10003,"count":30}]},"SupplyCfg":[{"id":1351,"limit":5,"dsc":"好物·高级幻影"},{"id":1352,"limit":5,"dsc":"好物·特级铭文"},{"id":1353,"limit":5,"dsc":"好物·超级将魂"},{"id":1354,"limit":3,"dsc":"好物·终极幻影"},{"id":1355,"limit":3,"dsc":"好物·传奇红宠"},{"id":1356,"limit":3,"dsc":"好物·七彩神宠"},{"id":1357,"limit":3,"dsc":"好物·至尊幻影"}]}}