{"WarPermitConfig":{"openday":2,"mailcontent":"未领取战令奖励已通过邮件发放，请提取附件！","taskconfig":[{"id":1,"levels":[{"level":1,"needexp":100,"awards":[[{"id":10004,"count":60}],[{"id":10004,"count":100}],[{"id":10005,"count":4}]]},{"level":2,"needexp":200,"awards":[[{"id":10003,"count":88}],[{"id":10003,"count":158}],[{"id":10004,"count":300}]]},{"level":3,"needexp":300,"awards":[[{"id":10004,"count":60}],[{"id":10004,"count":100}],[{"id":10003,"count":388}]]},{"level":4,"needexp":400,"awards":[[{"id":10003,"count":38}],[{"id":10003,"count":98}],[{"id":10081,"count":1}]]},{"level":5,"needexp":500,"awards":[[{"id":10028,"count":10}],[{"id":10028,"count":20}],[{"id":10028,"count":50}]]},{"level":6,"needexp":600,"awards":[[{"id":10003,"count":88}],[{"id":10003,"count":158}],[{"id":10005,"count":4}]]},{"level":7,"needexp":700,"awards":[[{"id":10004,"count":60}],[{"id":10004,"count":100}],[{"id":10004,"count":300}]]},{"level":8,"needexp":800,"awards":[[{"id":10003,"count":38}],[{"id":10003,"count":98}],[{"id":10003,"count":388}]]},{"level":9,"needexp":900,"awards":[[{"id":10005,"count":1}],[{"id":10005,"count":2}],[{"id":10005,"count":4}]]},{"level":10,"needexp":1000,"awards":[[{"id":10003,"count":88}],[{"id":10003,"count":158}],[{"id":10003,"count":428}]]},{"level":11,"needexp":1100,"awards":[[{"id":10004,"count":60}],[{"id":10004,"count":100}],[{"id":10003,"count":388}]]},{"level":12,"needexp":1200,"awards":[[{"id":10003,"count":38}],[{"id":10003,"count":98}],[{"id":10004,"count":300}]]},{"level":13,"needexp":1300,"awards":[[{"id":10004,"count":60}],[{"id":10004,"count":100}],[{"id":10003,"count":428}]]},{"level":14,"needexp":1400,"awards":[[{"id":10003,"count":88}],[{"id":10003,"count":158}],[{"id":10004,"count":300}]]},{"level":15,"needexp":1500,"awards":[[{"id":10004,"count":60}],[{"id":10403,"count":1}],[{"id":10403,"count":1}]]},{"level":16,"needexp":1600,"awards":[[{"id":10003,"count":38}],[{"id":10003,"count":98}],[{"id":10004,"count":300}]]},{"level":17,"needexp":1700,"awards":[[{"id":10004,"count":60}],[{"id":10004,"count":100}],[{"id":10003,"count":428}]]},{"level":18,"needexp":1800,"awards":[[{"id":10003,"count":88}],[{"id":10003,"count":158}],[{"id":10003,"count":388}]]},{"level":19,"needexp":1900,"awards":[[{"id":10010,"count":1}],[{"id":10010,"count":2}],[{"id":10081,"count":1}]]},{"level":20,"needexp":2000,"awards":[[{"id":10003,"count":38}],[{"id":10003,"count":98}],[{"id":10003,"count":428}]]},{"level":21,"needexp":2100,"awards":[[{"id":10004,"count":60}],[{"id":10004,"count":100}],[{"id":10004,"count":300}]]},{"level":22,"needexp":2200,"awards":[[{"id":10003,"count":88}],[{"id":10003,"count":158}],[{"id":10003,"count":388}]]},{"level":23,"needexp":2300,"awards":[[{"id":10007,"count":500}],[{"id":10007,"count":1000}],[{"id":10007,"count":2000}]]},{"level":24,"needexp":2400,"awards":[[{"id":10003,"count":38}],[{"id":10003,"count":98}],[{"id":10003,"count":428}]]},{"level":25,"needexp":2500,"awards":[[{"id":10004,"count":60}],[{"id":10004,"count":100}],[{"id":10003,"count":388}]]},{"level":26,"needexp":2600,"awards":[[{"id":10003,"count":88}],[{"id":10003,"count":158}],[{"id":10402,"count":1}]]},{"level":27,"needexp":2700,"awards":[[{"id":10004,"count":60}],[{"id":10004,"count":100}],[{"id":10003,"count":428}]]},{"level":28,"needexp":2800,"awards":[[{"id":10003,"count":38}],[{"id":10003,"count":98}],[{"id":10004,"count":300}]]},{"level":29,"needexp":2900,"awards":[[{"id":10004,"count":60}],[{"id":10004,"count":100}],[{"id":10003,"count":388}]]},{"level":30,"needexp":3000,"awards":[[{"id":10402,"count":1}],[{"id":10401,"count":1}],[{"id":10303,"count":1}]]},{"level":31,"needexp":3100,"awards":[[{"id":10004,"count":60}],[{"id":10004,"count":100}],[{"id":10003,"count":428}]]},{"level":32,"needexp":3200,"awards":[[{"id":10003,"count":38}],[{"id":10003,"count":98}],[{"id":10003,"count":388}]]},{"level":33,"needexp":3300,"awards":[[{"id":10005,"count":2}],[{"id":10005,"count":4}],[{"id":10005,"count":8}]]},{"level":34,"needexp":3400,"awards":[[{"id":10003,"count":88}],[{"id":10003,"count":158}],[{"id":10003,"count":428}]]},{"level":35,"needexp":3500,"awards":[[{"id":10004,"count":60}],[{"id":10004,"count":100}],[{"id":10401,"count":1}]]},{"level":36,"needexp":3600,"awards":[[{"id":10003,"count":38}],[{"id":10003,"count":98}],[{"id":10003,"count":388}]]},{"level":37,"needexp":3700,"awards":[[{"id":10009,"count":20}],[{"id":10009,"count":40}],[{"id":10009,"count":80}]]},{"level":38,"needexp":3800,"awards":[[{"id":10003,"count":88}],[{"id":10003,"count":158}],[{"id":10003,"count":428}]]},{"level":39,"needexp":3900,"awards":[[{"id":10004,"count":60}],[{"id":10004,"count":100}],[{"id":10003,"count":388}]]},{"level":40,"needexp":4000,"awards":[[{"id":10003,"count":38}],[{"id":10003,"count":98}],[{"id":10004,"count":300}]]},{"level":41,"needexp":4100,"awards":[[{"id":10058,"count":20}],[{"id":10058,"count":40}],[{"id":10058,"count":80}]]},{"level":42,"needexp":4200,"awards":[[{"id":10003,"count":88}],[{"id":10003,"count":158}],[{"id":10004,"count":300}]]},{"level":43,"needexp":4300,"awards":[[{"id":10004,"count":60}],[{"id":10004,"count":100}],[{"id":10003,"count":388}]]},{"level":44,"needexp":4400,"awards":[[{"id":10003,"count":38}],[{"id":10003,"count":98}],[{"id":10004,"count":300}]]},{"level":45,"needexp":4500,"awards":[[{"id":10004,"count":60}],[{"id":10004,"count":100}],[{"id":10003,"count":428}]]},{"level":46,"needexp":4600,"awards":[[{"id":10003,"count":88}],[{"id":10003,"count":158}],[{"id":10003,"count":388}]]},{"level":47,"needexp":4700,"awards":[[{"id":10030,"count":5}],[{"id":10030,"count":10}],[{"id":10030,"count":20}]]},{"level":48,"needexp":4800,"awards":[[{"id":10003,"count":38}],[{"id":10003,"count":98}],[{"id":10003,"count":428}]]},{"level":49,"needexp":4900,"awards":[[{"id":10004,"count":60}],[{"id":10004,"count":100}],[{"id":10004,"count":300}]]},{"level":50,"needexp":5000,"awards":[[{"id":10003,"count":88}],[{"id":10003,"count":158}],[{"id":10003,"count":388}]]},{"level":51,"needexp":5100,"awards":[[{"id":10406,"count":1}],[{"id":10405,"count":1}],[{"id":10404,"count":1}]]},{"level":52,"needexp":5200,"awards":[[{"id":10003,"count":38}],[{"id":10003,"count":98}],[{"id":10003,"count":428}]]},{"level":53,"needexp":5300,"awards":[[{"id":10004,"count":60}],[{"id":10004,"count":100}],[{"id":10003,"count":388}]]},{"level":54,"needexp":5400,"awards":[[{"id":10003,"count":88}],[{"id":10003,"count":158}],[{"id":10004,"count":300}]]},{"level":55,"needexp":5500,"awards":[[{"id":10007,"count":500}],[{"id":10007,"count":1000}],[{"id":10007,"count":2000}]]},{"level":56,"needexp":5600,"awards":[[{"id":10003,"count":38}],[{"id":10003,"count":98}],[{"id":10004,"count":300}]]},{"level":57,"needexp":5700,"awards":[[{"id":10004,"count":60}],[{"id":10004,"count":100}],[{"id":10003,"count":388}]]},{"level":58,"needexp":5800,"awards":[[{"id":10003,"count":88}],[{"id":10003,"count":158}],[{"id":10004,"count":300}]]},{"level":59,"needexp":5900,"awards":[[{"id":10008,"count":10}],[{"id":10008,"count":20}],[{"id":10008,"count":40}]]},{"level":60,"needexp":6000,"awards":[[{"id":10003,"count":38}],[{"id":10003,"count":98}],[{"id":10003,"count":388}]]},{"level":61,"needexp":6100,"awards":[[{"id":10004,"count":0}],[{"id":10004,"count":100}],[{"id":10004,"count":300}]]},{"level":62,"needexp":6200,"awards":[[{"id":10004,"count":0}],[{"id":10003,"count":158}],[{"id":10003,"count":428}]]},{"level":63,"needexp":6300,"awards":[[{"id":10004,"count":0}],[{"id":10004,"count":100}],[{"id":10004,"count":300}]]},{"level":64,"needexp":6400,"awards":[[{"id":10004,"count":0}],[{"id":10003,"count":98}],[{"id":10003,"count":388}]]},{"level":65,"needexp":6500,"awards":[[{"id":10004,"count":0}],[{"id":10004,"count":100}],[{"id":10004,"count":300}]]},{"level":66,"needexp":6600,"awards":[[{"id":10004,"count":0}],[{"id":10003,"count":158}],[{"id":10003,"count":428}]]},{"level":67,"needexp":6700,"awards":[[{"id":10004,"count":0}],[{"id":10004,"count":100}],[{"id":10003,"count":388}]]},{"level":68,"needexp":6800,"awards":[[{"id":10004,"count":0}],[{"id":10003,"count":98}],[{"id":10004,"count":300}]]},{"level":69,"needexp":6900,"awards":[[{"id":10004,"count":0}],[{"id":10004,"count":0}],[{"id":10003,"count":428}]]},{"level":70,"needexp":7000,"awards":[[{"id":10004,"count":0}],[{"id":10004,"count":0}],[{"id":10004,"count":300}]]},{"level":71,"needexp":7100,"awards":[[{"id":10004,"count":0}],[{"id":10004,"count":0}],[{"id":10003,"count":388}]]},{"level":72,"needexp":7200,"awards":[[{"id":10004,"count":0}],[{"id":10004,"count":0}],[{"id":10004,"count":300}]]},{"level":73,"needexp":7300,"awards":[[{"id":10004,"count":0}],[{"id":10004,"count":0}],[{"id":10003,"count":428}]]},{"level":74,"needexp":7400,"awards":[[{"id":10004,"count":0}],[{"id":10004,"count":0}],[{"id":10003,"count":388}]]},{"level":75,"needexp":7500,"awards":[[{"id":10004,"count":0}],[{"id":10004,"count":0}],[{"id":10004,"count":300}]]},{"level":76,"needexp":7600,"awards":[[{"id":10004,"count":0}],[{"id":10004,"count":0}],[{"id":10003,"count":428}]]}],"maxAward":[{"id":10303,"count":1}],"tasks":[{"id":1,"type":1,"cleartype":0,"achieveid":2001},{"id":2,"type":1,"cleartype":0,"achieveid":2002},{"id":3,"type":1,"cleartype":0,"achieveid":2003},{"type":1,"cleartype":0,"id":4,"conditions":[{"value":268,"type":20056}],"achieveid":2004},{"type":1,"cleartype":0,"id":5,"conditions":[{"value":100,"type":20056}],"achieveid":2005},{"type":1,"cleartype":0,"id":6,"conditions":[{"value":80,"type":20056}],"achieveid":2006},{"id":7,"type":1,"cleartype":0,"achieveid":2007},{"id":8,"type":2,"cleartype":1,"achieveid":2008},{"id":9,"type":2,"cleartype":1,"achieveid":2009},{"id":10,"type":2,"cleartype":1,"achieveid":2010},{"id":11,"type":2,"cleartype":1,"achieveid":2011},{"id":12,"type":2,"cleartype":1,"achieveid":2012},{"id":13,"type":2,"cleartype":1,"achieveid":2013},{"id":14,"type":2,"cleartype":1,"achieveid":2014},{"id":15,"type":2,"cleartype":1,"achieveid":2015},{"id":16,"type":2,"cleartype":1,"achieveid":2016},{"id":17,"type":2,"cleartype":1,"achieveid":2017},{"id":18,"type":2,"cleartype":1,"achieveid":2018},{"id":19,"type":2,"cleartype":1,"achieveid":2019},{"id":20,"type":2,"cleartype":1,"achieveid":2020},{"id":21,"type":2,"cleartype":1,"achieveid":2021},{"id":22,"type":2,"cleartype":1,"achieveid":2022},{"id":23,"type":2,"cleartype":1,"achieveid":2023},{"id":24,"type":2,"cleartype":1,"achieveid":2024},{"id":25,"type":2,"cleartype":1,"achieveid":2025},{"id":26,"type":2,"cleartype":1,"achieveid":2026},{"id":27,"type":2,"cleartype":1,"achieveid":2027},{"id":28,"type":2,"cleartype":1,"achieveid":2028},{"id":29,"type":2,"cleartype":1,"achieveid":2029},{"id":30,"type":2,"cleartype":1,"achieveid":2030},{"id":31,"type":2,"cleartype":1,"achieveid":2031},{"id":32,"type":2,"cleartype":1,"achieveid":2032},{"id":33,"type":2,"cleartype":1,"achieveid":2033},{"id":34,"type":2,"cleartype":1,"achieveid":2034},{"id":35,"type":2,"cleartype":1,"achieveid":2035},{"id":36,"type":2,"cleartype":1,"achieveid":2036},{"id":37,"type":2,"cleartype":1,"achieveid":2037},{"id":38,"type":2,"cleartype":1,"achieveid":2038},{"id":39,"type":2,"cleartype":1,"achieveid":2039},{"id":40,"type":2,"cleartype":1,"achieveid":2040},{"id":41,"type":2,"cleartype":1,"achieveid":2041},{"id":42,"type":2,"cleartype":1,"achieveid":2042},{"id":43,"type":2,"cleartype":1,"achieveid":2043},{"id":44,"type":2,"cleartype":1,"achieveid":2044},{"id":45,"type":2,"cleartype":1,"achieveid":2045},{"id":46,"type":2,"cleartype":1,"achieveid":2046},{"id":47,"type":2,"cleartype":1,"achieveid":2047},{"id":48,"type":2,"cleartype":1,"achieveid":2048},{"id":49,"type":2,"cleartype":1,"achieveid":2049},{"id":50,"type":2,"cleartype":1,"achieveid":2050},{"id":51,"type":2,"cleartype":1,"achieveid":2051},{"id":52,"type":2,"cleartype":1,"achieveid":2052},{"id":53,"type":2,"cleartype":1,"achieveid":2053},{"id":54,"type":2,"cleartype":1,"achieveid":2054},{"id":55,"type":2,"cleartype":1,"achieveid":2055},{"id":56,"type":2,"cleartype":1,"achieveid":2056},{"id":57,"type":2,"cleartype":1,"achieveid":2057},{"id":58,"type":2,"cleartype":1,"achieveid":2058},{"id":59,"type":2,"cleartype":1,"achieveid":2059},{"id":60,"type":2,"cleartype":1,"achieveid":2060},{"id":61,"type":2,"cleartype":1,"achieveid":2061},{"id":62,"type":2,"cleartype":1,"achieveid":2062},{"id":63,"type":2,"cleartype":1,"achieveid":2063},{"id":64,"type":2,"cleartype":1,"achieveid":2064},{"id":65,"type":2,"cleartype":1,"achieveid":2065},{"id":66,"type":2,"cleartype":1,"achieveid":2066},{"id":67,"type":2,"cleartype":1,"achieveid":2067},{"id":68,"type":2,"cleartype":1,"achieveid":2068},{"id":69,"type":2,"cleartype":1,"achieveid":2069},{"id":70,"type":2,"cleartype":1,"achieveid":2070},{"id":71,"type":2,"cleartype":1,"achieveid":2071},{"id":72,"type":2,"cleartype":1,"achieveid":2072},{"id":73,"type":2,"cleartype":1,"achieveid":2073},{"id":74,"type":2,"cleartype":1,"achieveid":2074},{"id":75,"type":2,"cleartype":1,"achieveid":2075},{"id":76,"type":2,"cleartype":1,"achieveid":2076},{"id":77,"type":2,"cleartype":1,"achieveid":2077},{"id":78,"type":2,"cleartype":1,"achieveid":2078},{"id":79,"type":2,"cleartype":1,"achieveid":2079},{"id":80,"type":2,"cleartype":1,"achieveid":2080},{"id":81,"type":2,"cleartype":1,"achieveid":2081},{"id":82,"type":2,"cleartype":1,"achieveid":2082},{"id":83,"type":2,"cleartype":1,"achieveid":2083},{"id":84,"type":2,"cleartype":1,"achieveid":2084},{"id":85,"type":2,"cleartype":1,"achieveid":2085},{"id":86,"type":2,"cleartype":1,"achieveid":2086},{"id":87,"type":2,"cleartype":1,"achieveid":2087},{"id":88,"type":2,"cleartype":1,"achieveid":2088},{"id":89,"type":2,"cleartype":1,"achieveid":2089},{"id":90,"type":2,"cleartype":1,"achieveid":2090},{"id":91,"type":2,"cleartype":1,"achieveid":2091},{"id":92,"type":2,"cleartype":1,"achieveid":2092},{"id":93,"type":2,"cleartype":1,"achieveid":2093},{"id":94,"type":2,"cleartype":1,"achieveid":2094},{"id":95,"type":2,"cleartype":1,"achieveid":2095},{"id":96,"type":3,"cleartype":1,"achieveid":2096},{"id":97,"type":3,"cleartype":1,"achieveid":2097},{"id":98,"type":3,"cleartype":1,"achieveid":2098},{"id":99,"type":3,"cleartype":1,"achieveid":2099},{"id":100,"type":3,"cleartype":1,"achieveid":2100},{"id":101,"type":3,"cleartype":1,"achieveid":2101},{"id":102,"type":3,"cleartype":1,"achieveid":2102},{"id":103,"type":3,"cleartype":1,"achieveid":2103},{"id":104,"type":3,"cleartype":1,"achieveid":2104},{"id":105,"type":3,"cleartype":1,"achieveid":2105},{"id":106,"type":3,"cleartype":1,"achieveid":2106},{"id":107,"type":3,"cleartype":1,"achieveid":2107},{"id":108,"type":3,"cleartype":1,"achieveid":2108},{"id":109,"type":3,"cleartype":1,"achieveid":2109},{"id":110,"type":3,"cleartype":1,"achieveid":2110},{"id":111,"type":3,"cleartype":1,"achieveid":2111},{"id":112,"type":3,"cleartype":1,"achieveid":2112},{"id":113,"type":3,"cleartype":1,"achieveid":2113},{"id":114,"type":3,"cleartype":1,"achieveid":2114},{"id":115,"type":3,"cleartype":1,"achieveid":2115},{"id":116,"type":3,"cleartype":1,"achieveid":2116},{"id":117,"type":3,"cleartype":1,"achieveid":2117},{"id":118,"type":3,"cleartype":1,"achieveid":2118},{"id":119,"type":3,"cleartype":1,"achieveid":2119},{"id":120,"type":3,"cleartype":1,"achieveid":2120},{"id":121,"type":3,"cleartype":1,"achieveid":2121},{"id":122,"type":3,"cleartype":1,"achieveid":2122},{"id":123,"type":3,"cleartype":1,"achieveid":2123},{"id":124,"type":3,"cleartype":1,"achieveid":2124},{"id":125,"type":3,"cleartype":1,"achieveid":2125},{"id":126,"type":3,"cleartype":1,"achieveid":2126},{"id":127,"type":3,"cleartype":1,"achieveid":2127},{"id":128,"type":3,"cleartype":1,"achieveid":2128},{"id":129,"type":3,"cleartype":1,"achieveid":2129},{"id":130,"type":3,"cleartype":1,"achieveid":2130},{"id":131,"type":3,"cleartype":1,"achieveid":2131},{"id":132,"type":3,"cleartype":1,"achieveid":2132},{"id":133,"type":3,"cleartype":1,"achieveid":2133},{"id":134,"type":3,"cleartype":1,"achieveid":2134},{"id":135,"type":3,"cleartype":1,"achieveid":2135},{"id":136,"type":3,"cleartype":1,"achieveid":2136},{"id":137,"type":3,"cleartype":1,"achieveid":2137},{"id":138,"type":3,"cleartype":1,"achieveid":2138},{"id":139,"type":3,"cleartype":1,"achieveid":2139},{"id":140,"type":3,"cleartype":1,"achieveid":2140},{"id":141,"type":3,"cleartype":1,"achieveid":2141},{"id":142,"type":3,"cleartype":1,"achieveid":2142},{"id":143,"type":3,"cleartype":1,"achieveid":2143},{"id":144,"type":3,"cleartype":1,"achieveid":2144},{"id":145,"type":3,"cleartype":1,"achieveid":2145},{"id":146,"type":3,"cleartype":1,"achieveid":2146},{"id":147,"type":3,"cleartype":1,"achieveid":2147},{"id":148,"type":3,"cleartype":1,"achieveid":2148},{"id":149,"type":3,"cleartype":1,"achieveid":2149},{"id":150,"type":3,"cleartype":1,"achieveid":2150},{"id":151,"type":3,"cleartype":1,"achieveid":2151},{"id":152,"type":3,"cleartype":1,"achieveid":2152},{"id":153,"type":3,"cleartype":1,"achieveid":2153},{"id":154,"type":3,"cleartype":1,"achieveid":2154},{"id":155,"type":3,"cleartype":1,"achieveid":2155},{"id":156,"type":3,"cleartype":1,"achieveid":2156},{"id":157,"type":3,"cleartype":1,"achieveid":2157},{"id":158,"type":3,"cleartype":1,"achieveid":2158},{"id":159,"type":3,"cleartype":1,"achieveid":2159},{"id":160,"type":3,"cleartype":1,"achieveid":2160},{"id":161,"type":3,"cleartype":1,"achieveid":2161},{"id":162,"type":3,"cleartype":1,"achieveid":2162},{"id":163,"type":3,"cleartype":1,"achieveid":2163},{"id":164,"type":3,"cleartype":1,"achieveid":2164},{"id":165,"type":3,"cleartype":1,"achieveid":2165},{"id":166,"type":3,"cleartype":1,"achieveid":2166},{"id":167,"type":3,"cleartype":1,"achieveid":2167},{"id":168,"type":3,"cleartype":1,"achieveid":2168},{"id":169,"type":3,"cleartype":1,"achieveid":2169},{"id":170,"type":3,"cleartype":1,"achieveid":2170},{"id":171,"type":3,"cleartype":1,"achieveid":2171},{"id":172,"type":3,"cleartype":1,"achieveid":2172},{"id":173,"type":3,"cleartype":1,"achieveid":2173},{"id":174,"type":3,"cleartype":1,"achieveid":2174},{"id":175,"type":3,"cleartype":1,"achieveid":2175},{"id":176,"type":3,"cleartype":1,"achieveid":2176},{"id":177,"type":3,"cleartype":1,"achieveid":2177},{"id":178,"type":3,"cleartype":1,"achieveid":2178},{"id":179,"type":3,"cleartype":1,"achieveid":2179},{"id":180,"type":3,"cleartype":1,"achieveid":2180},{"id":181,"type":3,"cleartype":1,"achieveid":2181},{"id":182,"type":3,"cleartype":1,"achieveid":2182},{"id":183,"type":3,"cleartype":1,"achieveid":2183},{"id":184,"type":3,"cleartype":1,"achieveid":2184},{"id":185,"type":3,"cleartype":1,"achieveid":2185},{"id":186,"type":3,"cleartype":1,"achieveid":2186},{"id":187,"type":3,"cleartype":1,"achieveid":2187},{"id":188,"type":3,"cleartype":1,"achieveid":2188},{"id":189,"type":3,"cleartype":1,"achieveid":2189},{"id":190,"type":3,"cleartype":1,"achieveid":2190},{"id":191,"type":3,"cleartype":1,"achieveid":2191},{"id":192,"type":3,"cleartype":1,"achieveid":2192},{"id":193,"type":3,"cleartype":1,"achieveid":2193},{"id":194,"type":3,"cleartype":1,"achieveid":2194},{"id":195,"type":3,"cleartype":1,"achieveid":2195},{"id":196,"type":3,"cleartype":1,"achieveid":2196},{"id":197,"type":3,"cleartype":1,"achieveid":2197},{"id":198,"type":3,"cleartype":1,"achieveid":2198},{"id":199,"type":3,"cleartype":1,"achieveid":2199},{"id":200,"type":3,"cleartype":1,"achieveid":2200},{"id":201,"type":3,"cleartype":1,"achieveid":2201},{"id":202,"type":3,"cleartype":1,"achieveid":2202},{"id":203,"type":3,"cleartype":1,"achieveid":2203},{"id":204,"type":3,"cleartype":1,"achieveid":2204},{"id":205,"type":3,"cleartype":1,"achieveid":2205},{"id":206,"type":3,"cleartype":1,"achieveid":2206},{"id":207,"type":3,"cleartype":1,"achieveid":2207},{"id":208,"type":3,"cleartype":1,"achieveid":2208},{"id":209,"type":3,"cleartype":1,"achieveid":2209},{"id":210,"type":3,"cleartype":1,"achieveid":2210},{"id":211,"type":3,"cleartype":1,"achieveid":2211},{"id":212,"type":3,"cleartype":1,"achieveid":2212},{"id":213,"type":3,"cleartype":1,"achieveid":2213},{"id":214,"type":3,"cleartype":1,"achieveid":2214},{"id":215,"type":3,"cleartype":1,"achieveid":2215},{"id":216,"type":3,"cleartype":1,"achieveid":2216},{"id":217,"type":3,"cleartype":1,"achieveid":2217},{"id":218,"type":3,"cleartype":1,"achieveid":2218},{"id":219,"type":3,"cleartype":1,"achieveid":2219},{"id":220,"type":3,"cleartype":1,"achieveid":2220},{"id":221,"type":3,"cleartype":1,"achieveid":2221},{"id":222,"type":3,"cleartype":1,"achieveid":2222},{"id":223,"type":3,"cleartype":1,"achieveid":2223},{"id":224,"type":3,"cleartype":1,"achieveid":2224},{"id":225,"type":3,"cleartype":1,"achieveid":2225},{"id":226,"type":3,"cleartype":1,"achieveid":2226},{"id":227,"type":3,"cleartype":1,"achieveid":2227},{"id":228,"type":3,"cleartype":1,"achieveid":2228},{"id":229,"type":3,"cleartype":1,"achieveid":2229},{"id":230,"type":3,"cleartype":1,"achieveid":2230},{"id":231,"type":3,"cleartype":1,"achieveid":2231},{"id":232,"type":3,"cleartype":1,"achieveid":2232},{"id":233,"type":3,"cleartype":1,"achieveid":2233},{"id":234,"type":3,"cleartype":1,"achieveid":2234},{"id":235,"type":4,"cleartype":1,"achieveid":2235},{"id":236,"type":4,"cleartype":1,"achieveid":2236},{"id":237,"type":4,"cleartype":1,"achieveid":2237},{"id":238,"type":4,"cleartype":1,"achieveid":2238},{"id":239,"type":4,"cleartype":1,"achieveid":2239},{"id":240,"type":4,"cleartype":1,"achieveid":2240},{"id":241,"type":4,"cleartype":1,"achieveid":2241},{"id":242,"type":4,"cleartype":1,"achieveid":2242},{"id":243,"type":4,"cleartype":1,"achieveid":2243},{"id":244,"type":4,"cleartype":1,"achieveid":2244},{"id":245,"type":4,"cleartype":1,"achieveid":2245},{"id":246,"type":4,"cleartype":1,"achieveid":2246},{"id":247,"type":4,"cleartype":1,"achieveid":2247},{"id":248,"type":4,"cleartype":1,"achieveid":2248},{"id":249,"type":4,"cleartype":1,"achieveid":2249},{"id":250,"type":4,"cleartype":1,"achieveid":2250},{"id":251,"type":4,"cleartype":1,"achieveid":2251},{"id":252,"type":4,"cleartype":1,"achieveid":2252},{"id":253,"type":4,"cleartype":1,"achieveid":2253},{"id":254,"type":4,"cleartype":1,"achieveid":2254},{"id":255,"type":4,"cleartype":1,"achieveid":2255},{"id":256,"type":4,"cleartype":1,"achieveid":2256},{"id":257,"type":4,"cleartype":1,"achieveid":2257},{"id":258,"type":4,"cleartype":1,"achieveid":2258},{"id":259,"type":4,"cleartype":1,"achieveid":2259},{"id":260,"type":4,"cleartype":1,"achieveid":2260},{"id":261,"type":4,"cleartype":1,"achieveid":2261},{"id":262,"type":4,"cleartype":1,"achieveid":2262},{"id":263,"type":4,"cleartype":1,"achieveid":2263},{"id":264,"type":4,"cleartype":1,"achieveid":2264},{"id":265,"type":4,"cleartype":1,"achieveid":2265},{"id":266,"type":4,"cleartype":1,"achieveid":2266},{"id":267,"type":4,"cleartype":1,"achieveid":2267},{"id":268,"type":4,"cleartype":1,"achieveid":2268},{"id":269,"type":4,"cleartype":1,"achieveid":2269},{"id":270,"type":4,"cleartype":1,"achieveid":2270},{"id":271,"type":4,"cleartype":1,"achieveid":2271},{"id":272,"type":4,"cleartype":1,"achieveid":2272},{"id":273,"type":4,"cleartype":1,"achieveid":2273},{"id":274,"type":4,"cleartype":1,"achieveid":2274},{"id":275,"type":4,"cleartype":1,"achieveid":2275},{"id":276,"type":4,"cleartype":1,"achieveid":2276},{"id":277,"type":4,"cleartype":1,"achieveid":2277},{"id":278,"type":4,"cleartype":1,"achieveid":2278},{"id":279,"type":4,"cleartype":1,"achieveid":2279},{"id":280,"type":4,"cleartype":1,"achieveid":2280},{"id":281,"type":4,"cleartype":1,"achieveid":2281},{"id":282,"type":4,"cleartype":1,"achieveid":2282},{"id":283,"type":4,"cleartype":1,"achieveid":2283},{"id":284,"type":4,"cleartype":1,"achieveid":2284},{"id":285,"type":4,"cleartype":1,"achieveid":2285},{"id":286,"type":4,"cleartype":1,"achieveid":2286},{"id":287,"type":4,"cleartype":1,"achieveid":2287},{"id":288,"type":4,"cleartype":1,"achieveid":2288},{"id":289,"type":4,"cleartype":1,"achieveid":2289},{"id":290,"type":4,"cleartype":1,"achieveid":2290},{"id":291,"type":4,"cleartype":1,"achieveid":2291},{"id":292,"type":4,"cleartype":1,"achieveid":2292},{"id":293,"type":4,"cleartype":1,"achieveid":2293},{"id":294,"type":4,"cleartype":1,"achieveid":2294},{"id":295,"type":4,"cleartype":1,"achieveid":2295},{"id":296,"type":4,"cleartype":1,"achieveid":2296},{"id":297,"type":4,"cleartype":1,"achieveid":2297},{"id":298,"type":4,"cleartype":1,"achieveid":2298},{"id":299,"type":4,"cleartype":1,"achieveid":2299},{"id":300,"type":4,"cleartype":1,"achieveid":2300},{"id":301,"type":4,"cleartype":1,"achieveid":2301},{"id":302,"type":4,"cleartype":1,"achieveid":2302},{"id":303,"type":4,"cleartype":1,"achieveid":2303},{"id":304,"type":4,"cleartype":1,"achieveid":2304},{"id":305,"type":4,"cleartype":1,"achieveid":2305},{"id":306,"type":4,"cleartype":1,"achieveid":2306},{"id":307,"type":4,"cleartype":1,"achieveid":2307},{"id":308,"type":4,"cleartype":1,"achieveid":2308},{"id":309,"type":4,"cleartype":1,"achieveid":2309},{"id":310,"type":4,"cleartype":1,"achieveid":2310},{"id":311,"type":4,"cleartype":1,"achieveid":2311},{"id":312,"type":5,"cleartype":1,"achieveid":2312},{"id":313,"type":5,"cleartype":1,"achieveid":2313},{"id":314,"type":5,"cleartype":1,"achieveid":2314},{"id":315,"type":5,"cleartype":1,"achieveid":2315},{"id":316,"type":5,"cleartype":1,"achieveid":2316},{"id":317,"type":5,"cleartype":1,"achieveid":2317},{"id":318,"type":5,"cleartype":1,"achieveid":2318},{"id":319,"type":5,"cleartype":1,"achieveid":2319},{"id":320,"type":5,"cleartype":1,"achieveid":2320},{"id":321,"type":5,"cleartype":1,"achieveid":2321},{"id":322,"type":5,"cleartype":1,"achieveid":2322},{"id":323,"type":5,"cleartype":1,"achieveid":2323},{"id":324,"type":5,"cleartype":1,"achieveid":2324},{"id":325,"type":5,"cleartype":1,"achieveid":2325},{"id":326,"type":5,"cleartype":1,"achieveid":2326},{"id":327,"type":5,"cleartype":1,"achieveid":2327},{"id":328,"type":5,"cleartype":1,"achieveid":2328},{"id":329,"type":5,"cleartype":1,"achieveid":2329},{"id":330,"type":5,"cleartype":1,"achieveid":2330},{"id":331,"type":5,"cleartype":1,"achieveid":2331},{"id":332,"type":5,"cleartype":1,"achieveid":2332},{"id":333,"type":5,"cleartype":1,"achieveid":2333},{"id":334,"type":5,"cleartype":1,"achieveid":2334},{"id":335,"type":5,"cleartype":1,"achieveid":2335},{"id":336,"type":5,"cleartype":1,"achieveid":2336},{"id":337,"type":5,"cleartype":1,"achieveid":2337},{"id":338,"type":5,"cleartype":1,"achieveid":2338},{"id":339,"type":5,"cleartype":1,"achieveid":2339},{"id":340,"type":5,"cleartype":1,"achieveid":2340},{"id":341,"type":5,"cleartype":1,"achieveid":2341},{"id":342,"type":5,"cleartype":1,"achieveid":2342},{"id":343,"type":5,"cleartype":1,"achieveid":2343},{"id":344,"type":5,"cleartype":1,"achieveid":2344},{"id":345,"type":5,"cleartype":1,"achieveid":2345},{"id":346,"type":5,"cleartype":1,"achieveid":2346},{"id":347,"type":5,"cleartype":1,"achieveid":2347},{"id":348,"type":5,"cleartype":1,"achieveid":2348},{"id":349,"type":5,"cleartype":1,"achieveid":2349},{"id":350,"type":5,"cleartype":1,"achieveid":2350},{"id":351,"type":5,"cleartype":1,"achieveid":2351},{"type":1,"cleartype":0,"id":352,"conditions":[{"value":51,"type":20056}],"achieveid":2352},{"type":1,"cleartype":0,"id":353,"conditions":[{"value":68,"type":20056}],"achieveid":2353}]},{"id":2,"levels":[{"level":1,"needexp":100,"awards":[[{"id":10004,"count":60}],[{"id":10004,"count":100}],[{"id":10005,"count":4}]]},{"level":2,"needexp":200,"awards":[[{"id":10003,"count":88}],[{"id":10003,"count":158}],[{"id":10004,"count":300}]]},{"level":3,"needexp":300,"awards":[[{"id":10004,"count":60}],[{"id":10004,"count":100}],[{"id":10003,"count":388}]]},{"level":4,"needexp":400,"awards":[[{"id":10003,"count":38}],[{"id":10003,"count":98}],[{"id":10081,"count":1}]]},{"level":5,"needexp":500,"awards":[[{"id":10028,"count":10}],[{"id":10028,"count":20}],[{"id":10028,"count":50}]]},{"level":6,"needexp":600,"awards":[[{"id":10003,"count":88}],[{"id":10003,"count":158}],[{"id":10005,"count":4}]]},{"level":7,"needexp":700,"awards":[[{"id":10004,"count":60}],[{"id":10004,"count":100}],[{"id":10004,"count":300}]]},{"level":8,"needexp":800,"awards":[[{"id":10003,"count":38}],[{"id":10003,"count":98}],[{"id":10003,"count":388}]]},{"level":9,"needexp":900,"awards":[[{"id":10005,"count":1}],[{"id":10005,"count":2}],[{"id":10005,"count":4}]]},{"level":10,"needexp":1000,"awards":[[{"id":10003,"count":88}],[{"id":10003,"count":158}],[{"id":10003,"count":428}]]},{"level":11,"needexp":1100,"awards":[[{"id":10500,"count":10}],[{"id":10500,"count":20}],[{"id":10500,"count":80}]]},{"level":12,"needexp":1200,"awards":[[{"id":10003,"count":38}],[{"id":10003,"count":98}],[{"id":10004,"count":300}]]},{"level":13,"needexp":1300,"awards":[[{"id":10004,"count":60}],[{"id":10004,"count":100}],[{"id":10003,"count":428}]]},{"level":14,"needexp":1400,"awards":[[{"id":10003,"count":88}],[{"id":10003,"count":158}],[{"id":10004,"count":300}]]},{"level":15,"needexp":1500,"awards":[[{"id":10004,"count":60}],[{"id":10403,"count":1}],[{"id":10403,"count":1}]]},{"level":16,"needexp":1600,"awards":[[{"id":10003,"count":38}],[{"id":10003,"count":98}],[{"id":10004,"count":300}]]},{"level":17,"needexp":1700,"awards":[[{"id":10004,"count":60}],[{"id":10004,"count":100}],[{"id":10003,"count":428}]]},{"level":18,"needexp":1800,"awards":[[{"id":10003,"count":88}],[{"id":10003,"count":158}],[{"id":10003,"count":388}]]},{"level":19,"needexp":1900,"awards":[[{"id":10010,"count":1}],[{"id":10010,"count":2}],[{"id":10081,"count":1}]]},{"level":20,"needexp":2000,"awards":[[{"id":10003,"count":38}],[{"id":10003,"count":98}],[{"id":10003,"count":428}]]},{"level":21,"needexp":2100,"awards":[[{"id":10004,"count":60}],[{"id":10004,"count":100}],[{"id":10004,"count":300}]]},{"level":22,"needexp":2200,"awards":[[{"id":10003,"count":88}],[{"id":10003,"count":158}],[{"id":10003,"count":388}]]},{"level":23,"needexp":2300,"awards":[[{"id":10007,"count":500}],[{"id":10007,"count":1000}],[{"id":10007,"count":2000}]]},{"level":24,"needexp":2400,"awards":[[{"id":10003,"count":38}],[{"id":10003,"count":98}],[{"id":10003,"count":428}]]},{"level":25,"needexp":2500,"awards":[[{"id":10004,"count":60}],[{"id":10004,"count":100}],[{"id":10003,"count":388}]]},{"level":26,"needexp":2600,"awards":[[{"id":10003,"count":88}],[{"id":10003,"count":158}],[{"id":10402,"count":1}]]},{"level":27,"needexp":2700,"awards":[[{"id":10004,"count":60}],[{"id":10004,"count":100}],[{"id":10003,"count":428}]]},{"level":28,"needexp":2800,"awards":[[{"id":10003,"count":38}],[{"id":10003,"count":98}],[{"id":10004,"count":300}]]},{"level":29,"needexp":2900,"awards":[[{"id":10004,"count":60}],[{"id":10004,"count":100}],[{"id":10003,"count":388}]]},{"level":30,"needexp":3000,"awards":[[{"id":10402,"count":1}],[{"id":10401,"count":1}],[{"id":10303,"count":1}]]},{"level":31,"needexp":3100,"awards":[[{"id":10004,"count":60}],[{"id":10004,"count":100}],[{"id":10003,"count":428}]]},{"level":32,"needexp":3200,"awards":[[{"id":10003,"count":38}],[{"id":10003,"count":98}],[{"id":10003,"count":388}]]},{"level":33,"needexp":3300,"awards":[[{"id":10005,"count":2}],[{"id":10005,"count":4}],[{"id":10005,"count":8}]]},{"level":34,"needexp":3400,"awards":[[{"id":10003,"count":88}],[{"id":10003,"count":158}],[{"id":10003,"count":428}]]},{"level":35,"needexp":3500,"awards":[[{"id":10004,"count":60}],[{"id":10004,"count":100}],[{"id":10401,"count":1}]]},{"level":36,"needexp":3600,"awards":[[{"id":10003,"count":38}],[{"id":10003,"count":98}],[{"id":10003,"count":388}]]},{"level":37,"needexp":3700,"awards":[[{"id":10009,"count":20}],[{"id":10009,"count":40}],[{"id":10009,"count":80}]]},{"level":38,"needexp":3800,"awards":[[{"id":10003,"count":88}],[{"id":10003,"count":158}],[{"id":10003,"count":428}]]},{"level":39,"needexp":3900,"awards":[[{"id":10004,"count":60}],[{"id":10004,"count":100}],[{"id":10003,"count":388}]]},{"level":40,"needexp":4000,"awards":[[{"id":10003,"count":38}],[{"id":10003,"count":98}],[{"id":10004,"count":300}]]},{"level":41,"needexp":4100,"awards":[[{"id":10058,"count":20}],[{"id":10058,"count":40}],[{"id":10058,"count":80}]]},{"level":42,"needexp":4200,"awards":[[{"id":10003,"count":88}],[{"id":10003,"count":158}],[{"id":10004,"count":300}]]},{"level":43,"needexp":4300,"awards":[[{"id":10004,"count":60}],[{"id":10004,"count":100}],[{"id":10003,"count":388}]]},{"level":44,"needexp":4400,"awards":[[{"id":10003,"count":38}],[{"id":10003,"count":98}],[{"id":10004,"count":300}]]},{"level":45,"needexp":4500,"awards":[[{"id":10004,"count":60}],[{"id":10004,"count":100}],[{"id":10003,"count":428}]]},{"level":46,"needexp":4600,"awards":[[{"id":10003,"count":88}],[{"id":10003,"count":158}],[{"id":10003,"count":388}]]},{"level":47,"needexp":4700,"awards":[[{"id":10030,"count":5}],[{"id":10030,"count":10}],[{"id":10030,"count":20}]]},{"level":48,"needexp":4800,"awards":[[{"id":10003,"count":38}],[{"id":10003,"count":98}],[{"id":10003,"count":428}]]},{"level":49,"needexp":4900,"awards":[[{"id":10514,"count":1}],[{"id":10514,"count":2}],[{"id":10514,"count":4}]]},{"level":50,"needexp":5000,"awards":[[{"id":10003,"count":88}],[{"id":10003,"count":158}],[{"id":10003,"count":388}]]},{"level":51,"needexp":5100,"awards":[[{"id":10406,"count":1}],[{"id":10405,"count":1}],[{"id":10404,"count":1}]]},{"level":52,"needexp":5200,"awards":[[{"id":10003,"count":38}],[{"id":10003,"count":98}],[{"id":10003,"count":428}]]},{"level":53,"needexp":5300,"awards":[[{"id":10004,"count":60}],[{"id":10004,"count":100}],[{"id":10003,"count":388}]]},{"level":54,"needexp":5400,"awards":[[{"id":10003,"count":88}],[{"id":10003,"count":158}],[{"id":10004,"count":300}]]},{"level":55,"needexp":5500,"awards":[[{"id":10007,"count":500}],[{"id":10007,"count":1000}],[{"id":10007,"count":2000}]]},{"level":56,"needexp":5600,"awards":[[{"id":10003,"count":38}],[{"id":10003,"count":98}],[{"id":10004,"count":300}]]},{"level":57,"needexp":5700,"awards":[[{"id":10004,"count":60}],[{"id":10004,"count":100}],[{"id":10003,"count":388}]]},{"level":58,"needexp":5800,"awards":[[{"id":10003,"count":88}],[{"id":10003,"count":158}],[{"id":10004,"count":300}]]},{"level":59,"needexp":5900,"awards":[[{"id":10008,"count":10}],[{"id":10008,"count":20}],[{"id":10008,"count":40}]]},{"level":60,"needexp":6000,"awards":[[{"id":10003,"count":38}],[{"id":10003,"count":98}],[{"id":10003,"count":388}]]},{"level":61,"needexp":6100,"awards":[[{"id":10004,"count":0}],[{"id":10004,"count":100}],[{"id":10004,"count":300}]]},{"level":62,"needexp":6200,"awards":[[{"id":10004,"count":0}],[{"id":10003,"count":158}],[{"id":10003,"count":428}]]},{"level":63,"needexp":6300,"awards":[[{"id":10004,"count":0}],[{"id":10004,"count":100}],[{"id":10004,"count":300}]]},{"level":64,"needexp":6400,"awards":[[{"id":10004,"count":0}],[{"id":10003,"count":98}],[{"id":10003,"count":388}]]},{"level":65,"needexp":6500,"awards":[[{"id":10004,"count":0}],[{"id":10004,"count":100}],[{"id":10004,"count":300}]]},{"level":66,"needexp":6600,"awards":[[{"id":10004,"count":0}],[{"id":10003,"count":158}],[{"id":10003,"count":428}]]},{"level":67,"needexp":6700,"awards":[[{"id":10004,"count":0}],[{"id":10004,"count":100}],[{"id":10003,"count":388}]]},{"level":68,"needexp":6800,"awards":[[{"id":10004,"count":0}],[{"id":10003,"count":98}],[{"id":10004,"count":300}]]},{"level":69,"needexp":6900,"awards":[[{"id":10004,"count":0}],[{"id":10004,"count":0}],[{"id":10003,"count":428}]]},{"level":70,"needexp":7000,"awards":[[{"id":10004,"count":0}],[{"id":10004,"count":0}],[{"id":10004,"count":300}]]},{"level":71,"needexp":7100,"awards":[[{"id":10004,"count":0}],[{"id":10004,"count":0}],[{"id":10003,"count":388}]]},{"level":72,"needexp":7200,"awards":[[{"id":10004,"count":0}],[{"id":10004,"count":0}],[{"id":10004,"count":300}]]},{"level":73,"needexp":7300,"awards":[[{"id":10004,"count":0}],[{"id":10004,"count":0}],[{"id":10003,"count":428}]]},{"level":74,"needexp":7400,"awards":[[{"id":10004,"count":0}],[{"id":10004,"count":0}],[{"id":10003,"count":388}]]},{"level":75,"needexp":7500,"awards":[[{"id":10004,"count":0}],[{"id":10004,"count":0}],[{"id":10004,"count":300}]]},{"level":76,"needexp":7600,"awards":[[{"id":10004,"count":0}],[{"id":10004,"count":0}],[{"id":10003,"count":428}]]}],"maxAward":[{"id":10514,"count":1}],"tasks":[{"id":1,"type":1,"cleartype":0,"achieveid":2001},{"id":2,"type":1,"cleartype":0,"achieveid":2002},{"id":3,"type":1,"cleartype":0,"achieveid":2003},{"id":4,"type":1,"cleartype":0,"achieveid":2004},{"id":5,"type":1,"cleartype":0,"achieveid":2005},{"id":6,"type":1,"cleartype":0,"achieveid":2006},{"id":7,"type":1,"cleartype":0,"achieveid":2007},{"id":8,"type":2,"cleartype":1,"achieveid":2008},{"id":9,"type":2,"cleartype":1,"achieveid":2009},{"id":10,"type":2,"cleartype":1,"achieveid":2010},{"id":11,"type":2,"cleartype":1,"achieveid":2011},{"id":12,"type":2,"cleartype":1,"achieveid":2012},{"id":13,"type":2,"cleartype":1,"achieveid":2013},{"id":14,"type":2,"cleartype":1,"achieveid":2014},{"id":15,"type":2,"cleartype":1,"achieveid":2015},{"id":16,"type":2,"cleartype":1,"achieveid":2016},{"id":17,"type":2,"cleartype":1,"achieveid":2017},{"id":18,"type":2,"cleartype":1,"achieveid":2018},{"id":19,"type":2,"cleartype":1,"achieveid":2019},{"id":20,"type":2,"cleartype":1,"achieveid":2020},{"id":21,"type":2,"cleartype":1,"achieveid":2021},{"id":22,"type":2,"cleartype":1,"achieveid":2022},{"id":23,"type":2,"cleartype":1,"achieveid":2023},{"id":24,"type":2,"cleartype":1,"achieveid":2024},{"id":25,"type":2,"cleartype":1,"achieveid":2025},{"id":26,"type":2,"cleartype":1,"achieveid":2026},{"id":27,"type":2,"cleartype":1,"achieveid":2027},{"id":28,"type":2,"cleartype":1,"achieveid":2028},{"id":29,"type":2,"cleartype":1,"achieveid":2029},{"id":30,"type":2,"cleartype":1,"achieveid":2030},{"id":31,"type":2,"cleartype":1,"achieveid":2031},{"id":32,"type":2,"cleartype":1,"achieveid":2032},{"id":33,"type":2,"cleartype":1,"achieveid":2033},{"id":34,"type":2,"cleartype":1,"achieveid":2034},{"id":35,"type":2,"cleartype":1,"achieveid":2035},{"id":36,"type":2,"cleartype":1,"achieveid":2036},{"id":37,"type":2,"cleartype":1,"achieveid":2037},{"id":38,"type":2,"cleartype":1,"achieveid":2038},{"id":39,"type":2,"cleartype":1,"achieveid":2039},{"id":40,"type":2,"cleartype":1,"achieveid":2040},{"id":41,"type":2,"cleartype":1,"achieveid":2041},{"id":42,"type":2,"cleartype":1,"achieveid":2042},{"id":43,"type":2,"cleartype":1,"achieveid":2043},{"id":44,"type":2,"cleartype":1,"achieveid":2044},{"id":45,"type":2,"cleartype":1,"achieveid":2045},{"id":46,"type":2,"cleartype":1,"achieveid":2046},{"id":47,"type":2,"cleartype":1,"achieveid":2047},{"id":48,"type":2,"cleartype":1,"achieveid":2048},{"id":49,"type":2,"cleartype":1,"achieveid":2049},{"id":50,"type":2,"cleartype":1,"achieveid":2050},{"id":51,"type":2,"cleartype":1,"achieveid":2051},{"id":52,"type":2,"cleartype":1,"achieveid":2052},{"id":53,"type":2,"cleartype":1,"achieveid":2053},{"id":54,"type":2,"cleartype":1,"achieveid":2054},{"id":55,"type":2,"cleartype":1,"achieveid":2055},{"id":56,"type":2,"cleartype":1,"achieveid":2056},{"id":57,"type":2,"cleartype":1,"achieveid":2057},{"id":58,"type":2,"cleartype":1,"achieveid":2058},{"id":59,"type":2,"cleartype":1,"achieveid":2059},{"id":60,"type":2,"cleartype":1,"achieveid":2060},{"id":61,"type":2,"cleartype":1,"achieveid":2061},{"id":62,"type":2,"cleartype":1,"achieveid":2062},{"id":63,"type":2,"cleartype":1,"achieveid":2063},{"id":64,"type":2,"cleartype":1,"achieveid":2064},{"id":65,"type":2,"cleartype":1,"achieveid":2065},{"id":66,"type":2,"cleartype":1,"achieveid":2066},{"id":67,"type":2,"cleartype":1,"achieveid":2067},{"id":68,"type":2,"cleartype":1,"achieveid":2068},{"id":69,"type":2,"cleartype":1,"achieveid":2069},{"id":70,"type":2,"cleartype":1,"achieveid":2070},{"id":71,"type":2,"cleartype":1,"achieveid":2071},{"id":72,"type":2,"cleartype":1,"achieveid":2072},{"id":73,"type":2,"cleartype":1,"achieveid":2073},{"id":74,"type":2,"cleartype":1,"achieveid":2074},{"id":75,"type":2,"cleartype":1,"achieveid":2075},{"id":76,"type":2,"cleartype":1,"achieveid":2076},{"id":77,"type":2,"cleartype":1,"achieveid":2077},{"id":78,"type":2,"cleartype":1,"achieveid":2078},{"id":79,"type":2,"cleartype":1,"achieveid":2079},{"id":80,"type":2,"cleartype":1,"achieveid":2080},{"id":81,"type":2,"cleartype":1,"achieveid":2081},{"id":82,"type":2,"cleartype":1,"achieveid":2082},{"id":83,"type":2,"cleartype":1,"achieveid":2083},{"id":84,"type":2,"cleartype":1,"achieveid":2084},{"id":85,"type":2,"cleartype":1,"achieveid":2085},{"id":86,"type":2,"cleartype":1,"achieveid":2086},{"id":87,"type":2,"cleartype":1,"achieveid":2087},{"id":88,"type":2,"cleartype":1,"achieveid":2088},{"id":89,"type":2,"cleartype":1,"achieveid":2089},{"id":90,"type":2,"cleartype":1,"achieveid":2090},{"id":91,"type":2,"cleartype":1,"achieveid":2091},{"id":92,"type":2,"cleartype":1,"achieveid":2092},{"id":93,"type":2,"cleartype":1,"achieveid":2093},{"id":94,"type":2,"cleartype":1,"achieveid":2094},{"id":95,"type":2,"cleartype":1,"achieveid":2095},{"id":96,"type":3,"cleartype":1,"achieveid":2096},{"id":97,"type":3,"cleartype":1,"achieveid":2097},{"id":98,"type":3,"cleartype":1,"achieveid":2098},{"id":99,"type":3,"cleartype":1,"achieveid":2099},{"id":100,"type":3,"cleartype":1,"achieveid":2100},{"id":101,"type":3,"cleartype":1,"achieveid":2101},{"id":102,"type":3,"cleartype":1,"achieveid":2102},{"id":103,"type":3,"cleartype":1,"achieveid":2103},{"id":104,"type":3,"cleartype":1,"achieveid":2104},{"id":105,"type":3,"cleartype":1,"achieveid":2105},{"id":106,"type":3,"cleartype":1,"achieveid":2106},{"id":107,"type":3,"cleartype":1,"achieveid":2107},{"id":108,"type":3,"cleartype":1,"achieveid":2108},{"id":109,"type":3,"cleartype":1,"achieveid":2109},{"id":110,"type":3,"cleartype":1,"achieveid":2110},{"id":111,"type":3,"cleartype":1,"achieveid":2111},{"id":112,"type":3,"cleartype":1,"achieveid":2112},{"id":113,"type":3,"cleartype":1,"achieveid":2113},{"id":114,"type":3,"cleartype":1,"achieveid":2114},{"id":115,"type":3,"cleartype":1,"achieveid":2115},{"id":116,"type":3,"cleartype":1,"achieveid":2116},{"id":117,"type":3,"cleartype":1,"achieveid":2117},{"id":118,"type":3,"cleartype":1,"achieveid":2118},{"id":119,"type":3,"cleartype":1,"achieveid":2119},{"id":120,"type":3,"cleartype":1,"achieveid":2120},{"id":121,"type":3,"cleartype":1,"achieveid":2121},{"id":122,"type":3,"cleartype":1,"achieveid":2122},{"id":123,"type":3,"cleartype":1,"achieveid":2123},{"id":124,"type":3,"cleartype":1,"achieveid":2124},{"id":125,"type":3,"cleartype":1,"achieveid":2125},{"id":126,"type":3,"cleartype":1,"achieveid":2126},{"id":127,"type":3,"cleartype":1,"achieveid":2127},{"id":128,"type":3,"cleartype":1,"achieveid":2128},{"id":129,"type":3,"cleartype":1,"achieveid":2129},{"id":130,"type":3,"cleartype":1,"achieveid":2130},{"id":131,"type":3,"cleartype":1,"achieveid":2131},{"id":132,"type":3,"cleartype":1,"achieveid":2132},{"id":133,"type":3,"cleartype":1,"achieveid":2133},{"id":134,"type":3,"cleartype":1,"achieveid":2134},{"id":135,"type":3,"cleartype":1,"achieveid":2135},{"id":136,"type":3,"cleartype":1,"achieveid":2136},{"id":137,"type":3,"cleartype":1,"achieveid":2137},{"id":138,"type":3,"cleartype":1,"achieveid":2138},{"id":139,"type":3,"cleartype":1,"achieveid":2139},{"id":140,"type":3,"cleartype":1,"achieveid":2140},{"id":141,"type":3,"cleartype":1,"achieveid":2141},{"id":142,"type":3,"cleartype":1,"achieveid":2142},{"id":143,"type":3,"cleartype":1,"achieveid":2143},{"id":144,"type":3,"cleartype":1,"achieveid":2144},{"id":145,"type":3,"cleartype":1,"achieveid":2145},{"id":146,"type":3,"cleartype":1,"achieveid":2146},{"id":147,"type":3,"cleartype":1,"achieveid":2147},{"id":148,"type":3,"cleartype":1,"achieveid":2148},{"id":149,"type":3,"cleartype":1,"achieveid":2149},{"id":150,"type":3,"cleartype":1,"achieveid":2150},{"id":151,"type":3,"cleartype":1,"achieveid":2151},{"id":152,"type":3,"cleartype":1,"achieveid":2152},{"id":153,"type":3,"cleartype":1,"achieveid":2153},{"id":154,"type":3,"cleartype":1,"achieveid":2154},{"id":155,"type":3,"cleartype":1,"achieveid":2155},{"id":156,"type":3,"cleartype":1,"achieveid":2156},{"id":157,"type":3,"cleartype":1,"achieveid":2157},{"id":158,"type":3,"cleartype":1,"achieveid":2158},{"id":159,"type":3,"cleartype":1,"achieveid":2159},{"id":160,"type":3,"cleartype":1,"achieveid":2160},{"id":161,"type":3,"cleartype":1,"achieveid":2161},{"id":162,"type":3,"cleartype":1,"achieveid":2162},{"id":163,"type":3,"cleartype":1,"achieveid":2163},{"id":164,"type":3,"cleartype":1,"achieveid":2164},{"id":165,"type":3,"cleartype":1,"achieveid":2165},{"id":166,"type":3,"cleartype":1,"achieveid":2166},{"id":167,"type":3,"cleartype":1,"achieveid":2167},{"id":168,"type":3,"cleartype":1,"achieveid":2168},{"id":169,"type":3,"cleartype":1,"achieveid":2169},{"id":170,"type":3,"cleartype":1,"achieveid":2170},{"id":171,"type":3,"cleartype":1,"achieveid":2171},{"id":172,"type":3,"cleartype":1,"achieveid":2172},{"id":173,"type":3,"cleartype":1,"achieveid":2173},{"id":174,"type":3,"cleartype":1,"achieveid":2174},{"id":175,"type":3,"cleartype":1,"achieveid":2175},{"id":176,"type":3,"cleartype":1,"achieveid":2176},{"id":177,"type":3,"cleartype":1,"achieveid":2177},{"id":178,"type":3,"cleartype":1,"achieveid":2178},{"id":179,"type":3,"cleartype":1,"achieveid":2179},{"id":180,"type":3,"cleartype":1,"achieveid":2180},{"id":181,"type":3,"cleartype":1,"achieveid":2181},{"id":182,"type":3,"cleartype":1,"achieveid":2182},{"id":183,"type":3,"cleartype":1,"achieveid":2183},{"id":184,"type":3,"cleartype":1,"achieveid":2184},{"id":185,"type":3,"cleartype":1,"achieveid":2185},{"id":186,"type":3,"cleartype":1,"achieveid":2186},{"id":187,"type":3,"cleartype":1,"achieveid":2187},{"id":188,"type":3,"cleartype":1,"achieveid":2188},{"id":189,"type":3,"cleartype":1,"achieveid":2189},{"id":190,"type":3,"cleartype":1,"achieveid":2190},{"id":191,"type":3,"cleartype":1,"achieveid":2191},{"id":192,"type":3,"cleartype":1,"achieveid":2192},{"id":193,"type":3,"cleartype":1,"achieveid":2193},{"id":194,"type":3,"cleartype":1,"achieveid":2194},{"id":195,"type":3,"cleartype":1,"achieveid":2195},{"id":196,"type":3,"cleartype":1,"achieveid":2196},{"id":197,"type":3,"cleartype":1,"achieveid":2197},{"id":198,"type":3,"cleartype":1,"achieveid":2198},{"id":199,"type":3,"cleartype":1,"achieveid":2199},{"id":200,"type":3,"cleartype":1,"achieveid":2200},{"id":201,"type":3,"cleartype":1,"achieveid":2201},{"id":202,"type":3,"cleartype":1,"achieveid":2202},{"id":203,"type":3,"cleartype":1,"achieveid":2203},{"id":204,"type":3,"cleartype":1,"achieveid":2204},{"id":205,"type":3,"cleartype":1,"achieveid":2205},{"id":206,"type":3,"cleartype":1,"achieveid":2206},{"id":207,"type":3,"cleartype":1,"achieveid":2207},{"id":208,"type":3,"cleartype":1,"achieveid":2208},{"id":209,"type":3,"cleartype":1,"achieveid":2209},{"id":210,"type":3,"cleartype":1,"achieveid":2210},{"id":211,"type":3,"cleartype":1,"achieveid":2211},{"id":212,"type":3,"cleartype":1,"achieveid":2212},{"id":213,"type":3,"cleartype":1,"achieveid":2213},{"id":214,"type":3,"cleartype":1,"achieveid":2214},{"id":215,"type":3,"cleartype":1,"achieveid":2215},{"id":216,"type":3,"cleartype":1,"achieveid":2216},{"id":217,"type":3,"cleartype":1,"achieveid":2217},{"id":218,"type":3,"cleartype":1,"achieveid":2218},{"id":219,"type":3,"cleartype":1,"achieveid":2219},{"id":220,"type":3,"cleartype":1,"achieveid":2220},{"id":221,"type":3,"cleartype":1,"achieveid":2221},{"id":222,"type":3,"cleartype":1,"achieveid":2222},{"id":223,"type":3,"cleartype":1,"achieveid":2223},{"id":224,"type":3,"cleartype":1,"achieveid":2224},{"id":225,"type":3,"cleartype":1,"achieveid":2225},{"id":226,"type":3,"cleartype":1,"achieveid":2226},{"id":227,"type":3,"cleartype":1,"achieveid":2227},{"id":228,"type":3,"cleartype":1,"achieveid":2228},{"id":229,"type":3,"cleartype":1,"achieveid":2229},{"id":230,"type":3,"cleartype":1,"achieveid":2230},{"id":231,"type":3,"cleartype":1,"achieveid":2231},{"id":232,"type":3,"cleartype":1,"achieveid":2232},{"id":233,"type":3,"cleartype":1,"achieveid":2233},{"id":234,"type":3,"cleartype":1,"achieveid":2234},{"id":235,"type":4,"cleartype":1,"achieveid":2235},{"id":236,"type":4,"cleartype":1,"achieveid":2236},{"id":237,"type":4,"cleartype":1,"achieveid":2237},{"id":238,"type":4,"cleartype":1,"achieveid":2238},{"id":239,"type":4,"cleartype":1,"achieveid":2239},{"id":240,"type":4,"cleartype":1,"achieveid":2240},{"id":241,"type":4,"cleartype":1,"achieveid":2241},{"id":242,"type":4,"cleartype":1,"achieveid":2242},{"id":243,"type":4,"cleartype":1,"achieveid":2243},{"id":244,"type":4,"cleartype":1,"achieveid":2244},{"id":245,"type":4,"cleartype":1,"achieveid":2245},{"id":246,"type":4,"cleartype":1,"achieveid":2246},{"id":247,"type":4,"cleartype":1,"achieveid":2247},{"id":248,"type":4,"cleartype":1,"achieveid":2248},{"id":249,"type":4,"cleartype":1,"achieveid":2249},{"id":250,"type":4,"cleartype":1,"achieveid":2250},{"id":251,"type":4,"cleartype":1,"achieveid":2251},{"id":252,"type":4,"cleartype":1,"achieveid":2252},{"id":253,"type":4,"cleartype":1,"achieveid":2253},{"id":254,"type":4,"cleartype":1,"achieveid":2254},{"id":255,"type":4,"cleartype":1,"achieveid":2255},{"id":256,"type":4,"cleartype":1,"achieveid":2256},{"id":257,"type":4,"cleartype":1,"achieveid":2257},{"id":258,"type":4,"cleartype":1,"achieveid":2258},{"id":259,"type":4,"cleartype":1,"achieveid":2259},{"id":260,"type":4,"cleartype":1,"achieveid":2260},{"id":261,"type":4,"cleartype":1,"achieveid":2261},{"id":262,"type":4,"cleartype":1,"achieveid":2262},{"id":263,"type":4,"cleartype":1,"achieveid":2263},{"id":264,"type":4,"cleartype":1,"achieveid":2264},{"id":265,"type":4,"cleartype":1,"achieveid":2265},{"id":266,"type":4,"cleartype":1,"achieveid":2266},{"id":267,"type":4,"cleartype":1,"achieveid":2267},{"id":268,"type":4,"cleartype":1,"achieveid":2268},{"id":269,"type":4,"cleartype":1,"achieveid":2269},{"id":270,"type":4,"cleartype":1,"achieveid":2270},{"id":271,"type":4,"cleartype":1,"achieveid":2271},{"id":272,"type":4,"cleartype":1,"achieveid":2272},{"id":273,"type":4,"cleartype":1,"achieveid":2273},{"id":274,"type":4,"cleartype":1,"achieveid":2274},{"id":275,"type":4,"cleartype":1,"achieveid":2275},{"id":276,"type":4,"cleartype":1,"achieveid":2276},{"id":277,"type":4,"cleartype":1,"achieveid":2277},{"id":278,"type":4,"cleartype":1,"achieveid":2278},{"id":279,"type":4,"cleartype":1,"achieveid":2279},{"id":280,"type":4,"cleartype":1,"achieveid":2280},{"id":281,"type":4,"cleartype":1,"achieveid":2281},{"id":282,"type":4,"cleartype":1,"achieveid":2282},{"id":283,"type":4,"cleartype":1,"achieveid":2283},{"id":284,"type":4,"cleartype":1,"achieveid":2284},{"id":285,"type":4,"cleartype":1,"achieveid":2285},{"id":286,"type":4,"cleartype":1,"achieveid":2286},{"id":287,"type":4,"cleartype":1,"achieveid":2287},{"id":288,"type":4,"cleartype":1,"achieveid":2288},{"id":289,"type":4,"cleartype":1,"achieveid":2289},{"id":290,"type":4,"cleartype":1,"achieveid":2290},{"id":291,"type":4,"cleartype":1,"achieveid":2291},{"id":292,"type":4,"cleartype":1,"achieveid":2292},{"id":293,"type":4,"cleartype":1,"achieveid":2293},{"id":294,"type":4,"cleartype":1,"achieveid":2294},{"id":295,"type":4,"cleartype":1,"achieveid":2295},{"id":296,"type":4,"cleartype":1,"achieveid":2296},{"id":297,"type":4,"cleartype":1,"achieveid":2297},{"id":298,"type":4,"cleartype":1,"achieveid":2298},{"id":299,"type":4,"cleartype":1,"achieveid":2299},{"id":300,"type":4,"cleartype":1,"achieveid":2300},{"id":301,"type":4,"cleartype":1,"achieveid":2301},{"id":302,"type":4,"cleartype":1,"achieveid":2302},{"id":303,"type":4,"cleartype":1,"achieveid":2303},{"id":304,"type":4,"cleartype":1,"achieveid":2304},{"id":305,"type":4,"cleartype":1,"achieveid":2305},{"id":306,"type":4,"cleartype":1,"achieveid":2306},{"id":307,"type":4,"cleartype":1,"achieveid":2307},{"id":308,"type":4,"cleartype":1,"achieveid":2308},{"id":309,"type":4,"cleartype":1,"achieveid":2309},{"id":310,"type":4,"cleartype":1,"achieveid":2310},{"id":311,"type":4,"cleartype":1,"achieveid":2311},{"id":312,"type":5,"cleartype":1,"achieveid":2312},{"id":313,"type":5,"cleartype":1,"achieveid":2313},{"id":314,"type":5,"cleartype":1,"achieveid":2314},{"id":315,"type":5,"cleartype":1,"achieveid":2315},{"id":316,"type":5,"cleartype":1,"achieveid":2316},{"id":317,"type":5,"cleartype":1,"achieveid":2317},{"id":318,"type":5,"cleartype":1,"achieveid":2318},{"id":319,"type":5,"cleartype":1,"achieveid":2319},{"id":320,"type":5,"cleartype":1,"achieveid":2320},{"id":321,"type":5,"cleartype":1,"achieveid":2321},{"id":322,"type":5,"cleartype":1,"achieveid":2322},{"id":323,"type":5,"cleartype":1,"achieveid":2323},{"id":324,"type":5,"cleartype":1,"achieveid":2324},{"id":325,"type":5,"cleartype":1,"achieveid":2325},{"id":326,"type":5,"cleartype":1,"achieveid":2326},{"id":327,"type":5,"cleartype":1,"achieveid":2327},{"id":328,"type":5,"cleartype":1,"achieveid":2328},{"id":329,"type":5,"cleartype":1,"achieveid":2329},{"id":330,"type":5,"cleartype":1,"achieveid":2330},{"id":331,"type":5,"cleartype":1,"achieveid":2331},{"id":332,"type":5,"cleartype":1,"achieveid":2332},{"id":333,"type":5,"cleartype":1,"achieveid":2333},{"id":334,"type":5,"cleartype":1,"achieveid":2334},{"id":335,"type":5,"cleartype":1,"achieveid":2335},{"id":336,"type":5,"cleartype":1,"achieveid":2336},{"id":337,"type":5,"cleartype":1,"achieveid":2337},{"id":338,"type":5,"cleartype":1,"achieveid":2338},{"id":339,"type":5,"cleartype":1,"achieveid":2339},{"id":340,"type":5,"cleartype":1,"achieveid":2340},{"id":341,"type":5,"cleartype":1,"achieveid":2341},{"id":342,"type":5,"cleartype":1,"achieveid":2342},{"id":343,"type":5,"cleartype":1,"achieveid":2343},{"id":344,"type":5,"cleartype":1,"achieveid":2344},{"id":345,"type":5,"cleartype":1,"achieveid":2345},{"id":346,"type":5,"cleartype":1,"achieveid":2346},{"id":347,"type":5,"cleartype":1,"achieveid":2347},{"id":348,"type":5,"cleartype":1,"achieveid":2348},{"id":349,"type":5,"cleartype":1,"achieveid":2349},{"id":350,"type":5,"cleartype":1,"achieveid":2350},{"id":351,"type":5,"cleartype":1,"achieveid":2351},{"id":352,"type":1,"cleartype":0,"achieveid":2352},{"id":353,"type":1,"cleartype":0,"achieveid":2353}]},{"id":3,"levels":[{"level":1,"needexp":100,"awards":[[{"id":10004,"count":60}],[{"id":10004,"count":100}],[{"id":10005,"count":4}]]},{"level":2,"needexp":200,"awards":[[{"id":10003,"count":88}],[{"id":10003,"count":158}],[{"id":10004,"count":300}]]},{"level":3,"needexp":300,"awards":[[{"id":10004,"count":60}],[{"id":10004,"count":100}],[{"id":10003,"count":388}]]},{"level":4,"needexp":400,"awards":[[{"id":10003,"count":38}],[{"id":10003,"count":98}],[{"id":10081,"count":1}]]},{"level":5,"needexp":500,"awards":[[{"id":10028,"count":10}],[{"id":10028,"count":20}],[{"id":10028,"count":50}]]},{"level":6,"needexp":600,"awards":[[{"id":10003,"count":88}],[{"id":10003,"count":158}],[{"id":10005,"count":4}]]},{"level":7,"needexp":700,"awards":[[{"id":10004,"count":60}],[{"id":10755,"count":30}],[{"id":10753,"count":30}]]},{"level":8,"needexp":800,"awards":[[{"id":10003,"count":38}],[{"id":10003,"count":98}],[{"id":10003,"count":388}]]},{"level":9,"needexp":900,"awards":[[{"id":10005,"count":1}],[{"id":10005,"count":2}],[{"id":10005,"count":4}]]},{"level":10,"needexp":1000,"awards":[[{"id":10003,"count":88}],[{"id":10003,"count":158}],[{"id":10003,"count":428}]]},{"level":11,"needexp":1100,"awards":[[{"id":10755,"count":20}],[{"id":10754,"count":20}],[{"id":10753,"count":20}]]},{"level":12,"needexp":1200,"awards":[[{"id":10003,"count":38}],[{"id":10003,"count":98}],[{"id":10004,"count":300}]]},{"level":13,"needexp":1300,"awards":[[{"id":10004,"count":60}],[{"id":10004,"count":100}],[{"id":10003,"count":428}]]},{"level":14,"needexp":1400,"awards":[[{"id":10003,"count":88}],[{"id":10003,"count":158}],[{"id":10004,"count":300}]]},{"level":15,"needexp":1500,"awards":[[{"id":10004,"count":60}],[{"id":10403,"count":1}],[{"id":10403,"count":1}]]},{"level":16,"needexp":1600,"awards":[[{"id":10003,"count":38}],[{"id":10003,"count":98}],[{"id":10004,"count":300}]]},{"level":17,"needexp":1700,"awards":[[{"id":10004,"count":60}],[{"id":10004,"count":100}],[{"id":10003,"count":428}]]},{"level":18,"needexp":1800,"awards":[[{"id":10003,"count":88}],[{"id":10003,"count":158}],[{"id":10003,"count":388}]]},{"level":19,"needexp":1900,"awards":[[{"id":10010,"count":1}],[{"id":10010,"count":2}],[{"id":10081,"count":1}]]},{"level":20,"needexp":2000,"awards":[[{"id":10003,"count":38}],[{"id":10003,"count":98}],[{"id":10003,"count":428}]]},{"level":21,"needexp":2100,"awards":[[{"id":10004,"count":60}],[{"id":10004,"count":100}],[{"id":10004,"count":300}]]},{"level":22,"needexp":2200,"awards":[[{"id":10003,"count":88}],[{"id":10003,"count":158}],[{"id":10003,"count":388}]]},{"level":23,"needexp":2300,"awards":[[{"id":10007,"count":500}],[{"id":10007,"count":1000}],[{"id":10007,"count":2000}]]},{"level":24,"needexp":2400,"awards":[[{"id":10003,"count":38}],[{"id":10003,"count":98}],[{"id":10003,"count":428}]]},{"level":25,"needexp":2500,"awards":[[{"id":10004,"count":60}],[{"id":10004,"count":100}],[{"id":10003,"count":388}]]},{"level":26,"needexp":2600,"awards":[[{"id":10003,"count":88}],[{"id":10003,"count":158}],[{"id":10402,"count":1}]]},{"level":27,"needexp":2700,"awards":[[{"id":10004,"count":60}],[{"id":10004,"count":100}],[{"id":10003,"count":428}]]},{"level":28,"needexp":2800,"awards":[[{"id":10003,"count":38}],[{"id":10003,"count":98}],[{"id":10004,"count":300}]]},{"level":29,"needexp":2900,"awards":[[{"id":10004,"count":60}],[{"id":10004,"count":100}],[{"id":10003,"count":388}]]},{"level":30,"needexp":3000,"awards":[[{"id":10402,"count":1}],[{"id":10401,"count":1}],[{"id":10303,"count":1}]]},{"level":31,"needexp":3100,"awards":[[{"id":10004,"count":60}],[{"id":10004,"count":100}],[{"id":10003,"count":428}]]},{"level":32,"needexp":3200,"awards":[[{"id":10003,"count":38}],[{"id":10003,"count":98}],[{"id":10003,"count":388}]]},{"level":33,"needexp":3300,"awards":[[{"id":10005,"count":2}],[{"id":10005,"count":4}],[{"id":10005,"count":8}]]},{"level":34,"needexp":3400,"awards":[[{"id":10003,"count":88}],[{"id":10003,"count":158}],[{"id":10003,"count":428}]]},{"level":35,"needexp":3500,"awards":[[{"id":10004,"count":60}],[{"id":10004,"count":100}],[{"id":10401,"count":1}]]},{"level":36,"needexp":3600,"awards":[[{"id":10003,"count":38}],[{"id":10003,"count":98}],[{"id":10003,"count":388}]]},{"level":37,"needexp":3700,"awards":[[{"id":10009,"count":20}],[{"id":10009,"count":40}],[{"id":10009,"count":80}]]},{"level":38,"needexp":3800,"awards":[[{"id":10003,"count":88}],[{"id":10003,"count":158}],[{"id":10003,"count":428}]]},{"level":39,"needexp":3900,"awards":[[{"id":10004,"count":60}],[{"id":10004,"count":100}],[{"id":10003,"count":388}]]},{"level":40,"needexp":4000,"awards":[[{"id":10003,"count":38}],[{"id":10003,"count":98}],[{"id":10004,"count":300}]]},{"level":41,"needexp":4100,"awards":[[{"id":10058,"count":20}],[{"id":10058,"count":40}],[{"id":10058,"count":80}]]},{"level":42,"needexp":4200,"awards":[[{"id":10003,"count":88}],[{"id":10003,"count":158}],[{"id":10004,"count":300}]]},{"level":43,"needexp":4300,"awards":[[{"id":10004,"count":60}],[{"id":10004,"count":100}],[{"id":10003,"count":388}]]},{"level":44,"needexp":4400,"awards":[[{"id":10003,"count":38}],[{"id":10003,"count":98}],[{"id":10004,"count":300}]]},{"level":45,"needexp":4500,"awards":[[{"id":10004,"count":60}],[{"id":10004,"count":100}],[{"id":10003,"count":428}]]},{"level":46,"needexp":4600,"awards":[[{"id":10003,"count":88}],[{"id":10003,"count":158}],[{"id":10003,"count":388}]]},{"level":47,"needexp":4700,"awards":[[{"id":10030,"count":5}],[{"id":10030,"count":10}],[{"id":10030,"count":20}]]},{"level":48,"needexp":4800,"awards":[[{"id":10003,"count":38}],[{"id":10003,"count":98}],[{"id":10003,"count":428}]]},{"level":49,"needexp":4900,"awards":[[{"id":10755,"count":20}],[{"id":10754,"count":20}],[{"id":10753,"count":20}]]},{"level":50,"needexp":5000,"awards":[[{"id":10003,"count":88}],[{"id":10003,"count":158}],[{"id":10003,"count":388}]]},{"level":51,"needexp":5100,"awards":[[{"id":10406,"count":1}],[{"id":10405,"count":1}],[{"id":10404,"count":1}]]},{"level":52,"needexp":5200,"awards":[[{"id":10003,"count":38}],[{"id":10003,"count":98}],[{"id":10003,"count":428}]]},{"level":53,"needexp":5300,"awards":[[{"id":10755,"count":30}],[{"id":10754,"count":30}],[{"id":10752,"count":30}]]},{"level":54,"needexp":5400,"awards":[[{"id":10003,"count":88}],[{"id":10003,"count":158}],[{"id":10004,"count":300}]]},{"level":55,"needexp":5500,"awards":[[{"id":10007,"count":500}],[{"id":10007,"count":1000}],[{"id":10007,"count":2000}]]},{"level":56,"needexp":5600,"awards":[[{"id":10003,"count":38}],[{"id":10003,"count":98}],[{"id":10004,"count":300}]]},{"level":57,"needexp":5700,"awards":[[{"id":10004,"count":60}],[{"id":10004,"count":100}],[{"id":10003,"count":388}]]},{"level":58,"needexp":5800,"awards":[[{"id":10003,"count":88}],[{"id":10003,"count":158}],[{"id":10004,"count":300}]]},{"level":59,"needexp":5900,"awards":[[{"id":10008,"count":10}],[{"id":10008,"count":20}],[{"id":10008,"count":40}]]},{"level":60,"needexp":6000,"awards":[[{"id":10003,"count":38}],[{"id":10003,"count":98}],[{"id":10003,"count":388}]]},{"level":61,"needexp":6100,"awards":[[{"id":10004,"count":0}],[{"id":10004,"count":100}],[{"id":10004,"count":300}]]},{"level":62,"needexp":6200,"awards":[[{"id":10004,"count":0}],[{"id":10003,"count":158}],[{"id":10003,"count":428}]]},{"level":63,"needexp":6300,"awards":[[{"id":10004,"count":0}],[{"id":10004,"count":100}],[{"id":10004,"count":300}]]},{"level":64,"needexp":6400,"awards":[[{"id":10004,"count":0}],[{"id":10003,"count":98}],[{"id":10003,"count":388}]]},{"level":65,"needexp":6500,"awards":[[{"id":10004,"count":0}],[{"id":10004,"count":100}],[{"id":10004,"count":300}]]},{"level":66,"needexp":6600,"awards":[[{"id":10004,"count":0}],[{"id":10003,"count":158}],[{"id":10003,"count":428}]]},{"level":67,"needexp":6700,"awards":[[{"id":10004,"count":0}],[{"id":10004,"count":100}],[{"id":10003,"count":388}]]},{"level":68,"needexp":6800,"awards":[[{"id":10004,"count":0}],[{"id":10003,"count":98}],[{"id":10004,"count":300}]]},{"level":69,"needexp":6900,"awards":[[{"id":10004,"count":0}],[{"id":10004,"count":0}],[{"id":10003,"count":428}]]},{"level":70,"needexp":7000,"awards":[[{"id":10004,"count":0}],[{"id":10004,"count":0}],[{"id":10004,"count":300}]]},{"level":71,"needexp":7100,"awards":[[{"id":10004,"count":0}],[{"id":10004,"count":0}],[{"id":10003,"count":388}]]},{"level":72,"needexp":7200,"awards":[[{"id":10004,"count":0}],[{"id":10004,"count":0}],[{"id":10004,"count":300}]]},{"level":73,"needexp":7300,"awards":[[{"id":10004,"count":0}],[{"id":10004,"count":0}],[{"id":10003,"count":428}]]},{"level":74,"needexp":7400,"awards":[[{"id":10004,"count":0}],[{"id":10004,"count":0}],[{"id":10003,"count":388}]]},{"level":75,"needexp":7500,"awards":[[{"id":10004,"count":0}],[{"id":10004,"count":0}],[{"id":10004,"count":300}]]},{"level":76,"needexp":7600,"awards":[[{"id":10004,"count":0}],[{"id":10004,"count":0}],[{"id":10003,"count":428}]]}],"maxAward":[{"id":10752,"count":1}],"tasks":[{"id":1,"type":1,"cleartype":0,"achieveid":2001},{"id":2,"type":1,"cleartype":0,"achieveid":2002},{"id":3,"type":1,"cleartype":0,"achieveid":2003},{"id":4,"type":1,"cleartype":0,"achieveid":2004},{"id":5,"type":1,"cleartype":0,"achieveid":2005},{"id":6,"type":1,"cleartype":0,"achieveid":2006},{"id":7,"type":1,"cleartype":0,"achieveid":2007},{"id":8,"type":2,"cleartype":1,"achieveid":2008},{"id":9,"type":2,"cleartype":1,"achieveid":2009},{"id":10,"type":2,"cleartype":1,"achieveid":2010},{"id":11,"type":2,"cleartype":1,"achieveid":2011},{"id":12,"type":2,"cleartype":1,"achieveid":2012},{"id":13,"type":2,"cleartype":1,"achieveid":2013},{"id":14,"type":2,"cleartype":1,"achieveid":2014},{"id":15,"type":2,"cleartype":1,"achieveid":2015},{"id":16,"type":2,"cleartype":1,"achieveid":2016},{"id":17,"type":2,"cleartype":1,"achieveid":2017},{"id":18,"type":2,"cleartype":1,"achieveid":2018},{"id":19,"type":2,"cleartype":1,"achieveid":2019},{"id":20,"type":2,"cleartype":1,"achieveid":2020},{"id":21,"type":2,"cleartype":1,"achieveid":2021},{"id":22,"type":2,"cleartype":1,"achieveid":2022},{"id":23,"type":2,"cleartype":1,"achieveid":2023},{"id":24,"type":2,"cleartype":1,"achieveid":2024},{"id":25,"type":2,"cleartype":1,"achieveid":2025},{"id":26,"type":2,"cleartype":1,"achieveid":2026},{"id":27,"type":2,"cleartype":1,"achieveid":2027},{"id":28,"type":2,"cleartype":1,"achieveid":2028},{"id":29,"type":2,"cleartype":1,"achieveid":2029},{"id":30,"type":2,"cleartype":1,"achieveid":2030},{"id":31,"type":2,"cleartype":1,"achieveid":2031},{"id":32,"type":2,"cleartype":1,"achieveid":2032},{"id":33,"type":2,"cleartype":1,"achieveid":2033},{"id":34,"type":2,"cleartype":1,"achieveid":2034},{"id":35,"type":2,"cleartype":1,"achieveid":2035},{"id":36,"type":2,"cleartype":1,"achieveid":2036},{"id":37,"type":2,"cleartype":1,"achieveid":2037},{"id":38,"type":2,"cleartype":1,"achieveid":2038},{"id":39,"type":2,"cleartype":1,"achieveid":2039},{"id":40,"type":2,"cleartype":1,"achieveid":2040},{"id":41,"type":2,"cleartype":1,"achieveid":2041},{"id":42,"type":2,"cleartype":1,"achieveid":2042},{"id":43,"type":2,"cleartype":1,"achieveid":2043},{"id":44,"type":2,"cleartype":1,"achieveid":2044},{"id":45,"type":2,"cleartype":1,"achieveid":2045},{"id":46,"type":2,"cleartype":1,"achieveid":2046},{"id":47,"type":2,"cleartype":1,"achieveid":2047},{"id":48,"type":2,"cleartype":1,"achieveid":2048},{"id":49,"type":2,"cleartype":1,"achieveid":2049},{"id":50,"type":2,"cleartype":1,"achieveid":2050},{"id":51,"type":2,"cleartype":1,"achieveid":2051},{"id":52,"type":2,"cleartype":1,"achieveid":2052},{"id":53,"type":2,"cleartype":1,"achieveid":2053},{"id":54,"type":2,"cleartype":1,"achieveid":2054},{"id":55,"type":2,"cleartype":1,"achieveid":2055},{"id":56,"type":2,"cleartype":1,"achieveid":2056},{"id":57,"type":2,"cleartype":1,"achieveid":2057},{"id":58,"type":2,"cleartype":1,"achieveid":2058},{"id":59,"type":2,"cleartype":1,"achieveid":2059},{"id":60,"type":2,"cleartype":1,"achieveid":2060},{"id":61,"type":2,"cleartype":1,"achieveid":2061},{"id":62,"type":2,"cleartype":1,"achieveid":2062},{"id":63,"type":2,"cleartype":1,"achieveid":2063},{"id":64,"type":2,"cleartype":1,"achieveid":2064},{"id":65,"type":2,"cleartype":1,"achieveid":2065},{"id":66,"type":2,"cleartype":1,"achieveid":2066},{"id":67,"type":2,"cleartype":1,"achieveid":2067},{"id":68,"type":2,"cleartype":1,"achieveid":2068},{"id":69,"type":2,"cleartype":1,"achieveid":2069},{"id":70,"type":2,"cleartype":1,"achieveid":2070},{"id":71,"type":2,"cleartype":1,"achieveid":2071},{"id":72,"type":2,"cleartype":1,"achieveid":2072},{"id":73,"type":2,"cleartype":1,"achieveid":2073},{"id":74,"type":2,"cleartype":1,"achieveid":2074},{"id":75,"type":2,"cleartype":1,"achieveid":2075},{"id":76,"type":2,"cleartype":1,"achieveid":2076},{"id":77,"type":2,"cleartype":1,"achieveid":2077},{"id":78,"type":2,"cleartype":1,"achieveid":2078},{"id":79,"type":2,"cleartype":1,"achieveid":2079},{"id":80,"type":2,"cleartype":1,"achieveid":2080},{"id":81,"type":2,"cleartype":1,"achieveid":2081},{"id":82,"type":2,"cleartype":1,"achieveid":2082},{"id":83,"type":2,"cleartype":1,"achieveid":2083},{"id":84,"type":2,"cleartype":1,"achieveid":2084},{"id":85,"type":2,"cleartype":1,"achieveid":2085},{"id":86,"type":2,"cleartype":1,"achieveid":2086},{"id":87,"type":2,"cleartype":1,"achieveid":2087},{"id":88,"type":2,"cleartype":1,"achieveid":2088},{"id":89,"type":2,"cleartype":1,"achieveid":2089},{"id":90,"type":2,"cleartype":1,"achieveid":2090},{"id":91,"type":2,"cleartype":1,"achieveid":2091},{"id":92,"type":2,"cleartype":1,"achieveid":2092},{"id":93,"type":2,"cleartype":1,"achieveid":2093},{"id":94,"type":2,"cleartype":1,"achieveid":2094},{"id":95,"type":2,"cleartype":1,"achieveid":2095},{"id":96,"type":3,"cleartype":1,"achieveid":2096},{"id":97,"type":3,"cleartype":1,"achieveid":2097},{"id":98,"type":3,"cleartype":1,"achieveid":2098},{"id":99,"type":3,"cleartype":1,"achieveid":2099},{"id":100,"type":3,"cleartype":1,"achieveid":2100},{"id":101,"type":3,"cleartype":1,"achieveid":2101},{"id":102,"type":3,"cleartype":1,"achieveid":2102},{"id":103,"type":3,"cleartype":1,"achieveid":2103},{"id":104,"type":3,"cleartype":1,"achieveid":2104},{"id":105,"type":3,"cleartype":1,"achieveid":2105},{"id":106,"type":3,"cleartype":1,"achieveid":2106},{"id":107,"type":3,"cleartype":1,"achieveid":2107},{"id":108,"type":3,"cleartype":1,"achieveid":2108},{"id":109,"type":3,"cleartype":1,"achieveid":2109},{"id":110,"type":3,"cleartype":1,"achieveid":2110},{"id":111,"type":3,"cleartype":1,"achieveid":2111},{"id":112,"type":3,"cleartype":1,"achieveid":2112},{"id":113,"type":3,"cleartype":1,"achieveid":2113},{"id":114,"type":3,"cleartype":1,"achieveid":2114},{"id":115,"type":3,"cleartype":1,"achieveid":2115},{"id":116,"type":3,"cleartype":1,"achieveid":2116},{"id":117,"type":3,"cleartype":1,"achieveid":2117},{"id":118,"type":3,"cleartype":1,"achieveid":2118},{"id":119,"type":3,"cleartype":1,"achieveid":2119},{"id":120,"type":3,"cleartype":1,"achieveid":2120},{"id":121,"type":3,"cleartype":1,"achieveid":2121},{"id":122,"type":3,"cleartype":1,"achieveid":2122},{"id":123,"type":3,"cleartype":1,"achieveid":2123},{"id":124,"type":3,"cleartype":1,"achieveid":2124},{"id":125,"type":3,"cleartype":1,"achieveid":2125},{"id":126,"type":3,"cleartype":1,"achieveid":2126},{"id":127,"type":3,"cleartype":1,"achieveid":2127},{"id":128,"type":3,"cleartype":1,"achieveid":2128},{"id":129,"type":3,"cleartype":1,"achieveid":2129},{"id":130,"type":3,"cleartype":1,"achieveid":2130},{"id":131,"type":3,"cleartype":1,"achieveid":2131},{"id":132,"type":3,"cleartype":1,"achieveid":2132},{"id":133,"type":3,"cleartype":1,"achieveid":2133},{"id":134,"type":3,"cleartype":1,"achieveid":2134},{"id":135,"type":3,"cleartype":1,"achieveid":2135},{"id":136,"type":3,"cleartype":1,"achieveid":2136},{"id":137,"type":3,"cleartype":1,"achieveid":2137},{"id":138,"type":3,"cleartype":1,"achieveid":2138},{"id":139,"type":3,"cleartype":1,"achieveid":2139},{"id":140,"type":3,"cleartype":1,"achieveid":2140},{"id":141,"type":3,"cleartype":1,"achieveid":2141},{"id":142,"type":3,"cleartype":1,"achieveid":2142},{"id":143,"type":3,"cleartype":1,"achieveid":2143},{"id":144,"type":3,"cleartype":1,"achieveid":2144},{"id":145,"type":3,"cleartype":1,"achieveid":2145},{"id":146,"type":3,"cleartype":1,"achieveid":2146},{"id":147,"type":3,"cleartype":1,"achieveid":2147},{"id":148,"type":3,"cleartype":1,"achieveid":2148},{"id":149,"type":3,"cleartype":1,"achieveid":2149},{"id":150,"type":3,"cleartype":1,"achieveid":2150},{"id":151,"type":3,"cleartype":1,"achieveid":2151},{"id":152,"type":3,"cleartype":1,"achieveid":2152},{"id":153,"type":3,"cleartype":1,"achieveid":2153},{"id":154,"type":3,"cleartype":1,"achieveid":2154},{"id":155,"type":3,"cleartype":1,"achieveid":2155},{"id":156,"type":3,"cleartype":1,"achieveid":2156},{"id":157,"type":3,"cleartype":1,"achieveid":2157},{"id":158,"type":3,"cleartype":1,"achieveid":2158},{"id":159,"type":3,"cleartype":1,"achieveid":2159},{"id":160,"type":3,"cleartype":1,"achieveid":2160},{"id":161,"type":3,"cleartype":1,"achieveid":2161},{"id":162,"type":3,"cleartype":1,"achieveid":2162},{"id":163,"type":3,"cleartype":1,"achieveid":2163},{"id":164,"type":3,"cleartype":1,"achieveid":2164},{"id":165,"type":3,"cleartype":1,"achieveid":2165},{"id":166,"type":3,"cleartype":1,"achieveid":2166},{"id":167,"type":3,"cleartype":1,"achieveid":2167},{"id":168,"type":3,"cleartype":1,"achieveid":2168},{"id":169,"type":3,"cleartype":1,"achieveid":2169},{"id":170,"type":3,"cleartype":1,"achieveid":2170},{"id":171,"type":3,"cleartype":1,"achieveid":2171},{"id":172,"type":3,"cleartype":1,"achieveid":2172},{"id":173,"type":3,"cleartype":1,"achieveid":2173},{"id":174,"type":3,"cleartype":1,"achieveid":2174},{"id":175,"type":3,"cleartype":1,"achieveid":2175},{"id":176,"type":3,"cleartype":1,"achieveid":2176},{"id":177,"type":3,"cleartype":1,"achieveid":2177},{"id":178,"type":3,"cleartype":1,"achieveid":2178},{"id":179,"type":3,"cleartype":1,"achieveid":2179},{"id":180,"type":3,"cleartype":1,"achieveid":2180},{"id":181,"type":3,"cleartype":1,"achieveid":2181},{"id":182,"type":3,"cleartype":1,"achieveid":2182},{"id":183,"type":3,"cleartype":1,"achieveid":2183},{"id":184,"type":3,"cleartype":1,"achieveid":2184},{"id":185,"type":3,"cleartype":1,"achieveid":2185},{"id":186,"type":3,"cleartype":1,"achieveid":2186},{"id":187,"type":3,"cleartype":1,"achieveid":2187},{"id":188,"type":3,"cleartype":1,"achieveid":2188},{"id":189,"type":3,"cleartype":1,"achieveid":2189},{"id":190,"type":3,"cleartype":1,"achieveid":2190},{"id":191,"type":3,"cleartype":1,"achieveid":2191},{"id":192,"type":3,"cleartype":1,"achieveid":2192},{"id":193,"type":3,"cleartype":1,"achieveid":2193},{"id":194,"type":3,"cleartype":1,"achieveid":2194},{"id":195,"type":3,"cleartype":1,"achieveid":2195},{"id":196,"type":3,"cleartype":1,"achieveid":2196},{"id":197,"type":3,"cleartype":1,"achieveid":2197},{"id":198,"type":3,"cleartype":1,"achieveid":2198},{"id":199,"type":3,"cleartype":1,"achieveid":2199},{"id":200,"type":3,"cleartype":1,"achieveid":2200},{"id":201,"type":3,"cleartype":1,"achieveid":2201},{"id":202,"type":3,"cleartype":1,"achieveid":2202},{"id":203,"type":3,"cleartype":1,"achieveid":2203},{"id":204,"type":3,"cleartype":1,"achieveid":2204},{"id":205,"type":3,"cleartype":1,"achieveid":2205},{"id":206,"type":3,"cleartype":1,"achieveid":2206},{"id":207,"type":3,"cleartype":1,"achieveid":2207},{"id":208,"type":3,"cleartype":1,"achieveid":2208},{"id":209,"type":3,"cleartype":1,"achieveid":2209},{"id":210,"type":3,"cleartype":1,"achieveid":2210},{"id":211,"type":3,"cleartype":1,"achieveid":2211},{"id":212,"type":3,"cleartype":1,"achieveid":2212},{"id":213,"type":3,"cleartype":1,"achieveid":2213},{"id":214,"type":3,"cleartype":1,"achieveid":2214},{"id":215,"type":3,"cleartype":1,"achieveid":2215},{"id":216,"type":3,"cleartype":1,"achieveid":2216},{"id":217,"type":3,"cleartype":1,"achieveid":2217},{"id":218,"type":3,"cleartype":1,"achieveid":2218},{"id":219,"type":3,"cleartype":1,"achieveid":2219},{"id":220,"type":3,"cleartype":1,"achieveid":2220},{"id":221,"type":3,"cleartype":1,"achieveid":2221},{"id":222,"type":3,"cleartype":1,"achieveid":2222},{"id":223,"type":3,"cleartype":1,"achieveid":2223},{"id":224,"type":3,"cleartype":1,"achieveid":2224},{"id":225,"type":3,"cleartype":1,"achieveid":2225},{"id":226,"type":3,"cleartype":1,"achieveid":2226},{"id":227,"type":3,"cleartype":1,"achieveid":2227},{"id":228,"type":3,"cleartype":1,"achieveid":2228},{"id":229,"type":3,"cleartype":1,"achieveid":2229},{"id":230,"type":3,"cleartype":1,"achieveid":2230},{"id":231,"type":3,"cleartype":1,"achieveid":2231},{"id":232,"type":3,"cleartype":1,"achieveid":2232},{"id":233,"type":3,"cleartype":1,"achieveid":2233},{"id":234,"type":3,"cleartype":1,"achieveid":2234},{"id":235,"type":4,"cleartype":1,"achieveid":2235},{"id":236,"type":4,"cleartype":1,"achieveid":2236},{"id":237,"type":4,"cleartype":1,"achieveid":2237},{"id":238,"type":4,"cleartype":1,"achieveid":2238},{"id":239,"type":4,"cleartype":1,"achieveid":2239},{"id":240,"type":4,"cleartype":1,"achieveid":2240},{"id":241,"type":4,"cleartype":1,"achieveid":2241},{"id":242,"type":4,"cleartype":1,"achieveid":2242},{"id":243,"type":4,"cleartype":1,"achieveid":2243},{"id":244,"type":4,"cleartype":1,"achieveid":2244},{"id":245,"type":4,"cleartype":1,"achieveid":2245},{"id":246,"type":4,"cleartype":1,"achieveid":2246},{"id":247,"type":4,"cleartype":1,"achieveid":2247},{"id":248,"type":4,"cleartype":1,"achieveid":2248},{"id":249,"type":4,"cleartype":1,"achieveid":2249},{"id":250,"type":4,"cleartype":1,"achieveid":2250},{"id":251,"type":4,"cleartype":1,"achieveid":2251},{"id":252,"type":4,"cleartype":1,"achieveid":2252},{"id":253,"type":4,"cleartype":1,"achieveid":2253},{"id":254,"type":4,"cleartype":1,"achieveid":2254},{"id":255,"type":4,"cleartype":1,"achieveid":2255},{"id":256,"type":4,"cleartype":1,"achieveid":2256},{"id":257,"type":4,"cleartype":1,"achieveid":2257},{"id":258,"type":4,"cleartype":1,"achieveid":2258},{"id":259,"type":4,"cleartype":1,"achieveid":2259},{"id":260,"type":4,"cleartype":1,"achieveid":2260},{"id":261,"type":4,"cleartype":1,"achieveid":2261},{"id":262,"type":4,"cleartype":1,"achieveid":2262},{"id":263,"type":4,"cleartype":1,"achieveid":2263},{"id":264,"type":4,"cleartype":1,"achieveid":2264},{"id":265,"type":4,"cleartype":1,"achieveid":2265},{"id":266,"type":4,"cleartype":1,"achieveid":2266},{"id":267,"type":4,"cleartype":1,"achieveid":2267},{"id":268,"type":4,"cleartype":1,"achieveid":2268},{"id":269,"type":4,"cleartype":1,"achieveid":2269},{"id":270,"type":4,"cleartype":1,"achieveid":2270},{"id":271,"type":4,"cleartype":1,"achieveid":2271},{"id":272,"type":4,"cleartype":1,"achieveid":2272},{"id":273,"type":4,"cleartype":1,"achieveid":2273},{"id":274,"type":4,"cleartype":1,"achieveid":2274},{"id":275,"type":4,"cleartype":1,"achieveid":2275},{"id":276,"type":4,"cleartype":1,"achieveid":2276},{"id":277,"type":4,"cleartype":1,"achieveid":2277},{"id":278,"type":4,"cleartype":1,"achieveid":2278},{"id":279,"type":4,"cleartype":1,"achieveid":2279},{"id":280,"type":4,"cleartype":1,"achieveid":2280},{"id":281,"type":4,"cleartype":1,"achieveid":2281},{"id":282,"type":4,"cleartype":1,"achieveid":2282},{"id":283,"type":4,"cleartype":1,"achieveid":2283},{"id":284,"type":4,"cleartype":1,"achieveid":2284},{"id":285,"type":4,"cleartype":1,"achieveid":2285},{"id":286,"type":4,"cleartype":1,"achieveid":2286},{"id":287,"type":4,"cleartype":1,"achieveid":2287},{"id":288,"type":4,"cleartype":1,"achieveid":2288},{"id":289,"type":4,"cleartype":1,"achieveid":2289},{"id":290,"type":4,"cleartype":1,"achieveid":2290},{"id":291,"type":4,"cleartype":1,"achieveid":2291},{"id":292,"type":4,"cleartype":1,"achieveid":2292},{"id":293,"type":4,"cleartype":1,"achieveid":2293},{"id":294,"type":4,"cleartype":1,"achieveid":2294},{"id":295,"type":4,"cleartype":1,"achieveid":2295},{"id":296,"type":4,"cleartype":1,"achieveid":2296},{"id":297,"type":4,"cleartype":1,"achieveid":2297},{"id":298,"type":4,"cleartype":1,"achieveid":2298},{"id":299,"type":4,"cleartype":1,"achieveid":2299},{"id":300,"type":4,"cleartype":1,"achieveid":2300},{"id":301,"type":4,"cleartype":1,"achieveid":2301},{"id":302,"type":4,"cleartype":1,"achieveid":2302},{"id":303,"type":4,"cleartype":1,"achieveid":2303},{"id":304,"type":4,"cleartype":1,"achieveid":2304},{"id":305,"type":4,"cleartype":1,"achieveid":2305},{"id":306,"type":4,"cleartype":1,"achieveid":2306},{"id":307,"type":4,"cleartype":1,"achieveid":2307},{"id":308,"type":4,"cleartype":1,"achieveid":2308},{"id":309,"type":4,"cleartype":1,"achieveid":2309},{"id":310,"type":4,"cleartype":1,"achieveid":2310},{"id":311,"type":4,"cleartype":1,"achieveid":2311},{"id":312,"type":5,"cleartype":1,"achieveid":2312},{"id":313,"type":5,"cleartype":1,"achieveid":2313},{"id":314,"type":5,"cleartype":1,"achieveid":2314},{"id":315,"type":5,"cleartype":1,"achieveid":2315},{"id":316,"type":5,"cleartype":1,"achieveid":2316},{"id":317,"type":5,"cleartype":1,"achieveid":2317},{"id":318,"type":5,"cleartype":1,"achieveid":2318},{"id":319,"type":5,"cleartype":1,"achieveid":2319},{"id":320,"type":5,"cleartype":1,"achieveid":2320},{"id":321,"type":5,"cleartype":1,"achieveid":2321},{"id":322,"type":5,"cleartype":1,"achieveid":2322},{"id":323,"type":5,"cleartype":1,"achieveid":2323},{"id":324,"type":5,"cleartype":1,"achieveid":2324},{"id":325,"type":5,"cleartype":1,"achieveid":2325},{"id":326,"type":5,"cleartype":1,"achieveid":2326},{"id":327,"type":5,"cleartype":1,"achieveid":2327},{"id":328,"type":5,"cleartype":1,"achieveid":2328},{"id":329,"type":5,"cleartype":1,"achieveid":2329},{"id":330,"type":5,"cleartype":1,"achieveid":2330},{"id":331,"type":5,"cleartype":1,"achieveid":2331},{"id":332,"type":5,"cleartype":1,"achieveid":2332},{"id":333,"type":5,"cleartype":1,"achieveid":2333},{"id":334,"type":5,"cleartype":1,"achieveid":2334},{"id":335,"type":5,"cleartype":1,"achieveid":2335},{"id":336,"type":5,"cleartype":1,"achieveid":2336},{"id":337,"type":5,"cleartype":1,"achieveid":2337},{"id":338,"type":5,"cleartype":1,"achieveid":2338},{"id":339,"type":5,"cleartype":1,"achieveid":2339},{"id":340,"type":5,"cleartype":1,"achieveid":2340},{"id":341,"type":5,"cleartype":1,"achieveid":2341},{"id":342,"type":5,"cleartype":1,"achieveid":2342},{"id":343,"type":5,"cleartype":1,"achieveid":2343},{"id":344,"type":5,"cleartype":1,"achieveid":2344},{"id":345,"type":5,"cleartype":1,"achieveid":2345},{"id":346,"type":5,"cleartype":1,"achieveid":2346},{"id":347,"type":5,"cleartype":1,"achieveid":2347},{"id":348,"type":5,"cleartype":1,"achieveid":2348},{"id":349,"type":5,"cleartype":1,"achieveid":2349},{"id":350,"type":5,"cleartype":1,"achieveid":2350},{"id":351,"type":5,"cleartype":1,"achieveid":2351},{"id":352,"type":1,"cleartype":0,"achieveid":2352},{"id":353,"type":1,"cleartype":0,"achieveid":2353}]}],"mailhead":"未领取战令奖励","gift":[{"id":1601,"idx":0,"exp":500},{"id":1602,"idx":1,"exp":1000}],"day_cycle":15}}