{"WarriorSoulCfg":{"lv_up":[[20,20,20,20,20,30,30,30,30,30,40,40,40,40,40,60,60,60,60,60,90,90,90,90,90,150,150,150,150,150,250,250,250,250,250,400,400,400,400,400,600,600,600,600,600,800,800,800,800,800,1100,1100,1100,1100,1100,1500,1500,1500,1500,1500],[20,20,20,20,20,30,30,30,30,30,40,40,40,40,40,60,60,60,60,60,90,90,90,90,90,150,150,150,150,150,250,250,250,250,250,400,400,400,400,400,600,600,600,600,600,800,800,800,800,800,1100,1100,1100,1100,1100,1500,1500,1500,1500,1500],[20,20,20,20,20,30,30,30,30,30,30,30,30,30,30,50,50,50,50,50,70,70,70,70,70,120,120,120,120,120,190,190,190,190,190,300,300,300,300,300,450,450,450,450,450,600,600,600,600,600,830,830,830,830,830,1130,1130,1130,1130,1130],[20,20,20,20,20,20,20,20,20,20,30,30,30,30,30,30,30,30,30,30,45,45,45,45,45,75,75,75,75,75,125,125,125,125,125,200,200,200,200,200,300,300,300,300,300,400,400,400,400,400,550,550,550,550,550,750,750,750,750,750],[20,20,20,20,20,20,20,20,20,20,20,20,20,20,20,20,20,20,20,20,30,30,30,30,30,40,40,40,40,40,70,70,70,70,70,100,100,100,100,100,150,150,150,150,150,200,200,200,200,200,280,280,280,280,280,380,380,380,380,380],[20,20,20,20,20,20,20,20,20,20,20,20,20,20,20,20,20,20,20,20,30,30,30,30,30,40,40,40,40,40,70,70,70,70,70,100,100,100,100,100,150,150,150,150,150,200,200,200,200,200,280,280,280,280,280,380,380,380,380,380],[20,20,20,20,20,20,20,20,20,20,20,20,20,20,20,20,20,20,20,20,20,20,20,20,20,30,30,30,30,30,40,40,40,40,40,60,60,60,60,60,90,90,90,90,90,120,120,120,120,120,170,170,170,170,170,230,230,230,230,230]],"list":[{"attr":[{"value":120,"type":72},{"value":40,"type":12},{"value":40,"type":13},{"value":40,"type":14}],"consume":10700,"id":26100,"skill":[{"p2":150,"type":5,"p1":500}],"desc":"吸血Lv.$val$: 战斗开始增加$val1$吸血,持续到战斗结束"},{"attr":[{"value":120,"type":71},{"value":40,"type":11},{"value":40,"type":15},{"value":40,"type":16}],"consume":10701,"id":26101,"skill":[{"p2":150,"type":6,"p1":500}],"desc":"反击Lv.$val$: 战斗开始增加$val1$反击,持续到战斗结束"},{"attr":[{"value":120,"type":89},{"value":40,"type":12},{"value":40,"type":11},{"value":40,"type":14}],"consume":10702,"id":26102,"skill":[{"p2":150,"type":7,"p1":500}],"desc":"连击Lv.$val$: 战斗开始增加$val1$连击,持续到战斗结束"},{"attr":[{"value":120,"type":73},{"value":40,"type":13},{"value":40,"type":15},{"value":40,"type":16}],"consume":10703,"id":26103,"skill":[{"p2":150,"type":8,"p1":500}],"desc":"闪避Lv.$val$: 战斗开始增加$val1$闪避,持续到战斗结束"},{"attr":[{"value":120,"type":71},{"value":40,"type":12},{"value":40,"type":16},{"value":40,"type":14}],"consume":10704,"id":26104,"skill":[{"p2":150,"type":9,"p1":500}],"desc":"暴击Lv.$val$: 战斗开始增加$val1$暴击,持续到战斗结束"},{"attr":[{"value":120,"type":72},{"value":40,"type":11},{"value":40,"type":15},{"value":40,"type":13}],"consume":10705,"id":26105,"skill":[{"p2":150,"type":10,"p1":500}],"desc":"击晕Lv.$val$: 战斗开始增加$val1$击晕,持续到战斗结束"},{"attr":[{"value":180,"type":72},{"value":120,"type":5},{"value":70,"type":13},{"value":70,"type":14}],"consume":10706,"id":26106,"skill":[{"p2":200,"type":129,"p1":1000}],"desc":"回复Lv.$val$: 战斗开始回复$val1$攻击的生命"},{"attr":[{"value":180,"type":71},{"value":70,"type":11},{"value":120,"type":6},{"value":70,"type":16}],"consume":10707,"id":26107,"skill":[{"p2":150,"type":72,"p1":700}],"desc":"攻击Lv.$val$: 战斗开始增加$val1$攻击,持续到战斗结束"},{"attr":[{"value":180,"type":71},{"value":70,"type":12},{"value":70,"type":11},{"value":120,"type":7}],"consume":10708,"id":26108,"skill":[{"p2":150,"type":73,"p1":700}],"desc":"防御Lv.$val$: 战斗开始增加$val1$防御,持续到战斗结束"},{"attr":[{"value":180,"type":72},{"value":120,"type":8},{"value":70,"type":15},{"value":70,"type":16}],"consume":10709,"id":26109,"skill":[{"p2":200,"type":71,"p1":1000}],"desc":"生命Lv.$val$: 战斗开始增加$val1$生命,持续到战斗结束"},{"attr":[{"value":180,"type":72},{"value":70,"type":12},{"value":70,"type":16},{"value":120,"type":9}],"consume":10710,"id":26110,"skill":[{"p2":400,"type":130,"p1":1600}],"desc":"回复Lv.$val$: 生命首次低于35%时,回复$val1$最大生命"},{"attr":[{"value":180,"type":73},{"value":120,"type":10},{"value":70,"type":15},{"value":70,"type":13}],"consume":10711,"id":26111,"skill":[{"p2":400,"type":131,"p1":1600}],"desc":"治疗Lv.$val$: 第3次攻击开始治疗效果增加$val1$,持续到战斗结束"},{"attr":[{"value":180,"type":71},{"value":70,"type":12},{"value":70,"type":16},{"value":70,"type":14}],"consume":10712,"id":26112,"skill":[{"p2":150,"type":17,"p1":700}],"desc":"暴怒Lv.$val$: 战斗开始增加$val1$暴怒,持续到战斗结束"},{"attr":[{"value":180,"type":89},{"value":70,"type":11},{"value":120,"type":5},{"value":70,"type":13}],"consume":10713,"id":26113,"skill":[{"p2":150,"type":18,"p1":700}],"desc":"仁爱Lv.$val$: 战斗开始增加$val1$仁爱,持续到战斗结束"},{"attr":[{"value":140,"type":5},{"value":200,"type":71},{"value":200,"type":73},{"value":200,"type":72}],"consume":10714,"id":26114,"skill":[{"p2":200,"type":117,"p1":1000}],"desc":"物理Lv.$val$: 物理系技能伤害增加$val1$,持续到战斗结束"},{"attr":[{"value":140,"type":6},{"value":200,"type":71},{"value":200,"type":73},{"value":200,"type":72}],"consume":10715,"id":26115,"skill":[{"p2":200,"type":119,"p1":1000}],"desc":"冰霜Lv.$val$: 冰霜系技能伤害增加$val1$,持续到战斗结束"},{"attr":[{"value":140,"type":7},{"value":200,"type":71},{"value":200,"type":73},{"value":200,"type":72}],"consume":10716,"id":26116,"skill":[{"p2":200,"type":118,"p1":1000}],"desc":"火焰Lv.$val$: 火焰系技能伤害增加$val1$,持续到战斗结束"},{"attr":[{"value":140,"type":8},{"value":200,"type":71},{"value":200,"type":73},{"value":200,"type":72}],"consume":10717,"id":26117,"skill":[{"p2":200,"type":120,"p1":1000}],"desc":"召唤Lv.$val$: 召唤系技能伤害增加$val1$,持续到战斗结束"},{"attr":[{"value":140,"type":9},{"value":200,"type":71},{"value":200,"type":73},{"value":200,"type":72}],"consume":10718,"id":26118,"skill":[{"p2":200,"type":121,"p1":1000}],"desc":"闪电Lv.$val$: 闪电系技能伤害增加$val1$,持续到战斗结束"},{"attr":[{"value":140,"type":10},{"value":200,"type":71},{"value":200,"type":73},{"value":200,"type":72}],"consume":10719,"id":26119,"skill":[{"p2":200,"type":122,"p1":1000}],"desc":"道术Lv.$val$: 道术系技能伤害增加$val1$,持续到战斗结束"},{"attr":[{"value":140,"type":5},{"value":200,"type":71},{"value":200,"type":73},{"value":200,"type":72}],"consume":10720,"id":26120,"skill":[{"p2":400,"type":132,"p1":2000}],"desc":"暴击Lv.$val$: 触发反击时,暴击增加$val1$,持续两回合"},{"attr":[{"value":140,"type":6},{"value":200,"type":71},{"value":200,"type":73},{"value":200,"type":72}],"consume":10721,"id":26121,"skill":[{"p2":300,"type":125,"p1":1500}],"desc":"增伤Lv.$val$: 触发连击时,伤害增加$val1$"},{"attr":[{"value":140,"type":7},{"value":200,"type":71},{"value":200,"type":73},{"value":200,"type":72}],"consume":10722,"id":26122,"skill":[{"p2":400,"type":47,"p1":2000}],"desc":"增伤Lv.$val$: 击晕敌人时,伤害增加$val1$"},{"attr":[{"value":140,"type":8},{"value":200,"type":71},{"value":200,"type":73},{"value":200,"type":72}],"consume":10723,"id":26123,"skill":[{"p2":400,"type":133,"p1":2000}],"desc":"攻击Lv.$val$: 闪避攻击时,攻击增加$val1$,持续2回合"},{"attr":[{"value":140,"type":9},{"value":200,"type":71},{"value":200,"type":73},{"value":200,"type":72}],"consume":10724,"id":26124,"skill":[{"p2":400,"type":134,"p1":2000}],"desc":"攻击Lv.$val$: 触发暴击时,攻击增加$val1$,持续2回合"},{"attr":[{"value":140,"type":10},{"value":200,"type":71},{"value":200,"type":73},{"value":200,"type":72}],"consume":10725,"id":26125,"skill":[{"p2":50,"type":135,"p1":500},{"p2":800,"type":136,"p1":10000}],"desc":"攻击Lv.$val$: 生命低于$val1$时,攻击增加$val2$,持续2回合"},{"attr":[{"value":140,"type":17},{"value":200,"type":71},{"value":200,"type":73},{"value":200,"type":72}],"consume":10726,"id":26126,"skill":[{"p2":160,"type":137,"p1":700}],"desc":"吸血Lv.$val$: 攻击有50%概率增加$val1$吸血,最多叠加五次,持续到战斗结束"},{"attr":[{"value":240,"type":71},{"value":100,"type":11},{"value":100,"type":15},{"value":100,"type":16}],"consume":10727,"id":26127,"skill":[{"p2":300,"type":91,"p1":800}],"desc":"反击Lv.$val$: 未反击,反击增加$val1$,可无限叠加,反击后清零"},{"attr":[{"value":240,"type":71},{"value":100,"type":12},{"value":100,"type":13},{"value":100,"type":14}],"consume":10728,"id":26128,"skill":[{"p2":300,"type":35,"p1":800}],"desc":"暴击Lv.$val$: 未暴击,暴击增加$val1$,可无限叠加,暴击后清零"},{"attr":[{"value":240,"type":71},{"value":100,"type":13},{"value":100,"type":15},{"value":100,"type":16}],"consume":10729,"id":26129,"skill":[{"p2":300,"type":92,"p1":800}],"desc":"闪避Lv.$val$: 未闪避,闪避增加$val1$,可无限叠加,闪避后清零"},{"attr":[{"value":240,"type":71},{"value":180,"type":5},{"value":100,"type":16},{"value":100,"type":14}],"consume":10730,"id":26130,"skill":[{"p2":300,"type":93,"p1":800}],"desc":"连击Lv.$val$: 未连击,连击增加$val1$,可无限叠加,连击后清零"},{"attr":[{"value":240,"type":71},{"value":100,"type":11},{"value":180,"type":6},{"value":100,"type":13}],"consume":10731,"id":26131,"skill":[{"p2":300,"type":94,"p1":800}],"desc":"击晕Lv.$val$: 未击晕,击晕增加$val1$,可无限叠加,击晕后清零"},{"attr":[{"value":240,"type":71},{"value":100,"type":12},{"value":100,"type":13},{"value":180,"type":7}],"consume":10732,"id":26132,"skill":[{"p2":200,"type":85,"p1":1000}],"desc":"增伤Lv.$val$: 战斗开始伤害增加$val1$,持续到战斗结束"},{"attr":[{"value":240,"type":72},{"value":180,"type":8},{"value":100,"type":15},{"value":100,"type":16}],"consume":10733,"id":26133,"skill":[{"p2":200,"type":86,"p1":1000}],"desc":"免伤Lv.$val$: 战斗开始受伤减免$val1$,持续到战斗结束"},{"attr":[{"value":240,"type":72},{"value":180,"type":9},{"value":100,"type":11},{"value":100,"type":14}],"consume":10734,"id":26134,"skill":[{"p2":4000,"type":138,"p1":20000}],"desc":"增伤Lv.$val$: 攻击时,额外造成$val1$速度的伤害"},{"attr":[{"value":240,"type":72},{"value":100,"type":13},{"value":100,"type":15},{"value":180,"type":10}],"consume":10735,"id":26135,"skill":[{"p2":300,"type":139,"p1":1500}],"desc":"回复Lv.$val$: 闪避时,回复已损失生命的$val1$"},{"attr":[{"value":240,"type":73},{"value":100,"type":12},{"value":100,"type":16},{"value":100,"type":14}],"consume":10736,"id":26136,"skill":[{"p2":1000,"type":140,"p1":5000}],"desc":"增伤Lv.$val$: 攻击时,额外造成$val1$防御的伤害"},{"attr":[{"value":250,"type":73},{"value":120,"type":11},{"value":120,"type":15},{"value":120,"type":16}],"consume":10737,"id":26137,"skill":[{"p2":400,"type":141,"p1":2800}],"desc":"增伤Lv.$val$: 对生命高于60%的敌人,伤害增加$val1$"},{"attr":[{"value":250,"type":73},{"value":120,"type":12},{"value":120,"type":11},{"value":120,"type":14}],"consume":10738,"id":26138,"skill":[{"p2":100,"type":142,"p1":500},{"p2":100,"type":143,"p1":500}],"desc":"攻血Lv.$val$: 闪避时,增加$val1$攻击和$val2$治疗效果,可以叠加5次,持续到战斗结束"},{"attr":[{"value":250,"type":72},{"value":120,"type":13},{"value":120,"type":15},{"value":120,"type":16}],"consume":10739,"id":26139,"skill":[{"p2":500,"type":144,"p1":3500},{"p2":0,"type":145,"p1":3500}],"desc":"免伤Lv.$val$: 生命首次低于$val1$时,获得35%伤害减免"},{"attr":[{"value":220,"type":5},{"value":120,"type":12},{"value":120,"type":16},{"value":120,"type":14}],"consume":10740,"id":26140,"skill":[{"p2":200,"type":146,"p1":1000}],"desc":"弹反Lv.$val$: 反弹受到伤害的$val1$"},{"attr":[{"value":220,"type":6},{"value":120,"type":11},{"value":120,"type":15},{"value":120,"type":13}],"consume":10741,"id":26141,"skill":[{"p2":100,"type":147,"p1":500},{"p2":100,"type":148,"p1":500}],"desc":"攻防Lv.$val$: 反击时,增加$val1$攻击和$val2$防御,可以叠加5次,持续到战斗结束"},{"attr":[{"value":220,"type":7},{"value":120,"type":12},{"value":120,"type":13},{"value":120,"type":14}],"consume":10742,"id":26142,"skill":[{"p2":900,"type":149,"p1":4500}],"desc":"增伤Lv.$val$: 对生命高于35%的敌人,伤害增加$val1$"},{"attr":[{"value":220,"type":8},{"value":120,"type":11},{"value":120,"type":15},{"value":120,"type":16}],"consume":10743,"id":26143,"skill":[{"p2":200,"type":150,"p1":1000}],"desc":"击晕Lv.$val$: 暴击时,有$val1$概率击晕敌人"},{"attr":[{"value":220,"type":9},{"value":120,"type":12},{"value":120,"type":11},{"value":120,"type":14}],"consume":10744,"id":26144,"skill":[{"p2":1200,"type":151,"p1":6000}],"desc":"增伤Lv.$val$: 战斗开始增加$val1$防御的攻击,持续到战斗结束"},{"attr":[{"value":220,"type":10},{"value":120,"type":13},{"value":120,"type":15},{"value":120,"type":16}],"consume":10745,"id":26145,"skill":[{"p2":200,"type":152,"p1":500}],"desc":"增伤Lv.$val$: 生命每减少10%,攻击增加$val1$"},{"attr":[{"value":250,"type":71},{"value":120,"type":12},{"value":120,"type":16},{"value":120,"type":14}],"consume":10746,"id":26146,"skill":[{"p2":400,"type":5,"p1":2000},{"p2":400,"type":8,"p1":2000}],"desc":"生存Lv.$val$: 战斗开始增加$val1$吸血和闪避,持续到战斗结束"},{"attr":[{"value":250,"type":71},{"value":120,"type":11},{"value":120,"type":15},{"value":120,"type":16}],"consume":10747,"id":26147,"skill":[{"p2":400,"type":7,"p1":2000},{"p2":400,"type":10,"p1":2000}],"desc":"持久Lv.$val$: 战斗开始增加$val1$连击和击晕,持续到战斗结束"},{"attr":[{"value":250,"type":71},{"value":120,"type":12},{"value":120,"type":11},{"value":120,"type":14}],"consume":10748,"id":26148,"skill":[{"p2":400,"type":6,"p1":2000},{"p2":400,"type":9,"p1":2000}],"desc":"压制Lv.$val$: 战斗开始增加$val1$反击和暴击,持续到战斗结束"}],"list_2idx":[],"lottery":{"type":[{"consume":[{"id":20106,"count":1}],"times":1},{"consume":[{"id":20106,"count":5}],"times":5}]},"suit":[{"name":"尚能一战","list":[26100,26111],"id":26250,"level":[{"limit":1,"attr":[{"value":500,"type":153}]},{"limit":2,"attr":[{"value":800,"type":153}]},{"limit":3,"attr":[{"value":1100,"type":153}]},{"limit":4,"attr":[{"value":1400,"type":153}]},{"limit":5,"attr":[{"value":1700,"type":153}]},{"limit":7,"attr":[{"value":2000,"type":153}]},{"limit":9,"attr":[{"value":2300,"type":153}]},{"limit":11,"attr":[{"value":2600,"type":153}]},{"limit":13,"attr":[{"value":2900,"type":153}]},{"limit":15,"attr":[{"value":3200,"type":153}]},{"limit":17,"attr":[{"value":3500,"type":153}]},{"limit":20,"attr":[{"value":3800,"type":153}]},{"limit":23,"attr":[{"value":4100,"type":153}]},{"limit":26,"attr":[{"value":4400,"type":153}]},{"limit":30,"attr":[{"value":4700,"type":153}]},{"limit":34,"attr":[{"value":5000,"type":153}]},{"limit":38,"attr":[{"value":5300,"type":153}]},{"limit":42,"attr":[{"value":5600,"type":153}]},{"limit":46,"attr":[{"value":5900,"type":153}]},{"limit":50,"attr":[{"value":6200,"type":153}]},{"limit":55,"attr":[{"value":6500,"type":153}]},{"limit":60,"attr":[{"value":6800,"type":153}]}],"desc":"Lv.$val$: 主公的治疗效果+$val1$"},{"name":"反戈一击","list":[26101,26120],"id":26251,"level":[{"limit":1,"attr":[{"value":300,"type":6}]},{"limit":2,"attr":[{"value":500,"type":6}]},{"limit":3,"attr":[{"value":700,"type":6}]},{"limit":4,"attr":[{"value":900,"type":6}]},{"limit":5,"attr":[{"value":1100,"type":6}]},{"limit":7,"attr":[{"value":1300,"type":6}]},{"limit":9,"attr":[{"value":1500,"type":6}]},{"limit":11,"attr":[{"value":1700,"type":6}]},{"limit":13,"attr":[{"value":1900,"type":6}]},{"limit":15,"attr":[{"value":2100,"type":6}]},{"limit":17,"attr":[{"value":2300,"type":6}]},{"limit":20,"attr":[{"value":2500,"type":6}]},{"limit":23,"attr":[{"value":2700,"type":6}]},{"limit":26,"attr":[{"value":2900,"type":6}]},{"limit":30,"attr":[{"value":3100,"type":6}]},{"limit":34,"attr":[{"value":3300,"type":6}]},{"limit":38,"attr":[{"value":3500,"type":6}]},{"limit":42,"attr":[{"value":3700,"type":6}]},{"limit":46,"attr":[{"value":3900,"type":6}]},{"limit":50,"attr":[{"value":4100,"type":6}]},{"limit":55,"attr":[{"value":4300,"type":6}]},{"limit":60,"attr":[{"value":4500,"type":6}]}],"desc":"Lv.$val$: 主公的反击+$val1$"},{"name":"乘胜追击","list":[26102,26121],"id":26252,"level":[{"limit":1,"attr":[{"value":300,"type":7}]},{"limit":2,"attr":[{"value":500,"type":7}]},{"limit":3,"attr":[{"value":700,"type":7}]},{"limit":4,"attr":[{"value":900,"type":7}]},{"limit":5,"attr":[{"value":1100,"type":7}]},{"limit":7,"attr":[{"value":1300,"type":7}]},{"limit":9,"attr":[{"value":1500,"type":7}]},{"limit":11,"attr":[{"value":1700,"type":7}]},{"limit":13,"attr":[{"value":1900,"type":7}]},{"limit":15,"attr":[{"value":2100,"type":7}]},{"limit":17,"attr":[{"value":2300,"type":7}]},{"limit":20,"attr":[{"value":2500,"type":7}]},{"limit":23,"attr":[{"value":2700,"type":7}]},{"limit":26,"attr":[{"value":2900,"type":7}]},{"limit":30,"attr":[{"value":3100,"type":7}]},{"limit":34,"attr":[{"value":3300,"type":7}]},{"limit":38,"attr":[{"value":3500,"type":7}]},{"limit":42,"attr":[{"value":3700,"type":7}]},{"limit":46,"attr":[{"value":3900,"type":7}]},{"limit":50,"attr":[{"value":4100,"type":7}]},{"limit":55,"attr":[{"value":4300,"type":7}]},{"limit":60,"attr":[{"value":4500,"type":7}]}],"desc":"Lv.$val$: 主公的连击+$val1$"},{"name":"困兽之战","list":[26104,26112,26124],"id":26254,"level":[{"limit":1,"attr":[{"value":500,"type":9}]},{"limit":2,"attr":[{"value":750,"type":9}]},{"limit":3,"attr":[{"value":1000,"type":9}]},{"limit":4,"attr":[{"value":1250,"type":9}]},{"limit":5,"attr":[{"value":1500,"type":9}]},{"limit":7,"attr":[{"value":1750,"type":9}]},{"limit":9,"attr":[{"value":2000,"type":9}]},{"limit":11,"attr":[{"value":2250,"type":9}]},{"limit":13,"attr":[{"value":2500,"type":9}]},{"limit":15,"attr":[{"value":2750,"type":9}]},{"limit":17,"attr":[{"value":3000,"type":9}]},{"limit":20,"attr":[{"value":3250,"type":9}]},{"limit":23,"attr":[{"value":3500,"type":9}]},{"limit":26,"attr":[{"value":3750,"type":9}]},{"limit":30,"attr":[{"value":4000,"type":9}]},{"limit":34,"attr":[{"value":4250,"type":9}]},{"limit":38,"attr":[{"value":4500,"type":9}]},{"limit":42,"attr":[{"value":4750,"type":9}]},{"limit":46,"attr":[{"value":5000,"type":9}]},{"limit":50,"attr":[{"value":5250,"type":9}]},{"limit":55,"attr":[{"value":5500,"type":9}]},{"limit":60,"attr":[{"value":5750,"type":9}]}],"desc":"Lv.$val$: 主公的暴击+$val1$"},{"name":"非攻制胜","list":[26113,26115,26126],"id":26261,"level":[{"limit":1,"attr":[{"value":400,"type":5}]},{"limit":2,"attr":[{"value":600,"type":5}]},{"limit":3,"attr":[{"value":800,"type":5}]},{"limit":4,"attr":[{"value":1000,"type":5}]},{"limit":5,"attr":[{"value":1200,"type":5}]},{"limit":7,"attr":[{"value":1400,"type":5}]},{"limit":9,"attr":[{"value":1600,"type":5}]},{"limit":11,"attr":[{"value":1800,"type":5}]},{"limit":13,"attr":[{"value":2000,"type":5}]},{"limit":15,"attr":[{"value":2200,"type":5}]},{"limit":17,"attr":[{"value":2400,"type":5}]},{"limit":20,"attr":[{"value":2600,"type":5}]},{"limit":23,"attr":[{"value":2800,"type":5}]},{"limit":26,"attr":[{"value":3000,"type":5}]},{"limit":30,"attr":[{"value":3200,"type":5}]},{"limit":34,"attr":[{"value":3400,"type":5}]},{"limit":38,"attr":[{"value":3600,"type":5}]},{"limit":42,"attr":[{"value":3800,"type":5}]},{"limit":46,"attr":[{"value":4000,"type":5}]},{"limit":50,"attr":[{"value":4200,"type":5}]},{"limit":55,"attr":[{"value":4400,"type":5}]},{"limit":60,"attr":[{"value":4600,"type":5}]}],"desc":"Lv.$val$: 主公的吸血+$val1$"},{"name":"单骑救主","list":[26110,26117,26133],"id":26260,"level":[{"limit":1,"attr":[{"value":600,"type":120}]},{"limit":2,"attr":[{"value":900,"type":120}]},{"limit":3,"attr":[{"value":1200,"type":120}]},{"limit":4,"attr":[{"value":1500,"type":120}]},{"limit":5,"attr":[{"value":1800,"type":120}]},{"limit":7,"attr":[{"value":2100,"type":120}]},{"limit":9,"attr":[{"value":2400,"type":120}]},{"limit":11,"attr":[{"value":2700,"type":120}]},{"limit":13,"attr":[{"value":3000,"type":120}]},{"limit":15,"attr":[{"value":3300,"type":120}]},{"limit":17,"attr":[{"value":3600,"type":120}]},{"limit":20,"attr":[{"value":3900,"type":120}]},{"limit":23,"attr":[{"value":4200,"type":120}]},{"limit":26,"attr":[{"value":4500,"type":120}]},{"limit":30,"attr":[{"value":4800,"type":120}]},{"limit":34,"attr":[{"value":5100,"type":120}]},{"limit":38,"attr":[{"value":5400,"type":120}]},{"limit":42,"attr":[{"value":5700,"type":120}]},{"limit":46,"attr":[{"value":6000,"type":120}]},{"limit":50,"attr":[{"value":6300,"type":120}]},{"limit":55,"attr":[{"value":6600,"type":120}]},{"limit":60,"attr":[{"value":6900,"type":120}]}],"desc":"Lv.$val$: 主公召唤系技能伤害+$val1$"},{"name":"势如破竹","list":[26107,26114,26134],"id":26257,"level":[{"limit":1,"attr":[{"value":600,"type":72}]},{"limit":2,"attr":[{"value":900,"type":72}]},{"limit":3,"attr":[{"value":1200,"type":72}]},{"limit":4,"attr":[{"value":1500,"type":72}]},{"limit":5,"attr":[{"value":1800,"type":72}]},{"limit":7,"attr":[{"value":2100,"type":72}]},{"limit":9,"attr":[{"value":2400,"type":72}]},{"limit":11,"attr":[{"value":2700,"type":72}]},{"limit":13,"attr":[{"value":3000,"type":72}]},{"limit":15,"attr":[{"value":3300,"type":72}]},{"limit":17,"attr":[{"value":3600,"type":72}]},{"limit":20,"attr":[{"value":3900,"type":72}]},{"limit":23,"attr":[{"value":4200,"type":72}]},{"limit":26,"attr":[{"value":4500,"type":72}]},{"limit":30,"attr":[{"value":4800,"type":72}]},{"limit":34,"attr":[{"value":5100,"type":72}]},{"limit":38,"attr":[{"value":5400,"type":72}]},{"limit":42,"attr":[{"value":5700,"type":72}]},{"limit":46,"attr":[{"value":6000,"type":72}]},{"limit":50,"attr":[{"value":6300,"type":72}]},{"limit":55,"attr":[{"value":6600,"type":72}]},{"limit":60,"attr":[{"value":6900,"type":72}]}],"desc":"Lv.$val$: 主公的攻击+$val1$"},{"name":"白马飞将","list":[26105,26122,26147],"id":26255,"level":[{"limit":1,"attr":[{"value":600,"type":10}]},{"limit":2,"attr":[{"value":900,"type":10}]},{"limit":3,"attr":[{"value":1200,"type":10}]},{"limit":4,"attr":[{"value":1500,"type":10}]},{"limit":5,"attr":[{"value":1800,"type":10}]},{"limit":7,"attr":[{"value":2100,"type":10}]},{"limit":9,"attr":[{"value":2400,"type":10}]},{"limit":11,"attr":[{"value":2700,"type":10}]},{"limit":13,"attr":[{"value":3000,"type":10}]},{"limit":15,"attr":[{"value":3300,"type":10}]},{"limit":17,"attr":[{"value":3600,"type":10}]},{"limit":20,"attr":[{"value":3900,"type":10}]},{"limit":23,"attr":[{"value":4200,"type":10}]},{"limit":26,"attr":[{"value":4500,"type":10}]},{"limit":30,"attr":[{"value":4800,"type":10}]},{"limit":34,"attr":[{"value":5100,"type":10}]},{"limit":38,"attr":[{"value":5400,"type":10}]},{"limit":42,"attr":[{"value":5700,"type":10}]},{"limit":46,"attr":[{"value":6000,"type":10}]},{"limit":50,"attr":[{"value":6300,"type":10}]},{"limit":55,"attr":[{"value":6600,"type":10}]},{"limit":60,"attr":[{"value":6900,"type":10}]}],"desc":"Lv.$val$: 主公的击晕+$val1$"},{"name":"绝处逢生","list":[26103,26123,26146],"id":26253,"level":[{"limit":1,"attr":[{"value":500,"type":8}]},{"limit":2,"attr":[{"value":800,"type":8}]},{"limit":3,"attr":[{"value":1100,"type":8}]},{"limit":4,"attr":[{"value":1400,"type":8}]},{"limit":5,"attr":[{"value":1700,"type":8}]},{"limit":7,"attr":[{"value":2000,"type":8}]},{"limit":9,"attr":[{"value":2300,"type":8}]},{"limit":11,"attr":[{"value":2600,"type":8}]},{"limit":13,"attr":[{"value":2900,"type":8}]},{"limit":15,"attr":[{"value":3200,"type":8}]},{"limit":17,"attr":[{"value":3500,"type":8}]},{"limit":20,"attr":[{"value":3800,"type":8}]},{"limit":23,"attr":[{"value":4100,"type":8}]},{"limit":26,"attr":[{"value":4400,"type":8}]},{"limit":30,"attr":[{"value":4700,"type":8}]},{"limit":34,"attr":[{"value":5000,"type":8}]},{"limit":38,"attr":[{"value":5300,"type":8}]},{"limit":42,"attr":[{"value":5600,"type":8}]},{"limit":46,"attr":[{"value":5900,"type":8}]},{"limit":50,"attr":[{"value":6200,"type":8}]},{"limit":55,"attr":[{"value":6500,"type":8}]},{"limit":60,"attr":[{"value":6800,"type":8}]}],"desc":"Lv.$val$: 主公的闪避+$val1$"},{"name":"久经沙场","list":[26106,26119,26140],"id":26256,"level":[{"limit":1,"attr":[{"value":1000,"type":71}]},{"limit":2,"attr":[{"value":1400,"type":71}]},{"limit":3,"attr":[{"value":1800,"type":71}]},{"limit":4,"attr":[{"value":2200,"type":71}]},{"limit":5,"attr":[{"value":2600,"type":71}]},{"limit":7,"attr":[{"value":3000,"type":71}]},{"limit":9,"attr":[{"value":3400,"type":71}]},{"limit":11,"attr":[{"value":3800,"type":71}]},{"limit":13,"attr":[{"value":4200,"type":71}]},{"limit":15,"attr":[{"value":4600,"type":71}]},{"limit":17,"attr":[{"value":5000,"type":71}]},{"limit":20,"attr":[{"value":5400,"type":71}]},{"limit":23,"attr":[{"value":5800,"type":71}]},{"limit":26,"attr":[{"value":6200,"type":71}]},{"limit":30,"attr":[{"value":6600,"type":71}]},{"limit":34,"attr":[{"value":7000,"type":71}]},{"limit":38,"attr":[{"value":7400,"type":71}]},{"limit":42,"attr":[{"value":7800,"type":71}]},{"limit":46,"attr":[{"value":8200,"type":71}]},{"limit":50,"attr":[{"value":8600,"type":71}]},{"limit":55,"attr":[{"value":9000,"type":71}]},{"limit":60,"attr":[{"value":9400,"type":71}]}],"desc":"Lv.$val$: 主公的生命+$val1$"},{"name":"无懈可击","list":[26108,26118,26144],"id":26258,"level":[{"limit":1,"attr":[{"value":1000,"type":73}]},{"limit":2,"attr":[{"value":1400,"type":73}]},{"limit":3,"attr":[{"value":1800,"type":73}]},{"limit":4,"attr":[{"value":2200,"type":73}]},{"limit":5,"attr":[{"value":2600,"type":73}]},{"limit":7,"attr":[{"value":3000,"type":73}]},{"limit":9,"attr":[{"value":3400,"type":73}]},{"limit":11,"attr":[{"value":3800,"type":73}]},{"limit":13,"attr":[{"value":4200,"type":73}]},{"limit":15,"attr":[{"value":4600,"type":73}]},{"limit":17,"attr":[{"value":5000,"type":73}]},{"limit":20,"attr":[{"value":5400,"type":73}]},{"limit":23,"attr":[{"value":5800,"type":73}]},{"limit":26,"attr":[{"value":6200,"type":73}]},{"limit":30,"attr":[{"value":6600,"type":73}]},{"limit":34,"attr":[{"value":7000,"type":73}]},{"limit":38,"attr":[{"value":7400,"type":73}]},{"limit":42,"attr":[{"value":7800,"type":73}]},{"limit":46,"attr":[{"value":8200,"type":73}]},{"limit":50,"attr":[{"value":8600,"type":73}]},{"limit":55,"attr":[{"value":9000,"type":73}]},{"limit":60,"attr":[{"value":9400,"type":73}]}],"desc":"Lv.$val$: 主公的防御+$val1$"},{"name":"坚如磐石","list":[26109,26132,26142],"id":26259,"level":[{"limit":1,"attr":[{"value":300,"type":86}]},{"limit":2,"attr":[{"value":500,"type":86}]},{"limit":3,"attr":[{"value":700,"type":86}]},{"limit":4,"attr":[{"value":900,"type":86}]},{"limit":5,"attr":[{"value":1100,"type":86}]},{"limit":7,"attr":[{"value":1300,"type":86}]},{"limit":9,"attr":[{"value":1500,"type":86}]},{"limit":11,"attr":[{"value":1700,"type":86}]},{"limit":13,"attr":[{"value":1900,"type":86}]},{"limit":15,"attr":[{"value":2100,"type":86}]},{"limit":17,"attr":[{"value":2300,"type":86}]},{"limit":20,"attr":[{"value":2500,"type":86}]},{"limit":23,"attr":[{"value":2700,"type":86}]},{"limit":26,"attr":[{"value":2900,"type":86}]},{"limit":30,"attr":[{"value":3100,"type":86}]},{"limit":34,"attr":[{"value":3300,"type":86}]},{"limit":38,"attr":[{"value":3500,"type":86}]},{"limit":42,"attr":[{"value":3700,"type":86}]},{"limit":46,"attr":[{"value":3900,"type":86}]},{"limit":50,"attr":[{"value":4100,"type":86}]},{"limit":55,"attr":[{"value":4300,"type":86}]},{"limit":60,"attr":[{"value":4500,"type":86}]}],"desc":"Lv.$val$: 主公的免伤+$val1$"},{"name":"盛气凌敌","list":[26130,26139],"id":26266,"level":[{"limit":1,"attr":[{"value":300,"type":13},{"value":300,"type":15}]},{"limit":2,"attr":[{"value":500,"type":13},{"value":500,"type":15}]},{"limit":3,"attr":[{"value":700,"type":13},{"value":700,"type":15}]},{"limit":4,"attr":[{"value":900,"type":13},{"value":900,"type":15}]},{"limit":5,"attr":[{"value":1100,"type":13},{"value":1100,"type":15}]},{"limit":7,"attr":[{"value":1300,"type":13},{"value":1300,"type":15}]},{"limit":9,"attr":[{"value":1500,"type":13},{"value":1500,"type":15}]},{"limit":11,"attr":[{"value":1700,"type":13},{"value":1700,"type":15}]},{"limit":13,"attr":[{"value":1900,"type":13},{"value":1900,"type":15}]},{"limit":15,"attr":[{"value":2100,"type":13},{"value":2100,"type":15}]},{"limit":17,"attr":[{"value":2300,"type":13},{"value":2300,"type":15}]},{"limit":20,"attr":[{"value":2500,"type":13},{"value":2500,"type":15}]},{"limit":23,"attr":[{"value":2700,"type":13},{"value":2700,"type":15}]},{"limit":26,"attr":[{"value":2900,"type":13},{"value":2900,"type":15}]},{"limit":30,"attr":[{"value":3100,"type":13},{"value":3100,"type":15}]},{"limit":34,"attr":[{"value":3300,"type":13},{"value":3300,"type":15}]},{"limit":38,"attr":[{"value":3500,"type":13},{"value":3500,"type":15}]},{"limit":42,"attr":[{"value":3700,"type":13},{"value":3700,"type":15}]},{"limit":46,"attr":[{"value":3900,"type":13},{"value":3900,"type":15}]},{"limit":50,"attr":[{"value":4100,"type":13},{"value":4100,"type":15}]},{"limit":55,"attr":[{"value":4300,"type":13},{"value":4300,"type":15}]},{"limit":60,"attr":[{"value":4500,"type":13},{"value":4500,"type":15}]}],"desc":"Lv.$val$: 忽略暴击+$val1$,忽略连击+$val2$"},{"name":"雷霆之势","list":[26116,26128,26148],"id":26262,"level":[{"limit":1,"attr":[{"value":600,"type":17}]},{"limit":2,"attr":[{"value":900,"type":17}]},{"limit":3,"attr":[{"value":1200,"type":17}]},{"limit":4,"attr":[{"value":1500,"type":17}]},{"limit":5,"attr":[{"value":1800,"type":17}]},{"limit":7,"attr":[{"value":2100,"type":17}]},{"limit":9,"attr":[{"value":2400,"type":17}]},{"limit":11,"attr":[{"value":2700,"type":17}]},{"limit":13,"attr":[{"value":3000,"type":17}]},{"limit":15,"attr":[{"value":3300,"type":17}]},{"limit":17,"attr":[{"value":3600,"type":17}]},{"limit":20,"attr":[{"value":3900,"type":17}]},{"limit":23,"attr":[{"value":4200,"type":17}]},{"limit":26,"attr":[{"value":4500,"type":17}]},{"limit":30,"attr":[{"value":4800,"type":17}]},{"limit":34,"attr":[{"value":5100,"type":17}]},{"limit":38,"attr":[{"value":5400,"type":17}]},{"limit":42,"attr":[{"value":5700,"type":17}]},{"limit":46,"attr":[{"value":6000,"type":17}]},{"limit":50,"attr":[{"value":6300,"type":17}]},{"limit":55,"attr":[{"value":6600,"type":17}]},{"limit":60,"attr":[{"value":6900,"type":17}]}],"desc":"Lv.$val$: 主公的暴怒+$val1$"},{"name":"克敌制胜","list":[26131,26143],"id":26267,"level":[{"limit":1,"attr":[{"value":300,"type":14},{"value":300,"type":16}]},{"limit":2,"attr":[{"value":500,"type":14},{"value":500,"type":16}]},{"limit":3,"attr":[{"value":700,"type":14},{"value":700,"type":16}]},{"limit":4,"attr":[{"value":900,"type":14},{"value":900,"type":16}]},{"limit":5,"attr":[{"value":1100,"type":14},{"value":1100,"type":16}]},{"limit":7,"attr":[{"value":1300,"type":14},{"value":1300,"type":16}]},{"limit":9,"attr":[{"value":1500,"type":14},{"value":1500,"type":16}]},{"limit":11,"attr":[{"value":1700,"type":14},{"value":1700,"type":16}]},{"limit":13,"attr":[{"value":1900,"type":14},{"value":1900,"type":16}]},{"limit":15,"attr":[{"value":2100,"type":14},{"value":2100,"type":16}]},{"limit":17,"attr":[{"value":2300,"type":14},{"value":2300,"type":16}]},{"limit":20,"attr":[{"value":2500,"type":14},{"value":2500,"type":16}]},{"limit":23,"attr":[{"value":2700,"type":14},{"value":2700,"type":16}]},{"limit":26,"attr":[{"value":2900,"type":14},{"value":2900,"type":16}]},{"limit":30,"attr":[{"value":3100,"type":14},{"value":3100,"type":16}]},{"limit":34,"attr":[{"value":3300,"type":14},{"value":3300,"type":16}]},{"limit":38,"attr":[{"value":3500,"type":14},{"value":3500,"type":16}]},{"limit":42,"attr":[{"value":3700,"type":14},{"value":3700,"type":16}]},{"limit":46,"attr":[{"value":3900,"type":14},{"value":3900,"type":16}]},{"limit":50,"attr":[{"value":4100,"type":14},{"value":4100,"type":16}]},{"limit":55,"attr":[{"value":4300,"type":14},{"value":4300,"type":16}]},{"limit":60,"attr":[{"value":4500,"type":14},{"value":4500,"type":16}]}],"desc":"Lv.$val$: 忽略闪避+$val1$,忽略击晕+$val2$"},{"name":"风助火势","list":[26125,26136,26145],"id":26263,"level":[{"limit":1,"attr":[{"value":300,"type":85}]},{"limit":2,"attr":[{"value":500,"type":85}]},{"limit":3,"attr":[{"value":700,"type":85}]},{"limit":4,"attr":[{"value":900,"type":85}]},{"limit":5,"attr":[{"value":1100,"type":85}]},{"limit":7,"attr":[{"value":1300,"type":85}]},{"limit":9,"attr":[{"value":1500,"type":85}]},{"limit":11,"attr":[{"value":1700,"type":85}]},{"limit":13,"attr":[{"value":1900,"type":85}]},{"limit":15,"attr":[{"value":2100,"type":85}]},{"limit":17,"attr":[{"value":2300,"type":85}]},{"limit":20,"attr":[{"value":2500,"type":85}]},{"limit":23,"attr":[{"value":2700,"type":85}]},{"limit":26,"attr":[{"value":2900,"type":85}]},{"limit":30,"attr":[{"value":3100,"type":85}]},{"limit":34,"attr":[{"value":3300,"type":85}]},{"limit":38,"attr":[{"value":3500,"type":85}]},{"limit":42,"attr":[{"value":3700,"type":85}]},{"limit":46,"attr":[{"value":3900,"type":85}]},{"limit":50,"attr":[{"value":4100,"type":85}]},{"limit":55,"attr":[{"value":4300,"type":85}]},{"limit":60,"attr":[{"value":4500,"type":85}]}],"desc":"Lv.$val$: 主公的伤害+$val1$"},{"name":"智勇双全","list":[26129,26135,26138],"id":26264,"level":[{"limit":1,"attr":[{"value":1200,"type":71}]},{"limit":2,"attr":[{"value":1600,"type":71}]},{"limit":3,"attr":[{"value":2000,"type":71}]},{"limit":4,"attr":[{"value":2400,"type":71}]},{"limit":5,"attr":[{"value":2800,"type":71}]},{"limit":7,"attr":[{"value":3200,"type":71}]},{"limit":9,"attr":[{"value":3600,"type":71}]},{"limit":11,"attr":[{"value":4000,"type":71}]},{"limit":13,"attr":[{"value":4400,"type":71}]},{"limit":15,"attr":[{"value":4800,"type":71}]},{"limit":17,"attr":[{"value":5200,"type":71}]},{"limit":20,"attr":[{"value":5600,"type":71}]},{"limit":23,"attr":[{"value":6000,"type":71}]},{"limit":26,"attr":[{"value":6400,"type":71}]},{"limit":30,"attr":[{"value":6800,"type":71}]},{"limit":34,"attr":[{"value":7200,"type":71}]},{"limit":38,"attr":[{"value":7600,"type":71}]},{"limit":42,"attr":[{"value":8000,"type":71}]},{"limit":46,"attr":[{"value":8400,"type":71}]},{"limit":50,"attr":[{"value":8800,"type":71}]},{"limit":55,"attr":[{"value":9200,"type":71}]},{"limit":60,"attr":[{"value":9600,"type":71}]}],"desc":"Lv.$val$: 主公的生命+$val1$"},{"name":"斗转星移","list":[26127,26141,26137],"id":26265,"level":[{"limit":1,"attr":[{"value":800,"type":6}]},{"limit":2,"attr":[{"value":1100,"type":6}]},{"limit":3,"attr":[{"value":1400,"type":6}]},{"limit":4,"attr":[{"value":1700,"type":6}]},{"limit":5,"attr":[{"value":2000,"type":6}]},{"limit":7,"attr":[{"value":2300,"type":6}]},{"limit":9,"attr":[{"value":2600,"type":6}]},{"limit":11,"attr":[{"value":2900,"type":6}]},{"limit":13,"attr":[{"value":3200,"type":6}]},{"limit":15,"attr":[{"value":3500,"type":6}]},{"limit":17,"attr":[{"value":3800,"type":6}]},{"limit":20,"attr":[{"value":4100,"type":6}]},{"limit":23,"attr":[{"value":4400,"type":6}]},{"limit":26,"attr":[{"value":4700,"type":6}]},{"limit":30,"attr":[{"value":5000,"type":6}]},{"limit":34,"attr":[{"value":5300,"type":6}]},{"limit":38,"attr":[{"value":5600,"type":6}]},{"limit":42,"attr":[{"value":5900,"type":6}]},{"limit":46,"attr":[{"value":6200,"type":6}]},{"limit":50,"attr":[{"value":6500,"type":6}]},{"limit":55,"attr":[{"value":6800,"type":6}]},{"limit":60,"attr":[{"value":7100,"type":6}]}],"desc":"Lv.$val$: 主公的反击+$val1$"}],"dayFreeTimes":2}}