{"WildBossConfig":[{"winAward":[{"id":10004,"count":30,"dropCount":3},{"id":10003,"count":10,"dropCount":2}],"prop_tab":[{"value":973,"type":1},{"value":22052,"type":2},{"value":3949,"type":3},{"value":1665,"type":4},{"value":1100,"type":5},{"value":0,"type":6},{"value":0,"type":7},{"value":0,"type":8},{"value":0,"type":9},{"value":0,"type":10},{"value":0,"type":11},{"value":0,"type":12},{"value":0,"type":13},{"value":0,"type":14},{"value":0,"type":15},{"value":0,"type":16},{"value":1,"type":200},{"value":6,"type":201}],"appear":10071,"desc":"驰天战将·初期","name":"骷髅精灵","wipeCost":[{"index":1,"cost":[{"id":10003,"count":0}]},{"index":2,"cost":[{"id":10003,"count":2}]},{"index":3,"cost":[{"id":10003,"count":4}]},{"index":4,"cost":[{"id":10003,"count":8}]},{"index":5,"cost":[{"id":10003,"count":16}]},{"index":6,"cost":[{"id":10003,"count":20}]}],"conditions":[{"value":40,"type":20001}],"wipeAward":[{"id":10004,"count":20}],"size":1},{"winAward":[{"id":10004,"count":40,"dropCount":3},{"id":10003,"count":10,"dropCount":2}],"prop_tab":[{"value":1372,"type":1},{"value":35855,"type":2},{"value":6800,"type":3},{"value":1517,"type":4},{"value":0,"type":5},{"value":1200,"type":6},{"value":0,"type":7},{"value":0,"type":8},{"value":0,"type":9},{"value":0,"type":10},{"value":0,"type":11},{"value":0,"type":12},{"value":0,"type":13},{"value":0,"type":14},{"value":0,"type":15},{"value":0,"type":16},{"value":2,"type":200},{"value":12,"type":201}],"appear":10071,"desc":"驰天战将·中期","name":"骷髅精灵","wipeCost":[{"index":1,"cost":[{"id":10003,"count":0}]},{"index":2,"cost":[{"id":10003,"count":3}]},{"index":3,"cost":[{"id":10003,"count":6}]},{"index":4,"cost":[{"id":10003,"count":12}]},{"index":5,"cost":[{"id":10003,"count":24}]},{"index":6,"cost":[{"id":10003,"count":30}]}],"conditions":[{"value":1002,"type":20065}],"wipeAward":[{"id":10004,"count":30}],"size":1},{"winAward":[{"id":10004,"count":50,"dropCount":3},{"id":10003,"count":10,"dropCount":2}],"prop_tab":[{"value":1628,"type":1},{"value":46359,"type":2},{"value":9028,"type":3},{"value":2055,"type":4},{"value":0,"type":5},{"value":0,"type":6},{"value":1500,"type":7},{"value":0,"type":8},{"value":0,"type":9},{"value":0,"type":10},{"value":0,"type":11},{"value":0,"type":12},{"value":0,"type":13},{"value":0,"type":14},{"value":0,"type":15},{"value":0,"type":16},{"value":3,"type":200},{"value":18,"type":201}],"appear":10071,"desc":"驰天战将·后期","name":"骷髅精灵","wipeCost":[{"index":1,"cost":[{"id":10003,"count":0}]},{"index":2,"cost":[{"id":10003,"count":4}]},{"index":3,"cost":[{"id":10003,"count":8}]},{"index":4,"cost":[{"id":10003,"count":16}]},{"index":5,"cost":[{"id":10003,"count":32}]},{"index":6,"cost":[{"id":10003,"count":40}]}],"conditions":[{"value":1003,"type":20065}],"wipeAward":[{"id":10004,"count":40}],"size":1},{"winAward":[{"id":10004,"count":60,"dropCount":11},{"id":10003,"count":20,"dropCount":2}],"prop_tab":[{"value":1905,"type":1},{"value":59446,"type":2},{"value":11876,"type":3},{"value":2782,"type":4},{"value":0,"type":5},{"value":0,"type":6},{"value":0,"type":7},{"value":2000,"type":8},{"value":0,"type":9},{"value":0,"type":10},{"value":1000,"type":11},{"value":500,"type":12},{"value":500,"type":13},{"value":500,"type":14},{"value":500,"type":15},{"value":500,"type":16},{"value":4,"type":200},{"value":24,"type":201}],"appear":10001,"desc":"洪天战魂·初期","name":"尸王","wipeCost":[{"index":1,"cost":[{"id":10003,"count":0}]},{"index":2,"cost":[{"id":10003,"count":5}]},{"index":3,"cost":[{"id":10003,"count":10}]},{"index":4,"cost":[{"id":10003,"count":20}]},{"index":5,"cost":[{"id":10003,"count":40}]},{"index":6,"cost":[{"id":10003,"count":50}]}],"conditions":[{"value":1004,"type":20065}],"wipeAward":[{"id":10004,"count":50}],"size":1},{"winAward":[{"id":10004,"count":70,"dropCount":11},{"id":10003,"count":20,"dropCount":2}],"prop_tab":[{"value":2204,"type":1},{"value":75619,"type":2},{"value":15430,"type":3},{"value":3677,"type":4},{"value":1100,"type":5},{"value":1100,"type":6},{"value":900,"type":7},{"value":700,"type":8},{"value":2300,"type":9},{"value":1600,"type":10},{"value":1500,"type":11},{"value":800,"type":12},{"value":800,"type":13},{"value":800,"type":14},{"value":800,"type":15},{"value":800,"type":16},{"value":5,"type":200},{"value":30,"type":201}],"appear":10001,"desc":"洪天战魂·中期","name":"尸王","wipeCost":[{"index":1,"cost":[{"id":10003,"count":0}]},{"index":2,"cost":[{"id":10003,"count":6}]},{"index":3,"cost":[{"id":10003,"count":12}]},{"index":4,"cost":[{"id":10003,"count":24}]},{"index":5,"cost":[{"id":10003,"count":48}]},{"index":6,"cost":[{"id":10003,"count":60}]}],"conditions":[{"value":1005,"type":20065}],"wipeAward":[{"id":10004,"count":60}],"size":1},{"winAward":[{"id":10004,"count":80,"dropCount":11},{"id":10003,"count":20,"dropCount":2}],"prop_tab":[{"value":2881,"type":1},{"value":119466,"type":2},{"value":25260,"type":3},{"value":6188,"type":4},{"value":1300,"type":5},{"value":1100,"type":6},{"value":1000,"type":7},{"value":1600,"type":8},{"value":2200,"type":9},{"value":3200,"type":10},{"value":2450,"type":11},{"value":1540,"type":12},{"value":3040,"type":13},{"value":1140,"type":14},{"value":1340,"type":15},{"value":1440,"type":16},{"value":6,"type":200},{"value":36,"type":201}],"appear":10001,"desc":"洪天战魂·后期","name":"尸王","wipeCost":[{"index":1,"cost":[{"id":10003,"count":0}]},{"index":2,"cost":[{"id":10003,"count":7}]},{"index":3,"cost":[{"id":10003,"count":14}]},{"index":4,"cost":[{"id":10003,"count":28}]},{"index":5,"cost":[{"id":10003,"count":56}]},{"index":6,"cost":[{"id":10003,"count":70}]}],"conditions":[{"value":1006,"type":20065}],"wipeAward":[{"id":10004,"count":70}],"size":1},{"winAward":[{"id":10004,"count":90,"dropCount":11},{"id":10003,"count":30,"dropCount":2}],"prop_tab":[{"value":4076,"type":1},{"value":224213,"type":2},{"value":49155,"type":3},{"value":12412,"type":4},{"value":5900,"type":5},{"value":1800,"type":6},{"value":2200,"type":7},{"value":1500,"type":8},{"value":1300,"type":9},{"value":3100,"type":10},{"value":3140,"type":11},{"value":2040,"type":12},{"value":3740,"type":13},{"value":1440,"type":14},{"value":1740,"type":15},{"value":1840,"type":16},{"value":7,"type":200},{"value":42,"type":201}],"appear":10011,"desc":"玄天战灵·初期","name":"沃玛教主","wipeCost":[{"index":1,"cost":[{"id":10003,"count":0}]},{"index":2,"cost":[{"id":10003,"count":8}]},{"index":3,"cost":[{"id":10003,"count":16}]},{"index":4,"cost":[{"id":10003,"count":32}]},{"index":5,"cost":[{"id":10003,"count":64}]},{"index":6,"cost":[{"id":10003,"count":80}]}],"conditions":[{"value":1007,"type":20065}],"wipeAward":[{"id":10004,"count":80}],"size":0.58},{"winAward":[{"id":10004,"count":100,"dropCount":11},{"id":10003,"count":30,"dropCount":2}],"prop_tab":[{"value":4989,"type":1},{"value":329448,"type":2},{"value":73439,"type":3},{"value":18791,"type":4},{"value":3500,"type":5},{"value":5800,"type":6},{"value":4000,"type":7},{"value":2900,"type":8},{"value":2300,"type":9},{"value":1900,"type":10},{"value":3600,"type":11},{"value":2340,"type":12},{"value":4240,"type":13},{"value":1740,"type":14},{"value":1940,"type":15},{"value":2140,"type":16},{"value":8,"type":200},{"value":48,"type":201}],"appear":10011,"desc":"玄天战灵·中期","name":"沃玛教主","wipeCost":[{"index":1,"cost":[{"id":10003,"count":0}]},{"index":2,"cost":[{"id":10003,"count":9}]},{"index":3,"cost":[{"id":10003,"count":18}]},{"index":4,"cost":[{"id":10003,"count":36}]},{"index":5,"cost":[{"id":10003,"count":72}]},{"index":6,"cost":[{"id":10003,"count":90}]}],"conditions":[{"value":1008,"type":20065}],"wipeAward":[{"id":10004,"count":90}],"size":0.58},{"winAward":[{"id":10004,"count":110,"dropCount":11},{"id":10003,"count":30,"dropCount":2}],"prop_tab":[{"value":7150,"type":1},{"value":660945,"type":2},{"value":150487,"type":3},{"value":39154,"type":4},{"value":3600,"type":5},{"value":2200,"type":6},{"value":7300,"type":7},{"value":2900,"type":8},{"value":5100,"type":9},{"value":2400,"type":10},{"value":5420,"type":11},{"value":3620,"type":12},{"value":6040,"type":13},{"value":2630,"type":14},{"value":2960,"type":15},{"value":3180,"type":16},{"value":9,"type":200},{"value":54,"type":201}],"appear":10011,"desc":"玄天战灵·后期","name":"沃玛教主","wipeCost":[{"index":1,"cost":[{"id":10003,"count":0}]},{"index":2,"cost":[{"id":10003,"count":10}]},{"index":3,"cost":[{"id":10003,"count":20}]},{"index":4,"cost":[{"id":10003,"count":40}]},{"index":5,"cost":[{"id":10003,"count":80}]},{"index":6,"cost":[{"id":10003,"count":100}]}],"conditions":[{"value":1009,"type":20065}],"wipeAward":[{"id":10004,"count":100}],"size":0.58},{"winAward":[{"id":10004,"count":120,"dropCount":9},{"id":10003,"count":40,"dropCount":4}],"prop_tab":[{"value":9084,"type":1},{"value":1081496,"type":2},{"value":249066,"type":3},{"value":65395,"type":4},{"value":6000,"type":5},{"value":2700,"type":6},{"value":3600,"type":7},{"value":9000,"type":8},{"value":4500,"type":9},{"value":6300,"type":10},{"value":6245,"type":11},{"value":4115,"type":12},{"value":6965,"type":13},{"value":3115,"type":14},{"value":3445,"type":15},{"value":3665,"type":16},{"value":10,"type":200},{"value":60,"type":201}],"appear":10002,"desc":"鸿天战王·初期","name":"野猪王","wipeCost":[{"index":1,"cost":[{"id":10003,"count":0}]},{"index":2,"cost":[{"id":10003,"count":11}]},{"index":3,"cost":[{"id":10003,"count":22}]},{"index":4,"cost":[{"id":10003,"count":44}]},{"index":5,"cost":[{"id":10003,"count":88}]},{"index":6,"cost":[{"id":10003,"count":110}]}],"conditions":[{"value":1010,"type":20065}],"wipeAward":[{"id":10004,"count":110}],"size":0.70},{"winAward":[{"id":10004,"count":130,"dropCount":9},{"id":10003,"count":40,"dropCount":4}],"prop_tab":[{"value":11275,"type":1},{"value":1713359,"type":2},{"value":397824,"type":3},{"value":105120,"type":4},{"value":5400,"type":5},{"value":4400,"type":6},{"value":7600,"type":7},{"value":3600,"type":8},{"value":10900,"type":9},{"value":3300,"type":10},{"value":7070,"type":11},{"value":4730,"type":12},{"value":7780,"type":13},{"value":3490,"type":14},{"value":3930,"type":15},{"value":4260,"type":16},{"value":11,"type":200},{"value":66,"type":201}],"appear":10002,"desc":"鸿天战王·中期","name":"野猪王","wipeCost":[{"index":1,"cost":[{"id":10003,"count":0}]},{"index":2,"cost":[{"id":10003,"count":12}]},{"index":3,"cost":[{"id":10003,"count":24}]},{"index":4,"cost":[{"id":10003,"count":48}]},{"index":5,"cost":[{"id":10003,"count":96}]},{"index":6,"cost":[{"id":10003,"count":120}]}],"conditions":[{"value":1011,"type":20065}],"wipeAward":[{"id":10004,"count":120}],"size":0.70},{"winAward":[{"id":10004,"count":140,"dropCount":9},{"id":10003,"count":40,"dropCount":4}],"prop_tab":[{"value":16526,"type":1},{"value":4014165,"type":2},{"value":942682,"type":3},{"value":251358,"type":4},{"value":7800,"type":5},{"value":9100,"type":6},{"value":6500,"type":7},{"value":5200,"type":8},{"value":3900,"type":9},{"value":13000,"type":10},{"value":10160,"type":11},{"value":6600,"type":12},{"value":10800,"type":13},{"value":5160,"type":14},{"value":5760,"type":15},{"value":6120,"type":16},{"value":12,"type":200},{"value":72,"type":201}],"appear":10002,"desc":"鸿天战王·后期","name":"野猪王","wipeCost":[{"index":1,"cost":[{"id":10003,"count":0}]},{"index":2,"cost":[{"id":10003,"count":13}]},{"index":3,"cost":[{"id":10003,"count":26}]},{"index":4,"cost":[{"id":10003,"count":52}]},{"index":5,"cost":[{"id":10003,"count":104}]},{"index":6,"cost":[{"id":10003,"count":130}]}],"conditions":[{"value":1012,"type":20065}],"wipeAward":[{"id":10004,"count":130}],"size":0.70},{"winAward":[{"id":10004,"count":150,"dropCount":20},{"id":10003,"count":50,"dropCount":5}],"prop_tab":[{"value":23024,"type":1},{"value":8373931,"type":2},{"value":1977043,"type":3},{"value":529535,"type":4},{"value":20300,"type":5},{"value":6100,"type":6},{"value":7600,"type":7},{"value":5100,"type":8},{"value":10600,"type":9},{"value":4600,"type":10},{"value":14700,"type":11},{"value":9170,"type":12},{"value":14910,"type":13},{"value":7210,"type":14},{"value":8050,"type":15},{"value":8470,"type":16},{"value":13,"type":200},{"value":78,"type":201}],"appear":10003,"desc":"镇天战皇·初期","name":"祖玛教主","wipeCost":[{"index":1,"cost":[{"id":10003,"count":0}]},{"index":2,"cost":[{"id":10003,"count":14}]},{"index":3,"cost":[{"id":10003,"count":28}]},{"index":4,"cost":[{"id":10003,"count":56}]},{"index":5,"cost":[{"id":10003,"count":112}]},{"index":6,"cost":[{"id":10003,"count":140}]}],"conditions":[{"value":1013,"type":20065}],"wipeAward":[{"id":10004,"count":140}],"size":0.80},{"winAward":[{"id":10004,"count":160,"dropCount":20},{"id":10003,"count":50,"dropCount":5}],"prop_tab":[{"value":30859,"type":1},{"value":16288310,"type":2},{"value":3859247,"type":3},{"value":1036822,"type":4},{"value":16500,"type":5},{"value":17600,"type":6},{"value":7100,"type":7},{"value":12300,"type":8},{"value":5900,"type":9},{"value":5300,"type":10},{"value":17040,"type":11},{"value":10640,"type":12},{"value":17220,"type":13},{"value":8400,"type":14},{"value":9380,"type":15},{"value":9800,"type":16},{"value":14,"type":200},{"value":84,"type":201}],"appear":10003,"desc":"镇天战皇·中期","name":"祖玛教主","wipeCost":[{"index":1,"cost":[{"id":10003,"count":0}]},{"index":2,"cost":[{"id":10003,"count":15}]},{"index":3,"cost":[{"id":10003,"count":30}]},{"index":4,"cost":[{"id":10003,"count":60}]},{"index":5,"cost":[{"id":10003,"count":120}]},{"index":6,"cost":[{"id":10003,"count":150}]}],"conditions":[{"value":1014,"type":20065}],"wipeAward":[{"id":10004,"count":150}],"size":0.80},{"winAward":[{"id":10004,"count":170,"dropCount":20},{"id":10003,"count":50,"dropCount":5}],"prop_tab":[{"value":40149,"type":1},{"value":29099030,"type":2},{"value":6902433,"type":3},{"value":1856501,"type":4},{"value":10100,"type":5},{"value":6800,"type":6},{"value":20300,"type":7},{"value":14200,"type":8},{"value":8100,"type":9},{"value":14200,"type":10},{"value":19380,"type":11},{"value":12110,"type":12},{"value":19530,"type":13},{"value":9590,"type":14},{"value":10570,"type":15},{"value":11270,"type":16},{"value":15,"type":200},{"value":90,"type":201}],"appear":10003,"desc":"镇天战皇·后期","name":"祖玛教主","wipeCost":[{"index":1,"cost":[{"id":10003,"count":0}]},{"index":2,"cost":[{"id":10003,"count":15}]},{"index":3,"cost":[{"id":10003,"count":30}]},{"index":4,"cost":[{"id":10003,"count":60}]},{"index":5,"cost":[{"id":10003,"count":120}]},{"index":6,"cost":[{"id":10003,"count":150}]}],"conditions":[{"value":1015,"type":20065}],"wipeAward":[{"id":10004,"count":155}],"size":0.80},{"winAward":[{"id":10004,"count":180,"dropCount":20},{"id":10003,"count":60,"dropCount":5}],"prop_tab":[{"value":50985,"type":1},{"value":48722557,"type":2},{"value":11555366,"type":3},{"value":3108256,"type":4},{"value":7700,"type":5},{"value":11500,"type":6},{"value":9200,"type":7},{"value":23000,"type":8},{"value":6900,"type":9},{"value":16100,"type":10},{"value":21720,"type":11},{"value":13580,"type":12},{"value":21840,"type":13},{"value":10780,"type":14},{"value":11900,"type":15},{"value":12600,"type":16},{"value":16,"type":200},{"value":96,"type":201}],"appear":10010,"desc":"通天战狂·初期","name":"虹膜教主","wipeCost":[{"index":1,"cost":[{"id":10003,"count":0}]},{"index":2,"cost":[{"id":10003,"count":16}]},{"index":3,"cost":[{"id":10003,"count":32}]},{"index":4,"cost":[{"id":10003,"count":64}]},{"index":5,"cost":[{"id":10003,"count":128}]},{"index":6,"cost":[{"id":10003,"count":160}]}],"conditions":[{"value":1016,"type":20065}],"wipeAward":[{"id":10004,"count":160}],"size":0.80},{"winAward":[{"id":10004,"count":190,"dropCount":20},{"id":10003,"count":60,"dropCount":5}],"prop_tab":[{"value":65749,"type":1},{"value":83395064,"type":2},{"value":19755880,"type":3},{"value":5310409,"type":4},{"value":10400,"type":5},{"value":7800,"type":6},{"value":18200,"type":7},{"value":8700,"type":8},{"value":26000,"type":9},{"value":13000,"type":10},{"value":28820,"type":11},{"value":18680,"type":12},{"value":32080,"type":13},{"value":14280,"type":14},{"value":16080,"type":15},{"value":17080,"type":16},{"value":17,"type":200},{"value":102,"type":201}],"appear":10010,"desc":"通天战狂·中期","name":"虹膜教主","wipeCost":[{"index":1,"cost":[{"id":10003,"count":0}]},{"index":2,"cost":[{"id":10003,"count":16}]},{"index":3,"cost":[{"id":10003,"count":32}]},{"index":4,"cost":[{"id":10003,"count":64}]},{"index":5,"cost":[{"id":10003,"count":128}]},{"index":6,"cost":[{"id":10003,"count":160}]}],"conditions":[{"value":1017,"type":20065}],"wipeAward":[{"id":10004,"count":165}],"size":0.80},{"winAward":[{"id":10004,"count":200,"dropCount":20},{"id":10003,"count":60,"dropCount":5}],"prop_tab":[{"value":82922,"type":1},{"value":135151044,"type":2},{"value":31959777,"type":3},{"value":8580353,"type":4},{"value":14600,"type":5},{"value":11700,"type":6},{"value":9700,"type":7},{"value":8700,"type":8},{"value":20400,"type":9},{"value":29200,"type":10},{"value":32040,"type":11},{"value":20880,"type":12},{"value":35480,"type":13},{"value":16080,"type":14},{"value":17880,"type":15},{"value":19080,"type":16},{"value":18,"type":200},{"value":108,"type":201}],"appear":10010,"desc":"通天战狂·后期","name":"虹膜教主","wipeCost":[{"index":1,"cost":[{"id":10003,"count":0}]},{"index":2,"cost":[{"id":10003,"count":17}]},{"index":3,"cost":[{"id":10003,"count":34}]},{"index":4,"cost":[{"id":10003,"count":68}]},{"index":5,"cost":[{"id":10003,"count":136}]},{"index":6,"cost":[{"id":10003,"count":170}]}],"conditions":[{"value":1018,"type":20065}],"wipeAward":[{"id":10004,"count":170}],"size":0.80},{"winAward":[{"id":10004,"count":210,"dropCount":20},{"id":10003,"count":70,"dropCount":5}],"prop_tab":[{"value":115227,"type":1},{"value":264863248,"type":2},{"value":62411378,"type":3},{"value":16712465,"type":4},{"value":43300,"type":5},{"value":22700,"type":6},{"value":16200,"type":7},{"value":13000,"type":8},{"value":10800,"type":9},{"value":9700,"type":10},{"value":37100,"type":11},{"value":24080,"type":12},{"value":41080,"type":13},{"value":18480,"type":14},{"value":20880,"type":15},{"value":22080,"type":16},{"value":19,"type":200},{"value":114,"type":201}],"appear":10004,"desc":"凌天战圣·初期","name":"牛魔王","wipeCost":[{"index":1,"cost":[{"id":10003,"count":0}]},{"index":2,"cost":[{"id":10003,"count":17}]},{"index":3,"cost":[{"id":10003,"count":34}]},{"index":4,"cost":[{"id":10003,"count":68}]},{"index":5,"cost":[{"id":10003,"count":136}]},{"index":6,"cost":[{"id":10003,"count":170}]}],"conditions":[{"value":1019,"type":20065}],"wipeAward":[{"id":10004,"count":175}],"size":0.70},{"winAward":[{"id":10004,"count":220,"dropCount":20},{"id":10003,"count":70,"dropCount":5}],"prop_tab":[{"value":166623,"type":1},{"value":555872248,"type":2},{"value":130292652,"type":3},{"value":34750385,"type":4},{"value":33600,"type":5},{"value":36000,"type":6},{"value":18000,"type":7},{"value":14400,"type":8},{"value":12000,"type":9},{"value":10800,"type":10},{"value":43540,"type":11},{"value":28280,"type":12},{"value":48080,"type":13},{"value":21880,"type":14},{"value":24480,"type":15},{"value":25880,"type":16},{"value":20,"type":200},{"value":120,"type":201}],"appear":10004,"desc":"凌天战圣·中期","name":"牛魔王","wipeCost":[{"index":1,"cost":[{"id":10003,"count":0}]},{"index":2,"cost":[{"id":10003,"count":18}]},{"index":3,"cost":[{"id":10003,"count":36}]},{"index":4,"cost":[{"id":10003,"count":72}]},{"index":5,"cost":[{"id":10003,"count":144}]},{"index":6,"cost":[{"id":10003,"count":180}]}],"conditions":[{"value":1020,"type":20065}],"wipeAward":[{"id":10004,"count":180}],"size":0.70},{"winAward":[{"id":10004,"count":230,"dropCount":20},{"id":10003,"count":70,"dropCount":5}],"prop_tab":[{"value":230786,"type":1},{"value":1059994200,"type":2},{"value":247026287,"type":3},{"value":65590402,"type":4},{"value":26500,"type":5},{"value":27800,"type":6},{"value":39700,"type":7},{"value":19800,"type":8},{"value":15900,"type":9},{"value":11900,"type":10},{"value":49980,"type":11},{"value":32480,"type":12},{"value":55080,"type":13},{"value":25080,"type":14},{"value":28080,"type":15},{"value":29880,"type":16},{"value":21,"type":200},{"value":126,"type":201}],"appear":10004,"desc":"凌天战圣·后期","name":"牛魔王","wipeCost":[{"index":1,"cost":[{"id":10003,"count":0}]},{"index":2,"cost":[{"id":10003,"count":18}]},{"index":3,"cost":[{"id":10003,"count":36}]},{"index":4,"cost":[{"id":10003,"count":72}]},{"index":5,"cost":[{"id":10003,"count":144}]},{"index":6,"cost":[{"id":10003,"count":180}]}],"conditions":[{"value":1021,"type":20065}],"wipeAward":[{"id":10004,"count":185}],"size":0.70},{"winAward":[{"id":10004,"count":240,"dropCount":20},{"id":10003,"count":80,"dropCount":5}],"prop_tab":[{"value":262517,"type":1},{"value":1365603805,"type":2},{"value":317432228,"type":3},{"value":84114898,"type":4},{"value":29000,"type":5},{"value":30500,"type":6},{"value":21800,"type":7},{"value":43600,"type":8},{"value":17400,"type":9},{"value":13100,"type":10},{"value":52740,"type":11},{"value":34280,"type":12},{"value":58080,"type":13},{"value":26480,"type":14},{"value":29680,"type":15},{"value":31480,"type":16},{"value":22,"type":200},{"value":132,"type":201}],"appear":10005,"desc":"傲天战神·初期","name":"黄泉教主","wipeCost":[{"index":1,"cost":[{"id":10003,"count":0}]},{"index":2,"cost":[{"id":10003,"count":19}]},{"index":3,"cost":[{"id":10003,"count":38}]},{"index":4,"cost":[{"id":10003,"count":76}]},{"index":5,"cost":[{"id":10003,"count":152}]},{"index":6,"cost":[{"id":10003,"count":190}]}],"conditions":[{"value":1022,"type":20065}],"wipeAward":[{"id":10004,"count":190}],"size":0.80},{"winAward":[{"id":10004,"count":250,"dropCount":20},{"id":10003,"count":80,"dropCount":5}],"prop_tab":[{"value":296928,"type":1},{"value":1738459573,"type":2},{"value":403051297,"type":3},{"value":106582688,"type":4},{"value":23800,"type":5},{"value":23800,"type":6},{"value":19000,"type":7},{"value":14300,"type":8},{"value":47600,"type":9},{"value":33300,"type":10},{"value":55500,"type":11},{"value":36080,"type":12},{"value":61080,"type":13},{"value":27880,"type":14},{"value":31280,"type":15},{"value":33080,"type":16},{"value":23,"type":200},{"value":138,"type":201}],"appear":10005,"desc":"傲天战神·中期","name":"黄泉教主","wipeCost":[{"index":1,"cost":[{"id":10003,"count":0}]},{"index":2,"cost":[{"id":10003,"count":19}]},{"index":3,"cost":[{"id":10003,"count":38}]},{"index":4,"cost":[{"id":10003,"count":76}]},{"index":5,"cost":[{"id":10003,"count":152}]},{"index":6,"cost":[{"id":10003,"count":190}]}],"conditions":[{"value":1023,"type":20065}],"wipeAward":[{"id":10004,"count":195}],"size":0.80},{"winAward":[{"id":10004,"count":260,"dropCount":20},{"id":10003,"count":80,"dropCount":5}],"prop_tab":[{"value":334145,"type":1},{"value":2189369454.00,"type":2},{"value":506256384,"type":3},{"value":133593183,"type":4},{"value":20700,"type":5},{"value":17300,"type":6},{"value":15600,"type":7},{"value":25900,"type":8},{"value":34600,"type":9},{"value":51800,"type":10},{"value":58260,"type":11},{"value":37880,"type":12},{"value":64080,"type":13},{"value":29280,"type":14},{"value":32880,"type":15},{"value":34680,"type":16},{"value":24,"type":200},{"value":144,"type":201}],"appear":10005,"desc":"傲天战神·后期","name":"黄泉教主","wipeCost":[{"index":1,"cost":[{"id":10003,"count":0}]},{"index":2,"cost":[{"id":10003,"count":20}]},{"index":3,"cost":[{"id":10003,"count":40}]},{"index":4,"cost":[{"id":10003,"count":80}]},{"index":5,"cost":[{"id":10003,"count":160}]},{"index":6,"cost":[{"id":10003,"count":200}]}],"conditions":[{"value":1024,"type":20065}],"wipeAward":[{"id":10004,"count":200}],"size":0.80},{"winAward":[{"id":10004,"count":270,"dropCount":20},{"id":10003,"count":90,"dropCount":5}],"prop_tab":[{"value":374277,"type":1},{"value":2730328807.00,"type":2},{"value":629667454,"type":3},{"value":165805050,"type":4},{"value":75000,"type":5},{"value":22500,"type":6},{"value":28100,"type":7},{"value":18800,"type":8},{"value":16900,"type":9},{"value":39400,"type":10},{"value":61020,"type":11},{"value":39680,"type":12},{"value":67080,"type":13},{"value":30680,"type":14},{"value":34280,"type":15},{"value":36480,"type":16},{"value":25,"type":200},{"value":150,"type":201}],"appear":10006,"desc":"绝世武皇·初期","name":"魔龙教主","wipeCost":[{"index":1,"cost":[{"id":10003,"count":0}]},{"index":2,"cost":[{"id":10003,"count":20}]},{"index":3,"cost":[{"id":10003,"count":40}]},{"index":4,"cost":[{"id":10003,"count":80}]},{"index":5,"cost":[{"id":10003,"count":160}]},{"index":6,"cost":[{"id":10003,"count":200}]}],"conditions":[{"value":1025,"type":20065}],"wipeAward":[{"id":10004,"count":205}],"size":0.50},{"winAward":[{"id":10004,"count":280,"dropCount":20},{"id":10003,"count":90,"dropCount":5}],"prop_tab":[{"value":432475,"type":1},{"value":3614804157.00,"type":2},{"value":830668303,"type":3},{"value":218101197,"type":4},{"value":36500,"type":5},{"value":60800,"type":6},{"value":42600,"type":7},{"value":30400,"type":8},{"value":24300,"type":9},{"value":20300,"type":10},{"value":64700,"type":11},{"value":42080,"type":12},{"value":71080,"type":13},{"value":32680,"type":14},{"value":36480,"type":15},{"value":38680,"type":16},{"value":26,"type":200},{"value":156,"type":201}],"appear":10006,"desc":"绝世武皇·中期","name":"魔龙教主","wipeCost":[{"index":1,"cost":[{"id":10003,"count":0}]},{"index":2,"cost":[{"id":10003,"count":21}]},{"index":3,"cost":[{"id":10003,"count":42}]},{"index":4,"cost":[{"id":10003,"count":84}]},{"index":5,"cost":[{"id":10003,"count":168}]},{"index":6,"cost":[{"id":10003,"count":210}]}],"conditions":[{"value":1026,"type":20065}],"wipeAward":[{"id":10004,"count":210}],"size":0.50},{"winAward":[{"id":10004,"count":290,"dropCount":20},{"id":10003,"count":90,"dropCount":5}],"prop_tab":[{"value":496257,"type":1},{"value":4718326469.00,"type":2},{"value":1080354453,"type":3},{"value":282827401,"type":4},{"value":32800,"type":5},{"value":19700,"type":6},{"value":65600,"type":7},{"value":26200,"type":8},{"value":45900,"type":9},{"value":21900,"type":10},{"value":68380,"type":11},{"value":44480,"type":12},{"value":75080,"type":13},{"value":34480,"type":14},{"value":38480,"type":15},{"value":40880,"type":16},{"value":27,"type":200},{"value":162,"type":201}],"appear":10006,"desc":"绝世武皇·后期","name":"魔龙教主","wipeCost":[{"index":1,"cost":[{"id":10003,"count":0}]},{"index":2,"cost":[{"id":10003,"count":21}]},{"index":3,"cost":[{"id":10003,"count":42}]},{"index":4,"cost":[{"id":10003,"count":84}]},{"index":5,"cost":[{"id":10003,"count":168}]},{"index":6,"cost":[{"id":10003,"count":210}]}],"conditions":[{"value":1027,"type":20065}],"wipeAward":[{"id":10004,"count":215}],"size":0.50},{"winAward":[{"id":10004,"count":300,"dropCount":20},{"id":10003,"count":100,"dropCount":5}],"prop_tab":[{"value":565870,"type":1},{"value":6080762750.00,"type":2},{"value":1387280100,"type":3},{"value":362099368,"type":4},{"value":47000,"type":5},{"value":21200,"type":6},{"value":28200,"type":7},{"value":50600,"type":8},{"value":35300,"type":9},{"value":49400,"type":10},{"value":72060,"type":11},{"value":46880,"type":12},{"value":79080,"type":13},{"value":36280,"type":14},{"value":40680,"type":15},{"value":43080,"type":16},{"value":28,"type":200},{"value":168,"type":201}],"appear":10007,"desc":"神威武狂·初期","name":"雪域魔王","wipeCost":[{"index":1,"cost":[{"id":10003,"count":0}]},{"index":2,"cost":[{"id":10003,"count":22}]},{"index":3,"cost":[{"id":10003,"count":44}]},{"index":4,"cost":[{"id":10003,"count":88}]},{"index":5,"cost":[{"id":10003,"count":176}]},{"index":6,"cost":[{"id":10003,"count":220}]}],"conditions":[{"value":1028,"type":20065}],"wipeAward":[{"id":10004,"count":220}],"size":0.70},{"winAward":[{"id":10004,"count":310,"dropCount":20},{"id":10003,"count":100,"dropCount":5}],"prop_tab":[{"value":641594,"type":1},{"value":7747011408.00,"type":2},{"value":1761016301,"type":3},{"value":458270362,"type":4},{"value":37800,"type":5},{"value":30300,"type":6},{"value":53000,"type":7},{"value":25200,"type":8},{"value":75700,"type":9},{"value":22700,"type":10},{"value":75740,"type":11},{"value":49280,"type":12},{"value":83080,"type":13},{"value":38080,"type":14},{"value":42680,"type":15},{"value":45280,"type":16},{"value":29,"type":200},{"value":174,"type":201}],"appear":10007,"desc":"神威武狂·中期","name":"雪域魔王","wipeCost":[{"index":1,"cost":[{"id":10003,"count":0}]},{"index":2,"cost":[{"id":10003,"count":22}]},{"index":3,"cost":[{"id":10003,"count":44}]},{"index":4,"cost":[{"id":10003,"count":88}]},{"index":5,"cost":[{"id":10003,"count":176}]},{"index":6,"cost":[{"id":10003,"count":220}]}],"conditions":[{"value":1029,"type":20065}],"wipeAward":[{"id":10004,"count":225}],"size":0.70},{"winAward":[{"id":10004,"count":320,"dropCount":20},{"id":10003,"count":100,"dropCount":5}],"prop_tab":[{"value":723681,"type":1},{"value":9767405656.00,"type":2},{"value":2212224270.00,"type":3},{"value":573945412,"type":4},{"value":48600,"type":5},{"value":56700,"type":6},{"value":40500,"type":7},{"value":32400,"type":8},{"value":24300,"type":9},{"value":81000,"type":10},{"value":79420,"type":11},{"value":51680,"type":12},{"value":87080,"type":13},{"value":40080,"type":14},{"value":44680,"type":15},{"value":47480,"type":16},{"value":30,"type":200},{"value":180,"type":201}],"appear":10007,"desc":"神威武狂·后期","name":"雪域魔王","wipeCost":[{"index":1,"cost":[{"id":10003,"count":0}]},{"index":2,"cost":[{"id":10003,"count":23}]},{"index":3,"cost":[{"id":10003,"count":46}]},{"index":4,"cost":[{"id":10003,"count":92}]},{"index":5,"cost":[{"id":10003,"count":184}]},{"index":6,"cost":[{"id":10003,"count":230}]}],"conditions":[{"value":1030,"type":20065}],"wipeAward":[{"id":10004,"count":230}],"size":0.70},{"winAward":[{"id":10004,"count":330,"dropCount":20},{"id":10003,"count":110,"dropCount":5}],"prop_tab":[{"value":812345,"type":1},{"value":12198136554.00,"type":2},{"value":2752731806.00,"type":3},{"value":711997410,"type":4},{"value":35300,"type":5},{"value":34600,"type":6},{"value":43200,"type":7},{"value":28800,"type":8},{"value":60500,"type":9},{"value":25900,"type":10},{"value":83100,"type":11},{"value":54080,"type":12},{"value":91080,"type":13},{"value":41880,"type":14},{"value":46880,"type":15},{"value":49680,"type":16},{"value":31,"type":200},{"value":186,"type":201}],"appear":10033,"desc":"至尊武圣·初期","name":"蛮荒统领","wipeCost":[{"index":1,"cost":[{"id":10003,"count":0}]},{"index":2,"cost":[{"id":10003,"count":23}]},{"index":3,"cost":[{"id":10003,"count":46}]},{"index":4,"cost":[{"id":10003,"count":92}]},{"index":5,"cost":[{"id":10003,"count":184}]},{"index":6,"cost":[{"id":10003,"count":230}]}],"conditions":[{"value":1031,"type":20065}],"wipeAward":[{"id":10004,"count":235}],"size":0.70},{"winAward":[{"id":10004,"count":340,"dropCount":20},{"id":10003,"count":110,"dropCount":5}],"prop_tab":[{"value":907836,"type":1},{"value":15101694440.00,"type":2},{"value":3395612046.00,"type":3},{"value":875582924,"type":4},{"value":36000,"type":5},{"value":92200,"type":6},{"value":36900,"type":7},{"value":64500,"type":8},{"value":30700,"type":9},{"value":27600,"type":10},{"value":86780,"type":11},{"value":56480,"type":12},{"value":95080,"type":13},{"value":43680,"type":14},{"value":48880,"type":15},{"value":51880,"type":16},{"value":32,"type":200},{"value":192,"type":201}],"appear":10033,"desc":"至尊武圣·中期","name":"蛮荒统领","wipeCost":[{"index":1,"cost":[{"id":10003,"count":0}]},{"index":2,"cost":[{"id":10003,"count":24}]},{"index":3,"cost":[{"id":10003,"count":48}]},{"index":4,"cost":[{"id":10003,"count":96}]},{"index":5,"cost":[{"id":10003,"count":192}]},{"index":6,"cost":[{"id":10003,"count":240}]}],"conditions":[{"value":1032,"type":20065}],"wipeAward":[{"id":10004,"count":240}],"size":0.70},{"winAward":[{"id":10004,"count":350,"dropCount":20},{"id":10003,"count":110,"dropCount":5}],"prop_tab":[{"value":1010400,"type":1},{"value":18547330571.00,"type":2},{"value":4155265581.00,"type":3},{"value":1068158349,"type":4},{"value":39000,"type":5},{"value":32700,"type":6},{"value":98000,"type":7},{"value":68600,"type":8},{"value":39200,"type":9},{"value":68600,"type":10},{"value":90460,"type":11},{"value":58880,"type":12},{"value":99080,"type":13},{"value":45680,"type":14},{"value":51080,"type":15},{"value":54080,"type":16},{"value":33,"type":200},{"value":198,"type":201}],"appear":10033,"desc":"至尊武圣·后期","name":"蛮荒统领","wipeCost":[{"index":1,"cost":[{"id":10003,"count":0}]},{"index":2,"cost":[{"id":10003,"count":24}]},{"index":3,"cost":[{"id":10003,"count":48}]},{"index":4,"cost":[{"id":10003,"count":96}]},{"index":5,"cost":[{"id":10003,"count":192}]},{"index":6,"cost":[{"id":10003,"count":240}]}],"conditions":[{"value":1033,"type":20065}],"wipeAward":[{"id":10004,"count":245}],"size":0.70},{"winAward":[{"id":10004,"count":360,"dropCount":20},{"id":10003,"count":120,"dropCount":5}],"prop_tab":[{"value":1120323,"type":1},{"value":22611534602.00,"type":2},{"value":5047504864.00,"type":3},{"value":1293496965,"type":4},{"value":34700,"type":5},{"value":52000,"type":6},{"value":41600,"type":7},{"value":74000,"type":8},{"value":31200,"type":9},{"value":72800,"type":10},{"value":94140,"type":11},{"value":61280,"type":12},{"value":103080,"type":13},{"value":47480,"type":14},{"value":53080,"type":15},{"value":56280,"type":16},{"value":34,"type":200},{"value":204,"type":201}],"appear":10008,"desc":"巅峰武神·初期","name":"蛮荒之王","wipeCost":[{"index":1,"cost":[{"id":10003,"count":0}]},{"index":2,"cost":[{"id":10003,"count":25}]},{"index":3,"cost":[{"id":10003,"count":50}]},{"index":4,"cost":[{"id":10003,"count":100}]},{"index":5,"cost":[{"id":10003,"count":200}]},{"index":6,"cost":[{"id":10003,"count":250}]}],"conditions":[{"value":1034,"type":20065}],"wipeAward":[{"id":10004,"count":250}],"size":0.90},{"winAward":[{"id":10004,"count":370,"dropCount":20},{"id":10003,"count":120,"dropCount":5}],"prop_tab":[{"value":1237855,"type":1},{"value":27378536696.00,"type":2},{"value":6089642353.00,"type":3},{"value":1555705895,"type":4},{"value":34100,"type":5},{"value":33100,"type":6},{"value":77200,"type":7},{"value":36800,"type":8},{"value":110300,"type":9},{"value":55100,"type":10},{"value":97820,"type":11},{"value":63680,"type":12},{"value":107080,"type":13},{"value":74680,"type":14},{"value":49480,"type":15},{"value":55080,"type":16},{"value":35,"type":200},{"value":210,"type":201}],"appear":10008,"desc":"巅峰武神·中期","name":"蛮荒之王","wipeCost":[{"index":1,"cost":[{"id":10003,"count":0}]},{"index":2,"cost":[{"id":10003,"count":25}]},{"index":3,"cost":[{"id":10003,"count":50}]},{"index":4,"cost":[{"id":10003,"count":100}]},{"index":5,"cost":[{"id":10003,"count":200}]},{"index":6,"cost":[{"id":10003,"count":250}]}],"conditions":[{"value":1035,"type":20065}],"wipeAward":[{"id":10004,"count":255}],"size":0.90},{"winAward":[{"id":10004,"count":380,"dropCount":20},{"id":10003,"count":120,"dropCount":5}],"prop_tab":[{"value":1379419,"type":1},{"value":33696977043.00,"type":2},{"value":7464824445.00,"type":3},{"value":1900479560,"type":4},{"value":38300,"type":5},{"value":46700,"type":6},{"value":38900,"type":7},{"value":35000,"type":8},{"value":81600,"type":9},{"value":116600,"type":10},{"value":120040,"type":11},{"value":77680,"type":12},{"value":59080,"type":13},{"value":57480,"type":14},{"value":60880,"type":15},{"value":66480,"type":16},{"value":36,"type":200},{"value":216,"type":201}],"appear":10008,"desc":"巅峰武神·后期","name":"蛮荒之王","wipeCost":[{"index":1,"cost":[{"id":10003,"count":0}]},{"index":2,"cost":[{"id":10003,"count":26}]},{"index":3,"cost":[{"id":10003,"count":52}]},{"index":4,"cost":[{"id":10003,"count":104}]},{"index":5,"cost":[{"id":10003,"count":208}]},{"index":6,"cost":[{"id":10003,"count":260}]}],"conditions":[{"value":1036,"type":20065}],"wipeAward":[{"id":10004,"count":260}],"size":0.90}]}