{"XuanShangConfig":{"taskCount":4,"flushConsumes":[{"id":10003,"count":100}],"levelConfigId":71,"gift":[{"limit":1,"award":[{"id":10079,"count":5}]},{"limit":3,"award":[{"id":10079,"count":5}]}],"dayFlushCount":3,"recordPerCount":30,"quickTbMaxCount":10,"recTime":7200,"floor":[[{"needTbCount":0,"lib":[{"broadcast":1,"index":1,"limit":25,"firstBd":1,"award":[{"id":10515,"count":1}],"prob":100},{"index":2,"limit":-1,"firstBd":-1,"award":[{"id":11099,"count":3}],"prob":1300},{"index":3,"limit":-1,"firstBd":-1,"award":[{"id":10007,"count":100}],"prob":1000},{"index":4,"limit":-1,"firstBd":-1,"award":[{"id":10004,"count":20}],"prob":1000},{"index":5,"limit":-1,"firstBd":-1,"award":[{"id":10030,"count":5}],"prob":1000}]},{"needTbCount":50,"lib":[{"broadcast":1,"index":6,"limit":5,"firstBd":50,"award":[{"id":10516,"count":1}],"prob":150},{"index":7,"limit":-1,"firstBd":-1,"award":[{"id":11099,"count":10}],"prob":750},{"index":8,"limit":-1,"firstBd":-1,"award":[{"id":10010,"count":2}],"prob":750},{"index":9,"limit":-1,"firstBd":-1,"award":[{"id":10005,"count":1}],"prob":750},{"index":10,"limit":-1,"firstBd":-1,"award":[{"id":10875,"count":1}],"prob":750}]},{"needTbCount":100,"lib":[{"broadcast":1,"index":11,"limit":5,"firstBd":100,"award":[{"id":10517,"count":1}],"prob":40},{"broadcast":1,"index":12,"limit":-1,"firstBd":-1,"award":[{"id":10401,"count":1}],"prob":150},{"broadcast":1,"index":13,"limit":-1,"firstBd":-1,"award":[{"id":10403,"count":1}],"prob":150},{"broadcast":1,"index":14,"limit":-1,"firstBd":-1,"award":[{"id":10402,"count":1}],"prob":150}]},{"needTbCount":200,"lib":[{"broadcast":1,"index":15,"limit":3,"firstBd":300,"award":[{"id":10070,"count":1}],"prob":25},{"broadcast":1,"index":16,"limit":-1,"firstBd":-1,"award":[{"id":10077,"count":1}],"prob":60},{"broadcast":1,"index":17,"limit":-1,"firstBd":-1,"award":[{"id":10514,"count":1}],"prob":60}]},{"needTbCount":400,"lib":[{"broadcast":1,"index":18,"limit":3,"firstBd":500,"award":[{"id":10518,"count":1}],"prob":15},{"broadcast":1,"index":19,"limit":-1,"firstBd":-1,"award":[{"id":10994,"count":1}],"prob":50}]}]],"notice":"玩家<font color='#31B4F8'>%s</font>在悬赏探宝中获得%s <font color = '#1ccb14'><a href='event:@@showWin,307'><u>前往探宝</u></a></font>","roundSecTime":604800,"recordSerCount":50,"consumeStar":[{"id":10079,"count":5}],"rmb_item":[1035,1036,1037,1038,1039,1040],"openCond":[67,4,6,6,6,4,4,5,6,4,67,45],"taskList":[{"type":1,"prob":1000,"openWin":"@@showWin,62","id":1,"needCount":1,"award":[{"id":10079,"count":1}],"desc":"抢夺邻居领地1次"},{"type":1,"prob":1200,"openWin":"@@showWin,62","id":2,"needCount":2,"award":[{"id":10079,"count":2}],"desc":"抢夺邻居领地2次"},{"type":1,"prob":1300,"openWin":"@@showWin,62","id":3,"needCount":3,"award":[{"id":10079,"count":3}],"desc":"抢夺邻居领地3次"},{"type":1,"prob":1000,"openWin":"@@showWin,62","id":4,"needCount":4,"award":[{"id":10079,"count":4}],"desc":"抢夺邻居领地4次"},{"type":1,"prob":1000,"openWin":"@@showWin,62","id":5,"needCount":5,"award":[{"id":10079,"count":5}],"desc":"抢夺邻居领地5次"},{"type":2,"prob":1000,"openWin":"@@showWin,62","id":6,"needCount":1,"award":[{"id":10079,"count":1}],"desc":"抢夺邻居打造材料1次"},{"type":2,"prob":1200,"openWin":"@@showWin,62","id":7,"needCount":2,"award":[{"id":10079,"count":2}],"desc":"抢夺邻居打造材料2次"},{"type":2,"prob":1300,"openWin":"@@showWin,62","id":8,"needCount":3,"award":[{"id":10079,"count":3}],"desc":"抢夺邻居打造材料3次"},{"type":2,"prob":1000,"openWin":"@@showWin,62","id":9,"needCount":4,"award":[{"id":10079,"count":4}],"desc":"抢夺邻居打造材料4次"},{"type":2,"prob":1000,"openWin":"@@showWin,62","id":10,"needCount":5,"award":[{"id":10079,"count":5}],"desc":"抢夺邻居打造材料5次"},{"type":3,"prob":1000,"openWin":"@@showWin,62","id":11,"needCount":2,"award":[{"id":10079,"count":1}],"desc":"领地采集打造材料2次"},{"type":3,"prob":1200,"openWin":"@@showWin,62","id":12,"needCount":4,"award":[{"id":10079,"count":2}],"desc":"领地采集打造材料4次"},{"type":3,"prob":1300,"openWin":"@@showWin,62","id":13,"needCount":6,"award":[{"id":10079,"count":3}],"desc":"领地采集打造材料6次"},{"type":3,"prob":1000,"openWin":"@@showWin,62","id":14,"needCount":8,"award":[{"id":10079,"count":4}],"desc":"领地采集打造材料8次"},{"type":3,"prob":1000,"openWin":"@@showWin,62","id":15,"needCount":10,"award":[{"id":10079,"count":5}],"desc":"领地采集打造材料10次"},{"type":4,"prob":1000,"openWin":"@@showWin,62","id":16,"needCount":1,"award":[{"id":10079,"count":1}],"desc":"领地采集食物1次"},{"type":4,"prob":1200,"openWin":"@@showWin,62","id":17,"needCount":2,"award":[{"id":10079,"count":2}],"desc":"领地采集食物2次"},{"type":4,"prob":1300,"openWin":"@@showWin,62","id":18,"needCount":3,"award":[{"id":10079,"count":3}],"desc":"领地采集食物3次"},{"type":4,"prob":1000,"openWin":"@@showWin,62","id":19,"needCount":4,"award":[{"id":10079,"count":4}],"desc":"领地采集食物4次"},{"type":4,"prob":1000,"openWin":"@@showWin,62","id":20,"needCount":5,"award":[{"id":10079,"count":5}],"desc":"领地采集食物5次"},{"type":5,"prob":1000,"openWin":"@@changeScene,1","id":21,"needCount":5,"award":[{"id":10079,"count":1}],"desc":"垂钓5次"},{"type":5,"prob":1200,"openWin":"@@changeScene,1","id":22,"needCount":10,"award":[{"id":10079,"count":2}],"desc":"垂钓10次"},{"type":5,"prob":1300,"openWin":"@@changeScene,1","id":23,"needCount":15,"award":[{"id":10079,"count":3}],"desc":"垂钓15次"},{"type":5,"prob":1000,"openWin":"@@changeScene,1","id":24,"needCount":20,"award":[{"id":10079,"count":4}],"desc":"垂钓20次"},{"type":5,"prob":1000,"openWin":"@@changeScene,1","id":25,"needCount":25,"award":[{"id":10079,"count":5}],"desc":"垂钓25次"},{"type":6,"prob":1000,"openWin":"@@changeScene,1","id":26,"needCount":2,"award":[{"id":10079,"count":1}],"desc":"钓到2条小型鱼"},{"type":6,"prob":1200,"openWin":"@@changeScene,1","id":27,"needCount":4,"award":[{"id":10079,"count":2}],"desc":"钓到4条小型鱼"},{"type":6,"prob":1300,"openWin":"@@changeScene,1","id":28,"needCount":6,"award":[{"id":10079,"count":3}],"desc":"钓到6条小型鱼"},{"type":6,"prob":1000,"openWin":"@@changeScene,1","id":29,"needCount":8,"award":[{"id":10079,"count":4}],"desc":"钓到8条小型鱼"},{"type":6,"prob":1000,"openWin":"@@changeScene,1","id":30,"needCount":10,"award":[{"id":10079,"count":5}],"desc":"钓到10条小型鱼"},{"type":7,"prob":1000,"openWin":"@@changeScene,1","id":31,"needCount":1,"award":[{"id":10079,"count":1}],"desc":"钓到1条中型鱼"},{"type":7,"prob":1200,"openWin":"@@changeScene,1","id":32,"needCount":2,"award":[{"id":10079,"count":2}],"desc":"钓到2条中型鱼"},{"type":7,"prob":1300,"openWin":"@@changeScene,1","id":33,"needCount":3,"award":[{"id":10079,"count":3}],"desc":"钓到3条中型鱼"},{"type":7,"prob":1000,"openWin":"@@changeScene,1","id":34,"needCount":4,"award":[{"id":10079,"count":4}],"desc":"钓到4条中型鱼"},{"type":7,"prob":1000,"openWin":"@@changeScene,1","id":35,"needCount":5,"award":[{"id":10079,"count":5}],"desc":"钓到5条中型鱼"},{"type":8,"prob":1000,"openWin":"@@changeScene,1","id":36,"needCount":1,"award":[{"id":10079,"count":1}],"desc":"钓到1条水中生物"},{"type":8,"prob":1200,"openWin":"@@changeScene,1","id":37,"needCount":2,"award":[{"id":10079,"count":2}],"desc":"钓到2条水中生物"},{"type":8,"prob":1300,"openWin":"@@changeScene,1","id":38,"needCount":3,"award":[{"id":10079,"count":3}],"desc":"钓到3条水中生物"},{"type":8,"prob":1000,"openWin":"@@changeScene,1","id":39,"needCount":4,"award":[{"id":10079,"count":4}],"desc":"钓到4条水中生物"},{"type":8,"prob":1000,"openWin":"@@changeScene,1","id":40,"needCount":5,"award":[{"id":10079,"count":5}],"desc":"钓到5条水中生物"},{"type":9,"prob":3000,"openWin":"@@closeAll","id":41,"needCount":30,"award":[{"id":10079,"count":1}],"desc":"打造30件装备"},{"type":9,"prob":3000,"openWin":"@@closeAll","id":42,"needCount":60,"award":[{"id":10079,"count":2}],"desc":"打造60件装备"},{"type":9,"prob":4000,"openWin":"@@closeAll","id":43,"needCount":90,"award":[{"id":10079,"count":3}],"desc":"打造90件装备"},{"type":9,"prob":4000,"openWin":"@@closeAll","id":44,"needCount":120,"award":[{"id":10079,"count":4}],"desc":"打造120件装备"},{"type":9,"prob":3000,"openWin":"@@closeAll","id":45,"needCount":150,"award":[{"id":10079,"count":5}],"desc":"打造150件装备"},{"type":10,"prob":3000,"openWin":"@@showWin,30","id":46,"needCount":1,"award":[{"id":10079,"count":1}],"desc":"参与1次竞技PK"},{"type":10,"prob":4000,"openWin":"@@showWin,30","id":47,"needCount":2,"award":[{"id":10079,"count":2}],"desc":"参与2次竞技PK"},{"type":10,"prob":5000,"openWin":"@@showWin,30","id":48,"needCount":3,"award":[{"id":10079,"count":3}],"desc":"参与3次竞技PK"},{"type":10,"prob":3000,"openWin":"@@showWin,30","id":49,"needCount":4,"award":[{"id":10079,"count":4}],"desc":"参与4次竞技PK"},{"type":10,"prob":3000,"openWin":"@@showWin,30","id":50,"needCount":5,"award":[{"id":10079,"count":5}],"desc":"参与5次竞技PK"},{"type":11,"prob":2000,"openWin":"@@closeAll","id":51,"needCount":3,"award":[{"id":10079,"count":1}],"desc":"击杀当前关3波怪物"},{"type":11,"prob":2400,"openWin":"@@closeAll","id":52,"needCount":6,"award":[{"id":10079,"count":2}],"desc":"击杀当前关6波怪物"},{"type":11,"prob":2600,"openWin":"@@closeAll","id":53,"needCount":9,"award":[{"id":10079,"count":3}],"desc":"击杀当前关9波怪物"},{"type":11,"prob":2000,"openWin":"@@closeAll","id":54,"needCount":12,"award":[{"id":10079,"count":4}],"desc":"击杀当前关12波怪物"},{"type":11,"prob":2000,"openWin":"@@closeAll","id":55,"needCount":15,"award":[{"id":10079,"count":5}],"desc":"击杀当前关15波怪物"},{"type":12,"prob":1000,"openWin":"@@changeScene,2","id":56,"needCount":1,"award":[{"id":10079,"count":1}],"desc":"比奇矿洞击杀1只怪物"},{"type":12,"prob":1200,"openWin":"@@changeScene,2","id":57,"needCount":2,"award":[{"id":10079,"count":2}],"desc":"比奇矿洞击杀2只怪物"},{"type":12,"prob":1300,"openWin":"@@changeScene,2","id":58,"needCount":3,"award":[{"id":10079,"count":3}],"desc":"比奇矿洞击杀3只怪物"},{"type":12,"prob":1000,"openWin":"@@changeScene,2","id":59,"needCount":4,"award":[{"id":10079,"count":4}],"desc":"比奇矿洞击杀4只怪物"},{"type":12,"prob":1000,"openWin":"@@changeScene,2","id":60,"needCount":5,"award":[{"id":10079,"count":5}],"desc":"比奇矿洞击杀5只怪物"},{"type":13,"prob":1000,"openWin":"@@changeScene,2","id":61,"needCount":2,"award":[{"id":10079,"count":1}],"desc":"比奇矿洞消耗2点体力"},{"type":13,"prob":1200,"openWin":"@@changeScene,2","id":62,"needCount":4,"award":[{"id":10079,"count":2}],"desc":"比奇矿洞消耗4点体力"},{"type":13,"prob":1300,"openWin":"@@changeScene,2","id":63,"needCount":6,"award":[{"id":10079,"count":3}],"desc":"比奇矿洞消耗6点体力"},{"type":13,"prob":1000,"openWin":"@@changeScene,2","id":64,"needCount":8,"award":[{"id":10079,"count":4}],"desc":"比奇矿洞消耗8点体力"},{"type":13,"prob":1000,"openWin":"@@changeScene,2","id":65,"needCount":10,"award":[{"id":10079,"count":5}],"desc":"比奇矿洞消耗10点体力"}],"freeCount":10,"actTotalTime":604800}}